title,release_year,release_month,budget,revenue,predicted_log_revenue,predicted_revenue,predicted_is_hit,hit_probability,risk_score,is_hit,is_flop,log_budget,is_major_studio,is_indie,genre_Action,genre_Animation,genre_Comedy,has_franchise,has_superhero,has_imax,director_median_revenue,primary_genre,studio_type,month_name,budget_musd,revenue_musd,predicted_revenue_musd
Inception,2010,7,160000000.0,825532764.0,20.447723571291316,759160344.0066592,1,0.97310877,0.0,1,0.0,18.8906843794481,1,0,1,0,0,0,0,0,485992924.28571427,Action,Major Studio,July,160.0,825.53,759.16
The Dark Knight,2008,7,185000000.0,1004558444.0,20.389144778169275,715967101.878722,1,0.96787405,25.0,1,0.0,19.035866388448003,1,0,1,0,0,0,1,1,460417827.14285713,Drama,Major Studio,July,185.0,1004.56,715.97
Avatar,2009,12,237000000.0,2787965087.0,20.724700408505026,1001435600.0486264,1,0.983454,0.0,1,0.0,19.283570703318816,1,0,1,0,0,0,0,0,515934058.6666667,Action,Major Studio,December,237.0,2787.97,1001.44
The Avengers,2012,4,220000000.0,1519557910.0,20.83557507304245,1118858797.680946,1,0.98266345,0.0,1,0.0,19.20913810886209,1,0,1,0,0,1,1,0,722136579.0,Science Fiction,Major Studio,April,220.0,1519.56,1118.86
Deadpool,2016,2,58000000.0,783112979.0,19.91416245247753,445257110.74273217,1,0.9604905,0.0,1,0.0,17.87595358575207,1,0,1,0,1,1,1,0,51751835.0,Action,Major Studio,February,58.0,783.11,445.26
Interstellar,2014,11,165000000.0,675120017.0,20.088756466674045,530195553.21467865,1,0.95743424,25.0,1,0.0,18.92145603792546,1,0,0,0,0,0,0,1,507480459.5714286,Adventure,Major Studio,November,165.0,675.12,530.2
Django Unchained,2012,12,100000000.0,425368238.0,20.045579678541763,507790580.0610042,1,0.9792693,25.0,1,0.0,18.420680753952364,1,0,0,0,0,1,0,0,153751794.14285713,Drama,Major Studio,December,100.0,425.37,507.79
Guardians of the Galaxy,2014,7,170000000.0,773328629.0,20.420595684995135,738842761.0253206,1,0.9727985,0.0,1,0.0,18.951309000896888,1,0,1,0,0,1,1,0,324138.0,Action,Major Studio,July,170.0,773.33,738.84
The Hunger Games,2012,3,75000000.0,691210692.0,20.061351748914557,515862980.7369455,1,0.9745258,0.0,1,0.0,18.13299868483392,0,0,0,0,0,0,0,0,86686197.5,Science Fiction,Mid-size Studio,March,75.0,691.21,515.86
Mad Max: Fury Road,2015,5,150000000.0,378858340.0,20.079873376725416,525506635.28929657,1,0.97786987,0.0,1,0.0,18.8261458587272,1,0,1,0,0,0,0,0,127450830.83333331,Action,Major Studio,May,150.0,378.86,525.51
Fight Club,1999,10,63000000.0,100853753.0,19.187433137199115,215276354.9467113,1,0.8984201,25.0,1,0.0,17.958645300228824,0,0,0,0,0,0,0,0,226499174.66666663,Drama,Mid-size Studio,October,63.0,100.85,215.28
The Dark Knight Rises,2012,7,250000000.0,1084939099.0,20.494459457966062,795482539.7357491,1,0.9781004,25.0,1,0.0,19.33697147982652,1,0,1,0,0,0,1,1,448934876.4285714,Action,Major Studio,July,250.0,1084.94,795.48
The Matrix,1999,3,63000000.0,463517383.0,19.867702164463633,425043537.1992862,1,0.9714229,0.0,1,0.0,17.958645300228824,1,0,1,0,0,0,0,0,289706543.6,Action,Major Studio,March,63.0,463.52,425.04
Iron Man 3,2013,4,200000000.0,1215439994.0,20.525182526196275,820301509.3568608,1,0.9782438,0.0,1,0.0,19.11382792951231,1,0,1,0,0,1,1,0,15785148.0,Action,Major Studio,April,200.0,1215.44,820.3
Iron Man,2008,4,140000000.0,585174222.0,20.567021323859777,855350019.5260068,1,0.98307943,0.0,1,0.0,18.75715298771643,1,0,1,0,0,1,1,0,366736002.0,Action,Major Studio,April,140.0,585.17,855.35
The Lord of the Rings: The Fellowship of the Ring,2001,12,93000000.0,871368364.0,20.544130439025825,835992699.0605173,1,0.97169477,0.0,1,0.0,18.34811006187022,1,0,1,0,0,0,0,0,703409307.0,Adventure,Major Studio,December,93.0,871.37,835.99
Jurassic World,2015,6,150000000.0,1513528810.0,20.41906523000697,737712860.2863681,1,0.973596,0.0,1,0.0,18.8261458587272,1,0,1,0,0,0,0,0,4007792.0,Action,Major Studio,June,150.0,1513.53,737.71
Pulp Fiction,1994,10,8000000.0,213928762.0,18.549494056052023,113747774.10095803,1,0.606376,0.0,1,0.0,15.894952224644102,0,0,0,0,0,0,0,0,183957433.57142857,Thriller,Mid-size Studio,October,8.0,213.93,113.75
The Hobbit: An Unexpected Journey,2012,11,250000000.0,1021103568.0,20.743092439295335,1020024453.846951,1,0.98056376,0.0,1,0.0,19.33697147982652,1,0,1,0,0,0,0,0,684692406.5,Adventure,Major Studio,November,250.0,1021.1,1020.02
The Shawshank Redemption,1994,9,25000000.0,28341469.0,17.88042234882078,58259768.2515441,1,0.5142511,45.0,0,0.0,17.034386422832473,0,0,0,0,0,0,0,0,126337916.0,Drama,Mid-size Studio,September,25.0,28.34,58.26
The Lord of the Rings: The Return of the King,2003,12,94000000.0,1118888979.0,20.492603306899692,794007373.458742,1,0.9707568,0.0,1,0.0,18.358805350872576,1,0,1,0,0,0,0,0,672469230.125,Adventure,Major Studio,December,94.0,1118.89,794.01
Forrest Gump,1994,7,55000000.0,677945399.0,19.936833911740607,455467038.8808232,1,0.9437124,25.0,1,0.0,17.822843761378564,1,0,0,0,1,0,0,0,242723050.25,Comedy,Major Studio,July,55.0,677.95,455.47
Skyfall,2012,10,200000000.0,1108561013.0,20.631707608689663,912508179.8443989,1,0.9817031,0.0,1,0.0,19.11382792951231,1,0,1,0,0,0,0,1,267497966.0,Action,Major Studio,October,200.0,1108.56,912.51
Titanic,1997,11,200000000.0,1845034188.0,20.75269677625335,1029868308.596698,1,0.97095305,25.0,1,0.0,19.11382792951231,1,0,0,0,0,0,0,1,673089208.5,Drama,Major Studio,November,200.0,1845.03,1029.87
The Lord of the Rings: The Two Towers,2002,12,79000000.0,926287400.0,20.488544676842963,790791322.0596288,1,0.9679957,0.0,1,0.0,18.18495842308952,1,0,1,0,0,0,0,0,696544427.5,Adventure,Major Studio,December,79.0,926.29,790.79
Suicide Squad,2016,8,175000000.0,745000000.0,20.20987653422109,598463761.675459,1,0.9792437,0.0,1,0.0,18.980296537602072,1,0,1,0,0,0,1,0,69797943.0,Action,Major Studio,August,175.0,745.0,598.46
Batman Begins,2005,6,150000000.0,374218673.0,20.224568679902667,607321387.8965185,1,0.9800689,25.0,1,0.0,18.8261458587272,1,0,1,0,0,0,1,0,550466365.8571428,Action,Major Studio,June,150.0,374.22,607.32
The Martian,2015,9,108000000.0,630161890.0,20.133051433120865,554208446.5840787,1,0.9713652,45.0,1,0.0,18.497641794347754,1,0,0,0,0,1,0,0,170626407.13333333,Drama,Major Studio,September,108.0,630.16,554.21
Captain America: Civil War,2016,4,250000000.0,1153304495.0,20.757489426160483,1034815953.5497016,1,0.9814966,0.0,1,0.0,19.33697147982652,1,0,1,0,0,1,1,1,422598970.0,Adventure,Major Studio,April,250.0,1153.3,1034.82
Captain America: The First Avenger,2011,7,140000000.0,370569774.0,20.32699695742637,672825761.5457305,1,0.98418057,0.0,1,0.0,18.75715298771643,1,0,1,0,0,1,1,0,238442129.5,Action,Major Studio,July,140.0,370.57,672.83
Harry Potter and the Philosopher's Stone,2001,11,125000000.0,976475550.0,20.663824484604987,942290794.1195662,1,0.9808381,0.0,1,0.0,18.643824303266577,1,0,0,0,0,0,0,0,343644494.125,Adventure,Major Studio,November,125.0,976.48,942.29
Batman v Superman: Dawn of Justice,2016,3,250000000.0,873260194.0,20.5445860844121,836373702.0717996,1,0.981383,0.0,1,0.0,19.33697147982652,1,0,1,0,0,0,1,0,267156198.83333337,Action,Major Studio,March,250.0,873.26,836.37
Pirates of the Caribbean: The Curse of the Black Pearl,2003,7,140000000.0,655011224.0,20.42820436156728,744485817.5111425,1,0.9832895,0.0,1,0.0,18.75715298771643,1,0,1,0,0,1,0,0,420333688.8333333,Adventure,Major Studio,July,140.0,655.01,744.49
Up,2009,5,175000000.0,735099082.0,20.46712213420445,774030729.4614824,1,0.97155255,0.0,1,0.0,18.980296537602072,1,0,0,1,1,1,0,0,710213715.0,Animation,Major Studio,May,175.0,735.1,774.03
Iron Man 2,2010,4,200000000.0,623933331.0,20.55249536485855,843015045.7505977,1,0.98377174,0.0,1,0.0,19.11382792951231,1,0,1,0,0,1,1,0,358984180.2,Adventure,Major Studio,April,200.0,623.93,843.02
Avengers: Age of Ultron,2015,4,280000000.0,1405403694.0,20.78436823536668,1063007757.9295847,1,0.9817749,0.0,1,0.0,19.450300164704952,1,0,1,0,0,1,1,0,779213687.0,Action,Major Studio,April,280.0,1405.4,1063.01
Star Wars,1977,5,11000000.0,775398007.0,19.77331282665906,386759195.7310374,1,0.8529379,15.0,1,0.0,16.213405921671733,1,0,1,0,0,0,0,0,640928971.5,Adventure,Major Studio,May,11.0,775.4,386.76
The Amazing Spider-Man,2012,6,215000000.0,752215857.0,20.64992657227505,929285501.7984116,1,0.9849362,0.0,1,0.0,19.186148590743095,1,0,1,0,0,1,1,0,383220083.0,Action,Major Studio,June,215.0,752.22,929.29
The Wolf of Wall Street,2013,12,100000000.0,392000694.0,19.98821285419943,479480053.1314995,1,0.97244996,25.0,1,0.0,18.420680753952364,1,0,0,0,1,0,0,0,97789706.5,Crime,Major Studio,December,100.0,392.0,479.48
Inside Out,2015,6,175000000.0,857611174.0,20.53514467672044,828514317.1692147,1,0.9651829,25.0,1,0.0,18.980296537602072,1,0,0,1,1,1,0,0,648957669.0,Drama,Major Studio,June,175.0,857.61,828.51
Thor,2011,4,150000000.0,449326618.0,20.2630442487114,631143774.9754196,1,0.9838657,0.0,1,0.0,18.8261458587272,1,0,1,0,0,1,1,0,297031730.0,Adventure,Major Studio,April,150.0,449.33,631.14
The Hunger Games: Catching Fire,2013,11,130000000.0,847423452.0,20.394122729328025,719540036.717578,1,0.97989535,0.0,1,0.0,18.683045016112164,0,0,1,0,0,0,0,1,526258432.5,Adventure,Mid-size Studio,November,130.0,847.42,719.54
Despicable Me,2010,7,69000000.0,543513985.0,20.088563530575215,530093269.22028583,1,0.9764024,0.0,1,0.0,18.04961707705429,1,0,0,1,0,1,0,0,970761885.0,Animation,Major Studio,July,69.0,543.51,530.09
Inglourious Basterds,2009,8,70000000.0,319131050.0,19.57606772696604,317525193.83701336,1,0.97725815,25.0,1,0.0,18.064005814299342,1,0,1,0,0,0,0,0,168928535.2857143,Drama,Major Studio,August,70.0,319.13,317.53
The Revenant,2015,12,135000000.0,532950503.0,19.97747992905859,474361348.08067703,1,0.9782648,25.0,1,0.0,18.72078534381011,0,0,0,0,0,0,0,0,69005873.6,Western,Mid-size Studio,December,135.0,532.95,474.36
Man of Steel,2013,6,225000000.0,662845518.0,20.396252740248045,721074298.2721688,1,0.98157537,0.0,1,0.0,19.23161096461314,1,0,1,0,0,0,1,0,302225311.5,Action,Major Studio,June,225.0,662.85,721.07
Shutter Island,2010,2,80000000.0,294804195.0,19.85458754012329,419505643.9355912,1,0.9694503,25.0,1,0.0,18.19753720513815,1,0,0,0,0,0,0,0,103864487.6875,Drama,Major Studio,February,80.0,294.8,419.51
WALL·E,2008,6,180000000.0,521311860.0,20.302916201552495,656817132.1470238,1,0.97706634,0.0,1,0.0,19.00846741441004,1,0,0,1,0,0,0,0,529244498.3333333,Animation,Major Studio,June,180.0,521.31,656.82
The Hangover,2009,6,35000000.0,459270619.0,19.454600022367774,281206552.2924779,1,0.975466,0.0,1,0.0,17.370858648025116,1,0,0,0,1,1,0,0,143520459.33333334,Comedy,Major Studio,June,35.0,459.27,281.21
Big Hero 6,2014,10,165000000.0,652105443.0,20.447830332338544,759241397.0866846,1,0.96904176,0.0,1,0.0,18.92145603792546,1,0,1,1,1,1,0,0,309979994.0,Adventure,Major Studio,October,165.0,652.11,759.24
Finding Nemo,2003,5,94000000.0,940335536.0,20.19611916849421,590286852.1520294,1,0.97751975,0.0,1,0.0,18.358805350872576,1,0,0,1,0,1,0,0,389569939.6666667,Animation,Major Studio,May,94.0,940.34,590.29
Back to the Future,1985,7,19000000.0,381109762.0,19.554088661312157,310622422.8413102,1,0.90063626,15.0,1,0.0,16.759949589762293,1,0,0,0,1,0,0,0,267459353.33333337,Adventure,Major Studio,July,19.0,381.11,310.62
X-Men: Days of Future Past,2014,5,250000000.0,747862775.0,20.45116282672463,761775785.3553572,1,0.9826199,0.0,1,0.0,19.33697147982652,1,0,1,0,0,1,1,0,294338889.4285714,Action,Major Studio,May,250.0,747.86,761.78
"Monsters, Inc.",2001,11,115000000.0,562816256.0,20.392511271459156,718381462.0097121,1,0.9784037,0.0,1,0.0,18.560442695023177,1,0,0,1,1,0,0,0,796355128.0,Animation,Major Studio,November,115.0,562.82,718.38
The Godfather,1972,3,6000000.0,245066411.0,18.659603370043275,126988026.7181406,0,0.47570217,25.0,1,0.0,15.607270193858982,1,0,0,0,0,0,0,0,71219772.66666667,Drama,Major Studio,March,6.0,245.07,126.99
Ant-Man,2015,7,130000000.0,519311965.0,20.190787973015688,587148291.1242399,1,0.9803796,0.0,1,0.0,18.683045016112164,1,0,1,0,0,1,1,0,173813531.0,Science Fiction,Major Studio,July,130.0,519.31,587.15
The Empire Strikes Back,1980,5,18000000.0,538400000.0,19.731092862471108,370770139.980529,1,0.88829494,15.0,1,0.0,16.705882371415992,1,0,1,0,0,0,0,0,160000000.0,Adventure,Major Studio,May,18.0,538.4,370.77
Lucy,2014,7,40000000.0,126546825.0,19.035245579132603,184885185.91854307,1,0.95210505,0.0,1,0.0,17.50439003707821,1,0,1,0,0,0,0,1,109807848.0,Action,Major Studio,July,40.0,126.55,184.89
Harry Potter and the Prisoner of Azkaban,2004,5,130000000.0,789804554.0,20.546525147416055,837997056.7617722,1,0.9824265,0.0,1,0.0,18.683045016112164,1,0,0,0,0,1,0,0,273323049.3333333,Adventure,Major Studio,May,130.0,789.8,838.0
Gone Girl,2014,10,61000000.0,369330363.0,19.633448602195795,336277947.01373744,1,0.96783173,25.0,1,0.0,17.926384438531027,1,0,0,0,0,0,0,0,196668440.2222222,Mystery,Major Studio,October,61.0,369.33,336.28
Harry Potter and the Chamber of Secrets,2002,11,100000000.0,876688482.0,20.595207141057735,879801735.8842621,1,0.98383236,0.0,1,0.0,18.420680753952364,1,0,0,0,0,1,0,0,356117877.625,Adventure,Major Studio,November,100.0,876.69,879.8
Life of Pi,2012,11,120000000.0,609016565.0,20.16061801360987,569698602.7577335,1,0.97985405,25.0,1,0.0,18.603002309079653,0,0,1,0,0,0,0,0,130100522.33333331,Adventure,Mid-size Studio,November,120.0,609.02,569.7
Sherlock Holmes,2009,12,90000000.0,524028679.0,20.06260048049534,516507557.50151986,1,0.98093355,0.0,1,0.0,18.31532023940565,1,0,1,0,0,0,0,0,92758868.33333331,Action,Major Studio,December,90.0,524.03,516.51
Se7en,1995,9,33000000.0,327311859.0,19.189797162571445,215785875.73697707,1,0.87689525,20.0,1,0.0,17.312018149733785,1,0,0,0,0,0,0,0,201337162.8888889,Crime,Major Studio,September,33.0,327.31,215.79
Captain America: The Winter Soldier,2014,3,170000000.0,714766572.0,20.3126116880106,663216264.9920517,1,0.9776783,0.0,1,0.0,18.951309000896888,1,0,1,0,0,1,1,0,641867931.5,Action,Major Studio,March,170.0,714.77,663.22
Gravity,2013,9,105000000.0,716392705.0,19.821488803868604,405847812.56902593,1,0.96960026,45.0,1,0.0,18.46947091764561,1,0,0,0,0,0,0,0,297793665.6666667,Science Fiction,Major Studio,September,105.0,716.39,405.85
The Imitation Game,2014,11,14000000.0,233555708.0,18.580263470391653,117302128.8082156,1,0.6946342,40.0,1,0.0,16.454567959008102,0,0,0,0,0,0,0,0,15699707.0,History,Mid-size Studio,November,14.0,233.56,117.3
Harry Potter and the Goblet of Fire,2005,11,150000000.0,895921036.0,20.56558662461605,854123729.3875487,1,0.9826078,0.0,1,0.0,18.8261458587272,1,0,0,0,0,0,0,0,159104520.0,Adventure,Major Studio,November,150.0,895.92,854.12
The Hunger Games: Mockingjay - Part 1,2014,11,125000000.0,752100229.0,20.449748404219484,760699074.181024,1,0.9793746,0.0,1,0.0,18.643824303266577,0,0,0,0,0,0,0,0,550089238.25,Science Fiction,Mid-size Studio,November,125.0,752.1,760.7
World War Z,2013,6,200000000.0,531865000.0,20.01541833926846,492703601.5144988,1,0.98071,25.0,1,0.0,19.11382792951231,1,0,1,0,0,0,0,0,146203990.66666666,Action,Major Studio,June,200.0,531.86,492.7
Harry Potter and the Order of the Phoenix,2007,6,150000000.0,938212738.0,20.541387207830947,833702520.487866,1,0.9837896,0.0,1,0.0,18.8261458587272,1,0,0,0,0,0,0,0,645351129.0,Adventure,Major Studio,June,150.0,938.21,833.7
Now You See Me,2013,5,75000000.0,117698894.0,19.486857461141145,290425445.0284744,1,0.97318256,0.0,1,0.0,18.13299868483392,0,0,0,0,0,0,0,0,115278579.4,Thriller,Mid-size Studio,May,75.0,117.7,290.43
Gladiator,2000,5,103000000.0,457640427.0,20.244635272562544,619631355.3054254,1,0.9780829,25.0,1,0.0,18.450239555902648,1,0,1,0,0,0,0,0,182127838.0,Action,Major Studio,May,103.0,457.64,619.63
The Lion King,1994,6,45000000.0,788241776.0,19.42877329459659,274036890.1702008,1,0.87942666,25.0,1,0.0,17.622173069956816,1,0,0,1,0,0,0,0,51751835.0,Family,Major Studio,June,45.0,788.24,274.04
The Maze Runner,2014,9,34000000.0,348319861.0,19.177172305380783,213078734.452304,1,0.89194506,20.0,1,0.0,17.341871111992198,1,0,1,0,0,0,0,0,311256926.0,Action,Major Studio,September,34.0,348.32,213.08
Frozen,2013,11,150000000.0,1274219009.0,20.604069165229,887633210.2460153,1,0.9775228,0.0,1,0.0,18.8261458587272,1,0,0,1,0,1,0,0,51751835.0,Animation,Major Studio,November,150.0,1274.22,887.63
Harry Potter and the Half-Blood Prince,2009,7,250000000.0,933959197.0,20.740308227848047,1017188439.9464608,1,0.9822583,0.0,1,0.0,19.33697147982652,1,0,0,0,0,0,0,0,647477899.5,Adventure,Major Studio,July,250.0,933.96,1017.19
Toy Story,1995,10,30000000.0,373554033.0,19.12745493139013,202744054.54439497,1,0.92170525,0.0,1,0.0,17.216707972959764,1,0,0,1,1,0,0,0,506400804.6666667,Animation,Major Studio,October,30.0,373.55,202.74
Spider-Man,2002,5,139000000.0,821708551.0,20.447154762154515,758728649.4536644,1,0.9857766,0.0,1,0.0,18.749984498289212,1,0,1,0,0,0,1,0,330170415.85714287,Fantasy,Major Studio,May,139.0,821.71,758.73
Pirates of the Caribbean: Dead Man's Chest,2006,6,200000000.0,1065659812.0,20.66533960251992,943719557.8837934,1,0.9837902,0.0,1,0.0,19.11382792951231,1,0,1,0,0,1,0,0,351892257.5,Adventure,Major Studio,June,200.0,1065.66,943.72
X-Men: First Class,2011,5,160000000.0,353624124.0,19.712636052619175,363989671.38112485,1,0.9713628,0.0,1,0.0,18.8906843794481,1,0,1,0,0,0,1,0,81199714.33333333,Action,Major Studio,May,160.0,353.62,363.99
The Incredibles,2004,11,92000000.0,631442092.0,20.196433602095315,590472487.3563942,1,0.9823214,0.0,1,0.0,18.33729914588288,1,0,1,1,0,0,1,0,309009002.3333333,Action,Major Studio,November,92.0,631.44,590.47
Prometheus,2012,5,130000000.0,403170142.0,19.99654200134148,483490391.2174064,1,0.98138154,0.0,1,0.0,18.683045016112164,1,0,0,0,0,1,0,0,185759190.33333337,Science Fiction,Major Studio,May,130.0,403.17,483.49
Saving Private Ryan,1998,7,70000000.0,481840909.0,19.987129853202052,478961056.84212995,1,0.9721948,25.0,1,0.0,18.064005814299342,1,0,0,0,0,0,0,0,333290471.34615386,Drama,Major Studio,July,70.0,481.84,478.96
300,2006,12,65000000.0,422610419.0,19.76945266692206,385269121.2649109,1,0.97943646,0.0,1,0.0,17.989897843244528,1,0,1,0,0,0,0,0,342264494.6666667,Action,Major Studio,December,65.0,422.61,385.27
Kill Bill: Vol. 1,2003,10,30000000.0,180949000.0,18.90234091702468,161875958.372287,1,0.918315,0.0,1,0.0,17.216707972959764,0,0,1,0,0,0,0,0,188668828.14285713,Action,Mid-size Studio,October,30.0,180.95,161.88
Pirates of the Caribbean: On Stranger Tides,2011,5,380000000.0,1045713802.0,20.574177783741536,861493253.3171029,1,0.9860136,0.0,1,0.0,19.755681813316283,1,0,1,0,0,1,0,0,183936895.25,Adventure,Major Studio,May,380.0,1045.71,861.49
2012,2009,10,200000000.0,769653595.0,20.33010182891944,674918045.531271,1,0.9776472,0.0,1,0.0,19.11382792951231,1,0,1,0,0,0,0,0,312452492.14285713,Action,Major Studio,October,200.0,769.65,674.92
Edge of Tomorrow,2014,5,178000000.0,370541256.0,19.98987440626043,480277396.4339155,1,0.9795543,0.0,1,0.0,18.997294113874336,1,0,1,0,0,0,0,0,161936566.0,Action,Major Studio,May,178.0,370.54,480.28
Jurassic Park,1993,6,63000000.0,920100000.0,20.404563293702445,727091794.5096278,1,0.97592205,0.0,1,0.0,17.958645300228824,1,0,0,0,0,0,0,0,316434352.46153843,Adventure,Major Studio,June,63.0,920.1,727.09
I Am Legend,2007,12,150000000.0,585349010.0,20.054735873587788,512461360.3197196,1,0.98125535,25.0,1,0.0,18.8261458587272,1,0,1,0,0,0,0,0,591777043.0,Drama,Major Studio,December,150.0,585.35,512.46
Oblivion,2013,4,120000000.0,286168572.0,20.010859113702057,490462367.6808427,1,0.9802382,0.0,1,0.0,18.603002309079653,1,0,1,0,0,0,0,1,400062763.0,Action,Major Studio,April,120.0,286.17,490.46
Pacific Rim,2013,7,180000000.0,407602906.0,20.114129664507377,543820432.3125455,1,0.9805509,0.0,1,0.0,19.00846741441004,1,0,1,0,0,1,0,1,124493827.0,Action,Major Studio,July,180.0,407.6,543.82
The Hobbit: The Battle of the Five Armies,2014,12,250000000.0,956019788.0,20.683032366355302,960565148.2575992,1,0.98237395,0.0,1,0.0,19.33697147982652,1,0,1,0,0,0,0,0,692827879.0,Action,Major Studio,December,250.0,956.02,960.57
Thor: The Dark World,2013,10,170000000.0,644571402.0,20.33358273769313,677271467.3279418,1,0.9780889,0.0,1,0.0,18.951309000896888,1,0,1,0,0,1,1,0,440603537.0,Action,Major Studio,October,170.0,644.57,677.27
Silver Linings Playbook,2012,9,21000000.0,205738714.0,18.69942024507483,132146304.93849504,1,0.92713743,60.0,1,0.0,16.860033043306743,0,0,0,0,1,0,0,0,113725062.6,Drama,Mid-size Studio,September,21.0,205.74,132.15
Ex Machina,2015,1,15000000.0,36869414.0,18.049577191527437,68997247.95349123,1,0.76823705,60.0,0,0.0,16.52356082573315,0,0,0,0,0,0,0,0,51751835.0,Drama,Mid-size Studio,January,15.0,36.87,69.0
X-Men: Apocalypse,2016,5,178000000.0,543934787.0,20.3296128118548,674588079.7753036,1,0.981862,0.0,1,0.0,18.997294113874336,1,0,0,0,0,1,1,0,323471459.14285713,Science Fiction,Major Studio,May,178.0,543.93,674.59
Looper,2012,9,30000000.0,47042000.0,17.824657182120923,55099828.63094107,1,0.5271856,20.0,0,0.0,17.216707972959764,0,0,1,0,0,0,0,0,5530764.0,Action,Mid-size Studio,September,30.0,47.04,55.1
Ted,2012,6,50000000.0,549368315.0,19.530766726156465,303461929.6475191,1,0.9714026,0.0,1,0.0,17.72753358339242,1,0,0,0,1,0,0,0,217022588.0,Comedy,Major Studio,June,50.0,549.37,303.46
Return of the Jedi,1983,5,32350000.0,572700000.0,19.798214220408855,396510951.0243318,1,0.9210566,0.0,1,0.0,17.292124609823084,1,0,1,0,0,0,0,0,51751835.0,Adventure,Major Studio,May,32.35,572.7,396.51
Divergent,2014,3,85000000.0,288747895.0,19.807789086503497,400325724.1216109,1,0.9773877,0.0,1,0.0,18.258161826219297,0,0,1,0,0,0,0,0,86915017.0,Adventure,Mid-size Studio,March,85.0,288.75,400.33
Kick-Ass,2010,3,28000000.0,96188903.0,18.51002739608867,109345963.07550888,1,0.9261192,0.0,1,0.0,17.147715103853763,0,0,1,0,0,0,1,0,167011454.66666666,Action,Mid-size Studio,March,28.0,96.19,109.35
Alice in Wonderland,2010,3,200000000.0,1025491110.0,20.331576847183108,675914296.539974,1,0.981783,0.0,1,0.0,19.11382792951231,1,0,0,0,0,0,0,0,177840548.53846154,Family,Major Studio,March,200.0,1025.49,675.91
Brave,2012,6,185000000.0,538983207.0,20.441773486958738,754656687.7861687,1,0.97647685,0.0,1,0.0,19.035866388448003,1,0,1,1,1,1,0,0,51751835.0,Animation,Major Studio,June,185.0,538.98,754.66
Despicable Me 2,2013,6,76000000.0,970761885.0,20.460282826576424,768754957.0625197,1,0.9756728,0.0,1,0.0,18.1462439114085,1,0,0,1,1,1,0,0,543513985.0,Animation,Major Studio,June,76.0,970.76,768.75
Toy Story 3,2010,6,200000000.0,1066969703.0,20.505141093430097,804025137.4876218,1,0.9770428,0.0,1,0.0,19.11382792951231,1,0,0,1,1,1,0,0,51751835.0,Animation,Major Studio,June,200.0,1066.97,804.03
Minions,2015,6,74000000.0,1156730962.0,20.423923519779663,741305603.3623925,1,0.97556305,0.0,1,0.0,18.119575664681957,1,0,0,1,1,1,0,0,51751835.0,Family,Major Studio,June,74.0,1156.73,741.31
Wreck-It Ralph,2012,11,165000000.0,471222889.0,20.321360585416915,669044132.5957037,1,0.97287244,0.0,1,0.0,18.92145603792546,0,0,0,1,1,1,0,0,51751835.0,Family,Mid-size Studio,November,165.0,471.22,669.04
The Truman Show,1998,6,60000000.0,264118201.0,19.44952138306019,279782026.0267704,1,0.9659411,25.0,1,0.0,17.909855136853043,1,0,0,0,1,0,0,0,172192740.0,Comedy,Major Studio,June,60.0,264.12,279.78
Birdman,2014,8,18000000.0,103215094.0,18.84335815920101,152604192.86979,1,0.9580643,40.0,1,0.0,16.705882371415992,1,0,0,0,1,0,1,0,154952955.4,Drama,Major Studio,August,18.0,103.22,152.6
The Hobbit: The Desolation of Smaug,2013,12,250000000.0,958400000.0,20.691640580602275,968869590.7900392,1,0.9796562,0.0,1,0.0,19.33697147982652,1,0,0,0,0,0,0,0,692530352.5,Adventure,Major Studio,December,250.0,958.4,968.87
The Grand Budapest Hotel,2014,2,30000000.0,174600318.0,18.94529003272669,168979848.61424017,1,0.8959786,25.0,1,0.0,17.216707972959764,1,0,0,0,1,0,0,0,39773327.333333336,Comedy,Major Studio,February,30.0,174.6,168.98
Star Trek,2009,5,150000000.0,385680446.0,20.155178423215062,566608088.8900422,1,0.98325115,0.0,1,0.0,18.8261458587272,1,0,1,0,0,0,0,0,375103748.3333333,Science Fiction,Major Studio,May,150.0,385.68,566.61
Pirates of the Caribbean: At World's End,2007,5,300000000.0,961000000.0,20.614015817617567,896506244.5859214,1,0.9844023,0.0,1,0.0,19.519293035953808,1,0,1,0,0,1,0,0,369335559.5,Adventure,Major Studio,May,300.0,961.0,896.51
Maleficent,2014,5,180000000.0,758539785.0,20.445928820407815,757799062.2529597,1,0.98134816,0.0,1,0.0,19.00846741441004,1,0,1,0,0,0,0,0,51751835.0,Fantasy,Major Studio,May,180.0,758.54,757.8
Alien,1979,5,11000000.0,104931801.0,18.922668360456676,165200154.5202658,1,0.839582,15.0,1,0.0,16.213405921671733,1,0,1,0,0,0,0,0,205641746.4,Horror,Major Studio,May,11.0,104.93,165.2
American Sniper,2014,12,58800000.0,542307423.0,19.657841621291393,344581645.8285479,1,0.97028804,0.0,1,0.0,17.889652429875657,1,0,1,0,0,0,0,0,103671129.73684213,War,Major Studio,December,58.8,542.31,344.58
Spectre,2015,10,245000000.0,880674609.0,20.564124540795408,852875841.381255,1,0.98084867,0.0,1,0.0,19.316768772590635,1,0,1,0,0,0,0,0,305479033.3333333,Action,Major Studio,October,245.0,880.67,852.88
The Silence of the Lambs,1991,2,19000000.0,272742922.0,18.781715268954503,143481298.69452214,1,0.7720226,40.0,1,0.0,16.759949589762293,0,0,0,0,0,0,0,0,151392202.0,Crime,Mid-size Studio,February,19.0,272.74,143.48
V for Vendetta,2006,3,54000000.0,132511035.0,19.16141680065967,209747879.9794636,1,0.95622075,0.0,1,0.0,17.804494623047066,1,0,1,0,0,0,0,0,45060049.0,Action,Major Studio,March,54.0,132.51,209.75
Star Wars: Episode I - The Phantom Menace,1999,5,115000000.0,924317558.0,20.399633331981907,723516081.0977342,1,0.9811561,0.0,1,0.0,18.560442695023177,1,0,1,0,0,0,0,0,603699083.75,Adventure,Major Studio,May,115.0,924.32,723.52
Black Swan,2010,12,13000000.0,327803731.0,18.834797188865696,151303329.16585457,1,0.8899078,40.0,1,0.0,16.380459992348886,0,0,0,0,0,0,0,0,86651523.6,Drama,Mid-size Studio,December,13.0,327.8,151.3
Star Trek Into Darkness,2013,5,190000000.0,467365246.0,20.29269676617464,650139013.3216951,1,0.9828892,0.0,1,0.0,19.06253463538792,1,0,1,0,0,0,0,1,347875481.6666667,Action,Major Studio,May,190.0,467.37,650.14
Men in Black,1997,7,90000000.0,589390539.0,20.118098891464307,545983268.5906296,1,0.97977716,0.0,1,0.0,18.31532023940565,0,0,1,0,1,0,0,0,267174699.66666663,Action,Mid-size Studio,July,90.0,589.39,545.98
Dawn of the Planet of the Apes,2014,6,170000000.0,710644566.0,20.15835060924895,568408328.998125,1,0.9779448,25.0,1,0.0,18.951309000896888,1,0,1,0,0,0,0,0,97454819.5,Science Fiction,Major Studio,June,170.0,710.64,568.41
The Prestige,2006,10,40000000.0,109676311.0,19.41473791584132,270217544.2908478,1,0.9292587,25.0,1,0.0,17.50439003707821,1,0,0,0,0,0,0,0,588258131.8571428,Drama,Major Studio,October,40.0,109.68,270.22
Taken,2008,2,25000000.0,226830568.0,18.614767721321275,121420187.6449018,1,0.93930256,0.0,1,0.0,17.034386422832473,1,0,1,0,0,0,0,0,25351672.333333332,Action,Major Studio,February,25.0,226.83,121.42
Ratatouille,2007,6,150000000.0,623722818.0,20.270598975415123,635929950.0722935,1,0.97562474,0.0,1,0.0,18.8261458587272,1,0,0,1,1,0,0,0,51751835.0,Animation,Major Studio,June,150.0,623.72,635.93
Rise of the Planet of the Apes,2011,8,93000000.0,482860185.0,19.74413794484702,375638552.3929855,1,0.97856605,25.0,1,0.0,18.34811006187022,1,0,1,0,0,0,0,0,39171130.0,Thriller,Major Studio,August,93.0,482.86,375.64
The Departed,2006,10,90000000.0,289847354.0,19.738132629050984,373389484.19624054,1,0.97323656,25.0,1,0.0,18.31532023940565,1,0,0,0,0,0,0,0,104174290.25,Drama,Major Studio,October,90.0,289.85,373.39
Schindler's List,1993,11,22000000.0,321365567.0,19.230949638111618,224851250.72783485,1,0.86313766,40.0,1,0.0,16.906553056777135,1,0,0,0,0,0,0,0,339462599.88461536,Drama,Major Studio,November,22.0,321.37,224.85
Spider-Man 2,2004,6,200000000.0,783766341.0,20.529168393397157,823577647.0293036,1,0.9855612,0.0,1,0.0,19.11382792951231,1,0,1,0,0,0,1,0,335590731.5714286,Action,Major Studio,June,200.0,783.77,823.58
The Hateful Eight,2015,12,44000000.0,155760117.0,18.838751283745115,151902781.25308737,1,0.93031585,25.0,1,0.0,17.599700214609808,0,0,0,0,0,0,0,0,192267240.0,Crime,Mid-size Studio,December,44.0,155.76,151.9
Whiplash,2014,10,3300000.0,13092000.0,16.878773413858056,21397258.5602144,0,0.16290377,25.0,0,0.0,15.009433329466964,0,0,0,0,0,0,0,0,51751835.0,Drama,Mid-size Studio,October,3.3,13.09,21.4
How to Train Your Dragon,2010,3,165000000.0,494878759.0,20.37950079931476,709095518.2399992,1,0.98188514,0.0,1,0.0,18.92145603792546,1,0,0,1,0,0,0,0,365475227.5,Fantasy,Major Studio,March,165.0,494.88,709.1
Terminator 2: Judgment Day,1991,7,100000000.0,520000000.0,20.177888556756063,579623060.7837056,1,0.97424173,0.0,1,0.0,18.420680753952364,0,0,1,0,0,0,0,0,893928239.8333334,Action,Mid-size Studio,July,100.0,520.0,579.62
The Amazing Spider-Man 2,2014,4,200000000.0,705717432.0,20.59207761589539,877052678.0772686,1,0.9820948,0.0,1,0.0,19.11382792951231,1,0,1,0,0,0,1,0,406469295.5,Action,Major Studio,April,200.0,705.72,877.05
Furious 7,2015,4,190000000.0,1506249360.0,20.364309606508623,698404918.5601661,1,0.98328596,0.0,1,0.0,19.06253463538792,1,0,1,0,0,0,0,0,171213085.4,Action,Major Studio,April,190.0,1506.25,698.4
Men in Black 3,2012,5,225000000.0,624026776.0,20.28309066832389,643923614.9906516,1,0.98373914,0.0,1,0.0,19.23161096461314,0,0,1,0,1,0,0,0,261401993.5,Action,Mid-size Studio,May,225.0,624.03,643.92
The Terminator,1984,10,6400000.0,78371200.0,18.5923759060271,118731582.914491,1,0.8610739,0.0,1,0.0,15.671808704579888,0,0,1,0,0,0,0,0,967533039.8333334,Action,Mid-size Studio,October,6.4,78.37,118.73
Star Wars: Episode III - Revenge of the Sith,2005,5,113000000.0,850000000.0,20.234689058454347,613498916.994996,1,0.98321486,0.0,1,0.0,18.542898385526172,1,0,1,0,0,0,0,0,622278473.25,Science Fiction,Major Studio,May,113.0,850.0,613.5
X-Men,2000,7,75000000.0,296339527.0,19.575550529818855,317361013.1726305,1,0.9700112,0.0,1,0.0,18.13299868483392,1,0,1,0,0,0,1,0,358842210.5714286,Adventure,Major Studio,July,75.0,296.34,317.36
Her,2013,12,23000000.0,47351251.0,18.568568656589644,115938292.69039217,1,0.88055646,40.0,0,0.0,16.951004817371683,1,0,0,0,0,0,0,0,51917187.333333336,Romance,Major Studio,December,23.0,47.35,115.94
21 Jump Street,2012,3,42000000.0,201585328.0,19.273385271638897,234598304.59712017,1,0.96944493,0.0,1,0.0,17.553180200057167,1,0,1,0,1,1,0,0,300196924.0,Action,Major Studio,March,42.0,201.59,234.6
Shrek,2001,5,60000000.0,484409218.0,19.878018361002557,429451065.2509704,1,0.976487,0.0,1,0.0,17.909855136853043,1,0,0,1,1,0,0,0,530612557.25,Adventure,Major Studio,May,60.0,484.41,429.45
The Wolverine,2013,7,120000000.0,415440673.0,19.79849922204121,396623973.3979214,1,0.97343856,0.0,1,0.0,18.603002309079653,1,0,1,0,0,1,1,0,130701451.4,Action,Major Studio,July,120.0,415.44,396.62
The Green Mile,1999,12,60000000.0,284600000.0,19.460951752588233,282998385.05014634,1,0.9350235,25.0,1,0.0,17.909855136853043,1,0,0,0,0,0,0,0,40918405.666666664,Fantasy,Major Studio,December,60.0,284.6,283.0
Transformers,2007,6,150000000.0,709709780.0,20.14092568209754,558589648.585448,1,0.982167,0.0,1,0.0,18.8261458587272,1,0,1,0,0,1,0,0,465710441.6363636,Adventure,Major Studio,June,150.0,709.71,558.59
Memento,2000,10,9000000.0,39723096.0,17.859168854856332,57034610.16020511,1,0.54873425,15.0,0,0.0,16.012735246411598,0,0,0,0,0,0,0,0,598251448.2857143,Mystery,Mid-size Studio,October,9.0,39.72,57.03
X-Men Origins: Wolverine,2009,4,150000000.0,373062864.0,19.78965850135321,393132985.7827733,1,0.9732849,0.0,1,0.0,18.8261458587272,1,0,1,0,0,1,1,0,53388610.666666664,Adventure,Major Studio,April,150.0,373.06,393.13
Star Wars: Episode II - Attack of the Clones,2002,5,120000000.0,649398328.0,20.18354401195888,582910379.9253702,1,0.98402184,0.0,1,0.0,18.603002309079653,1,0,1,0,0,0,0,0,672428891.25,Adventure,Major Studio,May,120.0,649.4,582.91
The Hunger Games: Mockingjay - Part 2,2015,11,160000000.0,653428261.0,20.279211291827345,641430431.9737808,1,0.98120177,0.0,1,0.0,18.8906843794481,0,0,1,0,0,0,0,0,574757230.25,Action,Mid-size Studio,November,160.0,653.43,641.43
Mission: Impossible - Ghost Protocol,2011,12,145000000.0,694713380.0,20.128231673267443,551543721.783275,1,0.9840656,0.0,1,0.0,18.7922443072814,1,0,1,0,0,0,0,1,287918573.0,Action,Major Studio,December,145.0,694.71,551.54
Die Hard,1988,7,28000000.0,140767956.0,19.5323706329778,303949044.8473708,1,0.96622646,0.0,1,0.0,17.147715103853763,1,0,1,0,0,0,0,0,147090334.85714287,Action,Major Studio,July,28.0,140.77,303.95
Kill Bill: Vol. 2,2004,4,30000000.0,152159461.0,18.811887329787005,147876396.35499033,1,0.9264458,0.0,1,0.0,17.216707972959764,0,0,1,0,0,1,0,0,192781619.42857143,Action,Mid-size Studio,April,30.0,152.16,147.88
Fury,2014,10,68000000.0,211817906.0,19.420439523193032,271762619.1530894,1,0.97761554,25.0,1,0.0,18.035018277846262,1,0,1,0,0,0,0,0,176434361.8,War,Major Studio,October,68.0,211.82,271.76
Sherlock Holmes: A Game of Shadows,2011,11,125000000.0,334615000.0,19.962041200952463,467094055.4145834,1,0.98207444,0.0,1,0.0,18.643824303266577,1,0,1,0,0,0,0,0,124327814.83333331,Adventure,Major Studio,November,125.0,334.62,467.09
The Fifth Element,1997,5,90000000.0,263920180.0,19.89317509850212,436009720.6827044,1,0.98122483,0.0,1,0.0,18.31532023940565,1,0,1,0,0,0,0,0,75464509.25,Adventure,Major Studio,May,90.0,263.92,436.01
Cars,2006,6,120000000.0,461983149.0,20.28671924220958,646264383.6657369,1,0.9849592,0.0,1,0.0,18.603002309079653,1,0,0,1,1,1,0,0,476924432.6666667,Animation,Major Studio,June,120.0,461.98,646.26
Ice Age,2002,3,59000000.0,383257136.0,19.974634695002717,473013597.2579632,1,0.9687329,0.0,1,0.0,17.893048018819147,1,0,0,1,1,0,0,0,264561814.0,Animation,Major Studio,March,59.0,383.26,473.01
Casino Royale,2006,11,150000000.0,599045960.0,20.18037868981778,581068197.8782693,1,0.9840761,0.0,1,0.0,18.8261458587272,0,0,1,0,0,0,0,0,209216498.66666663,Adventure,Mid-size Studio,November,150.0,599.05,581.07
Raiders of the Lost Ark,1981,6,18000000.0,389925971.0,19.64962215023487,341760975.0470447,1,0.9384609,15.0,1,0.0,16.705882371415992,1,0,1,0,0,0,0,0,336825661.2692308,Adventure,Major Studio,June,18.0,389.93,341.76
Spirited Away,2001,7,15000000.0,274925095.0,19.036356786385756,185090745.8679491,1,0.88637185,15.0,1,0.0,16.52356082573315,0,0,0,1,0,0,0,0,193855093.66666663,Fantasy,Mid-size Studio,July,15.0,274.93,185.09
Back to the Future Part II,1989,11,40000000.0,332000000.0,19.728429614851297,369784001.0340477,1,0.9631782,0.0,1,0.0,17.50439003707821,1,0,0,0,1,0,0,0,271551833.5,Adventure,Major Studio,November,40.0,332.0,369.78
Insurgent,2015,3,110000000.0,295238201.0,19.841705009419385,414136011.0759737,1,0.978638,0.0,1,0.0,18.5159909328476,0,0,0,0,0,0,0,0,127435484.2,Adventure,Mid-size Studio,March,110.0,295.24,414.14
Toy Story 2,1999,10,90000000.0,497366869.0,20.046402765620332,508208707.98113275,1,0.97553855,0.0,1,0.0,18.31532023940565,1,0,0,1,1,1,0,0,465129859.3333333,Animation,Major Studio,October,90.0,497.37,508.21
Catch Me If You Can,2002,12,52000000.0,352114312.0,19.478126942068027,287900916.3906723,1,0.9620934,25.0,1,0.0,17.76675429577647,0,0,0,0,0,0,0,0,338279955.84615386,Drama,Mid-size Studio,December,52.0,352.11,287.9
"I, Robot",2004,7,120000000.0,347234916.0,19.996367866596415,483406206.07120794,1,0.9837426,0.0,1,0.0,18.603002309079653,1,0,1,0,0,0,0,0,106831885.5,Action,Major Studio,July,120.0,347.23,483.41
Ocean's Eleven,2001,12,85000000.0,450717150.0,19.741247303252234,374554283.836832,1,0.9793346,0.0,1,0.0,18.258161826219297,1,0,0,0,0,0,0,0,128011330.23076925,Thriller,Major Studio,December,85.0,450.72,374.55
The Great Gatsby,2013,5,105000000.0,351040419.0,19.939757159551217,456800429.8745842,1,0.98026854,25.0,1,0.0,18.46947091764561,1,0,0,0,0,0,0,0,125355399.0,Drama,Major Studio,May,105.0,351.04,456.8
The Fault in Our Stars,2014,5,12000000.0,307166834.0,18.937369112794947,167646659.76688138,1,0.9018877,40.0,1,0.0,16.300417291085605,1,0,0,0,0,0,0,0,51751835.0,Romance,Major Studio,May,12.0,307.17,167.65
The Shining,1980,5,19000000.0,44017374.0,18.91186014413175,163424249.97079614,1,0.7184521,15.0,0,0.0,16.759949589762293,1,0,0,0,0,0,0,0,53896296.0,Horror,Major Studio,May,19.0,44.02,163.42
The Hangover Part II,2011,5,80000000.0,254455986.0,19.871848894491173,426809737.4490825,1,0.98257554,0.0,1,0.0,18.19753720513815,1,0,0,0,1,1,0,0,177656231.5,Comedy,Major Studio,May,80.0,254.46,426.81
Drive,2011,8,15000000.0,78054825.0,17.992535032783927,65171643.55150907,1,0.793728,40.0,1,0.0,16.52356082573315,0,0,1,0,0,0,0,0,4643741.0,Drama,Mid-size Studio,August,15.0,78.05,65.17
Reservoir Dogs,1992,9,1200000.0,14661007.0,16.382741267763834,13029690.435829978,0,0.25395882,20.0,0,0.0,13.997832948091215,0,0,0,0,0,0,0,0,212424255.7142857,Crime,Mid-size Studio,September,1.2,14.66,13.03
12 Years a Slave,2013,10,20000000.0,187000000.0,18.449198286113315,102892805.02978496,1,0.83248115,40.0,1,0.0,16.811242881518265,0,0,0,0,0,0,0,0,17693675.0,Drama,Mid-size Studio,October,20.0,187.0,102.89
Eternal Sunshine of the Spotless Mind,2004,3,20000000.0,72258126.0,18.350042257375897,93179867.89797276,1,0.8963242,40.0,1,0.0,16.811242881518265,0,0,0,0,0,0,0,0,119767921.5,Science Fiction,Mid-size Studio,March,20.0,72.26,93.18
Terminator Genisys,2015,6,155000000.0,440603537.0,20.22985018172332,610537442.2403469,1,0.9785766,0.0,1,0.0,18.858935681335133,1,0,1,0,0,1,0,0,644571402.0,Science Fiction,Major Studio,June,155.0,440.6,610.54
Charlie and the Chocolate Factory,2005,7,150000000.0,474968763.0,19.96918015431476,470440549.1176388,1,0.9854535,0.0,1,0.0,18.8261458587272,1,0,0,0,1,0,0,0,220188421.3846154,Adventure,Major Studio,July,150.0,474.97,470.44
Edward Scissorhands,1990,12,20000000.0,53000000.0,19.323039692025564,246541202.59591177,1,0.9346011,40.0,1,0.0,16.811242881518265,1,0,0,0,0,0,0,0,252647557.0,Fantasy,Major Studio,December,20.0,53.0,246.54
The Bourne Identity,2002,6,60000000.0,214034224.0,19.36237356688354,256431867.3652945,1,0.9797568,25.0,1,0.0,17.909855136853043,1,0,1,0,0,0,0,0,188021071.33333337,Action,Major Studio,June,60.0,214.03,256.43
Spider-Man 3,2007,5,258000000.0,890871626.0,20.60221873226639,885992223.2296946,1,0.9845265,0.0,1,0.0,19.36847014676186,1,0,1,0,0,0,1,0,320289976.5714286,Fantasy,Major Studio,May,258.0,890.87,885.99
Twilight,2008,11,37000000.0,392616625.0,19.733163205826113,371538556.6468383,1,0.9587374,25.0,1,0.0,17.426428497635523,0,0,0,0,0,1,0,0,35725054.0,Adventure,Mid-size Studio,November,37.0,392.62,371.54
Zombieland,2009,10,23600000.0,102391382.0,18.899925639590855,161485454.79760826,1,0.9554913,0.0,1,0.0,16.97675731236872,1,0,0,0,1,1,0,0,72874171.5,Comedy,Major Studio,October,23.6,102.39,161.49
Oz: The Great and Powerful,2013,3,200000000.0,491868548.0,20.1424755389974,559456053.8366973,1,0.983185,0.0,1,0.0,19.11382792951231,1,0,0,0,0,0,0,0,377290416.28571427,Fantasy,Major Studio,March,200.0,491.87,559.46
Monsters University,2013,6,200000000.0,743559607.0,20.36622251338016,699742180.751149,1,0.98084944,0.0,1,0.0,19.11382792951231,1,0,0,1,0,1,0,0,51751835.0,Animation,Major Studio,June,200.0,743.56,699.74
X-Men: The Last Stand,2006,5,210000000.0,459359555.0,19.7487328639259,377368552.71063584,1,0.9760854,0.0,1,0.0,19.162618093443648,1,0,1,0,0,1,1,0,212037125.5,Adventure,Major Studio,May,210.0,459.36,377.37
Blade Runner,1982,6,28000000.0,33139618.0,19.11657071985741,200549311.0499172,1,0.92528296,25.0,0,0.0,17.147715103853763,1,0,0,0,0,0,0,0,210427891.93333337,Science Fiction,Major Studio,June,28.0,33.14,200.55
X2,2003,4,110000000.0,407711549.0,19.80799923850516,400409862.2146488,1,0.9727482,0.0,1,0.0,18.5159909328476,1,0,1,0,0,0,1,0,342931921.71428573,Adventure,Major Studio,April,110.0,407.71,400.41
A Good Day to Die Hard,2013,2,92000000.0,304654182.0,19.507146092647552,296377959.88927346,1,0.9757603,0.0,1,0.0,18.33729914588288,1,0,1,0,0,0,0,0,66059762.333333336,Action,Major Studio,February,92.0,304.65,296.38
The Secret Life of Pets,2016,6,75000000.0,875958308.0,20.046081825221563,508045629.44605935,1,0.9637531,0.0,1,0.0,18.13299868483392,1,0,0,1,0,0,0,0,51751835.0,Animation,Major Studio,June,75.0,875.96,508.05
Donnie Darko,2001,1,6000000.0,1270522.0,16.321904629611083,12260638.267026909,0,0.34119135,45.0,0,1.0,15.607270193858982,0,0,0,0,0,0,0,0,16854137.0,Fantasy,Mid-size Studio,January,6.0,1.27,12.26
The Matrix Reloaded,2003,5,150000000.0,738599701.0,19.98596600171059,478403941.5632189,1,0.9832893,0.0,1,0.0,18.8261458587272,1,0,1,0,0,0,0,0,234690080.0,Adventure,Major Studio,May,150.0,738.6,478.4
Elysium,2013,8,115000000.0,286140700.0,19.49242466201787,292046810.87322533,1,0.97511566,25.0,1,0.0,18.560442695023177,0,0,1,0,0,0,0,0,157609579.5,Science Fiction,Mid-size Studio,August,115.0,286.14,292.05
The Fast and the Furious,2001,6,38000000.0,207283925.0,19.19078760879488,215999705.9198304,1,0.9400782,0.0,1,0.0,17.453096744006448,1,0,1,0,0,1,0,0,143472009.375,Action,Major Studio,June,38.0,207.28,216.0
Argo,2012,10,44500000.0,232324128.0,19.15610263818043,208636202.0948911,1,0.9573182,25.0,1,0.0,17.61099976960838,1,0,0,0,0,0,0,0,154026136.0,Drama,Major Studio,October,44.5,232.32,208.64
In Time,2011,10,40000000.0,173930596.0,18.6956137495824,131644246.76789086,1,0.9158874,0.0,1,0.0,17.50439003707821,0,0,1,0,0,0,0,0,25076086.25,Action,Mid-size Studio,October,40.0,173.93,131.64
Aladdin,1992,11,28000000.0,504050219.0,19.513524234665866,298274341.88292,1,0.9478918,0.0,1,0.0,17.147715103853763,1,0,0,1,1,1,0,0,188311940.0,Animation,Major Studio,November,28.0,504.05,298.27
Nightcrawler,2014,10,8500000.0,38697217.0,17.528259085916165,40966247.81076459,0,0.4948922,40.0,0,0.0,15.955576839107596,0,0,0,0,0,0,0,0,51751835.0,Crime,Mid-size Studio,October,8.5,38.7,40.97
The Social Network,2010,9,40000000.0,224920315.0,19.113878309117723,200010076.1749476,1,0.9581447,45.0,1,0.0,17.50439003707821,1,0,0,0,0,0,0,0,212714001.1111111,Drama,Major Studio,September,40.0,224.92,200.01
District 9,2009,8,30000000.0,210819611.0,18.640288608004337,124558818.4899778,1,0.94891214,0.0,1,0.0,17.216707972959764,1,0,0,0,0,0,0,0,195270124.0,Science Fiction,Major Studio,August,30.0,210.82,124.56
The Godfather: Part II,1974,12,13000000.0,47542841.0,18.286443641425414,87438271.16707082,1,0.5161122,40.0,0,0.0,16.380459992348886,1,0,0,0,0,0,0,0,93166836.0,Drama,Major Studio,December,13.0,47.54,87.44
Braveheart,1995,5,72000000.0,210000000.0,19.887489431187294,433537748.5240845,1,0.97150946,25.0,1,0.0,18.09217669086922,0,0,1,0,0,0,0,0,366037355.0,Action,Mid-size Studio,May,72.0,210.0,433.54
Tangled,2010,11,260000000.0,591794936.0,20.32049162927747,668463015.1076263,1,0.9802849,0.0,1,0.0,19.37619219282595,1,0,0,1,0,1,0,0,51751835.0,Animation,Major Studio,November,260.0,591.79,668.46
22 Jump Street,2014,6,50000000.0,188441614.0,19.26298201321431,232170368.9166529,1,0.9594527,0.0,1,0.0,17.72753358339242,1,0,1,0,1,1,0,0,304578162.0,Crime,Major Studio,June,50.0,188.44,232.17
American Beauty,1999,9,15000000.0,356296601.0,18.75268658395092,139376097.80509076,1,0.8930921,60.0,1,0.0,16.52356082573315,0,0,0,0,0,0,0,0,392875368.0,Drama,Mid-size Studio,September,15.0,356.3,139.38
The Theory of Everything,2014,11,15000000.0,123726688.0,18.512203272224433,109584145.38291007,1,0.8070956,40.0,1,0.0,16.52356082573315,0,0,0,0,0,0,0,0,2957978.0,Drama,Mid-size Studio,November,15.0,123.73,109.58
Amélie,2001,4,10000000.0,173921954.0,18.767062677778338,141394253.5188457,1,0.8790365,15.0,1,0.0,16.118095750958314,0,0,0,0,1,0,0,0,61831596.333333336,Comedy,Mid-size Studio,April,10.0,173.92,141.39
Transformers: Dark of the Moon,2011,6,195000000.0,1123746996.0,20.3310226034222,675539779.0542301,1,0.98275375,0.0,1,0.0,19.088510121656228,1,0,1,0,0,1,0,0,428070694.72727275,Action,Major Studio,June,195.0,1123.75,675.54
The Curious Case of Benjamin Button,2008,11,150000000.0,333932083.0,19.968801110442197,470262265.3005404,1,0.98042446,25.0,1,0.0,18.8261458587272,1,0,0,0,0,0,0,0,200601582.44444445,Fantasy,Major Studio,November,150.0,333.93,470.26
E.T. the Extra-Terrestrial,1982,4,10500000.0,792910554.0,19.53571762236249,304968063.4482457,1,0.911304,15.0,1,0.0,16.166885910365842,1,0,0,0,0,0,0,0,321326254.2307692,Science Fiction,Major Studio,April,10.5,792.91,304.97
Independence Day,1996,6,75000000.0,816969268.0,20.196802519229266,590690362.9610263,1,0.9813787,0.0,1,0.0,18.13299868483392,1,0,1,0,0,0,0,0,305693110.28571427,Action,Major Studio,June,75.0,816.97,590.69
Fifty Shades of Grey,2015,2,40000000.0,571006128.0,19.3425803281593,251406151.8486665,1,0.9352135,25.0,1,0.0,17.50439003707821,0,0,0,0,0,0,0,0,51751835.0,Drama,Mid-size Studio,February,40.0,571.01,251.41
The Usual Suspects,1995,7,6000000.0,23341568.0,17.687835263429886,48053966.65467182,0,0.39123496,25.0,0,0.0,15.607270193858982,1,0,0,0,0,0,0,0,397841919.0,Drama,Major Studio,July,6.0,23.34,48.05
Hansel & Gretel: Witch Hunters,2013,1,50000000.0,224803475.0,19.195571399707415,217035478.84017044,1,0.9178561,20.0,1,0.0,17.72753358339242,1,0,1,0,0,1,0,0,1984662.0,Fantasy,Major Studio,January,50.0,224.8,217.04
Madagascar,2005,5,75000000.0,532680671.0,19.87258132428017,427122460.12547827,1,0.97743064,0.0,1,0.0,18.13299868483392,1,0,0,1,0,0,0,0,383070103.6666667,Family,Major Studio,May,75.0,532.68,427.12
Now You See Me 2,2016,6,90000000.0,334901337.0,19.782695824364552,390405235.0257797,1,0.98038757,0.0,1,0.0,18.31532023940565,0,0,1,0,1,0,0,0,195106685.25,Action,Mid-size Studio,June,90.0,334.9,390.41
Mission: Impossible - Rogue Nation,2015,7,150000000.0,682330139.0,20.143790430643055,560192161.7743472,1,0.98135895,0.0,1,0.0,18.8261458587272,1,0,1,0,0,0,0,0,118732998.0,Action,Major Studio,July,150.0,682.33,560.19
Aliens,1986,7,18500000.0,183316455.0,19.214604108352113,221205812.3760021,1,0.9357804,15.0,1,0.0,16.733281344102608,1,0,1,0,0,0,0,0,950042164.0,Horror,Major Studio,July,18.5,183.32,221.21
Cast Away,2000,12,90000000.0,429632142.0,19.940602215900245,457186615.1301029,1,0.98094934,25.0,1,0.0,18.31532023940565,1,0,0,0,0,0,0,0,263415821.66666663,Adventure,Major Studio,December,90.0,429.63,457.19
Indiana Jones and the Last Crusade,1989,5,48000000.0,474171806.0,19.96348420460844,467768560.385202,1,0.9669486,0.0,1,0.0,17.6867115897055,1,0,1,0,0,0,0,0,333585436.84615386,Adventure,Major Studio,May,48.0,474.17,467.77
The Sixth Sense,1999,8,40000000.0,672806292.0,19.348214835062517,252826699.83787408,1,0.9456779,25.0,1,0.0,17.50439003707821,0,0,0,0,0,0,0,0,222443579.75,Mystery,Mid-size Studio,August,40.0,672.81,252.83
Kung Fu Panda,2008,6,130000000.0,631744560.0,20.20256888477393,594106338.9410623,1,0.9792523,0.0,1,0.0,18.683045016112164,1,0,0,1,1,1,0,0,97571250.0,Adventure,Major Studio,June,130.0,631.74,594.11
The Secret Life of Walter Mitty,2013,12,90000000.0,188133322.0,19.568053498043223,314990644.0337107,1,0.98210967,25.0,1,0.0,18.31532023940565,1,0,0,0,1,0,0,0,101912106.5,Adventure,Major Studio,December,90.0,188.13,314.99
Transformers: Revenge of the Fallen,2009,6,150000000.0,836297228.0,20.089139130265337,530398478.5731386,1,0.977975,0.0,1,0.0,18.8261458587272,1,0,1,0,0,1,0,1,454202491.8181818,Science Fiction,Major Studio,June,150.0,836.3,530.4
GoodFellas,1990,9,25000000.0,46836394.0,18.011079277118732,66391477.94822164,0,0.49563885,45.0,0,0.0,17.034386422832473,0,0,0,0,0,0,0,0,119362475.25,Drama,Mid-size Studio,September,25.0,46.84,66.39
Snow White and the Huntsman,2012,5,170000000.0,396600000.0,19.969577604364236,470627562.8994154,1,0.981203,25.0,1,0.0,18.951309000896888,1,0,0,0,0,0,0,0,51751835.0,Adventure,Major Studio,May,170.0,396.6,470.63
Men in Black II,2002,7,140000000.0,441818803.0,20.16580521459627,572661421.6422244,1,0.9822686,0.0,1,0.0,18.75715298771643,1,0,1,0,1,0,0,0,291769989.0,Action,Major Studio,July,140.0,441.82,572.66
How to Train Your Dragon 2,2014,6,145000000.0,609123048.0,20.38239313849619,711149431.8692544,1,0.9740641,0.0,1,0.0,18.7922443072814,1,0,1,1,1,0,0,0,51751835.0,Fantasy,Major Studio,June,145.0,609.12,711.15
The Matrix Revolutions,2003,11,150000000.0,424988211.0,19.99252348856452,481551377.4838111,1,0.9833524,0.0,1,0.0,18.8261458587272,1,0,1,0,0,0,0,0,297412378.0,Adventure,Major Studio,November,150.0,424.99,481.55
Transformers: Age of Extinction,2014,6,210000000.0,1091405097.0,20.355224387232926,692088493.2243992,1,0.98180425,0.0,1,0.0,19.162618093443648,1,0,1,0,0,0,0,1,431010867.3636364,Science Fiction,Major Studio,June,210.0,1091.41,692.09
The Conjuring,2013,7,13000000.0,318000141.0,18.845917188536127,152995211.57935244,1,0.94252086,15.0,1,0.0,16.380459992348886,1,0,0,0,0,0,0,0,408862929.2,Horror,Major Studio,July,13.0,318.0,153.0
The Devil Wears Prada,2006,6,35000000.0,326551094.0,19.36099151714616,256077710.5564984,1,0.97252816,25.0,1,0.0,17.370858648025116,1,0,0,0,1,0,0,0,121937270.66666669,Comedy,Major Studio,June,35.0,326.55,256.08
Gran Torino,2008,12,33000000.0,269958228.0,19.269140860835247,233604683.1747512,1,0.9387093,25.0,1,0.0,17.312018149733785,1,0,0,0,0,0,0,0,118005297.89473684,Drama,Major Studio,December,33.0,269.96,233.6
Prisoners,2013,9,46000000.0,122126687.0,18.781486495301515,143448477.7078871,1,0.901391,45.0,1,0.0,17.6441519761925,0,0,0,0,0,0,0,0,45564827.0,Drama,Mid-size Studio,September,46.0,122.13,143.45
The Lego Movie,2014,2,60000000.0,469160692.0,19.762320424596066,382531064.3736341,1,0.9656109,0.0,1,0.0,17.909855136853043,1,0,0,1,1,1,1,0,211005136.0,Adventure,Major Studio,February,60.0,469.16,382.53
The Notebook,2004,6,29000000.0,115603229.0,19.022002943184965,182452958.7896182,1,0.9650664,25.0,1,0.0,17.182806422433504,1,0,0,0,0,0,0,0,131580279.33333331,Romance,Major Studio,June,29.0,115.6,182.45
Chappie,2015,3,49000000.0,104399548.0,19.058327726623215,189202366.29299787,1,0.9604545,0.0,1,0.0,17.707330876483063,1,0,1,0,0,0,0,0,248480155.5,Crime,Major Studio,March,49.0,104.4,189.2
Into the Wild,2007,9,15000000.0,56255142.0,18.137707801327753,75354016.64033085,1,0.7271653,60.0,1,0.0,16.52356082573315,0,0,0,0,0,0,0,0,29400000.0,Adventure,Mid-size Studio,September,15.0,56.26,75.35
Pan's Labyrinth,2006,5,19000000.0,83258226.0,18.60014451533538,119657554.3004807,1,0.9421841,40.0,1,0.0,16.759949589762293,0,0,0,0,0,0,0,0,205579997.0,Fantasy,Mid-size Studio,May,19.0,83.26,119.66
Maze Runner: The Scorch Trials,2015,9,61000000.0,311256926.0,19.40893665027957,268654478.81383705,1,0.9553418,20.0,1,0.0,17.926384438531027,1,0,1,0,0,0,0,0,348319861.0,Action,Major Studio,September,61.0,311.26,268.65
G.I. Joe: Retaliation,2013,3,130000000.0,371876278.0,19.76372493537097,383068710.85344154,1,0.98053277,0.0,1,0.0,18.683045016112164,1,0,1,0,0,0,0,0,185862950.0,Adventure,Major Studio,March,130.0,371.88,383.07
The Incredible Hulk,2008,6,150000000.0,163712074.0,19.432300311867667,275005129.5129839,1,0.9828635,0.0,1,0.0,18.8261458587272,1,0,1,0,0,0,1,0,106075943.4,Science Fiction,Major Studio,June,150.0,163.71,275.01
American History X,1998,10,20000000.0,23875127.0,17.66804552614341,47112339.2693856,1,0.5465385,40.0,0,0.0,16.811242881518265,1,0,0,0,0,0,0,0,25.0,Drama,Major Studio,October,20.0,23.88,47.11
Bruce Almighty,2003,5,80000000.0,484572835.0,19.944188937024084,458829360.2970082,1,0.9832569,0.0,1,0.0,18.19753720513815,1,0,0,0,1,0,0,0,140767007.16666666,Fantasy,Major Studio,May,80.0,484.57,458.83
A Beautiful Mind,2001,12,60000000.0,313542341.0,19.439197121018793,276908342.9195208,1,0.9776683,25.0,1,0.0,17.909855136853043,1,0,0,0,0,0,0,0,256384820.6,Drama,Major Studio,December,60.0,313.54,276.91
No Country for Old Men,2007,11,25000000.0,171600000.0,18.533005355235563,111887599.1476629,1,0.8996855,25.0,1,0.0,17.034386422832473,0,0,0,0,0,0,0,0,97751126.875,Crime,Mid-size Studio,November,25.0,171.6,111.89
2001: A Space Odyssey,1968,4,10500000.0,68700000.0,17.909865768725226,60000637.9157328,1,0.7982235,15.0,1,0.0,16.166885910365842,0,0,0,0,0,0,0,0,48959770.8,Science Fiction,Mid-size Studio,April,10.5,68.7,60.0
Jack Reacher,2012,12,60000000.0,218340595.0,19.198522430362132,217676903.16026443,1,0.9737611,25.0,1,0.0,17.909855136853043,1,0,0,0,0,0,0,0,350727770.0,Crime,Major Studio,December,60.0,218.34,217.68
Shrek 2,2004,5,150000000.0,919838758.0,20.28536620175818,645390553.1083432,1,0.9848267,0.0,1,0.0,18.8261458587272,1,0,0,1,1,0,0,0,421755172.25,Adventure,Major Studio,May,150.0,919.84,645.39
Olympus Has Fallen,2013,3,70000000.0,161025640.0,19.15219572044499,207822667.85325935,1,0.9746074,0.0,1,0.0,18.064005814299342,0,0,1,0,0,0,0,0,88426782.85714285,Action,Mid-size Studio,March,70.0,161.03,207.82
Cloud Atlas,2012,10,102000000.0,130482868.0,19.310399620511816,243444516.54797265,1,0.9748829,25.0,1,0.0,18.440483381052463,0,0,0,0,0,1,0,0,50555213.5,Drama,Mid-size Studio,October,102.0,130.48,243.44
We're the Millers,2013,8,37000000.0,269994119.0,19.30627317238748,242442025.16200516,1,0.9635061,0.0,1,0.0,17.426428497635523,1,0,0,0,1,0,0,0,192347426.5,Comedy,Major Studio,August,37.0,269.99,242.44
San Andreas,2015,5,110000000.0,470490832.0,19.85449319952088,419466069.38710666,1,0.98280936,25.0,1,0.0,18.5159909328476,1,0,1,0,0,0,0,0,234088262.0,Action,Major Studio,May,110.0,470.49,419.47
The Perks of Being a Wallflower,2012,9,13000000.0,33400000.0,18.180697455727454,78664099.71242929,1,0.66333055,60.0,0,0.0,16.380459992348886,0,0,0,0,0,0,0,0,51751835.0,Drama,Mid-size Studio,September,13.0,33.4,78.66
Mr. & Mrs. Smith,2005,6,110000000.0,478207520.0,19.735857969436005,372541115.4544582,1,0.98281294,25.0,1,0.0,18.5159909328476,0,0,1,0,1,0,0,0,143992188.66666666,Action,Mid-size Studio,June,110.0,478.21,372.54
Quantum of Solace,2008,10,200000000.0,586090727.0,20.15871084685768,568613127.9416326,1,0.97855467,0.0,1,0.0,19.11382792951231,0,0,1,0,0,0,0,0,137166369.5,Adventure,Mid-size Studio,October,200.0,586.09,568.61
Hancock,2008,7,150000000.0,624029371.0,20.00197953601348,486126547.58928406,1,0.98428494,0.0,1,0.0,18.8261458587272,1,0,1,0,0,1,1,0,125958909.6,Fantasy,Major Studio,July,150.0,624.03,486.13
The Equalizer,2014,9,55000000.0,192330738.0,18.86392585423692,155775409.91043583,1,0.9352466,20.0,1,0.0,17.822843761378564,1,0,1,0,0,0,0,0,83954626.0,Thriller,Major Studio,September,55.0,192.33,155.78
Ice Age: The Meltdown,2006,3,80000000.0,660940780.0,20.286326836737526,646010835.7348529,1,0.98110056,0.0,1,0.0,18.19753720513815,1,0,0,1,1,0,0,0,623837004.0,Animation,Major Studio,March,80.0,660.94,646.01
Scarface,1983,12,25000000.0,65884703.0,18.54316076212359,113029652.44565453,1,0.71146613,25.0,1,0.0,17.034386422832473,1,0,1,0,0,0,0,0,77757822.54545455,Action,Major Studio,December,25.0,65.88,113.03
The Expendables,2010,8,80000000.0,274470394.0,19.723456942814675,367949750.80963755,1,0.9721194,0.0,1,0.0,18.19753720513815,0,0,1,0,0,1,0,0,155721132.0,Thriller,Mid-size Studio,August,80.0,274.47,367.95
The Big Lebowski,1998,3,15000000.0,46189568.0,18.496786471932698,107907664.67218567,1,0.8097948,15.0,0,0.0,16.52356082573315,0,0,0,0,1,0,0,0,113427430.875,Comedy,Mid-size Studio,March,15.0,46.19,107.91
One Flew Over the Cuckoo's Nest,1975,11,3000000.0,108981275.0,18.22040684603661,81850652.51389639,1,0.51318806,25.0,1,0.0,14.914123179965662,1,0,0,0,0,0,0,0,49703729.5,Drama,Major Studio,November,3.0,108.98,81.85
Snatch,2000,9,10000000.0,83557872.0,18.015296655342432,66672067.18535995,1,0.72181994,35.0,1,0.0,16.118095750958314,0,0,0,0,0,0,0,0,166170669.5,Thriller,Mid-size Studio,September,10.0,83.56,66.67
(500) Days of Summer,2009,7,7500000.0,60722734.0,18.221401290041996,81932088.89086747,1,0.8619263,25.0,1,0.0,15.830413711839864,0,0,0,0,1,0,0,0,728966644.5,Comedy,Mid-size Studio,July,7.5,60.72,81.93
Back to the Future Part III,1990,5,40000000.0,244527583.0,19.670960726153385,349132031.81822044,1,0.9703334,0.0,1,0.0,17.50439003707821,1,0,0,0,1,0,0,0,278841201.5833333,Adventure,Major Studio,May,40.0,244.53,349.13
The Expendables 2,2012,8,100000000.0,312573423.0,19.61445728358491,329951845.99637717,1,0.98009574,0.0,1,0.0,18.420680753952364,0,0,1,0,0,0,0,0,128094296.16666669,Action,Mid-size Studio,August,100.0,312.57,329.95
The Jungle Book,2016,4,175000000.0,966550600.0,19.92322866294817,449312260.0735592,1,0.97962165,25.0,1,0.0,18.980296537602072,1,0,0,0,0,0,0,0,290460726.4,Family,Major Studio,April,175.0,966.55,449.31
The Bourne Ultimatum,2007,8,70000000.0,442824138.0,19.289590619342473,238431023.101462,1,0.9814882,25.0,1,0.0,18.064005814299342,1,0,1,0,0,0,0,0,161821224.0,Action,Major Studio,August,70.0,442.82,238.43
Dallas Buyers Club,2013,9,5000000.0,55198285.0,17.898318760004365,59311794.707980074,1,0.6906269,45.0,1,0.0,15.424948670398354,1,0,0,0,0,0,0,0,39955715.0,Drama,Major Studio,September,5.0,55.2,59.31
Night at the Museum,2006,10,110000000.0,574480841.0,19.951392678471016,462146582.2433814,1,0.9846994,0.0,1,0.0,18.5159909328476,1,0,1,0,1,1,0,0,182678469.1111111,Action,Major Studio,October,110.0,574.48,462.15
Snowpiercer,2013,8,39200000.0,86758912.0,18.54957093800212,113756519.58790734,1,0.8981924,25.0,1,0.0,17.484187330270895,0,0,1,0,0,0,1,0,51751835.0,Action,Mid-size Studio,August,39.2,86.76,113.76
Tomorrowland,2015,5,190000000.0,209154322.0,19.836193595604012,411859814.43014544,1,0.9827078,0.0,1,0.0,19.06253463538792,1,0,0,0,0,0,0,1,449771592.3333333,Adventure,Major Studio,May,190.0,209.15,411.86
TRON: Legacy,2010,12,170000000.0,400062763.0,19.88343903709879,431785301.2331839,1,0.9755587,0.0,1,0.0,18.951309000896888,1,0,1,0,0,0,0,0,286168572.0,Adventure,Major Studio,December,170.0,400.06,431.79
Slumdog Millionaire,2008,5,15000000.0,377910544.0,18.978396853733305,174667870.8911032,1,0.9254414,40.0,1,0.0,16.52356082573315,1,0,0,0,0,1,0,0,52811714.71428572,Drama,Major Studio,May,15.0,377.91,174.67
The Bourne Supremacy,2004,7,75000000.0,288500217.0,19.585162580765356,320426211.229409,1,0.9834778,25.0,1,0.0,18.13299868483392,1,0,1,0,0,0,0,0,187541877.5,Action,Major Studio,July,75.0,288.5,320.43
Good Will Hunting,1997,12,10000000.0,225933435.0,18.443166626947832,102274058.6028904,1,0.8082175,40.0,1,0.0,16.118095750958314,0,0,0,0,0,0,0,0,41014912.5,Drama,Mid-size Studio,December,10.0,225.93,102.27
Watchmen,2009,3,130000000.0,185258983.0,19.554869957842943,310865205.893871,1,0.9806755,0.0,1,0.0,18.683045016112164,1,0,1,0,0,0,1,0,381823067.3333333,Action,Major Studio,March,130.0,185.26,310.87
RED,2010,10,58000000.0,71664962.0,19.124261849689237,202097708.6774176,1,0.9720623,0.0,1,0.0,17.87595358575207,1,0,1,0,1,0,0,0,172150132.0,Action,Major Studio,October,58.0,71.66,202.1
American Hustle,2013,12,40000000.0,251171807.0,19.023768543896907,182775382.41725296,1,0.9567486,25.0,1,0.0,17.50439003707821,1,0,0,0,0,0,0,0,104638444.0,Drama,Major Studio,December,40.0,251.17,182.78
Indiana Jones and the Temple of Doom,1984,5,28000000.0,333000000.0,19.590103435078177,322013308.04041713,1,0.96033525,0.0,1,0.0,17.147715103853763,1,0,1,0,0,0,0,0,339015121.6923077,Adventure,Major Studio,May,28.0,333.0,322.01
Jupiter Ascending,2015,2,176000003.0,183987723.0,19.50455200536238,295610125.9340571,1,0.9769552,0.0,1,0.0,18.9859945757297,1,0,1,0,0,0,0,0,345612475.6,Science Fiction,Major Studio,February,176.0,183.99,295.61
Troy,2004,5,175000000.0,497409852.0,19.78765125561952,392344662.71602017,1,0.98369044,25.0,1,0.0,18.980296537602072,1,0,0,0,0,0,0,0,186267705.16666663,Adventure,Major Studio,May,175.0,497.41,392.34
Room,2015,10,6000000.0,35401758.0,17.289363193228645,32260791.398152996,0,0.32656547,25.0,0,0.0,15.607270193858982,0,0,0,0,0,0,0,0,51751835.0,Drama,Mid-size Studio,October,6.0,35.4,32.26
Taken 2,2012,9,45000000.0,376141306.0,19.07530541853102,192442008.80295312,1,0.94210726,20.0,1,0.0,17.622173069956816,1,0,1,0,0,0,0,0,193368639.0,Action,Major Studio,September,45.0,376.14,192.44
The King's Speech,2010,9,15000000.0,414211549.0,18.904671179258315,162253611.6516408,1,0.8996431,60.0,1,0.0,16.52356082573315,0,0,0,0,0,0,0,0,441809770.0,Drama,Mid-size Studio,September,15.0,414.21,162.25
Neighbors,2014,5,18000000.0,268157400.0,18.98100135326976,175123386.21971264,1,0.9584321,15.0,1,0.0,16.705882371415992,1,0,0,0,1,0,0,0,89467760.75,Comedy,Major Studio,May,18.0,268.16,175.12
Dead Poets Society,1989,6,16400000.0,235860116.0,19.080810153751763,193504272.1691484,1,0.868443,40.0,1,0.0,16.612791953770035,0,0,0,0,0,0,0,0,181612101.66666663,Drama,Mid-size Studio,June,16.4,235.86,193.5
The Da Vinci Code,2006,5,125000000.0,767820459.0,19.85100598655729,418005849.3974736,1,0.98376805,0.0,1,0.0,18.643824303266577,1,0,0,0,0,0,0,0,210957008.8,Thriller,Major Studio,May,125.0,767.82,418.01
Source Code,2011,3,32000000.0,147332697.0,18.705765688745803,132987497.92799369,1,0.9523113,0.0,1,0.0,17.281246492014,0,0,0,0,0,0,0,0,221718643.5,Thriller,Mid-size Studio,March,32.0,147.33,132.99
Real Steel,2011,9,110000000.0,299268508.0,19.285880089714475,237547957.0568337,1,0.9794526,45.0,1,0.0,18.5159909328476,1,0,1,0,0,0,0,0,213257617.2222222,Action,Major Studio,September,110.0,299.27,237.55
Sin City,2005,4,40000000.0,158733820.0,18.700377542349155,132272868.80693989,1,0.91738915,0.0,1,0.0,17.50439003707821,0,0,1,0,0,0,1,0,63411050.733333334,Action,Mid-size Studio,April,40.0,158.73,132.27
Spotlight,2015,11,20000000.0,88346473.0,18.292026811164597,87927819.2255602,1,0.80150175,40.0,1,0.0,16.811242881518265,1,0,0,0,0,0,0,0,8679814.0,Drama,Major Studio,November,20.0,88.35,87.93
Ice Age: Continental Drift,2012,6,95000000.0,877244782.0,20.05713855390856,513694121.5202101,1,0.97838336,0.0,1,0.0,18.36938746009113,1,0,0,1,1,0,0,0,246233113.0,Animation,Major Studio,June,95.0,877.24,513.69
Trainspotting,1996,2,4000000.0,16491080.0,16.78235343947771,19430477.336038858,0,0.28364184,25.0,0,0.0,15.201805169084134,0,0,0,0,0,0,0,0,104443066.71428572,Drama,Mid-size Studio,February,4.0,16.49,19.43
Warm Bodies,2013,1,35000000.0,116980662.0,18.318230968642983,90262347.25996624,1,0.8968115,20.0,1,0.0,17.370858648025116,0,0,0,0,1,0,0,0,21043879.0,Horror,Mid-size Studio,January,35.0,116.98,90.26
The Bourne Legacy,2012,8,130000000.0,276572938.0,19.815806213789976,403548086.1998579,1,0.97892314,0.0,1,0.0,18.683045016112164,1,0,1,0,0,0,0,0,76495917.5,Action,Major Studio,August,130.0,276.57,403.55
Teenage Mutant Ninja Turtles,2014,8,125000000.0,477200000.0,19.841615624111807,414098995.0555251,1,0.98201936,0.0,1,0.0,18.643824303266577,1,0,1,0,1,0,1,0,251733378.0,Science Fiction,Major Studio,August,125.0,477.2,414.1
Mission: Impossible,1996,5,80000000.0,457696359.0,19.85716476315238,420588197.9369026,1,0.9804283,0.0,1,0.0,18.19753720513815,1,0,1,0,0,0,0,0,42138581.09090909,Adventure,Major Studio,May,80.0,457.7,420.59
"The Chronicles of Narnia: The Lion, the Witch and the Wardrobe",2005,12,180000000.0,748806957.0,20.036296178280224,503098320.0668781,1,0.9819271,0.0,1,0.0,19.00846741441004,0,0,0,0,0,1,0,0,464513122.5,Adventure,Mid-size Studio,December,180.0,748.81,503.1
Minority Report,2002,6,102000000.0,358372926.0,19.79202759678352,394065459.4687044,1,0.983421,0.0,1,0.0,18.440483381052463,1,0,1,0,0,0,0,0,338039239.9230769,Action,Major Studio,June,102.0,358.37,394.07
The Big Short,2015,12,28000000.0,133346506.0,18.922821317232657,165225424.93603712,1,0.9631313,25.0,1,0.0,17.147715103853763,1,0,0,0,1,0,0,0,145145989.8,Comedy,Major Studio,December,28.0,133.35,165.23
127 Hours,2010,11,18000000.0,35692920.0,18.75731975022267,140023348.69782972,1,0.9297527,40.0,0,0.0,16.705882371415992,1,0,0,0,0,0,0,0,101699946.71428572,Adventure,Major Studio,November,18.0,35.69,140.02
Jack the Giant Slayer,2013,2,195000000.0,197687603.0,19.857624835374217,420781743.4030971,1,0.97855544,0.0,1,0.0,19.088510121656228,1,0,1,0,0,0,0,0,372935342.5714286,Action,Major Studio,February,195.0,197.69,420.78
Fantastic 4: Rise of the Silver Surfer,2007,6,130000000.0,289047763.0,19.89345559311346,436132036.21374935,1,0.9825021,0.0,1,0.0,18.683045016112164,1,0,1,0,0,1,1,0,104171742.4,Adventure,Major Studio,June,130.0,289.05,436.13
Bridge of Spies,2015,10,40000000.0,165478348.0,19.283889026670835,237075454.64359748,1,0.95137054,25.0,1,0.0,17.50439003707821,1,0,0,0,0,0,0,0,345458262.15384614,Thriller,Major Studio,October,40.0,165.48,237.08
Star Trek Beyond,2016,7,185000000.0,343471816.0,19.777589820137425,388416904.77153736,1,0.9809997,0.0,1,0.0,19.035866388448003,1,0,1,0,0,0,0,0,392302983.5,Action,Major Studio,July,185.0,343.47,388.42
Hotel Transylvania,2012,9,85000000.0,358375603.0,19.848006778485452,416754041.03212345,1,0.97193885,20.0,1,0.0,18.258161826219297,1,0,0,1,1,1,0,0,473226958.0,Animation,Major Studio,September,85.0,358.38,416.75
Me Before You,2016,6,20000000.0,207945075.0,18.8886326219474,159672055.3443358,1,0.90302086,40.0,1,0.0,16.811242881518265,1,0,0,0,0,0,0,0,51751835.0,Drama,Major Studio,June,20.0,207.95,159.67
The Twilight Saga: Breaking Dawn - Part 2,2012,11,120000000.0,829000000.0,20.06356524635557,517006106.8135202,1,0.98149246,25.0,1,0.0,18.603002309079653,0,0,0,0,0,0,0,0,56648105.333333336,Adventure,Mid-size Studio,November,120.0,829.0,517.01
Focus,2015,2,50100000.0,153962963.0,19.03652940633659,185122698.98136652,1,0.95001054,25.0,1,0.0,17.729531586015174,0,0,0,0,1,0,0,0,76751616.0,Romance,Mid-size Studio,February,50.1,153.96,185.12
Jaws,1975,6,7000000.0,470654000.0,19.41198837888915,269475591.6454809,1,0.8870958,0.0,1,0.0,15.76142084987672,1,0,0,0,0,0,0,0,333720737.0769231,Horror,Major Studio,June,7.0,470.65,269.48
Taxi Driver,1976,2,1300000.0,28262574.0,16.57558240275001,15800977.12536944,0,0.22452615,25.0,0,0.0,14.077875591662238,0,0,0,0,0,0,0,0,120523339.0,Crime,Mid-size Studio,February,1.3,28.26,15.8
After Earth,2013,5,130000000.0,243843127.0,19.457378132903926,281988861.3483817,1,0.9796382,0.0,1,0.0,18.683045016112164,1,0,1,0,0,0,0,0,276063975.375,Science Fiction,Major Studio,May,130.0,243.84,281.99
Wanted,2008,6,75000000.0,258270008.0,19.463131735900387,283615989.7484817,1,0.97890145,0.0,1,0.0,18.13299868483392,1,0,1,0,0,0,0,0,79442150.0,Action,Major Studio,June,75.0,258.27,283.62
The Pursuit of Happyness,2006,12,55000000.0,307077295.0,19.37739414338509,260312695.03091484,1,0.9616949,25.0,1,0.0,17.822843761378564,0,0,0,0,0,0,0,0,168167691.0,Drama,Mid-size Studio,December,55.0,307.08,260.31
Pixels,2015,7,88000000.0,243637091.0,19.64000820562969,338491047.59183913,1,0.9800158,0.0,1,0.0,18.292847383806116,1,0,1,0,1,0,0,0,435249301.5,Action,Major Studio,July,88.0,243.64,338.49
Underworld,2003,9,22000000.0,95708457.0,18.618117871896317,121827645.7015412,1,0.92004865,35.0,1,0.0,16.906553056777135,0,0,1,0,0,0,0,0,247436132.5,Fantasy,Mid-size Studio,September,22.0,95.71,121.83
Indiana Jones and the Kingdom of the Crystal Skull,2008,5,185000000.0,786636033.0,20.21521752032949,601668699.4636872,1,0.9852836,0.0,1,0.0,19.035866388448003,1,0,1,0,0,0,0,0,321567581.96153843,Adventure,Major Studio,May,185.0,786.64,601.67
Independence Day: Resurgence,2016,6,165000000.0,389681935.0,19.606261880324247,327258807.8933271,1,0.9816929,0.0,1,0.0,18.92145603792546,1,0,1,0,0,0,0,0,366734157.85714287,Action,Major Studio,June,165.0,389.68,327.26
The Lost World: Jurassic Park,1997,5,73000000.0,229074524.0,19.74171719214494,374730324.0914333,1,0.96675396,0.0,1,0.0,18.105970012811294,1,0,1,0,0,0,0,0,343012255.38461536,Adventure,Major Studio,May,73.0,229.07,374.73
Green Lantern,2011,6,200000000.0,219851172.0,19.79850608258631,396626694.4639191,1,0.98528177,0.0,1,0.0,19.11382792951231,1,0,1,0,0,0,1,0,272415630.0,Adventure,Major Studio,June,200.0,219.85,396.63
Armageddon,1998,7,140000000.0,553799566.0,20.03189431169018,500888615.3565503,1,0.9803452,0.0,1,0.0,18.75715298771643,0,0,1,0,0,1,0,0,479884097.45454544,Action,Mid-size Studio,July,140.0,553.8,500.89
The Mask,1994,7,23000000.0,351583407.0,19.337619945724917,250162169.0501142,1,0.9605455,15.0,1,0.0,16.951004817371683,1,0,0,0,1,0,0,0,150807321.33333334,Romance,Major Studio,July,23.0,351.58,250.16
10 Cloverfield Lane,2016,3,15000000.0,108286421.0,18.238419466553747,83338355.7676813,1,0.92055804,40.0,1,0.0,16.52356082573315,1,0,0,0,0,0,0,0,51751835.0,Thriller,Major Studio,March,15.0,108.29,83.34
Terminator Salvation,2009,5,200000000.0,371353001.0,19.867023812344566,424755305.78670055,1,0.9835804,0.0,1,0.0,19.11382792951231,1,0,1,0,0,0,0,0,155279850.6,Action,Major Studio,May,200.0,371.35,424.76
Ted 2,2015,6,68000000.0,217022588.0,19.469981004184373,285565219.5373718,1,0.9728546,0.0,1,0.0,18.035018277846262,1,0,0,0,1,1,0,0,549368315.0,Comedy,Major Studio,June,68.0,217.02,285.57
Captain Phillips,2013,10,55000000.0,95000000.0,19.12182925901748,201606685.14584023,1,0.9649564,25.0,1,0.0,17.822843761378564,1,0,1,0,0,0,0,0,219791913.66666663,Action,Major Studio,October,55.0,95.0,201.61
Requiem for a Dream,2000,10,4500000.0,7390108.0,17.111234382097926,26996947.041994493,0,0.30069393,25.0,0,0.0,15.319588176962746,0,0,0,0,0,0,0,0,150734248.2,Crime,Mid-size Studio,October,4.5,7.39,27.0
"Crazy, Stupid, Love.",2011,7,50000000.0,142851197.0,19.182382031688142,214191712.98539945,1,0.9700865,25.0,1,0.0,17.72753358339242,1,0,0,0,1,0,0,0,82307499.0,Comedy,Major Studio,July,50.0,142.85,214.19
Million Dollar Baby,2004,12,30000000.0,216763646.0,19.14953543868682,207270535.73749685,1,0.94538826,25.0,1,0.0,17.216707972959764,1,0,0,0,0,0,0,0,120805012.73684213,Drama,Major Studio,December,30.0,216.76,207.27
Fast Five,2011,4,125000000.0,626137675.0,19.647096053792648,340898743.36006415,1,0.9737108,0.0,1,0.0,18.643824303266577,1,0,1,0,0,1,0,1,250970054.0,Action,Major Studio,April,125.0,626.14,340.9
The Twilight Saga: New Moon,2009,3,50000000.0,709827462.0,19.697950183594497,358683226.97181916,1,0.9731827,25.0,1,0.0,17.72753358339242,0,0,0,0,0,0,0,0,184619280.0,Adventure,Mid-size Studio,March,50.0,709.83,358.68
Super 8,2011,6,50000000.0,260095987.0,19.00159994220215,178768089.89155495,1,0.9606083,0.0,1,0.0,17.72753358339242,1,0,0,0,0,1,0,0,416965234.6666667,Thriller,Major Studio,June,50.0,260.1,178.77
The Girl with the Dragon Tattoo,2011,12,90000000.0,232617430.0,19.53322620191194,304209205.48536897,1,0.98004293,25.0,1,0.0,18.31532023940565,1,0,0,0,0,0,0,0,211858766.1111111,Thriller,Major Studio,December,90.0,232.62,304.21
The Legend of Tarzan,2016,6,180000000.0,356743061.0,19.938595979251552,456270310.05528474,1,0.97842455,0.0,1,0.0,19.00846741441004,1,0,1,0,0,0,0,0,936085967.5,Action,Major Studio,June,180.0,356.74,456.27
The Purge,2013,5,3000000.0,89328627.0,17.73023483041163,50135244.93641516,1,0.81898,0.0,1,0.0,14.914123179965662,1,0,0,0,0,0,0,0,113685363.5,Science Fiction,Major Studio,May,3.0,89.33,50.14
Shaun of the Dead,2004,4,4000000.0,30039392.0,17.655666353739278,46532722.47680698,0,0.4314575,0.0,0,0.0,15.201805169084134,1,0,0,0,1,0,0,0,58109206.666666664,Horror,Major Studio,April,4.0,30.04,46.53
Sicario,2015,9,30000000.0,84025816.0,18.041177781796097,68420138.86994237,1,0.81254387,45.0,1,0.0,17.216707972959764,0,0,1,0,0,0,0,0,64615262.5,Action,Mid-size Studio,September,30.0,84.03,68.42
Flight,2012,11,31000000.0,161772375.0,18.83391608256143,151170073.56258607,1,0.9687676,25.0,1,0.0,17.249497794707484,1,0,0,0,0,0,0,0,285737468.9166667,Drama,Major Studio,November,31.0,161.77,151.17
Home Alone,1990,11,18000000.0,476684675.0,19.58681809026694,320957119.20865834,1,0.9386207,15.0,1,0.0,16.705882371415992,1,0,0,0,1,0,0,0,406118353.5,Comedy,Major Studio,November,18.0,476.68,320.96
The Croods,2013,3,135000000.0,585178928.0,20.148250223632672,562696082.1878831,1,0.98057336,0.0,1,0.0,18.72078534381011,1,0,0,1,1,1,0,0,320325143.0,Adventure,Major Studio,March,135.0,585.18,562.7
300: Rise of an Empire,2014,3,110000000.0,337580051.0,19.709129633311107,362715605.9751024,1,0.9758868,0.0,1,0.0,18.5159909328476,1,0,1,0,0,1,0,0,51751835.0,Action,Major Studio,March,110.0,337.58,362.72
Home Alone 2: Lost in New York,1992,11,18000000.0,358991681.0,19.7455520767265,376170130.6187727,1,0.94101757,15.0,1,0.0,16.705882371415992,1,0,0,0,1,0,0,0,420829977.75,Comedy,Major Studio,November,18.0,358.99,376.17
The Day After Tomorrow,2004,5,125000000.0,544272402.0,19.869596338413785,425849406.58447427,1,0.98227537,0.0,1,0.0,18.643824303266577,1,0,1,0,0,0,0,0,344649805.4285714,Action,Major Studio,May,125.0,544.27,425.85
Dracula Untold,2014,10,70000000.0,215529201.0,19.27926623587628,235982033.68502232,1,0.9663435,25.0,1,0.0,18.064005814299342,1,0,1,0,0,0,0,0,51751835.0,Horror,Major Studio,October,70.0,215.53,235.98
Cinderella,2015,3,95000000.0,543514353.0,19.875908967546938,428546138.74088174,1,0.9808956,25.0,1,0.0,18.36938746009113,1,0,0,0,0,0,0,0,249937862.5,Romance,Major Studio,March,95.0,543.51,428.55
This Is the End,2013,6,32000000.0,126041322.0,18.570404105951187,116151286.96783398,1,0.9314347,0.0,1,0.0,17.281246492014,1,0,1,0,1,0,0,0,12342632.0,Action,Major Studio,June,32.0,126.04,116.15
Noah,2014,3,125000000.0,362637473.0,19.4777229356379,287784626.0614091,1,0.98092586,25.0,1,0.0,18.643824303266577,1,0,0,0,0,0,0,0,79684775.2,Drama,Major Studio,March,125.0,362.64,287.78
RoboCop,2014,1,120000000.0,242688965.0,19.22138421292052,222710706.82773176,1,0.955561,20.0,1,0.0,18.603002309079653,1,0,1,0,0,0,0,0,51751835.0,Action,Major Studio,January,120.0,242.69,222.71
Jason Bourne,2016,7,120000000.0,415484914.0,19.669026724104413,348457462.27109236,1,0.9803827,0.0,1,0.0,18.603002309079653,0,0,1,0,0,0,0,0,166377761.33333334,Action,Mid-size Studio,July,120.0,415.48,348.46
King Kong,2005,12,207000000.0,550000000.0,20.07760346699455,524315135.4720624,1,0.9802524,25.0,1,0.0,19.14822935606056,1,0,1,0,0,0,0,0,743580352.5,Adventure,Major Studio,December,207.0,550.0,524.32
War of the Worlds,2005,6,132000000.0,591739379.0,19.93604524626984,455107969.36487377,1,0.98347074,0.0,1,0.0,18.6983124881264,1,0,0,0,0,0,0,0,329063607.11538464,Adventure,Major Studio,June,132.0,591.74,455.11
Psycho,1960,6,806948.0,32000000.0,16.608508904153908,16329908.192507036,0,0.13175663,25.0,0,0.0,13.601015748229049,1,0,0,0,0,0,0,0,8500000.0,Drama,Major Studio,June,0.81,32.0,16.33
Mean Girls,2004,4,17000000.0,129042871.0,18.71362350801606,134036606.1129078,1,0.95861876,15.0,1,0.0,16.648723960844016,1,0,0,0,1,0,0,0,114742130.8,Comedy,Major Studio,April,17.0,129.04,134.04
Dark Shadows,2012,5,150000000.0,245527149.0,19.56960229599884,315478878.89175546,1,0.9851008,0.0,1,0.0,18.8261458587272,1,0,0,0,1,0,0,0,237837776.30769232,Comedy,Major Studio,May,150.0,245.53,315.48
Prince of Persia: The Sands of Time,2010,5,150000000.0,335154643.0,19.81939649998258,404999543.33952224,1,0.9819979,0.0,1,0.0,18.8261458587272,1,0,1,0,0,0,0,0,299296118.25,Adventure,Major Studio,May,150.0,335.15,405.0
The Lone Ranger,2013,7,255000000.0,89289910.0,19.53965984830648,306172689.3576536,1,0.9819218,25.0,1,1.0,19.35677410704427,1,0,1,0,0,0,0,0,514620574.5,Action,Major Studio,July,255.0,89.29,306.17
"The Good, the Bad and the Ugly",1966,12,1200000.0,6000000.0,15.959990550551096,8537599.467243766,0,0.17319457,25.0,0,0.0,13.997832948091215,0,0,0,0,0,0,0,0,9910754.0,Western,Mid-size Studio,December,1.2,6.0,8.54
The Interview,2014,12,44000000.0,12342632.0,18.85838445624523,154914583.65449277,1,0.91056013,0.0,0,1.0,17.599700214609808,1,0,1,0,1,0,0,0,126041322.0,Action,Major Studio,December,44.0,12.34,154.91
A Bug's Life,1998,11,120000000.0,363258859.0,20.02151702328517,495717626.5513369,1,0.97803956,0.0,1,0.0,18.603002309079653,1,0,0,1,1,1,0,0,581928832.0,Adventure,Major Studio,November,120.0,363.26,495.72
Ender's Game,2013,10,110000000.0,125537191.0,19.404541035033382,267476168.68261957,1,0.97125196,0.0,1,0.0,18.5159909328476,0,0,1,0,0,0,0,0,135897168.33333334,Science Fiction,Mid-size Studio,October,110.0,125.54,267.48
Groundhog Day,1993,2,14600000.0,70906973.0,18.494582974413092,107670152.17373271,1,0.9425664,40.0,1,0.0,16.496532155171714,1,0,0,0,1,0,0,0,80979299.5,Romance,Major Studio,February,14.6,70.91,107.67
The Twilight Saga: Eclipse,2010,6,68000000.0,698491347.0,19.758537432351613,381086686.0785522,1,0.9784879,25.0,1,0.0,18.035018277846262,0,0,0,0,0,0,0,0,41264091.0,Adventure,Mid-size Studio,June,68.0,698.49,381.09
American Pie,1999,7,11000000.0,235483004.0,19.2998942730015,240900433.9252031,1,0.9575074,15.0,1,0.0,16.213405921671733,1,0,0,0,1,0,0,0,303205394.5,Comedy,Major Studio,July,11.0,235.48,240.9
Transcendence,2014,4,100000000.0,103039258.0,18.99206755043724,177072098.68280563,1,0.97239304,25.0,1,0.0,18.420680753952364,0,0,0,0,0,0,0,0,51751835.0,Thriller,Mid-size Studio,April,100.0,103.04,177.07
Blood Diamond,2006,12,100000000.0,170877916.0,19.432955310706383,275185316.5588216,1,0.9839281,25.0,1,0.0,18.420680753952364,1,0,1,0,0,0,0,0,160763327.83333334,Drama,Major Studio,December,100.0,170.88,275.19
Shrek the Third,2007,5,160000000.0,798958165.0,20.24728790971728,621277194.4052973,1,0.9803088,0.0,1,0.0,18.8906843794481,1,0,0,1,1,1,0,0,554987477.0,Fantasy,Major Studio,May,160.0,798.96,621.28
Fantastic Four,2015,8,120000000.0,167977596.0,19.147745033214687,206899769.4443529,1,0.97080517,0.0,1,0.0,18.603002309079653,1,0,1,0,0,0,1,0,145000000.0,Action,Major Studio,August,120.0,167.98,206.9
Horrible Bosses,2011,7,35000000.0,117000000.0,18.78436491006067,143861976.751558,1,0.9602552,0.0,1,0.0,17.370858648025116,1,0,0,0,1,1,0,0,168849353.5,Comedy,Major Studio,July,35.0,117.0,143.86
Rush,2013,9,38000000.0,90247624.0,18.63058998575128,123356608.8636082,1,0.9119012,45.0,1,0.0,17.453096744006448,0,0,1,0,0,0,0,0,278714292.3,Drama,Mid-size Studio,September,38.0,90.25,123.36
Ice Age: Dawn of the Dinosaurs,2009,6,90000000.0,886686817.0,19.95564650086892,464116658.93776906,1,0.98329645,0.0,1,0.0,18.31532023940565,1,0,0,1,1,1,0,0,548588325.0,Animation,Major Studio,June,90.0,886.69,464.12
Warcraft,2016,5,160000000.0,433677183.0,19.48017134381599,288490103.59188503,1,0.9798463,0.0,1,0.0,18.8906843794481,1,0,1,0,0,0,1,0,78546400.5,Action,Major Studio,May,160.0,433.68,288.49
Non-Stop,2014,1,50000000.0,222809600.0,18.78756765660829,144323468.83073372,1,0.9267639,20.0,1,0.0,17.72753358339242,0,0,1,0,0,0,0,0,86362234.2,Action,Mid-size Studio,January,50.0,222.81,144.32
The Man from U.N.C.L.E.,2015,8,75000000.0,108145109.0,19.31917476303133,245590177.35621443,1,0.97875434,0.0,1,0.0,18.13299868483392,1,0,1,0,1,0,0,0,162072796.66666666,Comedy,Major Studio,August,75.0,108.15,245.59
The Simpsons Movie,2007,7,75000000.0,527068851.0,19.498155086742024,293725167.3996735,1,0.9672062,0.0,1,0.0,18.13299868483392,1,0,0,1,1,1,0,0,51751835.0,Animation,Major Studio,July,75.0,527.07,293.73
The Cabin in the Woods,2012,4,30000000.0,66486080.0,18.43334315244909,101274290.6239636,1,0.9033518,0.0,1,0.0,17.216707972959764,0,0,0,0,0,0,0,0,51751835.0,Horror,Mid-size Studio,April,30.0,66.49,101.27
Cloverfield,2008,1,25000000.0,170764026.0,18.557571331958194,114670266.86297768,1,0.9214651,20.0,1,0.0,17.034386422832473,1,0,1,0,0,1,0,0,367395089.5,Action,Major Studio,January,25.0,170.76,114.67
Pitch Perfect,2012,9,17000000.0,115350426.0,18.360806184539108,94188266.64897174,1,0.830045,35.0,1,0.0,16.648723960844016,0,0,0,0,1,0,0,0,51751835.0,Comedy,Mid-size Studio,September,17.0,115.35,94.19
Juno,2007,12,7500000.0,231411584.0,18.12401890886832,74329531.62683079,1,0.7849555,25.0,1,0.0,15.830413711839864,0,0,0,0,1,0,0,0,57919587.0,Comedy,Mid-size Studio,December,7.5,231.41,74.33
Sausage Party,2016,7,19000000.0,140752617.0,19.167498901126276,211027475.03251633,1,0.95763385,15.0,1,0.0,16.759949589762293,1,0,0,1,1,0,0,0,564215572.0,Adventure,Major Studio,July,19.0,140.75,211.03
Friends with Benefits,2011,7,35000000.0,150483765.0,18.948219955986165,169475672.6144451,1,0.9644975,0.0,1,0.0,17.370858648025116,0,0,0,0,1,1,0,0,104387060.5,Romance,Mid-size Studio,July,35.0,150.48,169.48
Clash of the Titans,2010,4,125000000.0,232713139.0,19.59133760605512,322410972.86333954,1,0.98236644,0.0,1,0.0,18.643824303266577,1,0,1,0,0,0,0,0,92275730.4,Adventure,Major Studio,April,125.0,232.71,322.41
Hellboy,2004,4,66000000.0,99318987.0,19.005889919047945,179536648.23228398,1,0.97873414,0.0,1,0.0,18.005165315142214,0,0,1,0,0,1,1,0,201564806.75,Fantasy,Mid-size Studio,April,66.0,99.32,179.54
Kick-Ass 2,2013,7,28000000.0,60700000.0,18.39665906265808,97626453.28495942,1,0.9362148,0.0,1,0.0,17.147715103853763,1,0,1,0,0,1,1,0,25837552.5,Action,Major Studio,July,28.0,60.7,97.63
Easy A,2010,9,8000000.0,74952305.0,18.05250691560506,69199687.25588991,1,0.85624844,20.0,1,0.0,15.894952224644102,0,0,0,0,1,0,0,0,142152790.5,Comedy,Mid-size Studio,September,8.0,74.95,69.2
The Mummy Returns,2001,4,98000000.0,433013274.0,19.518225997089463,299680059.06469166,1,0.98263896,0.0,1,0.0,18.400478046838927,1,0,1,0,0,0,0,0,156836021.5,Adventure,Major Studio,April,98.0,433.01,299.68
Taken 3,2014,12,48000000.0,325771424.0,18.971239809977003,173422228.1660563,1,0.951772,0.0,1,0.0,17.6867115897055,1,0,1,0,0,0,0,0,218553580.0,Thriller,Major Studio,December,48.0,325.77,173.42
Hot Fuzz,2007,2,12000000.0,80573774.0,18.48824393550992,106989785.59743796,1,0.88887703,15.0,1,0.0,16.300417291085605,1,0,1,0,1,0,0,0,41264412.666666664,Crime,Major Studio,February,12.0,80.57,106.99
Lara Croft: Tomb Raider,2001,6,115000000.0,274703340.0,19.59041446524892,322113479.47227055,1,0.9833214,0.0,1,0.0,18.560442695023177,1,0,1,0,0,0,0,0,134405976.66666666,Adventure,Major Studio,June,115.0,274.7,322.11
Saw,2004,10,1200000.0,103911669.0,17.558450624476123,42221942.181866735,1,0.6908743,0.0,1,0.0,13.997832948091215,0,0,0,0,0,0,0,0,451680623.6,Horror,Mid-size Studio,October,1.2,103.91,42.22
Nerve,2016,7,20000000.0,83707310.0,18.38824204806053,96808178.54033177,1,0.892078,15.0,1,0.0,16.811242881518265,0,0,0,0,0,0,0,0,174260905.0,Mystery,Mid-size Studio,July,20.0,83.71,96.81
Rio,2011,4,90000000.0,484635760.0,19.71645216992933,365381352.3907173,1,0.98249346,0.0,1,0.0,18.31532023940565,1,0,0,1,1,1,0,0,682605344.0,Animation,Major Studio,April,90.0,484.64,365.38
The Book of Eli,2010,1,80000000.0,157107755.0,18.829851276132423,150556843.6464319,1,0.9534745,20.0,1,0.0,18.19753720513815,0,0,1,0,0,0,0,0,51229057.5,Action,Mid-size Studio,January,80.0,157.11,150.56
Terminator 3: Rise of the Machines,2003,7,200000000.0,435000000.0,19.61562582931493,330337635.1805497,1,0.9807711,0.0,1,0.0,19.11382792951231,1,0,1,0,0,0,0,0,100090110.33333331,Action,Major Studio,July,200.0,435.0,330.34
Ghostbusters,2016,7,144000000.0,229147509.0,19.46157198524595,283173964.3356306,1,0.97802234,0.0,1,0.0,18.78532386448472,1,0,1,0,1,0,0,0,223528851.5,Action,Major Studio,July,144.0,229.15,283.17
Hugo,2011,11,170000000.0,185770160.0,19.540008771374332,306279538.7120834,1,0.9798906,25.0,1,0.0,18.951309000896888,1,0,0,0,0,0,0,0,110679114.875,Adventure,Major Studio,November,170.0,185.77,306.28
Angels & Demons,2009,5,150000000.0,356613439.0,19.65020323173929,341959623.7391095,1,0.98247576,0.0,1,0.0,18.8261458587272,1,0,0,0,0,0,0,0,252077710.8,Thriller,Major Studio,May,150.0,356.61,341.96
Scott Pilgrim vs. the World,2010,7,60000000.0,47664559.0,19.086915620805016,194689320.0879352,1,0.97386974,0.0,0,1.0,17.909855136853043,1,0,1,0,1,1,0,0,52234151.0,Action,Major Studio,July,60.0,47.66,194.69
Ocean's Twelve,2004,12,110000000.0,362744280.0,19.653391962354117,343051781.2361518,1,0.98206514,0.0,1,0.0,18.5159909328476,1,0,0,0,0,0,0,0,134778474.07692307,Thriller,Major Studio,December,110.0,362.74,343.05
John Carter,2012,3,260000000.0,284139100.0,19.63667450324883,337364498.0110905,1,0.982398,0.0,1,0.0,19.37619219282595,1,0,1,0,0,0,0,0,608302085.0,Action,Major Studio,March,260.0,284.14,337.36
Battleship,2012,4,209000000.0,303025485.0,19.68314594544944,353412307.28802055,1,0.9839061,0.0,1,0.0,19.157844814713773,1,0,1,0,0,1,0,0,190159686.8,Thriller,Major Studio,April,209.0,303.03,353.41
50 First Dates,2004,2,75000000.0,196482882.0,19.21509115155814,221313575.4050363,1,0.9739594,0.0,1,0.0,18.13299868483392,0,0,0,0,1,0,0,0,128070764.8,Comedy,Mid-size Studio,February,75.0,196.48,221.31
Click,2006,6,82500000.0,237681299.0,19.292316468948332,239081836.82171905,1,0.98071927,25.0,1,0.0,18.22830886342612,0,0,0,0,1,0,0,0,124923616.4,Comedy,Mid-size Studio,June,82.5,237.68,239.08
Superbad,2007,8,20000000.0,121463226.0,18.78727557961115,144281321.42049322,1,0.95367354,15.0,1,0.0,16.811242881518265,1,0,0,0,1,0,0,0,57358213.5,Comedy,Major Studio,August,20.0,121.46,144.28
Batman,1989,6,35000000.0,411348924.0,19.091865243002943,195655347.43628973,1,0.97246605,0.0,1,0.0,17.370858648025116,1,0,1,0,0,0,1,0,225082255.15384617,Fantasy,Major Studio,June,35.0,411.35,195.66
Predator,1987,6,18000000.0,98235548.0,19.19159760411378,216174735.54833937,1,0.9438018,15.0,1,0.0,16.705882371415992,1,0,1,0,0,0,0,0,153166393.14285713,Science Fiction,Major Studio,June,18.0,98.24,216.17
Salt,2010,7,110000000.0,293329073.0,19.47234424793261,286240877.81766635,1,0.98179066,0.0,1,0.0,18.5159909328476,1,0,1,0,0,0,0,0,108920401.14285716,Action,Major Studio,July,110.0,293.33,286.24
Live Free or Die Hard,2007,6,110000000.0,383531464.0,19.63776911873834,337733984.6032997,1,0.9838483,0.0,1,0.0,18.5159909328476,1,0,1,0,0,0,0,0,103524629.0,Action,Major Studio,June,110.0,383.53,337.73
12 Angry Men,1957,3,350000.0,1000000.0,15.198169694273286,3985484.498478431,0,0.11020451,25.0,0,0.0,12.765691290604371,0,0,0,0,0,0,0,0,25338204.25,Drama,Mid-size Studio,March,0.35,1.0,3.99
Jurassic Park III,2001,7,93000000.0,368780809.0,19.42807953880077,273846841.4200158,1,0.9682313,0.0,1,0.0,18.34811006187022,0,0,1,0,0,0,0,0,239336612.0,Adventure,Mid-size Studio,July,93.0,368.78,273.85
Children of Men,2006,9,76000000.0,69959751.0,18.77054789632951,141887903.13644072,1,0.94674087,45.0,1,1.0,18.1462439114085,1,0,1,0,0,0,0,0,513271317.0,Drama,Major Studio,September,76.0,69.96,141.89
Southpaw,2015,6,30000000.0,91709827.0,18.532260723205567,111804315.06867827,1,0.95461625,25.0,1,0.0,17.216707972959764,0,0,1,0,0,0,0,0,98329041.85714284,Action,Mid-size Studio,June,30.0,91.71,111.8
About Time,2013,8,,87100449.0,17.9727544936033,63895179.47668919,1,0.9075022,25.0,1,,,0,0,0,0,1,0,0,0,140640275.0,Comedy,Mid-size Studio,August,,87.1,63.9
Die Hard: With a Vengeance,1995,5,90000000.0,366101666.0,19.61320082132756,329537534.29189956,1,0.9815506,0.0,1,0.0,18.31532023940565,1,0,1,0,0,0,0,0,114899804.85714284,Action,Major Studio,May,90.0,366.1,329.54
American Psycho,2000,4,7000000.0,34266564.0,17.528287895286123,40967428.03958312,0,0.41359165,25.0,0,0.0,15.76142084987672,0,0,0,0,0,0,0,0,51751835.0,Thriller,Mid-size Studio,April,7.0,34.27,40.97
Resident Evil,2002,3,33000000.0,102984862.0,18.60497526512442,120236988.43435276,1,0.93518674,0.0,1,0.0,17.312018149733785,0,0,1,0,0,0,0,0,133208542.0,Horror,Mid-size Studio,March,33.0,102.98,120.24
The Adventures of Tintin,2011,10,130000000.0,371940071.0,19.821314816647096,405777206.3780534,1,0.98220015,0.0,1,0.0,18.683045016112164,1,0,0,1,0,0,0,0,337517426.65384614,Adventure,Major Studio,October,130.0,371.94,405.78
The Butterfly Effect,2004,1,13000000.0,96060858.0,18.075866112009436,70835163.70671438,1,0.91704226,35.0,1,0.0,16.380459992348886,1,0,0,0,0,0,0,0,51751835.0,Science Fiction,Major Studio,January,13.0,96.06,70.84
Apocalypse Now,1979,8,31500000.0,89460381.0,17.921632810940263,60710838.25074149,1,0.8317529,25.0,1,0.0,17.265498135541893,0,0,0,0,0,0,0,0,88509331.55555555,Drama,Mid-size Studio,August,31.5,89.46,60.71
Rango,2011,3,135000000.0,245724603.0,19.583525900682005,319902204.9619525,1,0.98307896,25.0,1,0.0,18.72078534381011,1,0,0,1,1,0,0,0,488548125.6666667,Animation,Major Studio,March,135.0,245.72,319.9
Seven Pounds,2008,12,55000000.0,168167691.0,19.32665328187917,247433712.99978977,1,0.970611,25.0,1,0.0,17.822843761378564,1,0,0,0,0,0,0,0,307077295.0,Drama,Major Studio,December,55.0,168.17,247.43
Riddick,2013,9,38000000.0,98337295.0,18.50137286458882,108403708.25336017,1,0.87669253,20.0,1,0.0,17.453096744006448,0,0,1,0,0,0,0,1,63937676.666666664,Science Fiction,Mid-size Studio,September,38.0,98.34,108.4
Cars 2,2011,6,200000000.0,559852396.0,20.12973757604796,552374918.7027897,1,0.9822057,0.0,1,0.0,19.11382792951231,1,0,0,1,1,1,0,0,444301350.3333333,Animation,Major Studio,June,200.0,559.85,552.37
2 Fast 2 Furious,2003,6,76000000.0,236350661.0,19.192100415258817,216283457.94627655,1,0.96361715,0.0,1,0.0,18.1462439114085,1,0,1,0,0,0,0,0,66009971.833333336,Action,Major Studio,June,76.0,236.35,216.28
Mission: Impossible III,2006,5,150000000.0,397850012.0,19.748789102159417,377389775.8482524,1,0.98432136,0.0,1,0.0,18.8261458587272,1,0,1,0,0,0,0,0,371047226.3333333,Adventure,Major Studio,May,150.0,397.85,377.39
The Impossible,2012,9,42000000.0,180274123.0,18.5726205759742,116409018.337162,1,0.8917166,45.0,1,0.0,17.553180200057167,0,0,0,0,0,0,0,0,44000000.0,Thriller,Mid-size Studio,September,42.0,180.27,116.41
Zodiac,2007,3,65000000.0,84785914.0,18.984507232222946,175738425.11316893,1,0.97044563,25.0,1,0.0,17.989897843244528,1,0,0,0,0,0,0,0,228284490.1111111,Crime,Major Studio,March,65.0,84.79,175.74
Percy Jackson & the Olympians: The Lightning Thief,2010,2,95000000.0,226497209.0,19.51245390531241,297955260.8896888,1,0.97537714,0.0,1,0.0,18.36938746009113,0,0,0,0,0,0,0,0,437391786.75,Adventure,Mid-size Studio,February,95.0,226.5,297.96
Mulan,1998,6,90000000.0,304320254.0,19.46631574298149,284520464.2337982,1,0.96769655,0.0,1,0.0,18.31532023940565,1,0,0,1,0,0,0,0,51751835.0,Animation,Major Studio,June,90.0,304.32,284.52
The Exorcist,1973,12,8000000.0,441306145.0,18.9059025219709,162453524.51053208,1,0.7378546,25.0,1,0.0,15.894952224644102,1,0,0,0,0,0,0,0,20181888.8,Drama,Major Studio,December,8.0,441.31,162.45
Ocean's Thirteen,2007,6,85000000.0,311312624.0,19.296266122510225,240027994.52163428,1,0.98188925,0.0,1,0.0,18.258161826219297,1,0,0,0,0,0,0,0,138734755.30769232,Crime,Major Studio,June,85.0,311.31,240.03
Allegiant,2016,3,110000000.0,179246868.0,19.36689194397012,257593144.8125962,1,0.97851586,0.0,1,0.0,18.5159909328476,0,0,0,0,0,0,0,0,150633750.8,Adventure,Mid-size Studio,March,110.0,179.25,257.59
Big Fish,2003,12,70000000.0,122919055.0,19.14792973587552,206937987.91189784,1,0.9789393,25.0,1,0.0,18.064005814299342,1,0,0,0,0,0,0,0,247269168.15384617,Adventure,Major Studio,December,70.0,122.92,206.94
Howl's Moving Castle,2004,11,24000000.0,234710455.0,18.9720986922566,173571241.42884052,1,0.8867039,0.0,1,0.0,16.993564429978885,0,0,0,1,0,0,0,0,207259973.66666663,Fantasy,Mid-size Studio,November,24.0,234.71,173.57
Midnight in Paris,2011,5,30000000.0,151119219.0,18.551705581919116,113999608.61454788,1,0.94804883,0.0,1,0.0,17.216707972959764,0,0,0,0,1,0,0,0,47089256.27272727,Fantasy,Mid-size Studio,May,30.0,151.12,114.0
The Age of Adaline,2015,4,25000000.0,65663276.0,18.099420624057142,72523456.85099004,1,0.9028341,25.0,1,0.0,17.034386422832473,0,0,0,0,0,0,0,0,3094813.0,Fantasy,Mid-size Studio,April,25.0,65.66,72.52
The 40 Year Old Virgin,2005,8,26000000.0,109449237.0,18.918432575360672,164501882.07369274,1,0.9712002,0.0,1,0.0,17.073607134447293,1,0,0,0,1,0,0,0,127347519.75,Comedy,Major Studio,August,26.0,109.45,164.5
Princess Mononoke,1997,7,26500000.0,159375308.0,18.707998864536332,133284814.24728435,1,0.87658525,0.0,1,0.0,17.0926553286923,0,0,0,1,0,0,0,0,232371689.33333337,Adventure,Mid-size Studio,July,26.5,159.38,133.28
A.I. Artificial Intelligence,2001,6,100000000.0,235926552.0,19.31050149512085,243469318.62634864,1,0.974778,25.0,1,0.0,18.420680753952364,1,0,0,0,0,0,0,0,342748715.84615386,Drama,Major Studio,June,100.0,235.93,243.47
Night at the Museum: Battle of the Smithsonian,2009,5,150000000.0,413106170.0,19.78368066576158,390789911.655477,1,0.98393744,0.0,1,0.0,18.8261458587272,1,0,1,0,1,1,0,0,200608988.1111111,Adventure,Major Studio,May,150.0,413.11,390.79
Boyhood,2014,6,4000000.0,44349000.0,17.21934973842652,30079357.742764015,0,0.21984594,25.0,0,0.0,15.201805169084134,0,0,0,0,0,0,0,0,29687004.111111112,Drama,Mid-size Studio,June,4.0,44.35,30.08
G.I. Joe: The Rise of Cobra,2009,8,175000000.0,302469017.0,19.439366908913723,276955362.59589624,1,0.9818308,0.0,1,0.0,18.980296537602072,1,0,1,0,0,0,0,0,222108150.0,Adventure,Major Studio,August,175.0,302.47,276.96
Shrek Forever After,2010,5,165000000.0,752600867.0,20.110274309292137,541727847.7891207,1,0.98307484,0.0,1,0.0,18.92145603792546,1,0,0,1,1,0,0,0,164866772.33333334,Comedy,Major Studio,May,165.0,752.6,541.73
The Purge: Anarchy,2014,7,9000000.0,108782847.0,18.248226477083104,84159676.6787101,1,0.8688547,15.0,1,0.0,16.012735246411598,1,0,0,0,0,0,0,0,103958253.5,Horror,Major Studio,July,9.0,108.78,84.16
The Conjuring 2,2016,5,40000000.0,320170008.0,19.116456496539744,200526404.9503694,1,0.9625001,0.0,1,0.0,17.50439003707821,1,0,0,0,0,0,0,0,408428955.8,Horror,Major Studio,May,40.0,320.17,200.53
Unbreakable,2000,11,75000000.0,248118121.0,19.13093803788537,203451464.9588444,1,0.97325945,25.0,1,0.0,18.13299868483392,0,0,0,0,0,0,1,0,275529601.125,Science Fiction,Mid-size Studio,November,75.0,248.12,203.45
Oldboy,2003,1,3000000.0,14980005.0,16.74144041436446,18651560.26263425,0,0.14567149,45.0,0,0.0,14.914123179965662,0,0,1,0,0,0,0,0,17940374.5,Drama,Mid-size Studio,January,3.0,14.98,18.65
The 5th Wave,2016,1,38000000.0,109906372.0,18.634154162041288,123797058.02065624,1,0.8460548,20.0,1,0.0,17.453096744006448,1,0,0,0,0,0,0,0,51751835.0,Adventure,Major Studio,January,38.0,109.91,123.8
Dredd,2012,9,50000000.0,41037742.0,17.952160562932097,62592783.317441955,1,0.7210656,20.0,0,1.0,17.72753358339242,0,0,1,0,0,0,1,0,151161491.0,Action,Mid-size Studio,September,50.0,41.04,62.59
Pitch Perfect 2,2015,5,29000000.0,287506194.0,19.066734470063817,190799646.6090109,1,0.9566994,0.0,1,0.0,17.182806422433504,1,0,0,0,1,1,0,0,51751835.0,Comedy,Major Studio,May,29.0,287.51,190.8
Paper Towns,2015,6,12000000.0,85512300.0,18.136112476245955,75233898.32533105,1,0.8116779,40.0,1,0.0,16.300417291085605,0,0,0,0,0,0,0,0,3325038.0,Drama,Mid-size Studio,June,12.0,85.51,75.23
Chronicle,2012,2,15000000.0,145000000.0,18.50790427281038,109114054.38627446,1,0.90372455,40.0,1,0.0,16.52356082573315,1,0,0,0,0,1,0,0,167977596.0,Science Fiction,Major Studio,February,15.0,145.0,109.11
Mission: Impossible II,2000,5,125000000.0,546388105.0,19.881255947242604,430843703.2902497,1,0.98404664,0.0,1,0.0,18.643824303266577,1,0,1,0,0,0,0,0,139531795.8,Adventure,Major Studio,May,125.0,546.39,430.84
National Treasure,2004,11,100000000.0,347451894.0,19.552087636408565,310001481.10272366,1,0.98293555,0.0,1,0.0,18.420680753952364,1,0,1,0,0,0,0,0,145257395.0,Adventure,Major Studio,November,100.0,347.45,310.0
Rise of the Guardians,2012,11,145000000.0,306941670.0,19.759218110470865,381346171.7510759,1,0.97761506,0.0,1,0.0,18.7922443072814,1,0,0,1,0,1,0,0,51751835.0,Fantasy,Major Studio,November,145.0,306.94,381.35
Exodus: Gods and Kings,2014,12,140000000.0,268031828.0,19.553721061842793,310508259.1876685,1,0.97928154,25.0,1,0.0,18.75715298771643,0,0,1,0,0,0,0,0,194768411.26666668,Adventure,Mid-size Studio,December,140.0,268.03,310.51
The Italian Job,2003,5,60000000.0,176070171.0,19.045960120268603,186876796.40217763,1,0.96942556,0.0,1,0.0,17.909855136853043,0,0,1,0,0,0,0,0,83179606.28571428,Action,Mid-size Studio,May,60.0,176.07,186.88
Megamind,2010,10,130000000.0,321887208.0,19.65305226998253,342935268.9529544,1,0.97696304,0.0,1,0.0,18.683045016112164,1,0,1,1,1,1,0,0,51751835.0,Animation,Major Studio,October,130.0,321.89,342.94
Creed,2015,11,37000000.0,173567581.0,18.866631603297016,156197469.8186982,1,0.9316068,25.0,1,0.0,17.426428497635523,1,0,0,0,0,0,0,0,17385830.0,Drama,Major Studio,November,37.0,173.57,156.2
Snow White and the Seven Dwarfs,1937,12,1488423.0,184925486.0,18.45765144989512,103766261.30446416,1,0.7488549,0.0,1,0.0,14.213228400022263,0,0,0,1,0,0,0,0,175383575.0,Fantasy,Mid-size Studio,December,1.49,184.93,103.77
Gangs of New York,2002,12,100000000.0,193772504.0,19.194176282545516,216732900.03302497,1,0.97514254,25.0,1,0.0,18.420680753952364,0,0,0,0,0,0,0,0,110178968.375,Drama,Mid-size Studio,December,100.0,193.77,216.73
The Terminal,2004,6,60000000.0,219417255.0,19.302528649313626,241535892.97618204,1,0.9758394,25.0,1,0.0,17.909855136853043,0,0,0,0,1,0,0,0,343383688.8076923,Comedy,Mid-size Studio,June,60.0,219.42,241.54
The Help,2011,8,25000000.0,124272124.0,18.21928511797922,81758889.81535268,1,0.8455378,25.0,1,0.0,17.034386422832473,0,0,0,0,0,0,0,0,31911598.0,Drama,Mid-size Studio,August,25.0,124.27,81.76
Blade,1998,8,45000000.0,131183530.0,18.76937906304428,141722156.71515077,1,0.9639986,0.0,1,0.0,17.622173069956816,1,0,1,0,0,0,1,0,179265204.0,Horror,Major Studio,August,45.0,131.18,141.72
Die Hard 2,1990,7,70000000.0,240031094.0,19.676488010140204,351067126.6953993,1,0.9749839,0.0,1,0.0,18.064005814299342,1,0,1,0,0,0,0,0,56533535.428571425,Action,Major Studio,July,70.0,240.03,351.07
The Last Samurai,2003,12,140000000.0,456758981.0,19.418909133306364,271347034.4720408,1,0.9807159,25.0,1,0.0,18.75715298771643,1,0,1,0,0,0,0,0,113116483.66666669,Drama,Major Studio,December,140.0,456.76,271.35
Lost in Translation,2003,8,4000000.0,119723856.0,17.821025209894856,54900070.55753545,1,0.5891566,25.0,1,0.0,15.201805169084134,0,0,0,0,0,1,0,0,35441858.5,Drama,Mid-size Studio,August,4.0,119.72,54.9
Corpse Bride,2005,9,40000000.0,117195061.0,18.84532946338136,152905318.86305314,1,0.9305711,20.0,1,0.0,17.50439003707821,1,0,0,1,0,0,0,0,247709475.3846154,Romance,Major Studio,September,40.0,117.2,152.91
White House Down,2013,6,150000000.0,205366737.0,19.252054447889037,229647123.60547864,1,0.9766663,25.0,1,0.0,18.8261458587272,1,0,1,0,0,0,0,0,393064900.4285714,Action,Major Studio,June,150.0,205.37,229.65
Les Misérables,2012,12,61000000.0,441809770.0,19.431741809081785,274851581.26401424,1,0.9714456,25.0,1,0.0,17.926384438531027,1,0,0,0,0,0,0,0,414211549.0,Drama,Major Studio,December,61.0,441.81,274.85
The Intern,2015,9,35000000.0,194564672.0,18.878654578523285,158086762.8440182,1,0.9378536,20.0,1,0.0,17.370858648025116,1,0,0,0,1,0,0,0,263528200.0,Comedy,Major Studio,September,35.0,194.56,158.09
Kung Fu Panda 2,2011,5,150000000.0,665692281.0,19.87394259197628,427704284.05330527,1,0.97838736,0.0,1,0.0,18.8261458587272,1,0,0,1,0,0,0,0,521170825.0,Animation,Major Studio,May,150.0,665.69,427.7
Love Actually,2003,9,40000000.0,244931766.0,19.090871311435876,195460976.02115777,1,0.9427546,45.0,1,0.0,17.50439003707821,1,0,0,0,1,0,0,0,61724616.5,Comedy,Major Studio,September,40.0,244.93,195.46
The Pianist,2002,9,35000000.0,120072577.0,18.13781818324804,75362334.82057923,1,0.7991848,45.0,1,0.0,17.370858648025116,0,0,0,0,0,0,0,0,44343279.4,Drama,Mid-size Studio,September,35.0,120.07,75.36
Underworld: Awakening,2012,1,70000000.0,160112671.0,19.065950146965125,190650056.70924488,1,0.9204746,20.0,1,0.0,18.064005814299342,0,0,1,0,0,0,0,1,51751835.0,Fantasy,Mid-size Studio,January,70.0,160.11,190.65
Dumb and Dumber,1994,12,16000000.0,247275374.0,19.107867419380806,198811443.68759495,1,0.94809467,15.0,1,0.0,16.588099342704055,1,0,0,0,1,0,0,0,109094252.5,Comedy,Major Studio,December,16.0,247.28,198.81
Night at the Museum: Secret of the Tomb,2014,12,127000000.0,349424282.0,19.826938832441662,408065733.1246205,1,0.9791571,0.0,1,0.0,18.65969765229688,1,0,0,0,1,0,0,0,207684753.44444445,Adventure,Major Studio,December,127.0,349.42,408.07
The Hurt Locker,2008,10,15000000.0,42000000.0,18.30870274086166,89406391.3927093,1,0.7805747,40.0,0,0.0,16.52356082573315,0,0,0,0,0,0,0,0,83994841.0,Drama,Mid-size Studio,October,15.0,42.0,89.41
It Follows,2015,2,2000000.0,14674076.0,16.82100113321858,20196120.383528,0,0.3068682,0.0,0,0.0,14.508658238524095,0,0,0,0,0,0,0,0,51751835.0,Horror,Mid-size Studio,February,2.0,14.67,20.2
The Host,2013,3,44000000.0,63327201.0,18.83351804787278,151109914.60249496,1,0.84326404,0.0,1,0.0,17.599700214609808,0,0,1,0,0,1,0,0,52726935.0,Action,Mid-size Studio,March,44.0,63.33,151.11
City of God,2002,2,3300000.0,30641770.0,16.749248784244994,18797768.63347447,0,0.124118276,25.0,0,0.0,15.009433329466964,0,0,0,0,0,0,0,0,51155824.5,Drama,Mid-size Studio,February,3.3,30.64,18.8
Yes Man,2008,12,70000000.0,225990978.0,19.31915766804096,245585979.0303651,1,0.97716033,0.0,1,0.0,18.064005814299342,1,0,0,0,1,0,0,0,271587193.3333333,Comedy,Major Studio,December,70.0,225.99,245.59
Black Hawk Down,2001,12,92000000.0,172989651.0,19.292789797221385,239195027.80126563,1,0.97551286,25.0,1,0.0,18.33729914588288,0,0,1,0,0,0,0,0,201104556.4,Action,Mid-size Studio,December,92.0,172.99,239.2
Madagascar: Escape 2 Africa,2008,10,150000000.0,603900354.0,20.005992022604865,488081042.41707194,1,0.9779374,0.0,1,0.0,18.8261458587272,1,0,0,1,0,1,0,1,359330209.3333333,Family,Major Studio,October,150.0,603.9,488.08
Gattaca,1997,9,36000000.0,12532777.0,18.472971738681707,105368230.3905619,1,0.80902797,20.0,0,1.0,17.399029524198163,1,0,0,0,0,0,0,0,65425541.0,Thriller,Major Studio,September,36.0,12.53,105.37
Madagascar 3: Europe's Most Wanted,2012,6,145000000.0,746921274.0,19.920186541853663,447947474.7397893,1,0.98005235,0.0,1,0.0,18.7922443072814,1,0,0,1,0,0,0,0,261131243.5,Animation,Major Studio,June,145.0,746.92,447.95
The Proposal,2009,6,40000000.0,317375031.0,19.1154795492994,200330596.8941034,1,0.9573524,25.0,1,0.0,17.50439003707821,0,0,0,0,1,1,0,0,91999523.25,Comedy,Mid-size Studio,June,40.0,317.38,200.33
Jumper,2008,2,85000000.0,222231186.0,19.281016288842185,236395376.3249843,1,0.9460154,0.0,1,0.0,18.258161826219297,0,0,0,0,0,0,0,0,186654911.0,Adventure,Mid-size Studio,February,85.0,222.23,236.4
The Giver,2014,8,25000000.0,66980456.0,17.948773937178135,62381163.52284328,1,0.79891384,25.0,1,0.0,17.034386422832473,0,0,0,0,0,0,0,0,141255917.85714287,Drama,Mid-size Studio,August,25.0,66.98,62.38
The Expendables 3,2014,8,90000000.0,206172544.0,19.241998979470093,227349485.47031164,1,0.9643293,0.0,1,0.0,18.31532023940565,0,0,1,0,0,0,0,0,51751835.0,Action,Mid-size Studio,August,90.0,206.17,227.35
Moon,2009,6,5000000.0,9760104.0,16.848252839230025,20754067.116455387,0,0.26768807,25.0,0,0.0,15.424948670398354,0,0,0,0,0,0,0,0,290504940.0,Science Fiction,Mid-size Studio,June,5.0,9.76,20.75
Pearl Harbor,2001,5,140000000.0,449220945.0,19.70132198637288,359894677.31451577,1,0.97909534,25.0,1,0.0,18.75715298771643,0,0,0,0,0,0,0,0,489391244.8181818,History,Mid-size Studio,May,140.0,449.22,359.89
Rocky,1976,11,1000000.0,117235147.0,18.309973402443575,89520068.86820574,1,0.5662617,25.0,1,0.0,13.815511557963774,0,0,0,0,0,0,0,0,90815558.0,Drama,Mid-size Studio,November,1.0,117.24,89.52
Paul,2011,2,40000000.0,97552050.0,18.973271775567575,173774974.4311277,1,0.9550417,0.0,1,0.0,17.50439003707821,1,0,0,0,1,1,0,0,69313801.5,Adventure,Major Studio,February,40.0,97.55,173.77
Pitch Black,2000,2,23000000.0,53187659.0,17.80745542917311,54160120.45961307,1,0.81937355,15.0,1,0.0,16.951004817371683,0,0,1,0,0,0,0,0,78987555.33333333,Thriller,Mid-size Studio,February,23.0,53.19,54.16
Speed,1994,6,30000000.0,350448145.0,19.28906193607101,238305001.9232018,1,0.9507493,0.0,1,0.0,17.216707972959764,1,0,1,0,0,0,0,0,226668470.75,Action,Major Studio,June,30.0,350.45,238.31
The World's End,2013,7,20000000.0,46089287.0,17.958525586775508,62992458.50373976,1,0.8996936,15.0,0,0.0,16.811242881518265,1,0,1,0,1,0,0,0,52759241.666666664,Comedy,Major Studio,July,20.0,46.09,62.99
Gangster Squad,2013,1,60000000.0,105200903.0,18.55482445196278,114355713.61591156,1,0.8943099,45.0,1,0.0,17.909855136853043,1,0,1,0,0,0,0,0,71469411.0,Crime,Major Studio,January,60.0,105.2,114.36
28 Days Later,2002,10,5000000.0,82719885.0,17.90044029508726,59437760.336407416,1,0.76296496,0.0,1,0.0,15.424948670398354,0,0,0,0,0,0,0,0,94981808.85714284,Horror,Mid-size Studio,October,5.0,82.72,59.44
Everest,2015,9,55000000.0,203427584.0,18.95581193315325,170767224.57184163,1,0.9221931,45.0,1,0.0,17.822843761378564,1,0,0,0,0,0,0,0,97520205.5,Adventure,Major Studio,September,55.0,203.43,170.77
The Island,2005,7,126000000.0,162949164.0,19.322505830261363,246409618.8009157,1,0.97843665,0.0,1,0.0,18.65179247285226,1,0,1,0,0,0,0,0,515415952.1818182,Action,Major Studio,July,126.0,162.95,246.41
Bolt,2008,11,150000000.0,309979994.0,19.76402838756016,383184971.5315501,1,0.9720848,0.0,1,0.0,18.8261458587272,0,0,0,1,1,1,0,0,652105443.0,Animation,Mid-size Studio,November,150.0,309.98,383.18
Cloudy with a Chance of Meatballs,2009,9,100000000.0,242988466.0,19.439624685326137,277026764.35837173,1,0.9747736,20.0,1,0.0,18.420680753952364,1,0,0,1,1,0,0,0,286395878.0,Animation,Major Studio,September,100.0,242.99,277.03
Pretty Woman,1990,3,14000000.0,463000000.0,19.42587369272408,273243443.18353325,1,0.94763315,15.0,1,0.0,16.454567959008102,0,0,0,0,1,0,0,0,163031833.33333334,Romance,Mid-size Studio,March,14.0,463.0,273.24
The Dictator,2012,5,65000000.0,179379533.0,18.775507550653536,142593366.07378033,1,0.9500568,0.0,1,0.0,17.989897843244528,1,0,0,0,1,0,0,0,261572744.0,Comedy,Major Studio,May,65.0,179.38,142.59
Insidious,2010,9,1500000.0,97009150.0,17.804133452699702,53980500.32244575,1,0.6999266,20.0,1,0.0,14.220976332738882,0,0,0,0,0,1,0,0,453061127.4,Horror,Mid-size Studio,September,1.5,97.01,53.98
The Good Dinosaur,2015,11,175000000.0,331926147.0,19.58527251465284,320461438.86489075,1,0.9743079,0.0,1,0.0,18.980296537602072,1,0,0,1,0,0,0,0,51751835.0,Adventure,Major Studio,November,175.0,331.93,320.46
Alice Through the Looking Glass,2016,5,170000000.0,299370084.0,19.31519955751569,244615843.79575303,1,0.97812027,0.0,1,0.0,18.951309000896888,1,0,0,0,0,0,0,0,122783763.5,Fantasy,Major Studio,May,170.0,299.37,244.62
Evil Dead,2013,4,17000000.0,97542952.0,18.47805938976143,105905673.18820718,1,0.71960896,15.0,1,0.0,16.648723960844016,0,0,0,0,0,1,0,0,51751835.0,Horror,Mid-size Studio,April,17.0,97.54,105.91
Hachi: A Dog's Tale,2009,6,16000000.0,47801389.0,18.0940378558144,72134128.65697369,1,0.52394295,40.0,0,0.0,16.588099342704055,0,0,0,0,0,0,0,0,73477593.28571428,Drama,Mid-size Studio,June,16.0,47.8,72.13
Ghost Rider,2007,2,110000000.0,228738393.0,19.137932928487594,204879574.61857387,1,0.97193253,0.0,1,0.0,18.5159909328476,1,0,1,0,0,0,1,0,18253415.0,Thriller,Major Studio,February,110.0,228.74,204.88
Total Recall,1990,6,65000000.0,261317921.0,19.15644033490701,208706669.75540227,1,0.95198756,0.0,1,0.0,17.989897843244528,0,0,1,0,0,0,0,0,89492913.5,Action,Mid-size Studio,June,65.0,261.32,208.71
Rain Man,1988,12,25000000.0,412800000.0,19.154093543682023,208217453.04115045,1,0.91884696,25.0,1,0.0,17.034386422832473,0,0,0,0,0,1,0,0,87056528.75,Drama,Mid-size Studio,December,25.0,412.8,208.22
Monty Python and the Holy Grail,1975,3,400000.0,5028948.0,15.678402731513046,6442341.225135235,0,0.14423004,0.0,0,0.0,12.899222326086994,0,0,0,0,1,0,0,0,52922044.2,Adventure,Mid-size Studio,March,0.4,5.03,6.44
Grown Ups,2010,6,80000000.0,271430189.0,19.259733723487752,231417435.82369763,1,0.979627,0.0,1,0.0,18.19753720513815,1,0,0,0,1,0,0,0,158361620.57142857,Comedy,Major Studio,June,80.0,271.43,231.42
The Fast and the Furious: Tokyo Drift,2006,6,85000000.0,158468292.0,19.01762200532202,181655392.03069153,1,0.95053184,25.0,1,0.0,18.258161826219297,1,0,1,0,0,0,0,0,484804745.5,Action,Major Studio,June,85.0,158.47,181.66
Zero Dark Thirty,2012,12,40000000.0,132820716.0,18.88697854798308,159408164.26095852,1,0.9488925,25.0,1,0.0,17.50439003707821,1,0,0,0,0,0,0,0,38584483.0,Thriller,Major Studio,December,40.0,132.82,159.41
10 Things I Hate About You,1999,3,16000000.0,53478166.0,18.59527160762047,119075892.41941787,1,0.8453699,40.0,1,0.0,16.588099342704055,0,0,0,0,1,1,0,0,51751835.0,Comedy,Mid-size Studio,March,16.0,53.48,119.08
Bad Boys,1995,4,19000000.0,141407024.0,19.06665277662762,190784060.1668369,1,0.9077718,15.0,1,0.0,16.759949589762293,1,0,1,0,1,0,0,0,517374328.54545456,Action,Major Studio,April,19.0,141.41,190.78
The Tourist,2010,12,100000000.0,278731369.0,19.1370215264586,204692932.0237952,1,0.97792566,0.0,1,0.0,18.420680753952364,1,0,1,0,0,0,0,0,70000000.0,Action,Major Studio,December,100.0,278.73,204.69
Meet the Parents,2000,10,55000000.0,330444045.0,19.284973104053098,237332602.141659,1,0.96619964,0.0,1,0.0,17.822843761378564,1,0,0,0,1,0,0,0,198872313.0,Comedy,Major Studio,October,55.0,330.44,237.33
Top Gun,1986,5,15000000.0,356830601.0,19.55876597426146,312078704.2135942,1,0.9460982,15.0,1,0.0,16.52356082573315,1,0,1,0,0,0,0,0,137371830.72727272,Action,Major Studio,May,15.0,356.83,312.08
Sex Tape,2014,7,40000000.0,126069509.0,18.71440424056159,134141293.71556474,1,0.93481433,0.0,1,0.0,17.50439003707821,0,0,0,0,1,0,0,0,78831660.33333333,Comedy,Mid-size Studio,July,40.0,126.07,134.14
The Transporter,2002,10,21000000.0,43928932.0,18.143336594195656,75779364.7726235,1,0.53486073,15.0,0,0.0,16.860033043306743,0,0,1,0,0,0,0,0,130032571.8,Action,Mid-size Studio,October,21.0,43.93,75.78
Little Miss Sunshine,2006,7,8000000.0,100523181.0,17.831532310227846,55479952.22022363,1,0.53100157,25.0,1,0.0,15.894952224644102,0,0,0,0,1,0,0,0,51751835.0,Comedy,Mid-size Studio,July,8.0,100.52,55.48
Due Date,2010,11,65000000.0,211780824.0,19.202207917803797,218480628.8075393,1,0.9715247,25.0,1,0.0,17.989897843244528,1,0,0,0,1,0,0,0,184768758.5,Comedy,Major Studio,November,65.0,211.78,218.48
Hercules,2014,7,100000000.0,243400000.0,19.310498398909775,243468564.795112,1,0.978156,0.0,1,0.0,18.420680753952364,1,0,1,0,0,0,0,0,248030384.66666663,Action,Major Studio,July,100.0,243.4,243.47
Batman Returns,1992,6,80000000.0,280000000.0,19.52649445124861,302168222.3600797,1,0.9758256,0.0,1,0.0,18.19753720513815,1,0,1,0,0,0,1,0,235186018.5384615,Action,Major Studio,June,80.0,280.0,302.17
Don Jon,2013,7,6000000.0,,17.738284070330433,50540424.06371232,0,0.442989,25.0,0,,15.607270193858982,0,0,0,0,1,0,0,0,51751835.0,Romance,Mid-size Studio,July,6.0,,50.54
True Grit,2010,12,38000000.0,252276927.0,18.972243331375704,173596348.43613097,1,0.93195707,25.0,1,0.0,17.453096744006448,1,0,0,0,0,0,0,0,87666511.0,Drama,Major Studio,December,38.0,252.28,173.6
Tropic Thunder,2008,8,92000000.0,188072649.0,19.159835422832803,209416451.45717707,1,0.97601277,0.0,1,0.0,18.33729914588288,0,0,1,0,1,1,0,0,101927274.75,Action,Mid-size Studio,August,92.0,188.07,209.42
Hitch,2005,2,70000000.0,368100420.0,19.136735024494932,204634295.4966761,1,0.96828574,25.0,1,0.0,18.064005814299342,0,0,0,0,1,0,0,0,123389809.25,Comedy,Mid-size Studio,February,70.0,368.1,204.63
Moonrise Kingdom,2012,5,16000000.0,68263166.0,18.088680957327032,71748746.59480779,1,0.71673906,40.0,1,0.0,16.588099342704055,0,0,0,0,1,1,0,0,57496186.0,Comedy,Mid-size Studio,May,16.0,68.26,71.75
Bridesmaids,2011,4,32500000.0,288383523.0,19.3059489619262,242363435.6613272,1,0.93718874,0.0,1,0.0,17.296750678069195,1,0,0,0,1,0,0,0,193910844.5,Comedy,Major Studio,April,32.5,288.38,242.36
Escape Plan,2013,10,50000000.0,122915111.0,18.62765123327507,122994626.46975812,1,0.9116239,0.0,1,0.0,17.72753358339242,0,0,1,0,0,0,0,0,82735435.66666667,Action,Mid-size Studio,October,50.0,122.92,122.99
The Internship,2013,6,58000000.0,44000000.0,18.330340011586777,91361982.2383498,1,0.8466203,0.0,0,1.0,17.87595358575207,1,0,0,0,1,0,0,0,241620784.7777778,Comedy,Major Studio,June,58.0,44.0,91.36
The Place Beyond the Pines,2013,3,15000000.0,35485608.0,17.681414165883705,47746395.96834334,0,0.35279855,40.0,0,0.0,16.52356082573315,0,0,0,0,0,0,0,0,16566240.0,Drama,Mid-size Studio,March,15.0,35.49,47.75
Into the Woods,2014,12,50000000.0,212902372.0,19.00271581907354,178967684.41026568,1,0.9348153,0.0,1,0.0,17.72753358339242,1,0,0,0,1,1,0,0,392139752.75,Fantasy,Major Studio,December,50.0,212.9,178.97
The Adjustment Bureau,2011,3,50200000.0,127869379.0,18.846961430276163,153155059.01150852,1,0.9339728,0.0,1,0.0,17.731525604582277,1,0,0,0,0,0,0,0,51751835.0,Science Fiction,Major Studio,March,50.2,127.87,153.16
Central Intelligence,2016,6,50000000.0,216972543.0,18.970129263222216,173229741.5747106,1,0.9458597,0.0,1,0.0,17.72753358339242,1,0,1,0,1,0,0,0,218858214.5,Action,Major Studio,June,50.0,216.97,173.23
Percy Jackson: Sea of Monsters,2013,8,90000000.0,174578751.0,19.25701154665219,230788333.29048717,1,0.9722936,0.0,1,0.0,18.31532023940565,1,0,0,0,0,0,0,0,74367479.0,Adventure,Major Studio,August,90.0,174.58,230.79
Ace Ventura: Pet Detective,1994,2,15000000.0,107217396.0,18.784520586648497,143884374.43672428,1,0.9403956,15.0,1,0.0,16.52356082573315,1,0,0,0,1,0,0,0,203659580.33333337,Comedy,Major Studio,February,15.0,107.22,143.88
"Lock, Stock and Two Smoking Barrels",1998,3,1350000.0,3897569.0,16.275598388325623,11705838.62295572,0,0.13946813,0.0,0,0.0,14.11561589115508,0,0,0,0,1,0,0,0,179447386.66666666,Comedy,Mid-size Studio,March,1.35,3.9,11.71
Identity Thief,2013,2,35000000.0,173965010.0,18.34976311429945,93153861.01269546,1,0.79878587,0.0,1,0.0,17.370858648025116,0,0,0,0,1,0,0,0,140366848.5,Comedy,Mid-size Studio,February,35.0,173.97,93.15
The Wizard of Oz,1939,8,2777000.0,33754967.0,17.211134800981746,29833269.874474417,0,0.48289236,0.0,0,0.0,14.8368821263897,0,0,0,0,0,0,0,0,202769729.5,Adventure,Mid-size Studio,August,2.78,33.75,29.83
Training Day,2001,10,45000000.0,104876233.0,18.543224831059728,113036894.36729132,1,0.936585,25.0,1,0.0,17.622173069956816,1,0,1,0,0,0,0,0,96448126.71428572,Action,Major Studio,October,45.0,104.88,113.04
Alien³,1992,5,50000000.0,159773545.0,19.141700841585433,205652999.2383679,1,0.92281574,0.0,1,0.0,17.72753358339242,1,0,1,0,0,0,0,0,219952531.1111111,Science Fiction,Major Studio,May,50.0,159.77,205.65
Inside Man,2006,3,45000000.0,184376254.0,18.72256531279803,135240509.8016426,1,0.93570006,25.0,1,0.0,17.622173069956816,1,0,0,0,0,0,0,0,19530314.625,Crime,Major Studio,March,45.0,184.38,135.24
The Chronicles of Narnia: Prince Caspian,2008,5,225000000.0,419651413.0,19.5423506922782,306997661.7340023,1,0.97334325,0.0,1,0.0,19.23161096461314,1,0,0,0,0,0,0,0,546802008.5,Adventure,Major Studio,May,225.0,419.65,307.0
8 Mile,2002,11,41000000.0,215000000.0,18.79849499986796,145909189.00152385,1,0.92785907,25.0,1,0.0,17.529082649058825,0,0,0,0,0,0,0,0,44408332.666666664,Drama,Mid-size Studio,November,41.0,215.0,145.91
Sucker Punch,2011,3,82000000.0,89792502.0,19.009561251316164,180196998.36659604,1,0.9681216,0.0,1,0.0,18.22222981742365,1,0,1,0,0,0,0,0,397734147.5,Action,Major Studio,March,82.0,89.79,180.2
London Has Fallen,2016,3,60000000.0,205754447.0,18.556404841759225,114536583.10495771,1,0.91842484,0.0,1,0.0,17.909855136853043,0,0,1,0,0,0,0,0,51751835.0,Action,Mid-size Studio,March,60.0,205.75,114.54
The Illusionist,2006,8,40000000.0,86915017.0,18.91559873697031,164036370.2263535,1,0.92927796,25.0,1,0.0,17.50439003707821,1,0,0,0,0,0,0,0,288747895.0,Fantasy,Major Studio,August,40.0,86.92,164.04
American Reunion,2012,4,50000000.0,234989584.0,19.077194025359187,192805799.51737508,1,0.9591674,0.0,1,0.0,17.72753358339242,1,0,0,0,1,1,0,0,43493123.0,Comedy,Major Studio,April,50.0,234.99,192.81
Kung Fu Panda 3,2016,1,145000000.0,521170825.0,19.63492188439033,336773744.46205735,1,0.95732826,20.0,1,0.0,18.7922443072814,1,0,1,1,1,0,0,0,665692281.0,Action,Major Studio,January,145.0,521.17,336.77
From Dusk Till Dawn,1996,1,19000000.0,25836616.0,17.759479302743838,51623073.087777935,1,0.64812046,35.0,0,0.0,16.759949589762293,0,0,1,0,0,0,0,0,72270864.33333333,Horror,Mid-size Studio,January,19.0,25.84,51.62
The Mortal Instruments: City of Bones,2013,8,60000000.0,90565421.0,18.862536595942498,155559147.8854495,1,0.94022244,25.0,1,0.0,17.909855136853043,0,0,1,0,0,0,0,0,58795814.0,Action,Mid-size Studio,August,60.0,90.57,155.56
Resident Evil: Retribution,2012,9,65000000.0,240159255.0,18.809293945625353,147493392.90041608,1,0.8750698,20.0,1,0.0,17.989897843244528,0,0,1,0,0,0,0,0,117966942.77777778,Action,Mid-size Studio,September,65.0,240.16,147.49
Apollo 13,1995,6,52000000.0,355237933.0,19.24298975873923,227574850.25329745,1,0.9667873,25.0,1,0.0,17.76675429577647,1,0,0,0,0,0,0,1,252215261.4,Drama,Major Studio,June,52.0,355.24,227.57
Signs,2002,8,72000000.0,408247917.0,19.03879689393286,185542938.67144957,1,0.9616841,25.0,1,0.0,18.09217669086922,0,0,0,0,0,0,0,0,255513376.625,Drama,Mid-size Studio,August,72.0,408.25,185.54
The Blind Side,2009,11,29000000.0,309208309.0,18.59230767232689,118723481.6955793,1,0.9049836,25.0,1,0.0,17.182806422433504,0,0,0,0,0,1,0,0,71320527.66666667,Drama,Mid-size Studio,November,29.0,309.21,118.72
Gremlins,1984,6,11000000.0,153083102.0,18.658189801750652,126808647.28102712,1,0.88962096,15.0,1,0.0,16.213405921671733,1,0,0,0,1,0,0,0,45666372.75,Fantasy,Major Studio,June,11.0,153.08,126.81
Mrs. Doubtfire,1993,11,25000000.0,441286195.0,19.17407429442304,212419635.66978708,1,0.93390954,25.0,1,0.0,17.034386422832473,1,0,0,0,1,0,0,0,410543163.5,Comedy,Major Studio,November,25.0,441.29,212.42
There's Something About Mary,1998,7,23000000.0,369884651.0,19.34666006310094,252433917.39496148,1,0.9556791,15.0,1,0.0,16.951004817371683,1,0,0,0,1,0,0,0,96833324.8,Romance,Major Studio,July,23.0,369.88,252.43
2 Guns,2013,8,61000000.0,131940411.0,18.623830535849333,122525597.79209772,1,0.93123686,0.0,1,0.0,17.926384438531027,0,0,1,0,1,0,1,0,133263792.0,Action,Mid-size Studio,August,61.0,131.94,122.53
The Thing,1982,6,15000000.0,19629760.0,17.5082192902654,40153463.76960916,0,0.3869726,15.0,0,0.0,16.52356082573315,1,0,0,0,0,0,0,0,29534777.375,Horror,Major Studio,June,15.0,19.63,40.15
Bad Teacher,2011,5,20000000.0,216197492.0,18.81894021714453,148923038.51438895,1,0.92746097,15.0,1,0.0,16.811242881518265,1,0,0,0,1,0,0,0,48788999.333333336,Comedy,Major Studio,May,20.0,216.2,148.92
Face/Off,1997,6,80000000.0,245676146.0,19.118302382865995,200896895.7379071,1,0.9661777,0.0,1,0.0,18.19753720513815,1,0,1,0,0,0,0,0,199674187.6,Action,Major Studio,June,80.0,245.68,200.9
Joy,2015,12,60000000.0,101134059.0,18.881917718169536,158603464.6071793,1,0.9419198,25.0,1,0.0,17.909855136853043,1,0,0,0,1,0,0,0,134645993.6,Drama,Major Studio,December,60.0,101.13,158.6
Grease,1978,7,6000000.0,181813770.0,19.086549982887306,194618147.30249897,1,0.8922147,0.0,1,0.0,15.607270193858982,1,0,0,0,0,0,0,0,46823133.0,Romance,Major Studio,July,6.0,181.81,194.62
Borat: Cultural Learnings of America for Make Benefit Glorious Nation of Kazakhstan,2006,11,18000000.0,261572744.0,19.111409954427256,199516989.16997844,1,0.940921,15.0,1,0.0,16.705882371415992,1,0,0,0,1,1,0,0,179379533.0,Comedy,Major Studio,November,18.0,261.57,199.52
The Heat,2013,6,43000000.0,158674180.0,18.71006332243195,133560259.36107887,1,0.9265165,0.0,1,0.0,17.57671069691365,1,0,1,0,1,0,0,0,258765516.0,Action,Major Studio,June,43.0,158.67,133.56
Steve Jobs,2015,10,30000000.0,34441873.0,18.25178153190466,84459401.39985938,1,0.79146135,25.0,0,0.0,17.216707972959764,1,0,0,0,0,0,0,0,101878667.71428572,Drama,Major Studio,October,30.0,34.44,84.46
Sinister,2012,3,3000000.0,77712439.0,17.54187557312795,41527879.25994654,1,0.65316397,0.0,1,0.0,14.914123179965662,0,0,0,0,0,0,0,0,188655163.5,Horror,Mid-size Studio,March,3.0,77.71,41.53
Pain & Gain,2013,4,25000000.0,86175291.0,18.217824733016062,81639577.50276025,1,0.8308337,0.0,1,0.0,17.034386422832473,1,0,1,0,0,1,0,0,522395395.1818182,Thriller,Major Studio,April,25.0,86.18,81.64
The Chronicles of Riddick,2004,6,105000000.0,115772733.0,18.827510740902557,150204872.10900918,1,0.96426547,0.0,1,0.0,18.46947091764561,0,0,1,0,0,0,0,0,58125864.0,Action,Mid-size Studio,June,105.0,115.77,150.2
The Shallows,2016,6,17000000.0,119100758.0,18.33147008593543,91465286.4317654,1,0.8786556,40.0,1,0.0,16.648723960844016,1,0,0,0,0,0,0,0,107104002.6,Horror,Major Studio,June,17.0,119.1,91.47
I Am Number Four,2011,2,50000000.0,144492830.0,18.517137256761966,110126167.93256985,1,0.8916057,0.0,1,0.0,17.72753358339242,0,0,1,0,0,0,0,0,98834467.0,Action,Mid-size Studio,February,50.0,144.49,110.13
Bad Boys II,2003,7,130000000.0,273339556.0,19.297102647850917,240228868.02853903,1,0.97020197,0.0,1,0.0,18.683045016112164,0,0,1,0,1,0,0,0,505380462.0,Adventure,Mid-size Studio,July,130.0,273.34,240.23
Project X,2012,3,12000000.0,100000000.0,17.775545899616226,52459178.91041591,1,0.7324425,15.0,1,0.0,16.300417291085605,0,0,0,0,1,0,0,0,51751835.0,Comedy,Mid-size Studio,March,12.0,100.0,52.46
Starship Troopers,1997,11,105000000.0,121214377.0,18.708122751626952,133301327.53813982,1,0.9502723,0.0,1,0.0,18.46947091764561,0,0,1,0,0,0,0,0,124518799.5,Adventure,Mid-size Studio,November,105.0,121.21,133.3
Shark Tale,2004,9,75000000.0,367275019.0,19.724507035847285,368336335.2196375,1,0.9621091,20.0,1,0.0,18.13299868483392,1,0,1,1,1,0,0,0,6405245.0,Animation,Major Studio,September,75.0,367.28,368.34
Man on Fire,2004,4,70000000.0,130293714.0,18.71475577000446,134188456.61925095,1,0.9622554,25.0,1,0.0,18.064005814299342,0,0,1,0,0,0,0,0,157966093.1818182,Action,Mid-size Studio,April,70.0,130.29,134.19
Equilibrium,2002,12,20000000.0,5359645.0,16.755520054660593,18916024.951156072,0,0.48662934,15.0,0,1.0,16.811242881518265,0,0,1,0,0,0,0,0,31070211.0,Action,Mid-size Studio,December,20.0,5.36,18.92
Spring Breakers,2013,1,5000000.0,31724284.0,17.25156004035036,31063995.5816157,0,0.40012893,45.0,0,0.0,15.424948670398354,0,0,0,0,0,0,0,0,51751835.0,Drama,Mid-size Studio,January,5.0,31.72,31.06
Knight and Day,2010,6,117000000.0,261930431.0,19.376522734389287,260085955.011866,1,0.9820957,0.0,1,0.0,18.57768450130904,1,0,1,0,1,1,0,0,161403499.8,Action,Major Studio,June,117.0,261.93,260.09
The Godfather: Part III,1990,12,54000000.0,136766062.0,18.961976459643683,171823175.03090277,1,0.925671,25.0,1,0.0,17.804494623047066,1,0,0,0,0,0,0,0,83253144.77777778,Crime,Major Studio,December,54.0,136.77,171.82
Just Go with It,2011,2,80000000.0,214918407.0,19.234906693394574,225742762.27831584,1,0.9703939,0.0,1,0.0,18.19753720513815,1,0,0,0,1,0,0,0,166434732.2857143,Romance,Major Studio,February,80.0,214.92,225.74
There Will Be Blood,2007,12,25000000.0,77208711.0,17.883760903873867,58454596.74042622,1,0.7794849,25.0,1,0.0,17.034386422832473,0,0,0,0,0,0,0,0,29584486.4,Drama,Mid-size Studio,December,25.0,77.21,58.45
Horrible Bosses 2,2014,11,42000000.0,107670357.0,18.753712289657503,139519130.006929,1,0.92768455,0.0,1,0.0,17.553180200057167,1,0,0,0,1,0,0,0,106533480.0,Comedy,Major Studio,November,42.0,107.67,139.52
Hulk,2003,6,137000000.0,245360480.0,19.151012414602818,207576895.51566795,1,0.97659564,25.0,1,0.0,18.73549149109167,1,0,1,0,0,0,1,0,190709869.83333337,Drama,Major Studio,June,137.0,245.36,207.58
Hook,1991,12,70000000.0,300854823.0,19.55857628411528,312019511.5726907,1,0.9685139,0.0,1,0.0,18.064005814299342,0,0,0,0,1,0,0,0,340251474.65384614,Adventure,Mid-size Studio,December,70.0,300.85,312.02
Blade II,2002,3,54000000.0,155010032.0,18.760531033662215,140473726.11960435,1,0.96892315,0.0,1,0.0,17.804494623047066,1,0,1,0,0,0,1,0,187642045.5,Fantasy,Major Studio,March,54.0,155.01,140.47
Underworld: Evolution,2006,1,50000000.0,111340801.0,18.375124601887535,95546594.9234318,1,0.8090391,20.0,1,0.0,17.72753358339242,0,0,1,0,0,0,0,0,239619960.5,Fantasy,Mid-size Studio,January,50.0,111.34,95.55
Hellboy II: The Golden Army,2008,7,85000000.0,160388063.0,19.030853533973467,184074942.4437771,1,0.97245896,0.0,1,0.0,18.258161826219297,1,0,0,0,0,0,1,0,186297537.75,Adventure,Major Studio,July,85.0,160.39,184.07
Lone Survivor,2013,12,40000000.0,149295601.0,18.433955886008356,101336363.79634826,1,0.92457867,25.0,1,0.0,17.50439003707821,1,0,1,0,0,0,0,0,220905663.6,Action,Major Studio,December,40.0,149.3,101.34
RED 2,2013,7,84000000.0,,18.75556053650504,139777234.2476843,1,0.9173181,0.0,0,,18.24632736871235,1,0,1,0,1,0,0,0,90683916.0,Action,Major Studio,July,84.0,,139.78
The Huntsman: Winter's War,2016,4,115000000.0,164602163.0,19.132005596374434,203668777.27460572,1,0.97412217,25.0,1,0.0,18.560442695023177,1,0,1,0,0,0,0,0,51751835.0,Action,Major Studio,April,115.0,164.6,203.67
The Monuments Men,2014,1,70000000.0,154984035.0,18.625038988784667,122673753.71331044,1,0.9350938,45.0,1,0.0,18.064005814299342,1,0,1,0,0,0,0,0,51226589.5,War,Major Studio,January,70.0,154.98,122.67
Stand by Me,1986,8,8000000.0,52287414.0,17.634243583441535,45546464.537818186,1,0.5527777,25.0,1,0.0,15.894952224644102,1,0,0,0,0,0,0,0,83501118.1111111,Crime,Major Studio,August,8.0,52.29,45.55
Need for Speed,2014,3,66000000.0,203277636.0,18.727078721949564,135852285.11837742,1,0.93423235,25.0,1,0.0,18.005165315142214,1,0,1,0,0,1,0,0,51751835.0,Action,Major Studio,March,66.0,203.28,135.85
Home,2015,3,135000000.0,368871007.0,19.127144100224477,202681045.16642743,1,0.9602379,0.0,1,0.0,18.72078534381011,1,0,0,1,1,0,0,0,26288320.0,Fantasy,Major Studio,March,135.0,368.87,202.68
Annabelle,2014,10,6500000.0,255273813.0,18.272677612708236,86242840.44639076,1,0.82067096,0.0,1,0.0,15.687312888712007,1,0,0,0,0,0,0,0,51376861.0,Horror,Major Studio,October,6.5,255.27,86.24
Interview with the Vampire,1994,11,60000000.0,223664608.0,19.212340331082288,220705618.06159976,1,0.95614696,0.0,1,0.0,17.909855136853043,0,0,0,0,0,0,0,0,22980379.5,Horror,Mid-size Studio,November,60.0,223.66,220.71
Jackie Brown,1997,12,12000000.0,39673162.0,17.716634408505527,49458000.28502309,1,0.510874,15.0,0,0.0,16.300417291085605,0,0,0,0,1,0,0,0,208851090.7142857,Comedy,Mid-size Studio,December,12.0,39.67,49.46
The Chronicles of Narnia: The Voyage of the Dawn Treader,2010,8,155000000.0,415686217.0,19.13014048339454,203289266.01834735,1,0.97079664,0.0,1,0.0,18.858935681335133,0,0,0,0,0,0,0,0,124549125.0,Adventure,Mid-size Studio,August,155.0,415.69,203.29
Mars Attacks!,1996,12,70000000.0,101371017.0,19.12613271632125,202476160.4448651,1,0.9657062,0.0,1,0.0,18.064005814299342,0,0,0,0,1,0,0,0,248926709.5384615,Comedy,Mid-size Studio,December,70.0,101.37,202.48
The Game,1997,9,50000000.0,109423648.0,18.532408638173024,111820853.8235856,1,0.9012102,45.0,1,0.0,17.72753358339242,0,0,0,0,0,0,0,0,225546964.1111111,Drama,Mid-size Studio,September,50.0,109.42,111.82
American Gangster,2007,11,100000000.0,266465037.0,19.048377968389715,187329182.79606503,1,0.9666785,25.0,1,0.0,18.420680753952364,1,0,0,0,0,1,0,0,194872864.0,Drama,Major Studio,November,100.0,266.47,187.33
Batman Forever,1995,5,100000000.0,336529144.0,19.12567002902409,202382498.96664476,1,0.968364,0.0,1,0.0,18.420680753952364,1,0,1,0,0,0,1,0,91708954.41666669,Action,Major Studio,May,100.0,336.53,202.38
Hotel Transylvania 2,2015,9,80000000.0,473226958.0,19.363392956511024,256693404.63360336,1,0.95763195,20.0,1,0.0,18.19753720513815,1,0,0,1,1,0,0,0,358375603.0,Animation,Major Studio,September,80.0,473.23,256.69
Anchorman: The Legend of Ron Burgundy,2004,7,26000000.0,90574188.0,18.497908061498272,108028760.68136472,1,0.9280573,0.0,1,0.0,17.073607134447293,0,0,0,0,1,1,0,0,153700453.4,Comedy,Mid-size Studio,July,26.0,90.57,108.03
The Emperor's New Groove,2000,12,100000000.0,169327687.0,19.20728703418435,219593140.24911273,1,0.9587386,0.0,1,0.0,18.420680753952364,1,0,0,1,1,0,0,0,158999651.0,Adventure,Major Studio,December,100.0,169.33,219.59
The Aviator,2004,12,116000000.0,102000000.0,18.962224054450623,171865722.82408947,1,0.9725987,25.0,1,1.0,18.569100757691327,1,0,0,0,0,0,0,0,115914749.875,Drama,Major Studio,December,116.0,102.0,171.87
First Blood,1982,10,15000000.0,125212904.0,18.83247914769769,150953008.00397673,1,0.835356,15.0,1,0.0,16.52356082573315,0,0,1,0,0,0,0,0,51751835.0,Action,Mid-size Studio,October,15.0,125.21,150.95
Knowing,2009,3,50000000.0,155446362.0,18.56915708863306,116006534.57334466,1,0.9312357,25.0,1,0.0,17.72753358339242,0,0,1,0,0,0,0,0,154779024.0,Action,Mid-size Studio,March,50.0,155.45,116.01
Law Abiding Citizen,2009,10,53000000.0,126690726.0,18.61459598213271,121399336.83073056,1,0.92935044,25.0,1,0.0,17.78580249038432,0,0,0,0,0,0,0,0,90233812.71428572,Drama,Mid-size Studio,October,53.0,126.69,121.4
The Book Thief,2013,11,,76586316.0,18.191496841078106,79518227.37500861,1,0.88710475,25.0,1,,,0,0,0,0,0,0,0,0,51751835.0,Drama,Mid-size Studio,November,,76.59,79.52
The Princess Bride,1987,9,16000000.0,30857814.0,18.57142633713549,116270081.1437028,1,0.73863775,35.0,0,0.0,16.588099342704055,0,0,0,0,1,0,0,0,85882184.77777778,Adventure,Mid-size Studio,September,16.0,30.86,116.27
The Fighter,2010,12,25000000.0,93617009.0,18.613064854783385,121213601.21311586,1,0.93387765,25.0,1,0.0,17.034386422832473,1,0,0,0,0,1,0,0,136149403.6,Drama,Major Studio,December,25.0,93.62,121.21
Gone in Sixty Seconds,2000,6,90000000.0,237202299.0,19.315564930518832,244705236.15136436,1,0.96747977,0.0,1,0.0,18.31532023940565,0,0,1,0,0,0,0,0,79643220.5,Action,Mid-size Studio,June,90.0,237.2,244.71
Brokeback Mountain,2005,9,14000000.0,178043761.0,18.49477030894962,107690324.40139376,1,0.83202857,60.0,1,0.0,16.454567959008102,0,0,0,0,0,0,0,0,201929323.0,Drama,Mid-size Studio,September,14.0,178.04,107.69
Mulholland Drive,2001,5,15000000.0,20117339.0,17.41350121900184,36524769.0174384,0,0.32310233,40.0,0,0.0,16.52356082573315,0,0,0,0,0,0,0,0,21312184.666666668,Thriller,Mid-size Studio,May,15.0,20.12,36.52
Scream,1996,12,14000000.0,173046663.0,18.46072665892117,104085855.40837452,1,0.7478084,15.0,1,0.0,16.454567959008102,0,0,0,0,0,0,0,0,65749735.333333336,Crime,Mid-size Studio,December,14.0,173.05,104.09
The Polar Express,2004,11,165000000.0,305875730.0,19.63612207705094,337178180.4916758,1,0.9782445,0.0,1,0.0,18.92145603792546,0,0,0,1,0,0,0,0,273728856.0,Adventure,Mid-size Studio,November,165.0,305.88,337.18
The Sorcerer's Apprentice,2010,7,150000000.0,215283742.0,19.292193102817304,239052344.0396305,1,0.97947127,25.0,1,0.0,18.8261458587272,1,0,1,0,1,1,0,0,171691025.4,Fantasy,Major Studio,July,150.0,215.28,239.05
The Town,2010,9,37000000.0,154026136.0,18.302686682916473,88870132.05642493,1,0.8840735,45.0,1,0.0,17.426428497635523,1,0,0,0,0,0,0,0,232324128.0,Crime,Major Studio,September,37.0,154.03,88.87
Carrie,2013,10,30000000.0,82394288.0,18.15595882858888,76741931.78307626,1,0.8853569,25.0,1,0.0,17.216707972959764,0,0,0,0,0,0,0,0,11373868.5,Drama,Mid-size Studio,October,30.0,82.39,76.74
Neighbors 2: Sorority Rising,2016,5,35000000.0,108758521.0,18.892247830323385,160250347.79385212,1,0.9469194,0.0,1,0.0,17.370858648025116,1,0,0,0,1,0,0,0,129317480.5,Comedy,Major Studio,May,35.0,108.76,160.25
Shooter,2007,3,61000000.0,95696996.0,18.77952799922273,143167809.35847384,1,0.96138996,25.0,1,0.0,17.926384438531027,1,0,1,0,0,0,0,0,97759446.28571428,Action,Major Studio,March,61.0,95.7,143.17
Pocahontas,1995,6,55000000.0,346079773.0,19.069638257342483,191354493.38714904,1,0.93421644,25.0,1,0.0,17.822843761378564,1,0,0,1,0,0,0,0,51751835.0,Adventure,Major Studio,June,55.0,346.08,191.35
The Rock,1996,6,75000000.0,335062621.0,19.433877793617896,275439287.43565553,1,0.9649848,0.0,1,0.0,18.13299868483392,0,0,1,0,0,0,0,0,499769274.27272725,Action,Mid-size Studio,June,75.0,335.06,275.44
Parker,2013,1,35000000.0,46216641.0,18.11436723941365,73615578.50927816,0,0.44630873,20.0,0,0.0,17.370858648025116,0,0,1,0,0,0,0,0,138838097.0,Action,Mid-size Studio,January,35.0,46.22,73.62
The Boy in the Striped Pyjamas,2008,5,12500000.0,20416563.0,17.48697759004445,39309530.92471704,0,0.33452713,40.0,0,0.0,16.341239282272525,0,0,0,0,0,0,0,0,51751835.0,War,Mid-size Studio,May,12.5,20.42,39.31
Collateral,2004,8,65000000.0,217764291.0,18.77055781013182,141889309.7920445,1,0.95935637,25.0,1,0.0,17.989897843244528,1,0,0,0,0,0,0,0,91073430.6,Drama,Major Studio,August,65.0,217.76,141.89
The Grey,2012,1,25000000.0,77278331.0,18.002402483998313,65817904.80670656,1,0.8210869,45.0,1,0.0,17.034386422832473,0,0,1,0,0,1,0,0,34868821.0,Action,Mid-size Studio,January,25.0,77.28,65.82
Enchanted,2007,11,85000000.0,340487652.0,19.42241358263398,272299624.5850319,1,0.97265327,0.0,1,0.0,18.258161826219297,1,0,0,0,1,0,0,0,183611771.0,Comedy,Major Studio,November,85.0,340.49,272.3
Battle: Los Angeles,2011,3,70000000.0,202466756.0,18.788484549650796,144455858.70049238,1,0.96690536,0.0,1,0.0,18.064005814299342,1,0,1,0,0,0,0,0,389100000.0,Action,Major Studio,March,70.0,202.47,144.46
Beetlejuice,1988,2,15000000.0,73326666.0,18.260898065332743,85232898.81549388,1,0.88936794,15.0,1,0.0,16.52356082573315,1,0,0,0,1,0,0,0,251083967.30769232,Fantasy,Major Studio,February,15.0,73.33,85.23
Dr. Strangelove or: How I Learned to Stop Worrying and Love the Bomb,1964,1,1800000.0,9440272.0,15.783748572542398,7158051.985389155,0,0.10633975,45.0,0,0.0,14.403297778421797,0,0,0,0,1,0,0,0,60811716.4,Drama,Mid-size Studio,January,1.8,9.44,7.16
The Other Woman,2014,4,40000000.0,196781193.0,18.78613736310876,144117191.46375987,1,0.926252,0.0,1,0.0,17.50439003707821,1,0,0,0,1,0,0,0,104520958.0,Comedy,Major Studio,April,40.0,196.78,144.12
The Iron Giant,1999,8,70000000.0,23159305.0,18.09730095435184,72369893.88334106,1,0.80392987,0.0,0,1.0,18.064005814299342,0,0,0,1,0,0,0,0,511769931.3333333,Adventure,Mid-size Studio,August,70.0,23.16,72.37
The Witch,2016,2,3500000.0,40423945.0,17.104640177819796,26819509.324963614,0,0.379784,0.0,0,0.0,15.068273812173889,0,0,0,0,0,0,0,0,51751835.0,Mystery,Mid-size Studio,February,3.5,40.42,26.82
Anastasia,1997,11,53000000.0,139804348.0,18.98708200720619,176191495.0425802,1,0.94742674,0.0,1,0.0,17.78580249038432,1,0,0,1,0,0,0,0,36754634.0,Animation,Major Studio,November,53.0,139.8,176.19
Wrath of the Titans,2012,3,150000000.0,301000000.0,19.458073741122057,282185083.3573613,1,0.9746839,0.0,1,0.0,18.8261458587272,1,0,0,0,0,0,0,0,339833378.0,Adventure,Major Studio,March,150.0,301.0,282.19
Lincoln,2012,11,65000000.0,275293450.0,19.046144693117544,186911291.9684496,1,0.951378,25.0,1,0.0,17.989897843244528,1,0,0,0,0,0,0,0,341234604.38461536,History,Major Studio,November,65.0,275.29,186.91
Underworld: Rise of the Lycans,2009,1,35000000.0,91353501.0,18.094823195974826,72190800.73644798,1,0.6572378,20.0,1,0.0,17.370858648025116,0,0,1,0,0,0,0,0,51751835.0,Fantasy,Mid-size Studio,January,35.0,91.35,72.19
Liar Liar,1997,3,45000000.0,181000000.0,18.531687067551815,111740196.28346208,1,0.9361146,0.0,1,0.0,17.622173069956816,1,0,0,0,1,0,0,0,191362479.66666663,Comedy,Major Studio,March,45.0,181.0,111.74
xXx,2002,8,70000000.0,277448382.0,19.142991079945176,205918511.87853485,1,0.9788502,0.0,1,0.0,18.064005814299342,1,0,1,0,0,0,0,0,134701452.25,Action,Major Studio,August,70.0,277.45,205.92
Monsters vs Aliens,2009,3,175000000.0,381509870.0,19.607338540096407,327611344.03463346,1,0.97464335,0.0,1,0.0,18.980296537602072,1,0,0,1,0,1,0,0,443836945.5,Animation,Major Studio,March,175.0,381.51,327.61
Mystic River,2003,10,25000000.0,156822020.0,18.323255911319816,90717051.86135133,1,0.7163614,25.0,1,0.0,17.034386422832473,1,0,0,0,0,0,0,0,123959835.15789472,Thriller,Major Studio,October,25.0,156.82,90.72
Casablanca,1942,11,878000.0,10462500.0,16.615061647314878,16437265.25075698,0,0.16627765,25.0,0,0.0,13.68540301156877,1,0,0,0,0,0,0,0,8868000.0,Drama,Major Studio,November,0.88,10.46,16.44
Lara Croft Tomb Raider: The Cradle of Life,2003,7,95000000.0,156505388.0,19.315011125454102,244569754.67029196,1,0.97870696,0.0,1,0.0,18.36938746009113,1,0,1,0,0,0,0,0,275154160.0,Action,Major Studio,July,95.0,156.51,244.57
Batman & Robin,1997,6,125000000.0,238207122.0,19.29982182103788,240882980.8479189,1,0.9762354,0.0,1,0.0,18.643824303266577,1,0,1,0,0,0,1,0,99902456.25,Action,Major Studio,June,125.0,238.21,240.88
The Judge,2014,10,50000000.0,83719388.0,18.655696881001813,126492917.07929336,1,0.9343011,25.0,1,0.0,17.72753358339242,1,0,0,0,0,0,0,0,81886962.0,Drama,Major Studio,October,50.0,83.72,126.49
School of Rock,2003,10,35000000.0,131282949.0,18.378298793523303,95850359.97823767,1,0.9194334,0.0,1,0.0,17.370858648025116,1,0,0,0,1,0,0,0,20027676.444444444,Comedy,Major Studio,October,35.0,131.28,95.85
Happy Feet,2006,11,100000000.0,384335608.0,19.45667041647575,281789363.80010754,1,0.97936386,0.0,1,0.0,18.420680753952364,0,0,0,1,1,1,0,0,126537952.83333331,Animation,Mid-size Studio,November,100.0,384.34,281.79
Dirty Grandpa,2016,1,11500000.0,94073028.0,18.18423965827505,78943237.98065273,1,0.741892,35.0,1,0.0,16.257857680289998,0,0,0,0,1,0,0,0,51751835.0,Comedy,Mid-size Studio,January,11.5,94.07,78.94
Bambi,1942,8,858000.0,267447150.0,18.453207786305704,103306181.91892482,1,0.7070926,25.0,1,0.0,13.662360543970586,0,0,0,1,0,0,0,0,134122743.0,Animation,Mid-size Studio,August,0.86,267.45,103.31
Mama,2013,1,15000000.0,146497771.0,18.5506242944146,113876408.8803222,1,0.88175786,35.0,1,0.0,16.52356082573315,1,0,0,0,0,0,0,0,51751835.0,Horror,Major Studio,January,15.0,146.5,113.88
Unbroken,2014,12,65000000.0,163442937.0,18.574256909459613,116599658.24620318,1,0.94293517,25.0,1,0.0,17.989897843244528,1,0,0,0,0,0,0,0,2015811.5,Drama,Major Studio,December,65.0,163.44,116.6
Superman Returns,2006,6,270000000.0,391081192.0,19.633207398488516,336196845.3074095,1,0.9695562,0.0,1,0.0,19.413932520666354,1,0,1,0,0,0,1,0,345307687.0,Adventure,Major Studio,June,270.0,391.08,336.2
The Mist,2007,11,18000000.0,57096190.0,17.978789631434193,64281961.6655295,1,0.84991753,15.0,1,0.0,16.705882371415992,0,0,0,0,0,0,0,0,116753009.0,Science Fiction,Mid-size Studio,November,18.0,57.1,64.28
Robin Hood,2010,5,200000000.0,310669540.0,19.47004929361984,285584721.29094595,1,0.9814652,0.0,1,0.0,19.11382792951231,1,0,1,0,0,0,0,0,191925897.13333333,Action,Major Studio,May,200.0,310.67,285.58
This Means War,2012,2,65000000.0,156974557.0,19.048680961323313,187385950.8147319,1,0.9531211,0.0,1,0.0,17.989897843244528,0,0,1,0,1,0,0,0,198155539.4,Action,Mid-size Studio,February,65.0,156.97,187.39
In Bruges,2008,2,15000000.0,34533783.0,17.49840210989575,39761198.58298546,0,0.41518438,40.0,0,0.0,16.52356082573315,0,0,0,0,1,0,0,0,19422261.0,Comedy,Mid-size Studio,February,15.0,34.53,39.76
The Mummy: Tomb of the Dragon Emperor,2008,7,145000000.0,401128639.0,19.311336638019004,243672735.22869545,1,0.976523,0.0,1,0.0,18.7922443072814,1,0,1,0,0,0,0,0,119241420.125,Adventure,Major Studio,July,145.0,401.13,243.67
Coraline,2009,2,60000000.0,124596398.0,18.87402277318077,157356228.87827596,1,0.91974545,0.0,1,0.0,17.909855136853043,0,0,0,1,0,1,0,0,5409517.0,Animation,Mid-size Studio,February,60.0,124.6,157.36
Mamma Mia!,2008,7,52000000.0,609841637.0,19.207383901568218,219614412.69250625,1,0.96419084,0.0,1,0.0,17.76675429577647,1,0,0,0,1,1,0,0,114956699.0,Comedy,Major Studio,July,52.0,609.84,219.61
How the Grinch Stole Christmas,2000,11,123000000.0,345141403.0,19.534454429833215,304583073.2771147,1,0.97894466,0.0,1,0.0,18.627694921466773,1,0,0,0,1,0,0,0,253224914.4,Family,Major Studio,November,123.0,345.14,304.58
The Untouchables,1987,6,25000000.0,76270454.0,18.775372170678494,142574063.09395322,1,0.8360622,25.0,1,0.0,17.034386422832473,1,0,0,0,0,0,0,0,76813663.36363636,Crime,Major Studio,June,25.0,76.27,142.57
The Other Guys,2010,8,100000000.0,170432927.0,19.156229022520364,208662572.11004937,1,0.9741708,0.0,1,0.0,18.420680753952364,1,0,1,0,1,1,0,0,137728705.6,Action,Major Studio,August,100.0,170.43,208.66
Moneyball,2011,9,50000000.0,110206216.0,18.630496273774153,123345049.41344428,1,0.9341719,45.0,1,0.0,17.72753358339242,1,0,0,0,0,0,0,0,49084830.0,Drama,Major Studio,September,50.0,110.21,123.35
Final Destination,2000,3,23000000.0,53302314.0,18.41242700443212,99178021.90675868,1,0.92634964,15.0,1,0.0,16.951004817371683,1,0,0,0,0,0,0,0,95209579.0,Horror,Major Studio,March,23.0,53.3,99.18
21,2008,3,35000000.0,69823199.0,18.562003446561683,115179626.56824698,1,0.90722126,25.0,1,0.0,17.370858648025116,1,0,0,0,0,0,0,0,123392713.0,Drama,Major Studio,March,35.0,69.82,115.18
The Devil's Advocate,1997,10,57000000.0,152944660.0,18.98949478594419,176617119.40026644,1,0.95248705,25.0,1,0.0,17.858561843342684,1,0,0,0,0,0,0,0,85474087.5,Drama,Major Studio,October,57.0,152.94,176.62
Romeo + Juliet,1996,10,14500000.0,147298761.0,18.896062083615053,160862750.40109754,1,0.9439331,40.0,1,0.0,16.489659276356317,1,0,0,0,0,0,0,0,193269285.0,Drama,Major Studio,October,14.5,147.3,160.86
Meet the Fockers,2004,12,80000000.0,516642939.0,19.488363801369506,290863254.22318304,1,0.9763411,0.0,1,0.0,18.19753720513815,1,0,0,0,1,0,0,0,172272471.0,Comedy,Major Studio,December,80.0,516.64,290.86
If I Stay,2014,8,11000000.0,78874843.0,18.2086984349614,80897899.90948643,1,0.84761155,40.0,1,0.0,16.213405921671733,1,0,0,0,0,0,0,0,51751835.0,Drama,Major Studio,August,11.0,78.87,80.9
Alien: Resurrection,1997,11,70000000.0,162000000.0,18.951497914297985,170032118.31206948,1,0.9470483,0.0,1,0.0,18.064005814299342,1,0,1,0,0,0,0,0,65805581.0,Science Fiction,Major Studio,November,70.0,162.0,170.03
Resident Evil: Afterlife,2010,9,60000000.0,300228084.0,19.38643764904534,262677511.36868817,1,0.83707446,20.0,1,0.0,17.909855136853043,0,0,1,0,0,1,0,0,111292628.44444443,Action,Mid-size Studio,September,60.0,300.23,262.68
The Visit,2015,9,5000000.0,98450062.0,17.873382972779044,57851095.914378,1,0.64647305,20.0,1,0.0,15.424948670398354,0,0,0,0,0,0,0,0,294238108.5,Horror,Mid-size Studio,September,5.0,98.45,57.85
Pride & Prejudice,2005,9,28000000.0,121147947.0,18.612162201338418,121104236.70405196,1,0.8754585,45.0,1,0.0,17.147715103853763,1,0,0,0,0,0,0,0,84417153.4,Drama,Major Studio,September,28.0,121.15,121.1
Bridget Jones's Diary,2001,4,25000000.0,281929795.0,18.77673491658208,142768487.76137522,1,0.9245778,25.0,1,0.0,17.034386422832473,1,0,0,0,1,1,0,0,51751835.0,Comedy,Major Studio,April,25.0,281.93,142.77
Straight Outta Compton,2015,8,28000000.0,201634991.0,18.71075134161092,133652183.0007429,1,0.8182781,25.0,1,0.0,17.147715103853763,1,0,0,0,0,1,0,0,79527489.14285715,Drama,Major Studio,August,28.0,201.63,133.65
Pinocchio,1940,2,2600000.0,84300000.0,17.503670785355357,39971240.27434759,0,0.4107081,0.0,1,0.0,14.77102238760702,0,0,0,1,0,0,0,0,51751835.0,Animation,Mid-size Studio,February,2.6,84.3,39.97
17 Again,2009,3,20000000.0,136267476.0,18.16597710694971,77514617.8571327,1,0.8785739,15.0,1,0.0,16.811242881518265,1,0,0,0,1,0,0,0,23114165.666666668,Comedy,Major Studio,March,20.0,136.27,77.51
Penguins of Madagascar,2014,11,132000000.0,373552094.0,19.708676555640135,362551304.8560637,1,0.96827066,0.0,1,0.0,18.6983124881264,1,0,0,1,1,0,0,0,436112962.6666667,Family,Major Studio,November,132.0,373.55,362.55
Safe House,2012,2,85000000.0,208076205.0,18.87877929896826,158106480.72513554,1,0.95049417,0.0,1,0.0,18.258161826219297,1,0,1,0,0,0,0,0,3324330.0,Action,Major Studio,February,85.0,208.08,158.11
American Pie 2,2001,8,30000000.0,287553595.0,18.887805412499915,159540027.7256036,1,0.95720404,0.0,1,0.0,17.216707972959764,1,0,0,0,1,0,0,0,51751835.0,Comedy,Major Studio,August,30.0,287.55,159.54
Public Enemies,2009,7,80000000.0,214104620.0,19.020986142362545,182267534.7556812,1,0.96587235,25.0,1,0.0,18.19753720513815,1,0,0,0,0,0,0,0,91805364.8,History,Major Studio,July,80.0,214.1,182.27
1408,2007,7,25000000.0,94679598.0,18.38765365432018,96751233.96803364,1,0.8993706,0.0,1,0.0,17.034386422832473,0,0,0,0,0,0,0,0,92147273.33333331,Horror,Mid-size Studio,July,25.0,94.68,96.75
Marley & Me,2008,12,60000000.0,244082376.0,18.978422497239418,174672350.04517418,1,0.9614391,0.0,1,0.0,17.909855136853043,0,0,0,0,1,1,0,0,149426843.33333334,Comedy,Mid-size Studio,December,60.0,244.08,174.67
Ghost,1990,7,22000000.0,505000000.0,19.358877492503016,255536927.77916777,1,0.93554634,40.0,1,0.0,16.906553056777135,1,0,0,0,0,0,0,0,98850836.0,Fantasy,Major Studio,July,22.0,505.0,255.54
Zoolander,2001,9,28000000.0,60780981.0,18.56412954654748,115424770.48067471,1,0.94781977,20.0,1,0.0,17.147715103853763,1,0,0,0,1,0,0,0,133750191.75,Comedy,Major Studio,September,28.0,60.78,115.42
Lord of War,2005,9,42000000.0,24127895.0,18.2762028732441,86547405.4519256,1,0.6737173,45.0,0,1.0,17.553180200057167,0,0,0,0,0,0,0,0,62526761.5,Crime,Mid-size Studio,September,42.0,24.13,86.55
Robots,2005,3,75000000.0,260696994.0,19.429328101533,274188969.9218049,1,0.97097564,0.0,1,0.0,18.13299868483392,1,0,0,1,1,0,0,0,325841885.0,Animation,Major Studio,March,75.0,260.7,274.19
No Strings Attached,2011,1,25000000.0,147780440.0,18.362667366253156,94363731.36560813,1,0.9338196,20.0,1,0.0,17.034386422832473,0,0,0,0,1,1,0,0,126266561.33333331,Comedy,Mid-size Studio,January,25.0,147.78,94.36
47 Ronin,2013,12,175000000.0,150962475.0,18.925718257039897,165704767.0269614,1,0.97146434,25.0,1,1.0,18.980296537602072,0,0,1,0,0,0,0,0,51751835.0,Drama,Mid-size Studio,December,175.0,150.96,165.7
Contagion,2011,9,60000000.0,137551594.0,18.55360633402368,114216499.67521256,1,0.9481289,45.0,1,0.0,17.909855136853043,1,0,0,0,0,0,0,0,152100988.3846154,Drama,Major Studio,September,60.0,137.55,114.22
Lucky Number Slevin,2006,2,27000000.0,56308881.0,17.81641157688468,54647365.168348104,1,0.73159224,25.0,1,0.0,17.11134746100564,0,0,0,0,0,0,0,0,23614277.5,Drama,Mid-size Studio,February,27.0,56.31,54.65
Side Effects,2013,2,30000000.0,63372757.0,18.0376791757462,68181182.00636381,1,0.60565555,25.0,1,0.0,17.216707972959764,0,0,0,0,0,0,0,0,157807052.76923078,Thriller,Mid-size Studio,February,30.0,63.37,68.18
The DUFF,2015,2,8500000.0,43528634.0,17.62278147768352,45027386.678598784,0,0.40133286,15.0,0,0.0,15.955576839107596,0,0,0,0,1,1,0,0,51751835.0,Romance,Mid-size Studio,February,8.5,43.53,45.03
Blow,2001,4,53000000.0,83282296.0,18.656466081843853,126590252.969017,1,0.94181335,25.0,1,0.0,17.78580249038432,1,0,0,0,0,0,0,0,51751835.0,Crime,Major Studio,April,53.0,83.28,126.59
Paranormal Activity,2007,9,15000.0,193355800.0,18.199156713068977,80129665.60498236,1,0.7689638,20.0,1,0.0,9.61587214452889,0,0,0,0,0,0,0,0,51751835.0,Horror,Mid-size Studio,September,0.02,193.36,80.13
The Last Witch Hunter,2015,10,90000000.0,146936910.0,18.953293363918473,170337676.64136812,1,0.959885,0.0,1,0.0,18.31532023940565,0,0,1,0,0,0,0,0,87112813.0,Fantasy,Mid-size Studio,October,90.0,146.94,170.34
The Hitchhiker's Guide to the Galaxy,2005,1,50000000.0,104478416.0,18.47435148123709,105513711.76373836,1,0.87659395,20.0,1,0.0,17.72753358339242,0,0,0,0,1,0,0,0,51751835.0,Adventure,Mid-size Studio,January,50.0,104.48,105.51
Lilo & Stitch,2002,6,80000000.0,145771527.0,19.035896306156975,185005534.85898483,1,0.95625573,0.0,1,0.0,18.19753720513815,1,0,0,1,0,0,0,0,540028843.5,Animation,Major Studio,June,80.0,145.77,185.01
L.A. Confidential,1997,9,35000000.0,126216940.0,18.29921168027535,88561844.07035093,1,0.74843806,45.0,1,0.0,17.370858648025116,1,0,0,0,0,0,0,0,74002686.0,Crime,Major Studio,September,35.0,126.22,88.56
Journey to the Center of the Earth,2008,7,45000000.0,101702060.0,19.018239905956225,181767671.6985183,1,0.9465504,0.0,1,0.0,17.622173069956816,1,0,1,0,1,0,0,0,201584141.0,Action,Major Studio,July,45.0,101.7,181.77
"Hail, Caesar!",2016,2,22000000.0,63647656.0,18.29266425489268,87983886.13093694,1,0.8911807,40.0,1,0.0,16.906553056777135,1,0,0,0,1,0,0,0,111245169.875,Comedy,Major Studio,February,22.0,63.65,87.98
Contact,1997,7,90000000.0,171120329.0,19.07113323547041,191640778.11231992,1,0.9715954,25.0,1,0.0,18.31532023940565,1,0,0,0,0,0,0,0,284958472.75,Drama,Major Studio,July,90.0,171.12,191.64
Casino,1995,11,52000000.0,116112375.0,18.732505094905967,136591474.03338864,1,0.912597,25.0,1,0.0,17.76675429577647,1,0,0,0,0,0,0,0,115032726.4375,Drama,Major Studio,November,52.0,116.11,136.59
The Purge: Election Year,2016,6,10000000.0,118587880.0,18.304773823318193,89055810.20240976,1,0.8203138,15.0,1,0.0,16.118095750958314,1,0,1,0,0,0,0,0,99055737.0,Action,Major Studio,June,10.0,118.59,89.06
The Golden Compass,2007,12,180000000.0,372234864.0,19.3469524373742,252507733.3688178,1,0.97569555,0.0,1,0.0,19.00846741441004,1,0,0,0,0,0,0,0,269017429.5,Adventure,Major Studio,December,180.0,372.23,252.51
Fear and Loathing in Las Vegas,1998,5,18500000.0,10680275.0,18.60967111349744,120802930.85549782,1,0.9055973,40.0,0,1.0,16.733281344102608,1,0,0,0,1,0,0,0,51791778.8,Adventure,Major Studio,May,18.5,10.68,120.8
Moulin Rouge!,2001,3,52500000.0,179213434.0,19.08649487651702,194607422.89824903,1,0.9550224,25.0,1,0.0,17.77632374660947,1,0,0,0,0,0,0,0,182631060.66666663,Drama,Major Studio,March,52.5,179.21,194.61
The Vow,2012,2,30000000.0,196114570.0,18.459651384306753,103973994.68053702,1,0.83968115,25.0,1,0.0,17.216707972959764,0,0,0,0,0,0,0,0,51751835.0,Drama,Mid-size Studio,February,30.0,196.11,103.97
Resident Evil: Extinction,2007,9,45000000.0,148412065.0,17.975797430560025,64089904.600602075,1,0.65775466,20.0,1,0.0,17.622173069956816,0,0,1,0,0,0,0,0,18013272.333333332,Horror,Mid-size Studio,September,45.0,148.41,64.09
Space Jam,1996,11,80000000.0,250200000.0,19.47172179760585,286062762.5288242,1,0.9378172,25.0,1,0.0,18.19753720513815,0,0,0,1,1,0,0,0,51751835.0,Animation,Mid-size Studio,November,80.0,250.2,286.06
Sin City: A Dame to Kill For,2014,8,65000000.0,39407616.0,18.144915918347017,75899139.5118364,1,0.7082444,0.0,0,1.0,17.989897843244528,0,0,0,0,0,0,0,0,71366131.0,Crime,Mid-size Studio,August,65.0,39.41,75.9
The Royal Tenenbaums,2001,10,21000000.0,71441250.0,18.13455136828898,75116541.71346416,1,0.77675664,40.0,1,0.0,16.860033043306743,0,0,0,0,1,0,0,0,56966505.333333336,Comedy,Mid-size Studio,October,21.0,71.44,75.12
Gods of Egypt,2016,2,140000000.0,150680864.0,18.89330240411071,160419432.7517117,1,0.9609966,0.0,1,0.0,18.75715298771643,0,0,0,0,0,0,0,0,155970398.5,Fantasy,Mid-size Studio,February,140.0,150.68,160.42
In the Heart of the Sea,2015,11,100000000.0,93820758.0,18.996118638236524,177790888.26224875,1,0.96453035,25.0,1,1.0,18.420680753952364,1,0,1,0,0,0,0,0,278356978.9,Thriller,Major Studio,November,100.0,93.82,177.79
Warrior,2011,9,25000000.0,23057115.0,17.790334079582216,53240719.24043822,0,0.48386702,45.0,0,1.0,17.034386422832473,0,0,1,0,0,0,0,0,24568124.0,Action,Mid-size Studio,September,25.0,23.06,53.24
Antz,1998,10,60000000.0,171757863.0,19.01002736867162,180281010.89372903,1,0.93244386,0.0,1,0.0,17.909855136853043,1,0,0,1,1,0,0,0,503377706.3333333,Adventure,Major Studio,October,60.0,171.76,180.28
Con Air,1997,6,75000000.0,224012234.0,19.226262255889345,223799753.27830783,1,0.9601492,0.0,1,0.0,18.13299868483392,0,0,1,0,0,0,0,0,142854494.33333334,Action,Mid-size Studio,June,75.0,224.01,223.8
Abraham Lincoln: Vampire Hunter,2012,6,69000000.0,112265139.0,18.840566530963457,152178772.77666748,1,0.966818,0.0,1,0.0,18.04961707705429,1,0,1,0,0,0,0,0,128110439.66666669,Action,Major Studio,June,69.0,112.27,152.18
Resident Evil: Apocalypse,2004,9,45000000.0,129394835.0,18.290404360435733,87785276.33522457,1,0.7293659,20.0,1,0.0,17.622173069956816,0,0,1,0,0,0,0,0,51751835.0,Horror,Mid-size Studio,September,45.0,129.39,87.79
Panic Room,2002,3,48000000.0,196397415.0,18.82847813382344,150350249.54715127,1,0.9323281,25.0,1,0.0,17.6867115897055,0,0,0,0,0,0,0,0,215883212.2222222,Crime,Mid-size Studio,March,48.0,196.4,150.35
Pompeii,2014,2,130000000.0,117831631.0,18.987332773681484,176235683.5032795,1,0.95180285,25.0,1,1.0,18.683045016112164,0,0,1,0,0,0,0,0,131558901.0,Action,Mid-size Studio,February,130.0,117.83,176.24
The Last Stand,2013,1,30000000.0,,17.979825600198485,64348590.277579814,0,0.34030098,20.0,0,,17.216707972959764,0,0,1,0,0,0,0,0,51751835.0,Action,Mid-size Studio,January,30.0,,64.35
Unknown,2011,2,30000000.0,130786397.0,18.3278612240718,91135795.7448981,1,0.89054614,0.0,1,0.0,17.216707972959764,0,0,1,0,0,0,0,0,104766874.8,Action,Mid-size Studio,February,30.0,130.79,91.14
Serenity,2005,8,39000000.0,38869464.0,18.12527413601127,74422890.65484218,1,0.65716434,0.0,0,1.0,17.479072229734946,1,0,1,0,0,0,0,0,1462480802.0,Science Fiction,Major Studio,August,39.0,38.87,74.42
Hanna,2011,4,30000000.0,63782078.0,18.365445408709142,94626242.28483675,1,0.8514389,0.0,1,0.0,17.216707972959764,0,0,1,0,0,1,0,0,95890327.2,Action,Mid-size Studio,April,30.0,63.78,94.63
Dear John,2010,2,25000000.0,114977104.0,18.37977425759332,95991888.12613247,1,0.7474682,25.0,1,0.0,17.034386422832473,0,0,0,0,0,0,0,0,63881062.571428575,Drama,Mid-size Studio,February,25.0,114.98,95.99
9,2009,8,30000000.0,48428063.0,17.542214034518096,41541937.222933814,0,0.29257247,0.0,0,0.0,17.216707972959764,0,0,1,1,0,0,0,0,51751835.0,Action,Mid-size Studio,August,30.0,48.43,41.54
Notting Hill,1999,5,42000000.0,363889678.0,19.213115550364527,220876779.64850435,1,0.92475224,25.0,1,0.0,17.553180200057167,0,0,0,0,1,0,0,0,76860472.0,Romance,Mid-size Studio,May,42.0,363.89,220.88
50/50,2011,9,8000000.0,39187783.0,17.61620084920137,44732050.981797054,0,0.28754273,45.0,0,0.0,15.894952224644102,0,0,0,0,1,0,0,0,59940318.5,Comedy,Mid-size Studio,September,8.0,39.19,44.73
Orphan,2009,7,20000000.0,41596251.0,18.334064896698557,91702929.73040196,1,0.6472753,15.0,0,0.0,16.811242881518265,0,0,0,0,0,1,0,0,122604904.0,Horror,Mid-size Studio,July,20.0,41.6,91.7
R.I.P.D.,2013,7,130000000.0,61648500.0,19.137763630221748,204844891.79766807,1,0.9643373,0.0,1,1.0,18.683045016112164,1,0,1,0,1,0,0,0,174153424.4,Fantasy,Major Studio,July,130.0,61.65,204.84
The Call,2013,3,13000000.0,68572378.0,16.96185928347791,23251012.570508663,0,0.23235175,15.0,1,0.0,16.380459992348886,0,0,0,0,0,0,0,0,4834537.333333333,Crime,Mid-size Studio,March,13.0,68.57,23.25
Begin Again,2013,9,8000000.0,63464861.0,17.40326344624045,36152744.32335941,0,0.44409817,45.0,1,0.0,15.894952224644102,0,0,0,0,1,0,0,0,20710513.0,Comedy,Mid-size Studio,September,8.0,63.46,36.15
Blade: Trinity,2004,12,65000000.0,128905366.0,18.766067347581952,141253589.56288192,1,0.9541703,0.0,1,0.0,17.989897843244528,1,0,1,0,0,0,1,0,76514050.0,Science Fiction,Major Studio,December,65.0,128.91,141.25
Bad Moms,2016,7,20000000.0,183936074.0,18.32275655592447,90671763.12008528,1,0.85240006,15.0,1,0.0,16.811242881518265,0,0,0,0,1,0,0,0,48065672.0,Comedy,Mid-size Studio,July,20.0,183.94,90.67
The Green Hornet,2011,1,120000000.0,227817248.0,18.877840677040354,157958148.13944295,1,0.9422957,20.0,1,0.0,18.603002309079653,0,0,1,0,1,0,1,0,41988360.5,Action,Mid-size Studio,January,120.0,227.82,157.96
Saw II,2005,10,4000000.0,152925093.0,17.911034011886308,60070774.21195409,1,0.7879433,0.0,1,0.0,15.201805169084134,0,0,0,0,0,0,0,0,101139191.33333331,Horror,Mid-size Studio,October,4.0,152.93,60.07
The Machinist,2004,2,5000000.0,8203235.0,16.689416534623025,17706041.697537407,0,0.2703224,25.0,0,0.0,15.424948670398354,0,0,0,0,0,0,0,0,24957585.0,Thriller,Mid-size Studio,February,5.0,8.2,17.71
The Princess and the Frog,2009,12,105000000.0,267045765.0,19.47779990185173,287806776.6069631,1,0.9719659,0.0,1,0.0,18.46947091764561,1,0,0,1,0,1,0,0,306814167.0,Romance,Major Studio,December,105.0,267.05,287.81
Planet of the Apes,2001,7,100000000.0,362211740.0,19.28901933472576,238294850.02574044,1,0.9643334,0.0,1,0.0,18.420680753952364,1,0,1,0,0,0,0,0,228862038.5384615,Thriller,Major Studio,July,100.0,362.21,238.29
Black Mass,2015,9,53000000.0,98837872.0,18.355555128507476,93694975.0623896,1,0.87660944,45.0,1,0.0,17.78580249038432,0,0,0,0,0,0,0,0,27431219.0,Crime,Mid-size Studio,September,53.0,98.84,93.69
Enemy of the State,1998,11,90000000.0,250649836.0,19.266857300049313,233071841.2985148,1,0.97327733,25.0,1,0.0,18.31532023940565,0,0,1,0,0,0,0,0,147024627.54545453,Action,Mid-size Studio,November,90.0,250.65,233.07
Eyes Wide Shut,1999,7,65000000.0,162091208.0,18.945754750647655,169058394.82814112,1,0.9475231,25.0,1,0.0,17.989897843244528,1,0,0,0,0,0,0,0,30281529.2,Mystery,Major Studio,July,65.0,162.09,169.06
The Beach,2000,2,40000000.0,144056873.0,18.910282904120965,163166693.87071857,1,0.92400223,25.0,1,0.0,17.50439003707821,0,0,0,0,0,0,0,0,86219382.0,Drama,Mid-size Studio,February,40.0,144.06,163.17
Love & Other Drugs,2010,11,30000000.0,102820008.0,18.464785490695142,104509180.9119292,1,0.83871764,25.0,1,0.0,17.216707972959764,0,0,0,0,1,0,0,0,172106312.5,Drama,Mid-size Studio,November,30.0,102.82,104.51
Charlie's Angels,2000,11,92000000.0,264105545.0,19.388604729772105,263247371.98706135,1,0.97112244,0.0,1,0.0,18.33729914588288,1,0,1,0,1,0,0,0,176729341.8,Action,Major Studio,November,92.0,264.11,263.25
Saving Mr. Banks,2013,11,35000000.0,112544580.0,18.599739162217155,119609060.5665276,1,0.8911859,25.0,1,0.0,17.370858648025116,1,0,0,0,1,0,0,0,136875104.0,Comedy,Major Studio,November,35.0,112.54,119.61
The Holiday,2006,12,85000000.0,194168700.0,19.348368067112812,252865443.9599575,1,0.973913,0.0,1,0.0,18.258161826219297,1,0,0,0,1,0,0,0,263627193.0,Comedy,Major Studio,December,85.0,194.17,252.87
Atlantis: The Lost Empire,2001,6,120000000.0,186053725.0,19.182117736600297,214135110.6477253,1,0.9731549,0.0,1,0.0,18.603002309079653,1,0,0,1,0,0,0,0,100138851.0,Animation,Major Studio,June,120.0,186.05,214.14
Finding Neverland,2004,10,25000000.0,116766556.0,18.29823118211477,88475051.90089649,1,0.8743023,25.0,1,0.0,17.034386422832473,0,0,0,0,0,0,0,0,215387064.66666663,Drama,Mid-size Studio,October,25.0,116.77,88.48
Burn After Reading,2008,9,37000000.0,163720069.0,18.624171906819907,122567431.6146976,1,0.896581,45.0,1,0.0,17.426428497635523,0,0,0,0,1,0,0,0,98736118.25,Comedy,Mid-size Studio,September,37.0,163.72,122.57
Apocalypto,2006,12,40000000.0,120175290.0,18.828765473663864,150393457.3715189,1,0.91257435,25.0,1,0.0,17.50439003707821,0,0,1,0,0,0,0,0,410949710.0,Action,Mid-size Studio,December,40.0,120.18,150.39
The Fugitive,1993,8,44000000.0,368875760.0,19.194093490940524,216714957.11106575,1,0.91513634,0.0,1,0.0,17.599700214609808,1,0,1,0,0,0,0,0,69295883.5,Adventure,Major Studio,August,44.0,368.88,216.71
Let's Be Cops,2014,8,17000000.0,136621271.0,18.44606995177172,102571424.88554794,1,0.8823252,15.0,1,0.0,16.648723960844016,1,0,0,0,1,0,0,0,58361946.0,Comedy,Major Studio,August,17.0,136.62,102.57
AVP: Alien vs. Predator,2004,8,70000000.0,171183863.0,18.55418902732965,114283072.25940312,1,0.96207315,0.0,1,0.0,18.064005814299342,1,0,1,0,0,0,0,0,125630875.22222222,Adventure,Major Studio,August,70.0,171.18,114.28
Knocked Up,2007,6,30000000.0,219076518.0,18.9145917910923,163871277.61211646,1,0.94842184,25.0,1,0.0,17.216707972959764,1,0,0,0,1,1,0,0,99940699.5,Comedy,Major Studio,June,30.0,219.08,163.87
Mad Max,1979,4,400000.0,100000000.0,18.176839810715077,78361226.10169886,1,0.64146227,0.0,1,0.0,12.899222326086994,0,0,1,0,0,0,0,0,173927220.83333334,Adventure,Mid-size Studio,April,0.4,100.0,78.36
Brooklyn,2015,10,11000000.0,62076141.0,18.01932700403659,66941321.097410835,1,0.72598785,40.0,1,0.0,16.213405921671733,0,0,0,0,0,0,0,0,51751835.0,Drama,Mid-size Studio,October,11.0,62.08,66.94
Insidious: Chapter 2,2013,9,5000000.0,,17.995989097699592,65397139.85769908,0,0.46936208,20.0,0,,15.424948670398354,0,0,0,0,0,0,0,0,210955905.0,Horror,Mid-size Studio,September,5.0,,65.4
The Woman in Black,2012,2,17000000.0,127730736.0,18.040042711421663,68342521.25522248,1,0.75704473,40.0,1,0.0,16.648723960844016,0,0,0,0,0,0,0,0,3983997.0,Drama,Mid-size Studio,February,17.0,127.73,68.34
Predators,2010,7,40000000.0,126248813.0,18.58135192884942,117429876.81510615,1,0.86523986,0.0,1,0.0,17.50439003707821,1,0,1,0,0,0,0,0,15457594.0,Action,Major Studio,July,40.0,126.25,117.43
Seven Psychopaths,2012,9,15000000.0,19422261.0,17.42050921860389,36781633.59334693,0,0.36634853,35.0,0,0.0,16.52356082573315,0,0,0,0,1,0,0,0,34533783.0,Comedy,Mid-size Studio,September,15.0,19.42,36.78
Up in the Air,2009,9,25000000.0,163670000.0,18.6287521242467,123130104.70439774,1,0.8434418,45.0,1,0.0,17.034386422832473,1,0,0,0,0,1,0,0,74854983.0,Drama,Major Studio,September,25.0,163.67,123.13
Platoon,1986,12,6000000.0,138530565.0,18.559604700912395,114903671.04360837,1,0.6897631,25.0,1,0.0,15.607270193858982,0,0,1,0,0,0,0,0,94959837.5,Drama,Mid-size Studio,December,6.0,138.53,114.9
13 Going on 30,2004,4,37000000.0,96455697.0,18.858854640395556,154987439.16326234,1,0.9461034,0.0,1,0.0,17.426428497635523,1,0,0,0,1,0,0,0,87184916.33333333,Comedy,Major Studio,April,37.0,96.46,154.99
How to Be Single,2016,1,38000000.0,112343513.0,18.43789794644655,101736626.28208332,1,0.8876,20.0,1,0.0,17.453096744006448,1,0,0,0,1,0,0,0,51751835.0,Comedy,Major Studio,January,38.0,112.34,101.74
28 Weeks Later,2007,4,15000000.0,64238440.0,17.57177357353387,42788226.8948739,1,0.6040251,15.0,1,0.0,16.52356082573315,0,0,0,0,0,0,0,0,51751835.0,Horror,Mid-size Studio,April,15.0,64.24,42.79
Big Eyes,2014,12,10000000.0,28883511.0,17.852123626740028,56634200.45910012,0,0.39503604,40.0,0,0.0,16.118095750958314,0,0,0,0,0,0,0,0,254502671.5384615,Drama,Mid-size Studio,December,10.0,28.88,56.63
Surrogates,2009,9,80000000.0,122444772.0,18.79918719341955,146010221.36490184,1,0.9161071,20.0,1,0.0,18.19753720513815,0,0,1,0,0,0,0,0,204275186.33333337,Action,Mid-size Studio,September,80.0,122.44,146.01
Vacation,2015,7,31000000.0,104384188.0,18.473647964253185,105439507.17992692,1,0.91919386,0.0,1,0.0,17.249497794707484,1,0,0,0,1,0,0,0,51751835.0,Comedy,Major Studio,July,31.0,104.38,105.44
3:10 to Yuma,2007,9,55000000.0,70016220.0,18.639670504355916,124481852.01828696,1,0.93388873,45.0,1,0.0,17.822843761378564,0,0,0,0,0,0,0,0,199786342.0,Western,Mid-size Studio,September,55.0,70.02,124.48
Stardust,2007,8,70000000.0,135560026.0,19.08233411211916,193799389.4414736,1,0.9619617,0.0,1,0.0,18.064005814299342,1,0,0,0,0,0,0,0,153887747.0,Adventure,Major Studio,August,70.0,135.56,193.8
The Mask of Zorro,1998,7,95000000.0,250288523.0,19.42887609466091,274065062.62828124,1,0.9752483,0.0,1,0.0,18.36938746009113,0,0,1,0,0,0,0,0,267342738.16666663,Action,Mid-size Studio,July,95.0,250.29,274.07
Mary Poppins,1964,8,6000000.0,102272727.0,18.234314810483188,82996981.56680234,1,0.79539675,0.0,1,0.0,15.607270193858982,0,0,0,0,1,0,0,0,51751835.0,Comedy,Mid-size Studio,August,6.0,102.27,83.0
Sunshine,2007,4,50000000.0,32017803.0,18.043287471302403,68564636.49000825,1,0.6965823,0.0,0,1.0,17.72753358339242,0,0,0,0,0,0,0,0,102224963.42857143,Science Fiction,Mid-size Studio,April,50.0,32.02,68.56
Trainwreck,2015,7,35000000.0,140795793.0,18.586673762420062,118056484.95428018,1,0.93063694,0.0,1,0.0,17.370858648025116,1,0,0,0,1,0,0,0,119510880.75,Comedy,Major Studio,July,35.0,140.8,118.06
A Nightmare on Elm Street,1984,11,1800000.0,25504513.0,17.454396777388418,38049433.39538471,1,0.53715163,0.0,0,0.0,14.403297778421797,1,0,0,0,0,0,0,0,82143307.55555555,Horror,Major Studio,November,1.8,25.5,38.05
The Smurfs,2011,7,110000000.0,563749323.0,19.684987671717263,354063795.76713765,1,0.97759515,0.0,1,0.0,18.5159909328476,1,0,0,1,1,1,1,0,225558551.6,Animation,Major Studio,July,110.0,563.75,354.06
Alvin and the Chipmunks,2007,12,60000000.0,361366633.0,19.33390870276383,249235477.1104896,1,0.95849574,0.0,1,0.0,17.909855136853043,0,0,0,1,1,1,0,0,89809836.0,Comedy,Mid-size Studio,December,60.0,361.37,249.24
Fantastic Mr. Fox,2009,10,40000000.0,46471023.0,18.50135798981333,108402095.78451516,1,0.68007576,0.0,0,0.0,17.50439003707821,1,0,0,1,1,0,0,0,61128209.833333336,Adventure,Major Studio,October,40.0,46.47,108.4
Death Race,2008,8,45000000.0,73762516.0,18.266764610470073,85734391.04455231,1,0.7958468,0.0,1,0.0,17.622173069956816,1,0,1,0,0,0,0,0,136455469.33333334,Action,Major Studio,August,45.0,73.76,85.73
GoldenEye,1995,11,58000000.0,352194034.0,19.34523062313083,252073336.038296,1,0.96139085,0.0,1,0.0,17.87595358575207,0,0,1,0,0,0,0,0,250358486.33333337,Adventure,Mid-size Studio,November,58.0,352.19,252.07
Valkyrie,2008,12,75000000.0,200276000.0,19.126859581840534,202623386.8855258,1,0.9660898,25.0,1,0.0,18.13299868483392,1,0,0,0,0,0,0,0,372565571.5714286,Drama,Major Studio,December,75.0,200.28,202.62
Jack Ryan: Shadow Recruit,2014,1,60000000.0,50549107.0,18.44134442673165,102087864.48237564,1,0.8285745,45.0,0,1.0,17.909855136853043,1,0,1,0,0,0,0,0,496420485.5,Action,Major Studio,January,60.0,50.55,102.09
Forgetting Sarah Marshall,2008,4,30000000.0,105173115.0,18.66314398276228,127438439.04151276,1,0.93133336,25.0,1,0.0,17.216707972959764,1,0,0,0,1,0,0,0,130213832.0,Comedy,Major Studio,April,30.0,105.17,127.44
Bee Movie,2007,10,150000000.0,287594577.0,19.503026585768787,295159540.2078871,1,0.966773,0.0,1,0.0,18.8261458587272,1,0,0,1,1,1,0,0,51751835.0,Family,Major Studio,October,150.0,287.59,295.16
End of Watch,2012,9,7000000.0,48126384.0,17.499378536219115,39800041.42540769,0,0.2552527,45.0,0,0.0,15.76142084987672,0,0,0,0,0,0,0,0,209172666.2,Crime,Mid-size Studio,September,7.0,48.13,39.8
Perfume: The Story of a Murderer,2006,9,50000000.0,132180323.0,18.26312005803645,85422496.26106247,1,0.7469531,45.0,1,0.0,17.72753358339242,0,0,0,0,0,0,0,0,50130849.75,Crime,Mid-size Studio,September,50.0,132.18,85.42
Unstoppable,2010,11,100000000.0,167805466.0,19.004241361344953,179240915.53940418,1,0.9760942,0.0,1,0.0,18.420680753952364,1,0,1,0,0,0,0,0,154555933.9090909,Action,Major Studio,November,100.0,167.81,179.24
Kingdom of Heaven,2005,5,130000000.0,211643158.0,19.07625244177908,192624342.18348777,1,0.97016925,25.0,1,0.0,18.683045016112164,1,0,1,0,0,0,0,0,198527655.93333337,Drama,Major Studio,May,130.0,211.64,192.62
Grown Ups 2,2013,7,80000000.0,246984278.0,19.092297091729783,195739859.1962461,1,0.96775144,0.0,1,0.0,18.19753720513815,1,0,0,0,1,0,0,0,161853893.57142857,Comedy,Major Studio,July,80.0,246.98,195.74
The League of Extraordinary Gentlemen,2003,7,78000000.0,179265204.0,19.05731114104805,189010123.62773696,1,0.9710895,0.0,1,0.0,18.17221939747438,1,0,1,0,0,0,0,0,131183530.0,Fantasy,Major Studio,July,78.0,179.27,189.01
The Last Airbender,2010,6,150000000.0,318502923.0,19.299476558069212,240799827.23026285,1,0.97425336,0.0,1,0.0,18.8261458587272,1,0,1,0,0,0,0,0,266731500.875,Action,Major Studio,June,150.0,318.5,240.8
Evan Almighty,2007,6,175000000.0,173000000.0,19.41732918700647,270918659.22141564,1,0.9785976,0.0,1,1.0,18.980296537602072,1,0,0,0,1,1,0,0,192695813.0,Fantasy,Major Studio,June,175.0,173.0,270.92
Crank,2006,8,12000000.0,42931041.0,17.326016163781915,33465182.6987586,0,0.33447853,15.0,0,0.0,16.300417291085605,0,0,1,0,0,1,0,0,74868824.0,Action,Mid-size Studio,August,12.0,42.93,33.47
Chicken Run,2000,6,45000000.0,224834564.0,19.230169867803315,224675986.7396614,1,0.9428325,0.0,1,0.0,17.622173069956816,1,0,0,1,1,0,0,0,192452832.0,Animation,Major Studio,June,45.0,224.83,224.68
Machete,2010,9,20000000.0,31327899.0,17.659410959438183,46707295.82851771,0,0.27835205,35.0,0,0.0,16.811242881518265,0,0,1,0,1,0,0,0,71904778.8,Action,Mid-size Studio,September,20.0,31.33,46.71
Crash,2004,1,6500000.0,98410061.0,17.42170672969723,36825706.39236975,1,0.5788695,45.0,1,0.0,15.687312888712007,0,0,0,0,0,0,0,0,40345220.5,Drama,Mid-size Studio,January,6.5,98.41,36.83
Insomnia,2002,5,46000000.0,113714830.0,18.54952072951887,113750808.18893056,1,0.8638008,0.0,1,0.0,17.6441519761925,0,0,0,0,0,0,0,0,587681200.5714285,Crime,Mid-size Studio,May,46.0,113.71,113.75
Pineapple Express,2008,8,27000000.0,101624843.0,18.182406466604508,78798652.4594854,1,0.8771024,0.0,1,0.0,17.11134746100564,1,0,1,0,1,0,0,0,14169191.6,Action,Major Studio,August,27.0,101.62,78.8
Run All Night,2015,3,50000000.0,71561644.0,18.09412972840141,72140756.11051273,1,0.8419598,25.0,1,0.0,17.72753358339242,0,0,1,0,0,0,0,0,116611825.4,Action,Mid-size Studio,March,50.0,71.56,72.14
Donnie Brasco,1997,2,35000000.0,41954997.0,18.382928561366043,96295153.74865387,1,0.7105385,25.0,0,0.0,17.370858648025116,0,0,0,0,0,0,0,0,372596029.75,Crime,Mid-size Studio,February,35.0,41.95,96.3
Meet Joe Black,1998,11,90000000.0,142940100.0,19.06617877625412,190693649.8795335,1,0.97009045,25.0,1,0.0,18.31532023940565,1,0,0,0,0,0,0,0,120680097.66666669,Fantasy,Major Studio,November,90.0,142.94,190.69
Snitch,2013,2,35000000.0,42930462.0,17.941617360240816,61936321.59085732,1,0.56336963,25.0,0,0.0,17.370858648025116,0,0,0,0,0,0,0,0,51751835.0,Thriller,Mid-size Studio,February,35.0,42.93,61.94
Ghost Rider: Spirit of Vengeance,2011,12,57000000.0,149217355.0,18.625035647560264,122673343.83345234,1,0.9445304,0.0,1,0.0,17.858561843342684,1,0,1,0,0,0,1,0,39440052.666666664,Action,Major Studio,December,57.0,149.22,122.67
A Walk Among the Tombstones,2014,9,28000000.0,53181600.0,17.644861104887905,46032631.48929308,1,0.58464295,45.0,1,0.0,17.147715103853763,0,0,0,0,0,0,0,0,51751835.0,Crime,Mid-size Studio,September,28.0,53.18,46.03
Changeling,2008,1,55000000.0,113020255.0,18.67445339976393,128887874.1863352,1,0.85700595,45.0,1,0.0,17.822843761378564,0,0,0,0,0,0,0,0,126265191.21052632,Crime,Mid-size Studio,January,55.0,113.02,128.89
Lights Out,2016,7,4900000.0,44107032.0,17.76114972167631,51709377.31012224,0,0.37793264,0.0,0,0.0,15.404745967162468,0,0,0,0,0,0,0,0,51751835.0,Horror,Mid-size Studio,July,4.9,44.11,51.71
American Wedding,2003,8,55000000.0,231449203.0,19.10059877941327,197371594.08821547,1,0.9681345,0.0,1,0.0,17.822843761378564,1,0,0,0,1,0,0,0,43612934.0,Comedy,Major Studio,August,55.0,231.45,197.37
The Hunchback of Notre Dame,1996,6,100000000.0,100138851.0,19.01041472747499,180350857.85781187,1,0.9557992,25.0,1,0.0,18.420680753952364,1,0,0,1,0,0,0,0,186053725.0,Drama,Major Studio,June,100.0,100.14,180.35
Once Upon a Time in the West,1968,12,5000000.0,5321508.0,15.701146680561664,6590544.503783272,0,0.2052554,25.0,0,0.0,15.424948670398354,1,0,0,0,0,0,0,0,10250000.0,Western,Major Studio,December,5.0,5.32,6.59
Dumb and Dumber To,2014,11,40000000.0,169837010.0,18.67987221170248,129588189.06680503,1,0.91405207,0.0,1,0.0,17.50439003707821,1,0,0,0,1,0,0,0,116838088.9,Comedy,Major Studio,November,40.0,169.84,129.59
Invictus,2009,12,60000000.0,122233971.0,18.911185717688532,163314069.49296844,1,0.9414402,25.0,1,0.0,17.909855136853043,1,0,0,0,0,1,0,0,125780258.78947368,Drama,Major Studio,December,60.0,122.23,163.31
Date Night,2010,4,55000000.0,152263880.0,18.912253035242284,163488470.5212636,1,0.9553935,0.0,1,0.0,17.822843761378564,1,0,0,0,1,1,0,0,229591464.7777778,Comedy,Major Studio,April,55.0,152.26,163.49
The Walk,2015,9,35000000.0,61181942.0,18.20600716468897,80680474.50016999,1,0.79829174,45.0,1,0.0,17.370858648025116,0,0,0,0,0,0,0,0,294120005.0,Adventure,Mid-size Studio,September,35.0,61.18,80.68
Epic,2013,5,100000000.0,268426634.0,19.476858417494956,287535938.542979,1,0.9721995,0.0,1,0.0,18.420680753952364,1,0,0,1,0,0,0,0,321977065.0,Animation,Major Studio,May,100.0,268.43,287.54
True Lies,1994,7,115000000.0,378882411.0,19.372546072510275,259053734.86086985,1,0.97390705,0.0,1,0.0,18.560442695023177,1,0,1,0,0,0,0,0,917447838.0,Action,Major Studio,July,115.0,378.88,259.05
Red Dragon,2002,9,78000000.0,209196298.0,18.661432923366103,127220570.74719672,1,0.91083646,20.0,1,0.0,18.17221939747438,1,0,0,0,0,0,0,0,253731001.66666663,Crime,Major Studio,September,78.0,209.2,127.22
Mirror Mirror,2012,3,85000000.0,183018522.0,19.056901063433504,188932630.6968486,1,0.96946186,25.0,1,0.0,18.258161826219297,0,0,0,0,1,1,0,0,120527695.33333331,Adventure,Mid-size Studio,March,85.0,183.02,188.93
Bridge to Terabithia,2007,2,60000000.0,137587063.0,18.607812847293292,120578655.29625332,1,0.9204043,25.0,1,0.0,17.909855136853043,0,0,0,0,0,0,0,0,51751835.0,Adventure,Mid-size Studio,February,60.0,137.59,120.58
Unforgiven,1992,8,14000000.0,159157447.0,18.69775043672939,131925830.0606438,1,0.8452448,40.0,1,0.0,16.454567959008102,1,0,0,0,0,0,0,0,123836917.94736844,Western,Major Studio,August,14.0,159.16,131.93
"O Brother, Where Art Thou?",2000,8,26000000.0,71868327.0,18.43253847645239,101192830.41134527,1,0.914506,0.0,1,0.0,17.073607134447293,1,0,1,0,1,0,0,0,110217586.0,Action,Major Studio,August,26.0,71.87,101.19
The Bucket List,2007,12,45000000.0,175372502.0,18.51703373129773,110114767.65992554,1,0.899286,25.0,1,0.0,17.622173069956816,0,0,0,0,1,0,0,0,69824997.22222222,Drama,Mid-size Studio,December,45.0,175.37,110.11
Match Point,2005,10,15000000.0,85306374.0,18.19652603979101,79919147.6556506,1,0.76142645,40.0,1,0.0,16.52356082573315,0,0,0,0,0,0,0,0,53072242.18181818,Drama,Mid-size Studio,October,15.0,85.31,79.92
Still Alice,2014,12,5000000.0,43884652.0,17.384367058877498,35476002.17151969,0,0.12841976,25.0,0,0.0,15.424948670398354,0,0,0,0,0,0,0,0,51751835.0,Drama,Mid-size Studio,December,5.0,43.88,35.48
Under the Skin,2014,3,13300000.0,5380251.0,16.517327874175937,14906796.48863824,0,0.28736803,40.0,0,1.0,16.40327466837995,0,0,0,0,0,0,0,0,51751835.0,Thriller,Mid-size Studio,March,13.3,5.38,14.91
The Boy,2016,1,10000000.0,64188367.0,18.143217204898303,75770318.06744066,1,0.7360582,35.0,1,0.0,16.118095750958314,0,0,0,0,0,0,0,0,64431792.5,Horror,Mid-size Studio,January,10.0,64.19,75.77
Being John Malkovich,1999,9,13000000.0,22863596.0,17.587653554263348,43473126.83546483,0,0.47843862,60.0,0,0.0,16.380459992348886,0,0,0,0,1,0,0,0,60079739.0,Fantasy,Mid-size Studio,September,13.0,22.86,43.47
The Butler,2013,8,25000000.0,115922175.0,18.175959977879657,78292311.6421188,1,0.74531156,25.0,1,0.0,17.034386422832473,0,0,0,0,0,0,0,0,47536959.0,Drama,Mid-size Studio,August,25.0,115.92,78.29
The Patriot,2000,6,110000000.0,215294342.0,19.235859879114813,225958039.6400732,1,0.96670735,25.0,1,0.0,18.5159909328476,0,0,1,0,0,0,0,0,391646671.14285713,Drama,Mid-size Studio,June,110.0,215.29,225.96
Ace Ventura: When Nature Calls,1995,11,30000000.0,212385533.0,18.831540566921017,150811392.88055658,1,0.88131464,0.0,1,0.0,17.216707972959764,0,0,0,0,1,0,0,0,72779000.0,Crime,Mid-size Studio,November,30.0,212.39,150.81
Close Encounters of the Third Kind,1977,11,20000000.0,303788635.0,19.16284407955144,210047462.44558725,1,0.9006706,40.0,1,0.0,16.811242881518265,0,0,0,0,0,0,0,0,340138635.7307692,Science Fiction,Mid-size Studio,November,20.0,303.79,210.05
Blue Jasmine,2013,7,18000000.0,99206215.0,17.941320119717826,61917914.34176405,1,0.68833154,40.0,1,0.0,16.705882371415992,0,0,0,0,1,0,0,0,51808620.27272727,Comedy,Mid-size Studio,July,18.0,99.21,61.92
A Christmas Carol,2009,11,200000000.0,325233863.0,19.364157567782183,256889750.35929447,1,0.9695181,25.0,1,0.0,19.11382792951231,0,0,0,1,0,0,0,0,272115678.25,Animation,Mid-size Studio,November,200.0,325.23,256.89
Die Another Day,2002,11,140000000.0,431971116.0,19.4174207542761,270943467.63922656,1,0.97601694,0.0,1,0.0,18.75715298771643,0,0,1,0,0,0,0,0,56323250.0,Adventure,Mid-size Studio,November,140.0,431.97,270.94
Self/less,2015,7,26000000.0,30523226.0,17.97595323505549,64099890.873941414,1,0.60312927,0.0,0,0.0,17.073607134447293,0,0,0,0,0,0,0,0,171359460.66666666,Science Fiction,Mid-size Studio,July,26.0,30.52,64.1
The Road,2009,11,32000000.0,27635305.0,17.383441867795085,35443195.26841302,0,0.4051961,25.0,0,1.0,17.281246492014,0,0,0,0,0,1,0,0,8843995.0,Adventure,Mid-size Studio,November,32.0,27.64,35.44
Vanilla Sky,2001,12,68000000.0,203388341.0,19.11524460841435,200283536.5745452,1,0.96772546,25.0,1,0.0,18.035018277846262,1,0,0,0,0,0,0,0,103860606.2,Drama,Major Studio,December,68.0,203.39,200.28
Road to Perdition,2002,7,80000000.0,181001478.0,18.993027659005367,177242188.76229265,1,0.963716,25.0,1,0.0,18.19753720513815,1,0,0,0,0,0,0,0,422091221.8333333,Thriller,Major Studio,July,80.0,181.0,177.24
Amadeus,1984,10,18000000.0,51973029.0,18.618878386515306,121920332.64827593,1,0.7416412,40.0,1,0.0,16.705882371415992,1,0,0,0,0,0,0,0,78207852.5,Drama,Major Studio,October,18.0,51.97,121.92
It's a Wonderful Life,1946,12,3180000.0,9644124.0,16.05275517209598,9367483.660225485,0,0.13539529,25.0,0,0.0,14.97239206922172,0,0,0,0,0,0,0,0,6633275.25,Drama,Mid-size Studio,December,3.18,9.64,9.37
Airplane!,1980,7,3500000.0,83453539.0,18.43425469702008,101366648.7425499,1,0.7233623,0.0,1,0.0,15.068273812173889,1,0,0,0,1,1,0,0,239366323.0,Comedy,Major Studio,July,3.5,83.45,101.37
Over the Hedge,2006,4,80000000.0,343397247.0,19.386838386177384,262782797.0961883,1,0.9670988,0.0,1,0.0,18.19753720513815,1,0,0,1,1,0,0,0,51751835.0,Comedy,Major Studio,April,80.0,343.4,262.78
Turbo,2013,7,135000000.0,282570682.0,19.449795121233915,279858623.53124094,1,0.96879464,0.0,1,0.0,18.72078534381011,1,0,0,1,0,0,0,0,51751835.0,Animation,Major Studio,July,135.0,282.57,279.86
Saw III,2006,10,10000000.0,163876815.0,18.326997794784475,91057140.39041977,1,0.81063366,15.0,1,0.0,16.118095750958314,0,0,0,0,0,0,0,0,97488617.33333331,Horror,Mid-size Studio,October,10.0,163.88,91.06
The Village,2004,7,60000000.0,256697520.0,18.946601048473372,169201529.13953498,1,0.9412898,25.0,1,0.0,17.909855136853043,0,0,0,0,0,0,0,0,274457176.25,Drama,Mid-size Studio,July,60.0,256.7,169.2
Once Upon a Time in America,1984,2,30000000.0,,17.279828757235627,31954664.630033247,0,0.33470565,25.0,0,,17.216707972959764,1,0,0,0,0,0,0,0,6000000.0,Drama,Major Studio,February,30.0,,31.95
Cube,1997,9,250000.0,501818.0,14.371257350550213,1743241.3392471,0,0.2545919,20.0,0,0.0,12.429220196836384,0,0,0,0,0,0,0,0,51751835.0,Thriller,Mid-size Studio,September,0.25,0.5,1.74
Money Monster,2016,5,27000000.0,93282604.0,17.67297870858908,47345327.2529874,1,0.73722506,0.0,1,0.0,17.11134746100564,0,0,0,0,0,0,0,0,9244992.5,Thriller,Mid-size Studio,May,27.0,93.28,47.35
Mud,2013,5,10000000.0,21587700.0,17.352679731128895,34369486.28257421,0,0.4944421,40.0,0,0.0,16.118095750958314,0,0,0,0,0,0,0,0,4655798.0,Drama,Mid-size Studio,May,10.0,21.59,34.37
Silent Hill,2006,4,50000000.0,97607453.0,18.6923754681946,131218635.1475578,1,0.9267943,0.0,1,0.0,17.72753358339242,0,0,0,0,0,0,0,0,51751835.0,Horror,Mid-size Studio,April,50.0,97.61,131.22
The Lovely Bones,2009,12,65000000.0,93525586.0,18.9650170503974,172346414.06598216,1,0.9496351,25.0,1,0.0,17.989897843244528,1,0,0,0,0,0,0,0,800639654.25,Fantasy,Major Studio,December,65.0,93.53,172.35
The Blues Brothers,1980,6,27000000.0,115229890.0,18.79262231502953,145054821.48467642,1,0.76205313,0.0,1,0.0,17.11134746100564,1,0,1,0,1,0,0,0,116869663.0,Music,Major Studio,June,27.0,115.23,145.05
The Longest Ride,2015,4,34000000.0,63013281.0,18.231386631089,82754306.98342362,1,0.8581479,25.0,1,0.0,17.341871111992198,0,0,0,0,0,0,0,0,35948317.5,Drama,Mid-size Studio,April,34.0,63.01,82.75
I Origins,2014,7,,336472.0,15.021561087609772,3340265.2842883132,0,0.25237796,25.0,0,,,0,0,0,0,0,0,0,0,1776935.0,Science Fiction,Mid-size Studio,July,,0.34,3.34
Step Brothers,2008,7,65000000.0,128107642.0,19.051142185385128,187847717.65090764,1,0.9602436,0.0,1,0.0,17.989897843244528,1,0,0,0,1,1,0,0,146193762.6,Comedy,Major Studio,July,65.0,128.11,187.85
Phone Booth,2002,9,13000000.0,97837138.0,18.0448972370781,68675098.38189554,1,0.7446009,60.0,1,0.0,16.380459992348886,0,0,0,0,0,0,0,0,111599954.91666669,Thriller,Mid-size Studio,September,13.0,97.84,68.68
Identity,2003,4,30000000.0,90259536.0,18.35620823303363,93756187.66227144,1,0.9107448,0.0,1,0.0,17.216707972959764,0,0,0,0,0,0,0,0,195737678.8,Mystery,Mid-size Studio,April,30.0,90.26,93.76
Transporter 2,2005,8,32000000.0,85167639.0,17.999766376602533,65644630.22398057,1,0.8538116,0.0,1,0.0,17.281246492014,1,0,1,0,0,0,0,0,121784830.4,Action,Major Studio,August,32.0,85.17,65.64
Step Up,2006,8,12000000.0,114194847.0,18.164317094534223,77386049.36961481,1,0.64902353,40.0,1,0.0,16.300417291085605,0,0,0,0,0,0,0,0,142794569.25,Music,Mid-size Studio,August,12.0,114.19,77.39
Little Fockers,2010,12,100000000.0,310650585.0,19.40849478003668,268535794.6170263,1,0.9672058,0.0,1,0.0,18.420680753952364,1,0,0,0,1,1,0,0,17827899.333333332,Comedy,Major Studio,December,100.0,310.65,268.54
Dracula,1992,11,40000000.0,215862692.0,19.20331310644322,218722224.5974061,1,0.93948185,0.0,1,0.0,17.50439003707821,0,0,0,0,0,0,0,0,74464630.33333333,Romance,Mid-size Studio,November,40.0,215.86,218.72
Babel,2006,9,25000000.0,135330182.0,18.208243427358298,80861099.12245156,1,0.83665144,45.0,1,0.0,17.034386422832473,0,0,0,0,0,0,0,0,148529937.8,Drama,Mid-size Studio,September,25.0,135.33,80.86
The Raid,2011,9,1100000.0,4105187.0,15.854574165776674,7683410.143134818,0,0.11165072,20.0,0,0.0,13.910821646859096,0,0,1,0,0,0,0,0,51751835.0,Action,Mid-size Studio,September,1.1,4.11,7.68
Mortdecai,2015,1,60000000.0,30418560.0,18.696953038126377,131820674.51826753,1,0.89637625,20.0,0,1.0,17.909855136853043,0,0,0,0,1,0,0,0,48376619.0,Comedy,Mid-size Studio,January,60.0,30.42,131.82
The Blair Witch Project,1999,7,60000.0,248000000.0,17.770641371935913,52202521.31707251,1,0.58784205,0.0,1,0.0,11.002116507732016,0,0,0,0,0,0,0,0,51751835.0,Horror,Mid-size Studio,July,0.06,248.0,52.2
Rush Hour 2,2001,8,90000000.0,347325802.0,19.153544044884757,208103069.23034644,1,0.97038597,0.0,1,0.0,18.31532023940565,1,0,1,0,1,1,0,0,230709417.66666663,Action,Major Studio,August,90.0,347.33,208.1
Get Smart,2008,6,80000000.0,230685453.0,19.060003973794135,189519782.18532684,1,0.97221047,0.0,1,0.0,18.19753720513815,1,0,1,0,1,0,0,0,121230250.6,Action,Major Studio,June,80.0,230.69,189.52
Oculus,2013,9,5000000.0,44030246.0,17.456857587517312,38143181.12932208,0,0.26045948,20.0,0,0.0,15.424948670398354,0,0,0,0,0,0,0,0,51751835.0,Horror,Mid-size Studio,September,5.0,44.03,38.14
Office Space,1999,2,10000000.0,12827813.0,17.028479042261814,24852750.836464357,0,0.36126947,15.0,0,0.0,16.118095750958314,1,0,0,0,1,1,0,0,5672043.0,Comedy,Major Studio,February,10.0,12.83,24.85
The Artist,2011,5,15000000.0,133432856.0,18.147648249235026,76106804.65357454,1,0.6441331,40.0,1,0.0,16.52356082573315,0,0,0,0,1,0,0,0,51751835.0,Drama,Mid-size Studio,May,15.0,133.43,76.11
The Gift,2015,7,5000000.0,58978653.0,17.169143949130152,28606482.592327043,0,0.22363548,0.0,1,0.0,15.424948670398354,0,0,0,0,0,0,0,0,51751835.0,Thriller,Mid-size Studio,July,5.0,58.98,28.61
Atonement,2007,8,30000000.0,129266061.0,18.47311527652387,105383355.8046373,1,0.91085863,25.0,1,0.0,17.216707972959764,1,0,0,0,0,0,0,0,82793530.6,Drama,Major Studio,August,30.0,129.27,105.38
You Don't Mess with the Zohan,2008,6,90000000.0,201596308.0,19.175512203703573,212725295.53963897,1,0.9804739,0.0,1,0.0,18.31532023940565,1,0,1,0,1,0,0,0,168337889.2857143,Comedy,Major Studio,June,90.0,201.6,212.73
The Spectacular Now,2013,8,2500000.0,6854611.0,16.505075972562516,14725274.1400877,0,0.21041395,25.0,0,0.0,14.731801689838347,0,0,0,0,1,0,0,0,51751835.0,Comedy,Mid-size Studio,August,2.5,6.85,14.73
Unfriended,2015,4,1000000.0,62882090.0,17.807108605633815,54141339.71159076,1,0.5829187,0.0,1,0.0,13.815511557963774,0,0,0,0,0,0,0,0,51751835.0,Horror,Mid-size Studio,April,1.0,62.88,54.14
Dances with Wolves,1990,11,22000000.0,424208848.0,18.56743070250964,115806435.2741298,1,0.72206205,40.0,1,0.0,16.906553056777135,0,0,0,0,0,0,0,0,42961263.5,Adventure,Mid-size Studio,November,22.0,424.21,115.81
The Mechanic,2011,1,40000000.0,51070807.0,17.98367538868982,64596796.20732762,0,0.4645219,20.0,0,0.0,17.50439003707821,0,0,1,0,0,0,0,0,171678065.5,Action,Mid-size Studio,January,40.0,51.07,64.6
The Day the Earth Stood Still,2008,12,80000000.0,233093859.0,18.89392633104263,160519553.9877524,1,0.9624066,25.0,1,0.0,18.19753720513815,1,0,0,0,0,0,0,0,110964453.5,Drama,Major Studio,December,80.0,233.09,160.52
Magic Mike,2012,6,7000000.0,167221571.0,18.07348574660656,70666750.6531636,1,0.78655344,25.0,1,0.0,15.76142084987672,0,0,0,0,1,0,0,0,149818682.46153846,Drama,Mid-size Studio,June,7.0,167.22,70.67
Downfall,2004,9,18339750.0,92180910.0,18.046332835456955,68773759.04483527,0,0.49621338,60.0,1,0.0,16.724581447819293,0,0,0,0,0,0,0,0,15071514.0,Drama,Mid-size Studio,September,18.34,92.18,68.77
Halloween,1978,10,300000.0,70000000.0,17.304701210639237,32759422.222364973,0,0.36526918,0.0,1,0.0,12.611541086966117,0,0,0,0,0,0,0,0,23238497.375,Horror,Mid-size Studio,October,0.3,70.0,32.76
Journey 2: The Mysterious Island,2012,1,79000000.0,355692760.0,19.004492694178182,179285970.3284261,1,0.9395976,20.0,1,0.0,18.18495842308952,1,0,1,0,0,1,0,0,291487298.0,Adventure,Major Studio,January,79.0,355.69,179.29
Final Destination 2,2003,1,26000000.0,90426405.0,18.633953994654053,123772280.36672664,1,0.9275349,20.0,1,0.0,17.073607134447293,1,0,0,0,0,0,0,0,78684574.5,Horror,Major Studio,January,26.0,90.43,123.77
The Princess Diaries,2001,8,37000000.0,165335153.0,19.005424345298664,179453080.13643292,1,0.9452541,0.0,1,0.0,17.426428497635523,1,0,0,0,1,0,0,0,212642641.16666663,Comedy,Major Studio,August,37.0,165.34,179.45
The Boy Next Door,2015,1,4000000.0,52425855.0,18.117648365114075,73857517.17769451,1,0.7737367,20.0,1,0.0,15.201805169084134,1,0,0,0,0,0,0,0,162829268.125,Thriller,Major Studio,January,4.0,52.43,73.86
Superman,1978,12,55000000.0,300218018.0,19.13897335710103,205092848.12004387,1,0.94091403,0.0,1,0.0,17.822843761378564,1,0,1,0,0,1,1,0,100394245.3,Action,Major Studio,December,55.0,300.22,205.09
The Angry Birds Movie,2016,5,73000000.0,349779543.0,19.421296346829784,271995571.57494116,1,0.96612096,0.0,1,0.0,18.105970012811294,1,0,0,1,0,0,0,0,51751835.0,Family,Major Studio,May,73.0,349.78,272.0
Vicky Cristina Barcelona,2008,8,15000000.0,96408652.0,18.100399345547316,72594471.86402123,1,0.7258356,40.0,1,0.0,16.52356082573315,0,0,0,0,0,0,0,0,52062944.18181818,Drama,Mid-size Studio,August,15.0,96.41,72.59
Wild Wild West,1999,6,170000000.0,222104681.0,19.21794138317675,221945270.16868067,1,0.97121,25.0,1,0.0,18.951309000896888,1,0,1,0,1,0,0,0,328389009.3333333,Action,Major Studio,June,170.0,222.1,221.95
Casper,1995,5,50000000.0,287928194.0,18.988929343214856,176517280.7628364,1,0.9397833,0.0,1,0.0,17.72753358339242,1,0,0,0,1,0,0,0,92461665.0,Fantasy,Major Studio,May,50.0,287.93,176.52
A Walk to Remember,2002,1,11000000.0,41227069.0,17.49969378460136,39812590.30229816,1,0.5869119,60.0,0,0.0,16.213405921671733,1,0,0,0,0,0,0,0,118905100.57142857,Drama,Major Studio,January,11.0,41.23,39.81
Eagle Eye,2008,9,80000000.0,178066569.0,19.00557213835796,179479604.01626834,1,0.9515617,20.0,1,0.0,18.19753720513815,0,0,1,0,0,0,0,0,87643220.66666667,Mystery,Mid-size Studio,September,80.0,178.07,179.48
The Number 23,2007,2,30000000.0,77566815.0,18.360491886632413,94158668.12523516,1,0.9281961,25.0,1,0.0,17.216707972959764,1,0,0,0,0,0,0,0,113289148.5,Thriller,Major Studio,February,30.0,77.57,94.16
Dawn of the Dead,2004,3,28000000.0,102356381.0,18.411242026526864,99060567.74496415,1,0.8520377,0.0,1,0.0,17.147715103853763,0,0,1,0,0,1,0,0,395640167.6666667,Fantasy,Mid-size Studio,March,28.0,102.36,99.06
Valentine's Day,2010,2,52000000.0,216485654.0,19.08225239812777,193783553.9667507,1,0.9529552,0.0,1,0.0,17.76675429577647,1,0,0,0,1,1,0,0,204117557.66666663,Comedy,Major Studio,February,52.0,216.49,193.78
Austin Powers: International Man of Mystery,1997,5,16500000.0,67683989.0,18.41301365271976,99236221.59377272,1,0.8483878,15.0,1,0.0,16.61887099947687,1,0,0,0,1,1,0,0,236409463.85714287,Science Fiction,Major Studio,May,16.5,67.68,99.24
Austin Powers: The Spy Who Shagged Me,1999,6,33000000.0,310940086.0,19.00009013544166,178498388.26926544,1,0.91292226,0.0,1,0.0,17.312018149733785,1,0,0,0,1,1,0,0,201658592.85714287,Adventure,Major Studio,June,33.0,310.94,178.5
Annie Hall,1977,4,4000000.0,38251425.0,17.232035690457288,30463373.698821485,0,0.10699989,25.0,0,0.0,15.201805169084134,0,0,0,0,1,0,0,0,57349964.81818182,Comedy,Mid-size Studio,April,4.0,38.25,30.46
Johnny English Reborn,2011,9,45000000.0,160078586.0,18.572679816181733,116415914.63589343,1,0.8935163,20.0,1,0.0,17.622173069956816,1,0,1,0,1,1,0,0,18535191.0,Crime,Major Studio,September,45.0,160.08,116.42
Disturbia,2007,4,20000000.0,117760134.0,18.341352771623907,92373690.4611614,1,0.87349117,40.0,1,0.0,16.811242881518265,1,0,0,0,0,0,0,0,107745365.66666669,Thriller,Major Studio,April,20.0,117.76,92.37
Blended,2014,5,40000000.0,123494610.0,18.572848892238863,116435599.4439643,1,0.91052336,0.0,1,0.0,17.50439003707821,1,0,0,0,1,0,0,0,147760954.2,Comedy,Major Studio,May,40.0,123.49,116.44
That Awkward Moment,2014,1,8000000.0,26049082.0,17.344088095548003,34075461.060171336,0,0.37626114,20.0,0,0.0,15.894952224644102,0,0,0,0,1,1,0,0,51751835.0,Comedy,Mid-size Studio,January,8.0,26.05,34.08
The NeverEnding Story,1984,4,27000000.0,20158808.0,17.689244868411457,48121751.53058752,1,0.73532736,25.0,0,1.0,17.11134746100564,1,0,0,0,0,0,0,0,265809545.83333337,Drama,Major Studio,April,27.0,20.16,48.12
High School Musical,2006,1,4200000.0,,17.896352244213496,59195271.73482021,0,0.3331318,45.0,0,,15.250595321348806,0,0,0,0,1,0,0,0,23257356.5,Comedy,Mid-size Studio,January,4.2,,59.2
The BFG,2016,6,140000000.0,183345589.0,19.291155186115592,238804356.3356828,1,0.969842,0.0,1,0.0,18.75715298771643,1,0,0,0,0,0,0,0,344771060.5769231,Adventure,Major Studio,June,140.0,183.35,238.8
The Wrestler,2008,9,6000000.0,44703995.0,17.789903279993606,53217788.09977896,0,0.36900142,45.0,0,0.0,15.607270193858982,0,0,0,0,0,0,0,0,143271470.8,Drama,Mid-size Studio,September,6.0,44.7,53.22
Enemy at the Gates,2001,3,68000000.0,96976270.0,18.74094842221085,137749643.08387643,1,0.9532307,0.0,1,0.0,18.035018277846262,1,0,0,0,0,0,0,0,82963430.0,War,Major Studio,March,68.0,96.98,137.75
Goosebumps,2015,8,58000000.0,158162788.0,18.919401618223127,164661368.71155924,1,0.9452066,0.0,1,0.0,17.87595358575207,1,0,0,0,1,0,0,0,237382724.0,Adventure,Major Studio,August,58.0,158.16,164.66
Big,1988,6,18000000.0,151668774.0,18.906273433579543,162513791.5851965,1,0.862775,40.0,1,0.0,16.705882371415992,1,0,0,0,1,0,0,0,55844805.666666664,Fantasy,Major Studio,June,18.0,151.67,162.51
Waterworld,1995,7,175000000.0,264218220.0,19.453070372451226,280776733.5316245,1,0.9580861,0.0,1,0.0,18.980296537602072,1,0,1,0,0,0,0,0,128065898.5,Adventure,Major Studio,July,175.0,264.22,280.78
War Horse,2011,12,66000000.0,177584879.0,18.970023505958306,173211422.23982656,1,0.939923,25.0,1,0.0,18.005165315142214,0,0,0,0,0,0,0,0,344992626.34615386,Drama,Mid-size Studio,December,66.0,177.58,173.21
What Women Want,2000,12,70000000.0,374111707.0,19.66331233287422,346471918.4889058,1,0.9712719,0.0,1,0.0,18.064005814299342,1,0,0,0,1,0,0,0,218641441.25,Comedy,Major Studio,December,70.0,374.11,346.47
Philadelphia,1993,12,26000000.0,206678440.0,18.94809731514536,169454889.24980736,1,0.8522618,25.0,1,0.0,17.073607134447293,0,0,0,0,0,0,0,0,184424443.0,Drama,Mid-size Studio,December,26.0,206.68,169.45
The Tree of Life,2011,5,32000000.0,54674226.0,17.59007143812944,43578366.98782902,1,0.8843426,25.0,1,0.0,17.281246492014,0,0,0,0,0,0,0,0,64331289.0,Drama,Mid-size Studio,May,32.0,54.67,43.58
Elf,2003,10,32000000.0,173398518.0,18.754870858721333,139680866.22912642,1,0.92425126,0.0,1,0.0,17.281246492014,1,0,0,0,1,0,0,0,449091142.8,Comedy,Major Studio,October,32.0,173.4,139.68
Goldfinger,1964,9,2500000.0,124881062.0,18.38468095503288,96464048.70999148,1,0.80549556,20.0,1,0.0,14.731801689838347,0,0,1,0,0,1,0,0,95649845.75,Adventure,Mid-size Studio,September,2.5,124.88,96.46
Beautiful Creatures,2013,2,60000000.0,60052138.0,18.748324199786833,138769409.9836088,1,0.9362208,25.0,1,0.0,17.909855136853043,1,0,0,0,0,0,0,0,70302971.0,Fantasy,Major Studio,February,60.0,60.05,138.77
Ouija,2014,10,5000000.0,103590271.0,18.165923148038157,77510435.365512,1,0.73866993,0.0,1,0.0,15.424948670398354,1,0,0,0,0,0,0,0,51751835.0,Horror,Major Studio,October,5.0,103.59,77.51
Insidious: Chapter 3,2015,6,10000000.0,104303851.0,17.618570121971857,44838159.06438487,1,0.722683,40.0,1,0.0,16.118095750958314,0,0,0,0,0,0,0,0,51751835.0,Drama,Mid-size Studio,June,10.0,104.3,44.84
Scary Movie 2,2001,7,45000000.0,141220678.0,19.038714387156944,185527630.7532151,1,0.9408928,0.0,1,0.0,17.622173069956816,0,0,0,0,1,0,0,0,81358004.66666667,Comedy,Mid-size Studio,July,45.0,141.22,185.53
DodgeBall: A True Underdog Story,2004,6,20000000.0,167722310.0,18.815876157070385,148467427.74074066,1,0.9478066,15.0,1,0.0,16.811242881518265,1,0,0,0,1,1,0,0,243483331.0,Comedy,Major Studio,June,20.0,167.72,148.47
Austin Powers in Goldmember,2002,7,63000000.0,296655431.0,19.189647158907135,215753509.49234864,1,0.9570531,0.0,1,0.0,17.958645300228824,1,0,0,0,1,1,0,0,203699257.85714287,Comedy,Major Studio,July,63.0,296.66,215.75
Rio 2,2014,3,103000000.0,500188435.0,19.46969579593444,285483785.5939484,1,0.96785206,0.0,1,0.0,18.450239555902648,1,0,0,1,1,0,0,0,677421119.0,Animation,Major Studio,March,103.0,500.19,285.48
One Day,2011,3,15000000.0,59389433.0,17.845835998319288,56279222.797717355,1,0.57385105,40.0,1,0.0,16.52356082573315,0,0,0,0,0,0,0,0,26096852.0,Drama,Mid-size Studio,March,15.0,59.39,56.28
27 Dresses,2008,1,30000000.0,160259319.0,18.28662206718254,87453873.79889844,1,0.9238648,20.0,1,0.0,17.216707972959764,0,0,0,0,1,0,0,0,131278451.25,Comedy,Mid-size Studio,January,30.0,160.26,87.45
P.S. I Love You,2007,11,30000000.0,156835339.0,18.539924196643025,112664415.94578758,1,0.8786528,25.0,1,0.0,17.216707972959764,0,0,0,0,0,0,0,0,38041904.0,Drama,Mid-size Studio,November,30.0,156.84,112.66
Final Destination 3,2006,2,25000000.0,117719158.0,18.70993846539543,133543584.46378446,1,0.9421749,0.0,1,0.0,17.034386422832473,1,0,0,0,0,0,0,0,63001157.0,Horror,Major Studio,February,25.0,117.72,133.54
Legend,2015,9,25000000.0,42972994.0,17.729029896153037,50074871.64125376,0,0.28715438,20.0,0,0.0,17.034386422832473,0,0,0,0,0,0,0,0,96423653.25,Crime,Mid-size Studio,September,25.0,42.97,50.07
The Ugly Truth,2009,7,38000000.0,205298907.0,18.812452257906024,147959959.4913557,1,0.9107733,0.0,1,0.0,17.453096744006448,0,0,0,0,1,0,0,0,96297571.4,Comedy,Mid-size Studio,July,38.0,205.3,147.96
Secret Window,2004,3,40000000.0,92913171.0,18.396823592896695,97642517.1102342,1,0.8827408,0.0,1,0.0,17.50439003707821,0,0,0,0,0,0,0,0,27545082.0,Thriller,Mid-size Studio,March,40.0,92.91,97.64
Gone with the Wind,1939,12,4000000.0,400176459.0,17.312473737219054,33015037.81272905,0,0.23211586,25.0,1,0.0,15.201805169084134,0,0,0,0,0,0,0,0,19558983.5,Drama,Mid-size Studio,December,4.0,400.18,33.02
Eragon,2006,12,100000000.0,249288105.0,19.167994541852735,211132094.76879928,1,0.9720867,0.0,1,0.0,18.420680753952364,1,0,1,0,0,0,0,0,51751835.0,Fantasy,Major Studio,December,100.0,249.29,211.13
Hitman,2007,11,24000000.0,99965753.0,17.720374631194247,49643330.59583189,1,0.7916989,25.0,1,0.0,16.993564429978885,1,0,1,0,0,0,0,0,22000.0,Action,Major Studio,November,24.0,99.97,49.64
Drag Me to Hell,2009,3,30000000.0,90810892.0,18.20920219283832,80938663.13083078,1,0.8562825,0.0,1,0.0,17.216707972959764,1,0,0,0,0,0,0,0,434584367.14285713,Horror,Major Studio,March,30.0,90.81,80.94
Bicentennial Man,1999,12,100000000.0,93700000.0,18.9292415813608,166289628.3893421,1,0.9602155,0.0,1,1.0,18.420680753952364,0,0,0,0,1,0,0,0,453991437.875,Comedy,Mid-size Studio,December,100.0,93.7,166.29
Teenage Mutant Ninja Turtles: Out of the Shadows,2016,6,135000000.0,245623848.0,19.108919250468453,199020669.76165217,1,0.97168845,0.0,1,0.0,18.72078534381011,1,0,1,0,1,0,1,0,45300000.0,Fantasy,Major Studio,June,135.0,245.62,199.02
Miss Congeniality,2000,12,45000000.0,212000000.0,18.97462221082363,174009804.81049368,1,0.93587446,0.0,1,0.0,17.622173069956816,1,0,1,0,1,0,0,0,57367344.6,Comedy,Major Studio,December,45.0,212.0,174.01
Beverly Hills Cop,1984,11,15000000.0,316360478.0,19.047332715049578,187133478.6390263,1,0.8346161,15.0,1,0.0,16.52356082573315,1,0,1,0,1,0,0,0,62873305.0,Action,Major Studio,November,15.0,316.36,187.13
Abduction,2011,9,35000000.0,82087155.0,18.14761905825898,76104583.05405945,1,0.72827035,20.0,1,0.0,17.370858648025116,0,0,1,0,0,0,0,0,91720556.16666669,Thriller,Mid-size Studio,September,35.0,82.09,76.1
Stuart Little,1999,12,133000000.0,300135367.0,19.580429266449432,318913117.05201083,1,0.9676482,0.0,1,0.0,18.705859693704824,0,0,0,1,1,0,0,0,188266531.5,Animation,Mid-size Studio,December,133.0,300.14,318.91
Before Sunrise,1995,1,2500000.0,5535405.0,15.84955942939878,7644976.310082519,0,0.060765922,45.0,0,0.0,14.731801689838347,0,0,0,0,0,0,0,0,33999625.777777776,Drama,Mid-size Studio,January,2.5,5.54,7.64
He's Just Not That Into You,2009,2,40000000.0,177259441.0,18.952491223941404,170201096.76594338,1,0.9342126,25.0,1,0.0,17.50439003707821,1,0,0,0,1,1,0,0,44359833.333333336,Comedy,Major Studio,February,40.0,177.26,170.2
The Lives of Others,2006,3,2000000.0,70000000.0,16.704422054969374,17973733.48587966,0,0.20661071,25.0,1,0.0,14.508658238524095,0,0,0,0,0,0,0,0,278731369.0,Drama,Mid-size Studio,March,2.0,70.0,17.97
Mad Max 2: The Road Warrior,1981,12,2000000.0,24600832.0,17.109645195067973,26954077.914870456,0,0.26024333,0.0,0,0.0,14.508658238524095,0,0,1,0,0,0,0,0,186493748.83333337,Adventure,Mid-size Studio,December,2.0,24.6,26.95
The Hunt for Red October,1990,3,30000000.0,199200000.0,18.946069046971505,169111537.61131856,1,0.9222236,0.0,1,0.0,17.216707972959764,1,0,1,0,0,0,0,0,138742900.0,Action,Major Studio,March,30.0,199.2,169.11
Seventh Son,2014,12,95000000.0,114178613.0,18.851572717329603,153862931.80488384,1,0.9654447,0.0,1,0.0,18.36938746009113,1,0,0,0,0,0,0,0,26527510.0,Adventure,Major Studio,December,95.0,114.18,153.86
Trance,2013,3,20000000.0,24261569.0,17.635602041606013,45608379.55074704,0,0.41994795,40.0,0,0.0,16.811242881518265,0,0,0,0,0,1,0,0,103332996.85714284,Thriller,Mid-size Studio,March,20.0,24.26,45.61
Pan,2015,9,150000000.0,128388320.0,19.07304694799675,192007874.6184215,1,0.95883745,20.0,1,1.0,18.8261458587272,1,0,0,0,0,0,0,0,82969078.8,Adventure,Major Studio,September,150.0,128.39,192.01
The Taking of Pelham 1 2 3,2009,6,100000000.0,150166126.0,18.97979507045643,174912265.2488969,1,0.97219896,25.0,1,0.0,18.420680753952364,1,0,0,0,0,1,0,0,156159510.27272728,Thriller,Major Studio,June,100.0,150.17,174.91
The Crow,1994,5,15000000.0,94000000.0,18.107658516126516,73123364.86538185,1,0.74205524,15.0,1,0.0,16.52356082573315,0,0,1,0,0,0,0,0,170140614.5,Fantasy,Mid-size Studio,May,15.0,94.0,73.12
Chocolat,2000,12,25000000.0,152500343.0,18.75772289013832,140079809.0791676,1,0.8878367,25.0,1,0.0,17.034386422832473,0,0,0,0,1,0,0,0,58520599.85714286,Comedy,Mid-size Studio,December,25.0,152.5,140.08
Wild,2014,12,15000000.0,52501541.0,17.817863295968895,54726755.40493476,1,0.746366,40.0,1,0.0,16.52356082573315,0,0,0,0,0,0,0,0,41304087.0,Drama,Mid-size Studio,December,15.0,52.5,54.73
When Harry Met Sally...,1989,7,16000000.0,92823546.0,18.36828735416058,94895547.40049388,1,0.7285546,40.0,1,0.0,16.588099342704055,0,0,0,0,1,0,0,0,78997103.44444445,Comedy,Mid-size Studio,July,16.0,92.82,94.9
The Happening,2008,6,60000000.0,163403799.0,18.926115954385363,165770680.47927055,1,0.92061144,0.0,1,0.0,17.909855136853043,1,0,0,0,0,0,0,0,286118891.375,Thriller,Major Studio,June,60.0,163.4,165.77
Twister,1996,5,92000000.0,494471524.0,19.54560680365903,307998909.52005196,1,0.97503227,25.0,1,0.0,18.33729914588288,1,0,1,0,0,0,0,0,190662626.0,Action,Major Studio,May,92.0,494.47,308.0
Burnt,2015,10,20000000.0,36606743.0,17.848431264917068,56425472.083244,0,0.39061058,40.0,0,0.0,16.811242881518265,0,0,0,0,0,0,0,0,74188937.0,Drama,Mid-size Studio,October,20.0,36.61,56.43
Remember Me,2010,3,20000000.0,,18.0821436621054,71281233.6500454,1,0.5573268,40.0,0,,16.811242881518265,0,0,0,0,0,0,0,0,51751835.0,Drama,Mid-size Studio,March,20.0,,71.28
Treasure Planet,2002,11,140000000.0,109578115.0,18.939852227049112,168063462.8505716,1,0.95872235,0.0,1,1.0,18.75715298771643,1,0,0,1,0,0,0,0,385547992.0,Adventure,Major Studio,November,140.0,109.58,168.06
The Lucky One,2012,4,25000000.0,99357138.0,18.41006708440618,98944245.65948744,1,0.7355161,25.0,1,0.0,17.034386422832473,1,0,0,0,0,0,0,0,58393415.5,Drama,Major Studio,April,25.0,99.36,98.94
Chicken Little,2005,11,150000000.0,314432665.0,19.572584432226336,316421084.08234316,1,0.9607163,0.0,1,0.0,18.8261458587272,1,0,0,1,1,1,0,0,86447162.0,Animation,Major Studio,November,150.0,314.43,316.42
Get Hard,2015,3,40000000.0,111811453.0,18.610592761665448,120914319.97923876,1,0.914833,0.0,1,0.0,17.50439003707821,1,0,0,0,1,0,0,0,51751835.0,Comedy,Major Studio,March,40.0,111.81,120.91
The Sound of Music,1965,3,8200000.0,286214286.0,18.975809118069133,174216460.926359,1,0.8345892,40.0,1,0.0,15.919644834185693,1,0,0,0,0,0,0,0,65011128.333333336,Drama,Major Studio,March,8.2,286.21,174.22
Dr. No,1962,10,950000.0,59600000.0,17.97070108417792,63764111.125410035,1,0.75243205,0.0,1,0.0,13.76421831620775,0,0,1,0,0,0,0,0,75098141.0,Adventure,Mid-size Studio,October,0.95,59.6,63.76
13 Hours: The Secret Soldiers of Benghazi,2016,1,50000000.0,69411370.0,18.17797415843411,78450165.4154394,1,0.79283535,45.0,1,0.0,17.72753358339242,1,0,1,0,0,0,0,0,523919388.0,Action,Major Studio,January,50.0,69.41,78.45
Raging Bull,1980,11,18000000.0,23000000.0,18.16178528718542,77190370.61357635,1,0.6258869,40.0,0,0.0,16.705882371415992,0,0,0,0,0,0,0,0,120852249.875,Drama,Mid-size Studio,November,18.0,23.0,77.19
[REC],2007,4,1500000.0,30448000.0,17.01243388638434,24457166.6510178,0,0.2311381,0.0,0,0.0,14.220976332738882,0,0,0,0,0,0,0,0,18469680.0,Horror,Mid-size Studio,April,1.5,30.45,24.46
The Descendants,2011,9,20000000.0,177243185.0,18.03447287052045,67962922.41341183,1,0.681472,60.0,1,0.0,16.811242881518265,0,0,0,0,1,0,0,0,77663923.66666667,Comedy,Mid-size Studio,September,20.0,177.24,67.96
Project Almanac,2015,1,12000000.0,32248241.0,17.24277908068405,30792417.981537115,0,0.26576787,35.0,0,0.0,16.300417291085605,1,0,0,0,0,0,0,0,51751835.0,Science Fiction,Major Studio,January,12.0,32.25,30.79
Swordfish,2001,6,102000000.0,147080413.0,19.182616473338495,214241934.3310756,1,0.9745436,0.0,1,0.0,18.440483381052463,1,0,1,0,0,1,0,0,124704163.5,Action,Major Studio,June,102.0,147.08,214.24
Frankenweenie,2012,10,39000000.0,35287788.0,18.421084823295615,100040415.0994305,1,0.58158296,0.0,0,1.0,17.479072229734946,0,0,0,1,1,0,0,0,254010034.84615383,Animation,Mid-size Studio,October,39.0,35.29,100.04
Tower Heist,2011,11,75000000.0,152930623.0,19.094155980851607,196104056.28920668,1,0.9691064,0.0,1,0.0,18.13299868483392,1,0,1,0,1,0,0,0,263108614.16666663,Action,Major Studio,November,75.0,152.93,196.1
"Me, Myself & Irene",2000,6,51000000.0,149270999.0,19.061680056066937,189837699.28745276,1,0.9668385,0.0,1,0.0,17.747336210296442,1,0,0,0,1,1,0,0,118894690.0,Comedy,Major Studio,June,51.0,149.27,189.84
The Hunt,2012,8,3800000.0,16800000.0,16.91323563301658,22147509.005096745,0,0.1132588,25.0,0,0.0,15.150511887854474,0,0,0,0,0,0,0,0,51751835.0,Drama,Mid-size Studio,August,3.8,16.8,22.15
Alexander,2004,11,155000000.0,167298192.0,19.27968134063671,236080011.2850728,1,0.96884423,25.0,1,0.0,18.858935681335133,1,0,1,0,0,0,0,0,92562535.25,War,Major Studio,November,155.0,167.3,236.08
"Crouching Tiger, Hidden Dragon",2000,10,17000000.0,213525736.0,18.849719517133245,153578057.0341182,1,0.8538761,40.0,1,0.0,16.648723960844016,0,0,1,0,0,0,0,0,196015660.5,Adventure,Mid-size Studio,October,17.0,213.53,153.58
Ponyo,2008,7,41677699.0,187479518.0,18.74458513818225,138251511.43776995,1,0.80308586,0.0,1,0.0,17.545476771545133,0,0,0,1,0,0,0,0,223003619.33333337,Animation,Mid-size Studio,July,41.68,187.48,138.25
Man on a Ledge,2012,1,42000000.0,46221189.0,18.05719833813579,69525094.94814594,0,0.40710568,20.0,0,0.0,17.553180200057167,0,0,1,0,0,0,0,0,51751835.0,Action,Mid-size Studio,January,42.0,46.22,69.53
Tomorrow Never Dies,1997,12,110000000.0,333011068.0,19.433643720549085,275374822.0612388,1,0.9683082,0.0,1,0.0,18.5159909328476,0,0,1,0,0,0,0,0,51742738.5,Adventure,Mid-size Studio,December,110.0,333.01,275.37
The Three Musketeers,2011,8,75000000.0,132274484.0,18.95506856264958,170640328.4246279,1,0.96230346,0.0,1,0.0,18.13299868483392,0,0,1,0,0,0,0,0,129954139.55555557,Adventure,Mid-size Studio,August,75.0,132.27,170.64
What Happens in Vegas,2008,5,35000000.0,170000000.0,18.690880813678177,131022655.11810324,1,0.9065136,0.0,1,0.0,17.370858648025116,1,0,0,0,1,0,0,0,15134293.0,Comedy,Major Studio,May,35.0,170.0,131.02
Anchorman 2: The Legend Continues,2013,12,50000000.0,173649015.0,18.812173199701725,147918675.81101558,1,0.92809606,0.0,1,0.0,17.72753358339242,1,0,0,0,1,1,0,0,137085488.0,Comedy,Major Studio,December,50.0,173.65,147.92
Red Riding Hood,2011,3,42000000.0,89162162.0,18.72316230953935,135321272.05088753,1,0.94069743,0.0,1,0.0,17.553180200057167,1,0,0,0,0,1,0,0,136876541.66666666,Fantasy,Major Studio,March,42.0,89.16,135.32
The Deer Hunter,1978,12,15000000.0,50000000.0,17.956512632747692,62865785.115286656,0,0.3204734,40.0,0,0.0,16.52356082573315,1,0,0,0,0,0,0,0,3484331.0,Drama,Major Studio,December,15.0,50.0,62.87
What's Eating Gilbert Grape,1993,12,11000000.0,30000000.0,18.13140970645516,74880921.25183716,1,0.53911036,40.0,0,0.0,16.213405921671733,1,0,0,0,0,0,0,0,76020648.85714285,Romance,Major Studio,December,11.0,30.0,74.88
21 Grams,2003,9,20000000.0,60427839.0,18.015204062457222,66665894.11199974,1,0.7019408,60.0,1,0.0,16.811242881518265,0,0,0,0,0,0,0,0,163510406.4,Drama,Mid-size Studio,September,20.0,60.43,66.67
Cloudy with a Chance of Meatballs 2,2013,9,78000000.0,248384621.0,19.299780089320475,240872928.59714276,1,0.9581426,20.0,1,0.0,18.17221939747438,1,0,0,1,1,0,0,0,51751835.0,Animation,Major Studio,September,78.0,248.38,240.87
As Good as It Gets,1997,12,50000000.0,314178011.0,19.173715135478098,212343356.9561069,1,0.9248439,0.0,1,0.0,17.72753358339242,0,0,0,0,1,0,0,0,51855137.0,Comedy,Mid-size Studio,December,50.0,314.18,212.34
Charlie's Angels: Full Throttle,2003,6,120000000.0,259175788.0,19.35191981582396,253765155.30668023,1,0.97978663,0.0,1,0.0,18.603002309079653,1,0,1,0,1,0,0,0,177715293.2,Action,Major Studio,June,120.0,259.18,253.77
Jerry Maguire,1996,12,50000000.0,273552592.0,19.22190496286199,222826713.6184415,1,0.9375107,25.0,1,0.0,17.72753358339242,0,0,0,0,1,0,0,0,89827756.0,Comedy,Mid-size Studio,December,50.0,273.55,222.83
Scary Movie 3,2003,10,48000000.0,220673217.0,18.8242871592437,149721454.02244154,1,0.9179539,0.0,1,0.0,17.6867115897055,0,0,0,0,1,0,0,0,90731010.33333331,Comedy,Mid-size Studio,October,48.0,220.67,149.72
The Ides of March,2011,9,12500000.0,75993061.0,17.803486761754844,53945602.90617936,0,0.49140662,60.0,1,0.0,16.341239282272525,0,0,0,0,0,0,0,0,70974333.0,Drama,Mid-size Studio,September,12.5,75.99,53.95
Robin Hood: Prince of Thieves,1991,6,48000000.0,390493908.0,19.04156145084664,186056592.37342265,1,0.9271062,0.0,1,0.0,17.6867115897055,1,0,0,0,0,0,0,0,96496976.5,Adventure,Major Studio,June,48.0,390.49,186.06
We Bought a Zoo,2011,12,50000000.0,120081841.0,18.7703470150184,141859403.37085778,1,0.9537666,25.0,1,0.0,17.72753358339242,1,0,0,0,1,0,0,0,120521906.2,Drama,Major Studio,December,50.0,120.08,141.86
A Knight's Tale,2001,5,65000000.0,117487473.0,19.132429714026355,203755175.11874747,1,0.955196,25.0,1,0.0,17.989897843244528,0,0,1,0,0,1,0,0,77795033.5,Adventure,Mid-size Studio,May,65.0,117.49,203.76
The Next Three Days,2010,11,30000000.0,51148651.0,18.06441064082612,70028343.59401105,0,0.47024003,25.0,0,0.0,17.216707972959764,0,0,0,0,0,0,0,0,63975925.5,Romance,Mid-size Studio,November,30.0,51.15,70.03
Saw IV,2007,10,10000000.0,139352633.0,18.31762496229081,90207664.27435029,1,0.7859217,15.0,1,0.0,16.118095750958314,0,0,0,0,0,0,0,0,105663344.66666669,Horror,Mid-size Studio,October,10.0,139.35,90.21
The Lincoln Lawyer,2011,3,40000000.0,85412898.0,17.935242141557833,61542719.97122891,1,0.72185075,25.0,1,0.0,17.50439003707821,0,0,0,0,0,0,0,0,39026727.0,Crime,Mid-size Studio,March,40.0,85.41,61.54
Scream 4,2011,4,40000000.0,97138686.0,18.471673758842915,105231553.2718289,1,0.9233796,0.0,1,0.0,17.50439003707821,0,0,0,0,0,0,0,0,74183955.0,Horror,Mid-size Studio,April,40.0,97.14,105.23
Spaceballs,1987,6,22700000.0,38119483.0,17.78141203408296,52767815.88171698,1,0.5135042,15.0,0,0.0,16.937875526504495,0,0,0,0,1,0,0,0,67127319.5,Comedy,Mid-size Studio,June,22.7,38.12,52.77
Bedtime Stories,2008,12,80000000.0,212874442.0,19.19826743081204,217621402.7242323,1,0.97115165,0.0,1,0.0,18.19753720513815,1,0,0,0,1,0,0,0,94384047.28571428,Fantasy,Major Studio,December,80.0,212.87,217.62
This Is 40,2012,12,35000000.0,88058786.0,18.461162112452367,104131189.83189616,1,0.9152026,0.0,1,0.0,17.370858648025116,0,0,0,0,1,1,0,0,132695132.5,Comedy,Mid-size Studio,December,35.0,88.06,104.13
Body of Lies,2008,10,70000000.0,113280098.0,18.700327996510993,132266315.39908746,1,0.9674989,25.0,1,0.0,18.064005814299342,1,0,1,0,0,0,0,0,205085193.26666668,Action,Major Studio,October,70.0,113.28,132.27
Hot Tub Time Machine,2010,3,36000000.0,64572262.0,18.112244890863103,73459506.26923956,1,0.8330003,0.0,1,0.0,17.399029524198163,0,0,0,0,1,0,0,0,30658667.5,Science Fiction,Mid-size Studio,March,36.0,64.57,73.46
The Evil Dead,1981,10,350000.0,29400000.0,16.77318543024208,19253152.630515732,0,0.23106529,0.0,0,0.0,12.765691290604371,0,0,0,0,0,0,0,0,443357351.71428573,Horror,Mid-size Studio,October,0.35,29.4,19.25
The Legend of Zorro,2005,10,75000000.0,142400065.0,19.073742700993993,192141511.15699735,1,0.96872073,0.0,1,0.0,18.13299868483392,0,0,1,0,0,0,0,0,285324147.8333333,Action,Mid-size Studio,October,75.0,142.4,192.14
"South Park: Bigger, Longer & Uncut",1999,6,21000000.0,,17.845074938601805,56236407.242217585,0,0.42852342,15.0,0,,16.860033043306743,1,0,0,1,1,0,0,0,50907422.0,Animation,Major Studio,June,21.0,,56.24
The Karate Kid,1984,6,8000000.0,90815558.0,18.581678339591953,117468213.44512308,1,0.8055186,25.0,1,0.0,15.894952224644102,0,0,0,0,0,0,0,0,117235147.0,Drama,Mid-size Studio,June,8.0,90.82,117.47
Blue Valentine,2010,12,3500000.0,16566240.0,17.018038422988983,24594622.570930973,0,0.18156813,25.0,0,0.0,15.068273812173889,0,0,0,0,0,0,0,0,35485608.0,Drama,Mid-size Studio,December,3.5,16.57,24.59
The Neon Demon,2016,6,7000000.0,1333124.0,15.656701895545169,6304043.033753373,0,0.24514322,0.0,0,1.0,15.76142084987672,0,0,0,0,0,0,0,0,30217641.333333332,Thriller,Mid-size Studio,June,7.0,1.33,6.3
Hostel,2005,1,4800000.0,80578934.0,17.191146478956213,29242873.02710312,1,0.6725168,20.0,1,0.0,15.38412668421143,0,0,0,0,0,0,0,0,21226483.0,Horror,Mid-size Studio,January,4.8,80.58,29.24
Kiss Kiss Bang Bang,2005,9,15000000.0,15785148.0,17.71751785821599,49501713.24819772,0,0.3837302,35.0,0,0.0,16.52356082573315,1,0,1,0,1,0,0,0,1215439994.0,Action,Major Studio,September,15.0,15.79,49.5
Melancholia,2011,5,7400000.0,21817298.0,15.744642143979464,6883528.891624627,0,0.16976954,25.0,0,0.0,15.816990693309524,0,0,0,0,0,0,0,0,20353398.5,Drama,Mid-size Studio,May,7.4,21.82,6.88
3 Days to Kill,2014,2,28000000.0,52597999.0,17.62273933499721,45025489.14350832,1,0.6589237,25.0,1,0.0,17.147715103853763,0,0,1,0,0,0,0,0,219030851.0,Action,Mid-size Studio,February,28.0,52.6,45.03
Paddington,2014,11,55000000.0,259207227.0,18.609936461898847,120834989.97358105,1,0.90199214,0.0,1,0.0,17.822843761378564,0,0,0,0,1,0,0,0,51751835.0,Family,Mid-size Studio,November,55.0,259.21,120.83
A Fistful of Dollars,1964,9,200000.0,14500000.0,16.166992484120613,10501119.0841631,0,0.08231861,45.0,0,0.0,12.206077645517674,0,0,0,0,0,0,0,0,5660754.0,Western,Mid-size Studio,September,0.2,14.5,10.5
Stoker,2013,2,12000000.0,12077441.0,16.83943381800301,20571841.257102188,0,0.22576973,40.0,0,0.0,16.300417291085605,0,0,0,0,0,0,0,0,19391656.5,Drama,Mid-size Studio,February,12.0,12.08,20.57
Legally Blonde,2001,7,18000000.0,141774679.0,18.490599446784667,107242098.2920878,1,0.8837376,15.0,1,0.0,16.705882371415992,0,0,0,0,1,0,0,0,109002417.0,Comedy,Mid-size Studio,July,18.0,141.77,107.24
Desperado,1995,8,7000000.0,25405445.0,17.789987935820786,53222293.48643684,0,0.3201833,0.0,0,0.0,15.76142084987672,1,0,1,0,0,0,0,0,72299609.06666666,Thriller,Major Studio,August,7.0,25.41,53.22
LOL,2012,2,11000000.0,,17.59715096742286,43887975.97036341,0,0.23335756,40.0,0,,16.213405921671733,0,0,0,0,1,0,0,0,51751835.0,Drama,Mid-size Studio,February,11.0,,43.89
The Watch,2012,7,68000000.0,68267862.0,18.50565364117354,108868754.98403987,1,0.9526991,0.0,1,0.0,18.035018277846262,1,0,0,0,1,0,0,0,14334401.0,Comedy,Major Studio,July,68.0,68.27,108.87
Immortals,2011,11,75000000.0,226904017.0,18.963914109981996,172156431.02860022,1,0.9523202,25.0,1,0.0,18.13299868483392,0,0,1,0,0,0,0,0,105899197.0,Fantasy,Mid-size Studio,November,75.0,226.9,172.16
Freaky Friday,2003,8,26000000.0,110230332.0,18.402591279920088,98207315.82023998,1,0.8682651,0.0,1,0.0,17.073607134447293,1,0,0,0,1,0,0,0,118504638.6,Comedy,Major Studio,August,26.0,110.23,98.21
Seven Samurai,1954,4,2000000.0,271841.0,14.208114870305293,1480831.3263114172,0,0.102274954,25.0,0,1.0,14.508658238524095,0,0,1,0,0,0,0,0,51751835.0,Action,Mid-size Studio,April,2.0,0.27,1.48
A Few Good Men,1992,12,40000000.0,243240178.0,18.81284782481926,148018499.13361946,1,0.86918414,25.0,1,0.0,17.50439003707821,0,0,0,0,0,0,0,0,62284144.333333336,Drama,Mid-size Studio,December,40.0,243.24,148.02
Shame,2011,10,6500000.0,17693675.0,17.17077687900301,28653233.133732,0,0.23995319,25.0,0,0.0,15.687312888712007,0,0,0,0,0,0,0,0,187000000.0,Drama,Mid-size Studio,October,6.5,17.69,28.65
Big Daddy,1999,6,34200000.0,234801895.0,18.933794023404264,167048378.06111264,1,0.942168,25.0,1,0.0,17.3477362312726,1,0,0,0,1,0,0,0,163594234.0,Comedy,Major Studio,June,34.2,234.8,167.05
Homefront,2013,11,22000000.0,43058898.0,17.5988162993621,43961124.911889575,0,0.19346215,15.0,0,0.0,16.906553056777135,0,0,1,0,0,0,0,0,42717806.75,Action,Mid-size Studio,November,22.0,43.06,43.96
Flushed Away,2006,10,149000000.0,64459316.0,19.115677865590825,200370329.6550333,1,0.95352626,0.0,1,1.0,18.819456870621146,1,0,0,1,1,0,0,0,64540212.333333336,Adventure,Major Studio,October,149.0,64.46,200.37
Monster House,2006,7,75000000.0,140175006.0,19.171749348314755,211926345.12136045,1,0.95020884,0.0,1,0.0,18.13299868483392,1,0,0,1,1,0,0,0,17869048.0,Animation,Major Studio,July,75.0,140.18,211.93
The Imaginarium of Doctor Parnassus,2009,10,30000000.0,64352607.0,17.87409367981936,57892225.71013152,1,0.77160317,0.0,1,0.0,17.216707972959764,0,0,0,0,0,1,0,0,41057312.4,Adventure,Mid-size Studio,October,30.0,64.35,57.89
Spy Kids,2001,3,35000000.0,147934180.0,18.561740896547978,115149390.12491338,1,0.86736196,0.0,1,0.0,17.370858648025116,0,0,1,0,1,0,0,0,64131026.733333334,Action,Mid-size Studio,March,35.0,147.93,115.15
Final Destination 5,2011,8,47000000.0,157887643.0,18.899664003364077,161443209.87891483,1,0.9157742,0.0,1,0.0,17.665658180950928,1,0,0,0,0,1,0,0,160602194.0,Horror,Major Studio,August,47.0,157.89,161.44
The Grudge,2004,10,10000000.0,183474602.0,18.26438634937528,85530734.54562353,1,0.8195586,15.0,1,0.0,16.118095750958314,0,0,0,0,0,0,0,0,39143839.0,Horror,Mid-size Studio,October,10.0,183.47,85.53
Tremors,1990,1,11000000.0,48572000.0,17.772187600381038,52283300.7776422,0,0.41505903,35.0,0,0.0,16.213405921671733,1,0,1,0,0,0,0,0,7103973.0,Action,Major Studio,January,11.0,48.57,52.28
Rambo: First Blood Part II,1985,5,44000000.0,300400432.0,18.918722838519972,164549637.84051913,1,0.8837742,0.0,1,0.0,17.599700214609808,0,0,1,0,0,0,0,0,29329802.5,Action,Mid-size Studio,May,44.0,300.4,164.55
The Passion of the Christ,2004,2,30000000.0,611899420.0,18.596322056317415,119201041.25620613,1,0.91619927,25.0,1,0.0,17.216707972959764,1,0,0,0,0,0,0,0,165087645.0,Drama,Major Studio,February,30.0,611.9,119.2
Rosemary's Baby,1968,6,3200000.0,33395426.0,17.186518537389617,29107851.391974416,0,0.15646943,25.0,0,0.0,14.978661680269909,1,0,0,0,0,0,0,0,61678709.6,Horror,Major Studio,June,3.2,33.4,29.11
Only God Forgives,2013,5,4800000.0,10337387.0,16.318041120582357,12213360.564244911,0,0.18483931,25.0,0,0.0,15.38412668421143,0,0,0,0,0,0,0,0,27216220.333333332,Drama,Mid-size Studio,May,4.8,10.34,12.21
The World Is Not Enough,1999,11,135000000.0,361832400.0,19.267359261309768,233188863.70215085,1,0.97078204,0.0,1,0.0,18.72078534381011,0,0,1,0,0,0,0,0,138012579.25,Adventure,Mid-size Studio,November,135.0,361.83,233.19
Brazil,1985,2,15000000.0,,17.285568433819293,32138601.440023553,0,0.1524597,15.0,0,,16.52356082573315,0,0,0,0,1,0,0,0,42130536.0,Comedy,Mid-size Studio,February,15.0,,32.14
Crank: High Voltage,2009,4,20000000.0,34560577.0,18.004289128789846,65942197.02665365,0,0.32560533,15.0,0,0.0,16.811242881518265,0,0,1,0,0,1,0,0,77658978.66666667,Action,Mid-size Studio,April,20.0,34.56,65.94
The Road to El Dorado,2000,3,95000000.0,76432727.0,18.89171835566865,160165521.75435427,1,0.9578514,0.0,1,1.0,18.36938746009113,1,0,0,1,1,0,0,0,51751835.0,Adventure,Major Studio,March,95.0,76.43,160.17
National Lampoon’s Van Wilder,2002,3,5000000.0,38275483.0,18.45862808580005,103867652.66511364,1,0.83048946,0.0,0,0.0,15.424948670398354,0,0,0,0,1,0,0,0,193200096.66666663,Comedy,Mid-size Studio,March,5.0,38.28,103.87
The Bounty Hunter,2010,3,40000000.0,136000000.0,18.68420667754832,130151103.73656107,1,0.93206215,0.0,1,0.0,17.50439003707821,1,0,1,0,0,0,0,0,181414914.25,Action,Major Studio,March,40.0,136.0,130.15
Modern Times,1936,2,1.0,8500000.0,12.581391335553244,291090.0359520859,0,0.054138985,25.0,0,0.0,0.6931471805599453,0,0,0,0,1,0,0,0,51751835.0,Drama,Mid-size Studio,February,0.0,8.5,0.29
Bride Wars,2009,1,30000000.0,114663461.0,18.186083455008365,79088927.53649244,1,0.78424525,20.0,1,0.0,17.216707972959764,0,0,0,0,1,0,0,0,81115661.66666667,Comedy,Mid-size Studio,January,30.0,114.66,79.09
Deep Impact,1998,5,75000000.0,140464664.0,19.238309889604103,226512317.92633167,1,0.96487767,25.0,1,0.0,18.13299868483392,1,0,1,0,0,0,0,0,55707411.0,Action,Major Studio,May,75.0,140.46,226.51
Daddy's Home,2015,12,50000000.0,242786137.0,18.730273352740724,136286976.9849783,1,0.91870266,0.0,1,0.0,17.72753358339242,1,0,0,0,1,0,0,0,61494886.666666664,Comedy,Major Studio,December,50.0,242.79,136.29
Young Frankenstein,1974,12,2800000.0,86273333.0,17.35726699975127,34527510.52587013,0,0.3209035,0.0,1,0.0,14.845130332288226,1,0,0,0,1,0,0,0,55088857.0,Comedy,Major Studio,December,2.8,86.27,34.53
Ride Along,2014,1,25000000.0,153997819.0,18.335176601101633,91804932.97049011,1,0.786601,20.0,1,0.0,17.034386422832473,1,0,1,0,1,1,0,0,131181731.2,Action,Major Studio,January,25.0,154.0,91.8
Johnny English,2003,4,40000000.0,160583018.0,18.835734878597417,151445271.28335845,1,0.90764546,0.0,1,0.0,17.50439003707821,1,0,1,0,1,1,0,0,35403925.0,Adventure,Major Studio,April,40.0,160.58,151.45
Lawrence of Arabia,1962,12,15000000.0,69995385.0,18.028721604999426,67573171.45023194,0,0.4671223,40.0,1,0.0,16.52356082573315,0,0,0,0,0,0,0,0,57448672.0,Adventure,Mid-size Studio,December,15.0,70.0,67.57
How to Lose a Guy in 10 Days,2003,2,50000000.0,177371441.0,18.941073625282083,168268860.67908353,1,0.90648806,0.0,1,0.0,17.72753358339242,1,0,0,0,1,0,0,0,64293056.4,Comedy,Major Studio,February,50.0,177.37,168.27
Water for Elephants,2011,3,38000000.0,114156230.0,18.67153739089776,128512583.4410486,1,0.8308918,25.0,1,0.0,17.453096744006448,0,0,0,0,0,0,0,0,709575238.0,Drama,Mid-size Studio,March,38.0,114.16,128.51
Beastly,2011,1,17000000.0,43165571.0,17.034644384089166,25006449.863546945,0,0.22860621,60.0,0,0.0,16.648723960844016,0,0,0,0,0,0,0,0,5310554.0,Drama,Mid-size Studio,January,17.0,43.17,25.01
Eastern Promises,2007,9,51500000.0,55112356.0,18.136970663036948,75298490.77619669,1,0.782525,20.0,1,0.0,17.75709238505144,0,0,0,0,0,0,0,0,22789327.0,Thriller,Mid-size Studio,September,51.5,55.11,75.3
The Addams Family,1991,11,30000000.0,191502426.0,18.55058440952636,113871867.02301708,1,0.8640484,0.0,1,0.0,17.216707972959764,1,0,0,0,1,0,0,0,333489385.1666667,Horror,Major Studio,November,30.0,191.5,113.87
Tucker and Dale vs Evil,2010,1,5000000.0,5476793.0,16.44524161838033,13870038.197914189,0,0.14390932,20.0,0,0.0,15.424948670398354,0,0,0,0,1,0,0,0,51751835.0,Comedy,Mid-size Studio,January,5.0,5.48,13.87
High School Musical 2,2007,8,,7000000.0,17.45205397379604,37960395.38380743,0,0.3412075,25.0,0,,,0,0,0,0,1,0,0,0,39514713.0,Comedy,Mid-size Studio,August,,7.0,37.96
Mr. Peabody & Sherman,2014,2,145000000.0,272912430.0,19.342981712650264,251507082.63402364,1,0.95685804,0.0,1,0.0,18.7922443072814,1,0,0,1,0,1,0,0,195072265.75,Animation,Major Studio,February,145.0,272.91,251.51
The Pacifier,2005,3,56000000.0,113006880.0,18.78629894594725,144140480.21027368,1,0.95406955,25.0,1,0.0,17.840862266556567,1,0,1,0,1,0,0,0,108650841.85714284,Action,Major Studio,March,56.0,113.01,144.14
Beowulf,2007,11,70000000.0,195735876.0,19.115368727673136,200308397.1615828,1,0.96065295,0.0,1,0.0,18.064005814299342,1,0,1,1,0,0,0,0,282907177.1666667,Adventure,Major Studio,November,70.0,195.74,200.31
The Wave,2008,3,7500000.0,19000000.0,17.225613498756815,30268358.94799355,0,0.09721474,25.0,0,0.0,15.830413711839864,0,0,0,0,0,0,0,0,51751835.0,Drama,Mid-size Studio,March,7.5,19.0,30.27
Air Force One,1997,7,85000000.0,315156409.0,19.330014541851448,248266801.36738333,1,0.97166324,0.0,1,0.0,18.258161826219297,0,0,1,0,0,0,0,0,216643279.0,Action,Mid-size Studio,July,85.0,315.16,248.27
Scream 2,1997,12,24000000.0,172363301.0,18.595327112306254,119082501.87289296,1,0.8840274,0.0,1,0.0,16.993564429978885,0,0,0,0,0,0,0,0,65825664.44444445,Horror,Mid-size Studio,December,24.0,172.36,119.08
Tinker Tailor Soldier Spy,2011,9,30000000.0,,17.313201265988695,33039065.94281424,0,0.40592292,45.0,0,,17.216707972959764,0,0,0,0,0,0,0,0,51751835.0,Drama,Mid-size Studio,September,30.0,,33.04
Army of Darkness,1992,10,11000000.0,,17.571268724824975,42766630.76511301,0,0.41073143,15.0,0,,16.213405921671733,1,0,0,0,1,0,0,0,291339720.0,Fantasy,Major Studio,October,11.0,,42.77
You've Got Mail,1998,12,65000000.0,250821495.0,19.23236996751829,225170840.48042732,1,0.94916946,0.0,1,0.0,17.989897843244528,1,0,0,0,1,0,0,0,129540499.0,Comedy,Major Studio,December,65.0,250.82,225.17
Jennifer's Body,2009,9,16000000.0,31556061.0,18.206867000095112,80749876.26236011,1,0.50116396,35.0,0,0.0,16.588099342704055,0,0,0,0,1,1,0,0,52304001.0,Comedy,Mid-size Studio,September,16.0,31.56,80.75
The Boondock Saints,1999,1,6000000.0,30471.0,16.57282710471465,15757500.644220348,0,0.21478017,20.0,0,1.0,15.607270193858982,0,0,1,0,0,1,0,0,10629321.0,Action,Mid-size Studio,January,6.0,0.03,15.76
RockNRolla,2008,9,18000000.0,25739015.0,17.467386538562593,38546910.52043043,0,0.25630695,35.0,0,0.0,16.705882371415992,1,0,1,0,0,0,0,0,175807145.66666666,Action,Major Studio,September,18.0,25.74,38.55
Rocky Balboa,2006,12,24000000.0,155721132.0,18.41084348016144,99021095.38163991,1,0.90075964,25.0,1,0.0,16.993564429978885,1,0,0,0,0,0,0,0,274470394.0,Drama,Major Studio,December,24.0,155.72,99.02
Inside Llewyn Davis,2013,10,11000000.0,32935319.0,17.47801802290603,38958907.59637006,0,0.4478846,40.0,0,0.0,16.213405921671733,0,0,0,0,0,0,0,0,115084212.0,Drama,Mid-size Studio,October,11.0,32.94,38.96
Inherent Vice,2014,12,20000000.0,11110975.0,17.11197194270788,27016866.272376053,0,0.32432613,40.0,0,1.0,16.811242881518265,1,0,0,0,1,0,0,0,42804033.6,Comedy,Major Studio,December,20.0,11.11,27.02
Patch Adams,1998,12,50000000.0,202292902.0,18.88551297536502,159174711.1319,1,0.9240001,25.0,1,0.0,17.72753358339242,1,0,0,0,1,0,0,0,187813662.66666663,Comedy,Major Studio,December,50.0,202.29,159.17
The Break-Up,2006,6,52000000.0,204999686.0,18.97865116542931,174712296.62259337,1,0.9473203,0.0,1,0.0,17.76675429577647,1,0,0,0,1,0,0,0,278584290.6666667,Romance,Major Studio,June,52.0,205.0,174.71
Premium Rush,2012,8,35000000.0,31083599.0,17.744686158027076,50865026.25434358,0,0.38840458,0.0,0,1.0,17.370858648025116,0,0,1,0,0,1,0,0,48154939.333333336,Crime,Mid-size Studio,August,35.0,31.08,50.87
A History of Violence,2005,9,32000000.0,60740827.0,17.725301133753472,49888502.0189412,1,0.61670744,45.0,1,0.0,17.281246492014,1,0,0,0,0,0,0,0,21663632.8,Drama,Major Studio,September,32.0,60.74,49.89
The Final Destination,2009,8,40000000.0,186167139.0,18.844561589598737,152787951.94396397,1,0.85441715,0.0,1,0.0,17.50439003707821,1,0,0,0,0,0,0,0,54749391.0,Horror,Major Studio,August,40.0,186.17,152.79
Spirit: Stallion of the Cimarron,2002,5,80000000.0,122563539.0,18.9446088271966,168864777.80409524,1,0.93231356,25.0,1,0.0,18.19753720513815,1,0,0,1,1,0,0,0,51751835.0,Western,Major Studio,May,80.0,122.56,168.86
Kung Fu Hustle,2004,2,20000000.0,100914445.0,18.046198052862,68764490.16364758,1,0.57478523,15.0,1,0.0,16.811242881518265,1,0,1,0,1,0,0,0,45039115.5,Action,Major Studio,February,20.0,100.91,68.76
Dark City,1998,2,27000000.0,27200316.0,17.27975054346466,31952165.43287147,1,0.5042396,0.0,0,0.0,17.11134746100564,1,0,0,0,0,0,0,0,186840535.5,Mystery,Major Studio,February,27.0,27.2,31.95
Cruel Intentions,1999,3,10500000.0,75902208.0,17.98253710187885,64523308.358095184,1,0.6550428,40.0,1,0.0,16.166885910365842,1,0,0,0,0,0,0,0,54018473.5,Drama,Major Studio,March,10.5,75.9,64.52
Buried,2010,9,1987650.0,19152480.0,16.527483676206163,15058958.32776212,0,0.10842778,45.0,0,0.0,14.502464097467447,0,0,0,0,0,1,0,0,13551174.0,Drama,Mid-size Studio,September,1.99,19.15,15.06
The Fountain,2006,9,35000000.0,15304890.0,17.442567001500844,37601969.0336988,1,0.5830236,45.0,0,1.0,17.370858648025116,1,0,0,0,0,0,0,0,149151291.8,Drama,Major Studio,September,35.0,15.3,37.6
The Bone Collector,1999,11,73000000.0,151493655.0,19.051822905096568,187975632.8279941,1,0.9600165,25.0,1,0.0,18.105970012811294,1,0,0,0,0,0,0,0,129182603.71428572,Drama,Major Studio,November,73.0,151.49,187.98
Blackhat,2015,1,70000000.0,17752940.0,18.017901281909698,66845949.376234256,1,0.88860106,45.0,0,1.0,18.064005814299342,1,0,0,0,0,0,0,0,131075700.8,Crime,Major Studio,January,70.0,17.75,66.85
Magnolia,1999,12,37000000.0,48451803.0,18.47681973001176,105774467.52864434,1,0.6845108,25.0,0,0.0,17.426428497635523,1,0,0,0,0,0,0,0,35335868.0,Drama,Major Studio,December,37.0,48.45,105.77
The Girl Next Door,2004,4,25000000.0,30411183.0,18.124313650635287,74351442.8735363,1,0.62034786,0.0,0,0.0,17.034386422832473,0,0,0,0,1,0,0,0,93765308.66666669,Comedy,Mid-size Studio,April,25.0,30.41,74.35
Colombiana,2011,7,40000000.0,60965854.0,17.97389728129949,63968239.841075286,1,0.7669979,25.0,1,0.0,17.50439003707821,0,0,1,0,0,0,0,0,350956365.0,Action,Mid-size Studio,July,40.0,60.97,63.97
Safe Haven,2013,2,28000000.0,97594140.0,17.93407514341885,61470941.621134095,1,0.67879707,0.0,1,0.0,17.147715103853763,0,0,0,0,0,0,0,0,66364343.14285714,Romance,Mid-size Studio,February,28.0,97.59,61.47
Concussion,2015,11,35000000.0,50363790.0,18.00121120087486,65739543.730678864,1,0.5683794,25.0,0,0.0,17.370858648025116,1,0,0,0,0,0,0,0,51751835.0,Drama,Major Studio,November,35.0,50.36,65.74
Dogma,1999,11,10000000.0,30652890.0,17.557035696035918,42162243.39837115,0,0.3697698,15.0,0,0.0,16.118095750958314,0,0,0,0,1,1,0,0,21469018.4,Fantasy,Mid-size Studio,November,10.0,30.65,42.16
Remember the Titans,2000,9,30000000.0,136706683.0,18.249428166888016,84260871.29545332,1,0.72347146,45.0,1,0.0,17.216707972959764,1,0,0,0,0,0,0,0,42156720.5,Drama,Major Studio,September,30.0,136.71,84.26
Saw V,2008,10,10800000.0,113857533.0,18.072400972167408,70590134.7302827,1,0.6998331,15.0,1,0.0,16.195056784687036,0,0,0,0,0,0,0,0,51751835.0,Horror,Mid-size Studio,October,10.8,113.86,70.59
Scooby-Doo,2002,6,84000000.0,275650703.0,19.148733083016953,207104297.7470649,1,0.95722055,0.0,1,0.0,18.24632736871235,1,0,0,0,1,0,0,0,283178275.6,Mystery,Major Studio,June,84.0,275.65,207.1
Garfield,2004,6,50000000.0,200804534.0,18.766303971414203,141287017.48356548,1,0.8597261,0.0,1,0.0,17.72753358339242,1,0,0,1,1,0,0,0,12506188.0,Animation,Major Studio,June,50.0,200.8,141.29
The Brothers Grimm,2005,8,88000000.0,105316267.0,18.774088927060916,142391223.17534164,1,0.96391165,0.0,1,0.0,18.292847383806116,1,0,1,0,1,1,0,0,32864580.4,Adventure,Major Studio,August,88.0,105.32,142.39
Into the Storm,2014,8,50000000.0,160602194.0,18.373864258346448,95426249.24276789,1,0.7474685,0.0,1,0.0,17.72753358339242,1,0,1,0,0,0,0,0,157887643.0,Action,Major Studio,August,50.0,160.6,95.43
The Prince of Egypt,1998,12,70000000.0,218613188.0,18.94314506417428,168617780.60189623,1,0.9423418,25.0,1,0.0,18.064005814299342,1,0,0,1,0,0,0,0,81360967.0,Adventure,Major Studio,December,70.0,218.61,168.62
The Virgin Suicides,1999,4,6000000.0,10409377.0,16.64626473804331,16958244.57392064,0,0.21092202,25.0,0,0.0,15.607270193858982,0,0,0,0,0,0,0,0,90099098.0,Drama,Mid-size Studio,April,6.0,10.41,16.96
Selma,2014,12,20000000.0,66787908.0,17.609342671220546,44426320.184296496,0,0.46525893,40.0,1,0.0,16.811242881518265,0,0,0,0,0,0,0,0,51751835.0,History,Mid-size Studio,December,20.0,66.79,44.43
Devil,2010,1,10000000.0,33583175.0,18.255430326772277,84768139.35204877,0,0.4387121,35.0,0,0.0,16.118095750958314,1,0,0,0,0,0,0,0,45124763.666666664,Horror,Major Studio,January,10.0,33.58,84.77
The Reader,2008,12,32000000.0,113019290.0,18.188707471288353,79296730.69273648,1,0.7530815,25.0,1,0.0,17.281246492014,0,0,0,0,0,0,0,0,68948570.33333333,Drama,Mid-size Studio,December,32.0,113.02,79.3
Lethal Weapon 3,1992,5,35000000.0,321731527.0,18.990992004893975,176881751.9567909,1,0.9189559,0.0,1,0.0,17.370858648025116,1,0,1,0,1,1,0,0,98242894.4,Adventure,Major Studio,May,35.0,321.73,176.88
Closer,2004,12,27000000.0,115505027.0,18.47527361296443,105611054.1803148,1,0.8049949,25.0,1,0.0,17.11134746100564,1,0,0,0,0,0,0,0,71956040.0,Drama,Major Studio,December,27.0,115.51,105.61
The Abyss,1989,8,70000000.0,90000098.0,18.573603121538568,116523451.71156038,1,0.90850633,0.0,1,0.0,18.064005814299342,1,0,1,0,0,0,0,0,965594890.1666666,Adventure,Major Studio,August,70.0,90.0,116.52
Fantasia,1940,11,2280000.0,83320000.0,18.22677646675994,82373674.08893043,1,0.72376454,0.0,1,0.0,14.63968643952702,1,0,0,1,0,0,0,0,226186318.0,Animation,Major Studio,November,2.28,83.32,82.37
Catwoman,2004,7,100000000.0,82102379.0,18.4097098967051,98908910.30254112,1,0.94697994,0.0,1,1.0,18.420680753952364,1,0,1,0,0,0,1,0,51751835.0,Action,Major Studio,July,100.0,82.1,98.91
Some Like It Hot,1959,3,2883848.0,25000000.0,16.540386330214336,15254517.774602585,0,0.13345638,0.0,0,0.0,14.87463641817992,0,0,0,0,1,0,0,0,18000000.0,Comedy,Mid-size Studio,March,2.88,25.0,15.25
Clueless,1995,7,12000000.0,,17.684611258030554,47899289.876855806,0,0.31354007,40.0,0,,16.300417291085605,1,0,0,0,1,0,0,0,27092880.0,Comedy,Major Studio,July,12.0,,47.9
Safe,2012,4,30000000.0,40346186.0,17.38656854963475,35554188.296043426,0,0.21479198,0.0,0,0.0,17.216707972959764,0,0,1,0,0,0,0,0,90336969.0,Action,Mid-size Studio,April,30.0,40.35,35.55
Last Vegas,2013,10,28000000.0,134402450.0,18.07661390188423,70888153.33574615,1,0.71548265,0.0,1,0.0,17.147715103853763,0,0,0,0,1,0,0,0,187867283.8,Comedy,Mid-size Studio,October,28.0,134.4,70.89
Willy Wonka & the Chocolate Factory,1971,6,3000000.0,4000000.0,16.876535200036013,21349420.47401657,0,0.33004946,0.0,0,0.0,14.914123179965662,1,0,0,0,0,0,0,0,51751835.0,Family,Major Studio,June,3.0,4.0,21.35
The Time Traveler's Wife,2009,8,39000000.0,101229792.0,18.32443481180388,90824061.30323029,1,0.898495,25.0,1,0.0,17.479072229734946,1,0,0,0,0,0,0,0,166237166.0,Drama,Major Studio,August,39.0,101.23,90.82
Almost Famous,2000,9,60000000.0,47383689.0,18.125195220122425,74417017.73793277,1,0.72578466,45.0,0,1.0,17.909855136853043,1,0,0,0,0,0,0,0,135061536.6,Drama,Major Studio,September,60.0,47.38,74.42
Triple 9,2016,2,20000000.0,12639297.0,16.988358060725115,23875371.844319116,0,0.15383336,15.0,0,1.0,16.811242881518265,0,0,1,0,0,0,0,0,16341999.0,Action,Mid-size Studio,February,20.0,12.64,23.88
August Rush,2007,11,25000000.0,66122026.0,18.023955429113457,67251872.11795704,1,0.76152116,25.0,1,0.0,17.034386422832473,1,0,0,0,0,0,0,0,51751835.0,Drama,Major Studio,November,25.0,66.12,67.25
Movie 43,2013,1,6000000.0,32438988.0,17.456631754834092,38134568.124740824,0,0.34842876,20.0,0,0.0,15.607270193858982,0,0,0,0,1,1,0,0,46683377.0,Comedy,Mid-size Studio,January,6.0,32.44,38.13
Zoolander 2,2016,2,50000000.0,55969000.0,18.232908059932875,82880307.60072614,1,0.80757725,0.0,1,0.0,17.72753358339242,0,0,0,0,1,0,0,0,134953187.0,Comedy,Mid-size Studio,February,50.0,55.97,82.88
Revolutionary Road,2008,12,35000000.0,75225693.0,18.208856388380543,80910679.0187621,1,0.8115166,25.0,1,0.0,17.370858648025116,0,0,0,0,0,0,0,0,439720519.3333333,Drama,Mid-size Studio,December,35.0,75.23,80.91
Letters to Juliet,2010,5,30000000.0,,17.955307590290413,62790074.80014136,0,0.44375238,25.0,0,,17.216707972959764,0,0,0,0,1,0,0,0,105559579.0,Comedy,Mid-size Studio,May,30.0,,62.79
Shakespeare in Love,1998,12,25000000.0,289317794.0,18.70218112264344,132511648.81312144,1,0.8914517,25.0,1,0.0,17.034386422832473,1,0,0,0,0,0,0,0,82640921.25,Romance,Major Studio,December,25.0,289.32,132.51
Boogie Nights,1997,9,15000000.0,43101594.0,17.770295069435814,52184446.58292612,0,0.15996721,60.0,0,0.0,16.52356082573315,1,0,0,0,0,0,0,0,36405909.8,Drama,Major Studio,September,15.0,43.1,52.18
Poltergeist,1982,6,10700000.0,122200000.0,18.233312169776298,82913807.11754368,1,0.72100204,15.0,1,0.0,16.185754392890075,0,0,0,0,0,0,0,0,14589845.0,Horror,Mid-size Studio,June,10.7,122.2,82.91
Hotel Rwanda,2004,9,17500000.0,38000000.0,17.718354731149304,49543157.232260086,0,0.23562992,60.0,0,0.0,16.677711496036597,0,0,0,0,0,0,0,0,51751835.0,Drama,Mid-size Studio,September,17.5,38.0,49.54
Scary Movie 5,2013,4,20000000.0,78378744.0,18.142783383790988,75737454.43270585,0,0.47606814,15.0,1,0.0,16.811242881518265,0,0,0,0,1,1,0,0,47863558.25,Comedy,Mid-size Studio,April,20.0,78.38,75.74
Master and Commander: The Far Side of the World,2003,11,150000000.0,212011111.0,18.954913146549764,170613810.230888,1,0.96500486,0.0,1,0.0,18.8261458587272,1,0,0,0,0,0,0,0,189561770.0,Adventure,Major Studio,November,150.0,212.01,170.61
ParaNorman,2012,8,60000000.0,107139399.0,18.535083133036604,112120318.4051912,1,0.8840974,0.0,1,0.0,17.909855136853043,0,0,0,1,1,1,0,0,51751835.0,Family,Mid-size Studio,August,60.0,107.14,112.12
Paul Blart: Mall Cop,2009,1,26000000.0,183293131.0,18.620649720586353,122136485.67231184,1,0.908419,20.0,1,0.0,17.073607134447293,1,0,1,0,1,1,0,0,133455179.66666669,Action,Major Studio,January,26.0,183.29,122.14
42,2013,4,40000000.0,95020213.0,18.237983956606246,83302068.98650123,1,0.8225752,25.0,1,0.0,17.50439003707821,1,0,0,0,0,0,0,0,83411848.5,Drama,Major Studio,April,40.0,95.02,83.3
The Longest Yard,2005,5,82000000.0,190320568.0,18.758405933857045,140175522.3980315,1,0.9655147,25.0,1,0.0,18.22222981742365,1,0,0,0,1,0,0,0,129303227.6,Comedy,Major Studio,May,82.0,190.32,140.18
Point Break,2015,12,105000000.0,133718711.0,18.32841026052852,91185846.35837156,1,0.91133773,0.0,1,0.0,18.46947091764561,0,0,1,0,0,0,0,0,51751835.0,Action,Mid-size Studio,December,105.0,133.72,91.19
Rush Hour 3,2007,8,140000000.0,258022233.0,18.95002108392143,169781195.04443744,1,0.94151855,0.0,1,0.0,18.75715298771643,1,0,1,0,1,0,0,0,245593345.83333337,Action,Major Studio,August,140.0,258.02,169.78
The Scorpion King,2002,4,60000000.0,165333180.0,18.671571357874885,128516948.69920138,1,0.9579376,0.0,1,0.0,17.909855136853043,1,0,1,0,0,0,0,0,212890730.33333337,Action,Major Studio,April,60.0,165.33,128.52
Zathura: A Space Adventure,2005,11,65000000.0,64321501.0,18.34752056840827,92945193.26314306,1,0.89947736,0.0,1,1.0,17.989897843244528,0,0,0,0,0,0,0,0,470906546.2,Family,Mid-size Studio,November,65.0,64.32,92.95
No Escape,2015,8,5000000.0,54418872.0,16.983965773672242,23770734.320536792,0,0.3644681,0.0,1,0.0,15.424948670398354,0,0,1,0,0,0,0,0,38179531.333333336,Action,Mid-size Studio,August,5.0,54.42,23.77
The Assassination of Jesse James by the Coward Robert Ford,2007,9,30000000.0,14711793.0,17.486714833684122,39299203.452046275,0,0.43597993,45.0,0,1.0,17.216707972959764,1,0,1,0,0,0,0,0,37930465.0,Action,Major Studio,September,30.0,14.71,39.3
The Life Aquatic with Steve Zissou,2004,12,50000000.0,34808403.0,18.28293129913468,87131696.73824772,1,0.5543083,25.0,0,1.0,17.72753358339242,0,0,0,0,1,0,0,0,63071979.833333336,Adventure,Mid-size Studio,December,50.0,34.81,87.13
Pandorum,2009,9,33000000.0,20645327.0,16.524230334868356,15010046.000266846,0,0.07986027,20.0,0,1.0,17.312018149733785,0,0,1,0,0,0,0,0,29000000.0,Action,Mid-size Studio,September,33.0,20.65,15.01
Along Came Polly,2004,1,42000000.0,171963386.0,18.111504420403463,73405131.80795236,1,0.8560701,20.0,1,0.0,17.553180200057167,0,0,0,0,1,0,0,0,91636986.0,Comedy,Mid-size Studio,January,42.0,171.96,73.41
Akira,1988,7,8000000.0,553171.0,16.931486775917264,22555437.633439347,0,0.19325264,0.0,0,1.0,15.894952224644102,0,0,0,1,0,0,0,0,51751835.0,Science Fiction,Mid-size Studio,July,8.0,0.55,22.56
Flightplan,2005,9,55000000.0,223387299.0,18.21250988546007,81206826.60967658,1,0.8887087,45.0,1,0.0,17.822843761378564,0,0,0,0,0,0,0,0,141805664.6,Thriller,Mid-size Studio,September,55.0,223.39,81.21
Killers,2010,6,75000000.0,98159963.0,18.612022449073077,121087313.29506084,1,0.95379704,0.0,1,0.0,18.13299868483392,0,0,1,0,1,0,0,0,117725360.2,Action,Mid-size Studio,June,75.0,98.16,121.09
The Thin Red Line,1998,12,52000000.0,98126565.0,18.428433610642315,100778298.79785262,1,0.79897213,25.0,1,0.0,17.76675429577647,0,0,0,0,0,0,0,0,42605119.5,Drama,Mid-size Studio,December,52.0,98.13,100.78
Contraband,2012,1,25000000.0,63100000.0,17.550169324858278,41873733.42047992,1,0.60025704,45.0,1,0.0,17.034386422832473,1,0,1,0,0,0,0,0,167683997.5,Thriller,Major Studio,January,25.0,63.1,41.87
S.W.A.T.,2003,8,80000000.0,116643346.0,18.57716251783491,116938943.86953688,1,0.93400353,0.0,1,0.0,18.19753720513815,0,0,1,0,0,0,0,0,77920346.0,Action,Mid-size Studio,August,80.0,116.64,116.94
30 Days of Night,2007,10,30000000.0,75505973.0,18.204453338010342,80555208.37102379,1,0.8824017,0.0,1,0.0,17.216707972959764,1,0,0,0,0,0,0,0,352756778.0,Horror,Major Studio,October,30.0,75.51,80.56
Lethal Weapon 4,1998,7,140000000.0,285444603.0,18.879198520461,158172776.2557006,1,0.95812166,0.0,1,0.0,18.75715298771643,1,0,1,0,1,0,0,0,101871586.8,Action,Major Studio,July,140.0,285.44,158.17
The Talented Mr. Ripley,1999,12,40000000.0,128798265.0,18.50623103478528,108931633.25927334,1,0.8919648,25.0,1,0.0,17.50439003707821,1,0,0,0,0,0,0,0,202494967.0,Thriller,Major Studio,December,40.0,128.8,108.93
The Punisher,2004,4,33000000.0,54700105.0,17.823684793662334,55046276.23362394,1,0.82520735,25.0,1,0.0,17.312018149733785,1,0,1,0,0,0,1,0,51751835.0,Action,Major Studio,April,33.0,54.7,55.05
Savages,2012,7,45000000.0,82966152.0,17.699729350530873,48628937.328767665,1,0.7770687,25.0,1,0.0,17.622173069956816,0,0,0,0,0,0,0,0,99590205.25,Crime,Mid-size Studio,July,45.0,82.97,48.63
The Bélier Family,2014,12,11000000.0,,17.573592934462607,42866144.98398625,0,0.2363002,40.0,0,,16.213405921671733,0,0,0,0,1,0,0,0,51751835.0,Comedy,Mid-size Studio,December,11.0,,42.87
"As Above, So Below",2014,8,5000000.0,40100000.0,17.601604771933353,44083880.376277804,0,0.2608196,0.0,0,0.0,15.424948670398354,1,0,0,0,0,0,0,0,42952488.666666664,Horror,Major Studio,August,5.0,40.1,44.08
The Best of Me,2014,10,26000000.0,35926213.0,17.636578464126607,45652934.34925907,0,0.3118255,25.0,0,0.0,17.073607134447293,0,0,0,0,0,0,0,0,51751835.0,Drama,Mid-size Studio,October,26.0,35.93,45.65
Jarhead,2005,11,72000000.0,96889998.0,18.607110107870284,120493949.68737182,1,0.95116377,25.0,1,0.0,18.09217669086922,1,0,0,0,0,0,0,0,436109801.8333333,Drama,Major Studio,November,72.0,96.89,120.49
St. Vincent,2014,10,13000000.0,54837234.0,17.547169703230484,41748316.25713274,0,0.49091476,15.0,1,0.0,16.380459992348886,0,0,0,0,1,0,0,0,51751835.0,Comedy,Mid-size Studio,October,13.0,54.84,41.75
From Russia with Love,1963,10,2000000.0,78898765.0,16.975289878775676,23565393.962977327,1,0.6305857,0.0,1,0.0,14.508658238524095,0,0,1,0,0,1,0,0,68665219.33333333,Action,Mid-size Studio,October,2.0,78.9,23.57
Gamer,2009,9,50000000.0,40828540.0,17.421440942955204,36815919.90819558,0,0.263984,20.0,0,1.0,17.72753358339242,0,0,1,0,0,0,0,0,75569657.66666667,Action,Mid-size Studio,September,50.0,40.83,36.82
The Ninth Gate,1999,8,38000000.0,58401898.0,18.181135629924643,78698575.84433065,1,0.8374863,0.0,1,0.0,17.453096744006448,0,0,0,0,0,0,0,0,56677415.2,Horror,Mid-size Studio,August,38.0,58.4,78.7
The Little Prince,2015,7,64000000.0,97571250.0,17.899561972734865,59385577.741973534,1,0.73084575,0.0,1,0.0,17.974393656948944,0,0,0,1,0,0,0,0,631744560.0,Adventure,Mid-size Studio,July,64.0,97.57,59.39
Happy Gilmore,1996,2,12000000.0,41205099.0,18.23705359835794,83224604.25914977,1,0.64777434,15.0,0,0.0,16.300417291085605,1,0,0,0,1,0,0,0,191250919.14285713,Comedy,Major Studio,February,12.0,41.21,83.22
Clerks,1994,9,27000.0,3151130.0,16.41577021250095,13467233.40956819,0,0.07094667,20.0,0,0.0,10.203629181337648,0,0,0,0,1,1,0,0,24219194.4,Comedy,Mid-size Studio,September,0.03,3.15,13.47
The Book of Life,2014,10,50000000.0,97437106.0,18.27073394618767,86075375.92314759,1,0.7165953,0.0,1,0.0,17.72753358339242,1,0,0,1,1,0,0,0,51751835.0,Romance,Major Studio,October,50.0,97.44,86.08
Mr. Popper's Penguins,2011,6,55000000.0,187361754.0,18.573983487094537,116567781.6496908,1,0.9142986,0.0,1,0.0,17.822843761378564,1,0,0,0,1,1,0,0,103078354.2,Comedy,Major Studio,June,55.0,187.36,116.57
Scary Movie 4,2006,4,45000000.0,178262620.0,18.51807319620358,110229287.6069854,1,0.84042907,0.0,1,0.0,17.622173069956816,0,0,0,0,1,0,0,0,104867876.0,Comedy,Mid-size Studio,April,45.0,178.26,110.23
Billy Elliot,2000,5,5000000.0,110000000.0,16.56331680353226,15608352.404194834,0,0.30975413,25.0,1,0.0,15.424948670398354,0,0,0,0,1,0,0,0,69955000.33333333,Drama,Mid-size Studio,May,5.0,110.0,15.61
Bridget Jones: The Edge of Reason,2004,11,50000000.0,40203020.0,18.400349490174964,97987402.25658228,1,0.79829496,0.0,0,1.0,17.72753358339242,1,0,0,0,1,0,0,0,51751835.0,Comedy,Major Studio,November,50.0,40.2,97.99
True Romance,1993,9,12500000.0,12281551.0,17.124547564728225,27358765.475110237,0,0.25252622,35.0,0,1.0,16.341239282272525,1,0,1,0,0,0,0,0,168694471.63636363,Action,Major Studio,September,12.5,12.28,27.36
Mad Max Beyond Thunderdome,1985,6,12305523.0,36230219.0,18.367038757986727,94777135.12178814,1,0.6965487,15.0,0,0.0,16.325558825215925,0,0,1,0,0,0,0,0,184555517.66666663,Action,Mid-size Studio,June,12.31,36.23,94.78
Event Horizon,1997,8,60000000.0,26673242.0,17.967450578249494,63557181.99530498,1,0.9051789,0.0,0,1.0,17.909855136853043,1,0,0,0,0,0,0,0,141687610.8888889,Horror,Major Studio,August,60.0,26.67,63.56
Commando,1985,10,10000000.0,57500000.0,18.196688540365773,79932135.61848888,1,0.6235655,15.0,1,0.0,16.118095750958314,1,0,1,0,0,0,0,0,9677862.0,Action,Major Studio,October,10.0,57.5,79.93
Killing Them Softly,2012,9,15000000.0,37930465.0,17.273241618678124,31744866.563038927,0,0.2618939,35.0,0,0.0,16.52356082573315,0,0,0,0,0,0,0,0,14711793.0,Crime,Mid-size Studio,September,15.0,37.93,31.74
The Men Who Stare at Goats,2009,10,24000000.0,68729358.0,17.972897289860843,63904304.12080324,1,0.5696854,0.0,1,0.0,16.993564429978885,0,0,0,0,1,0,0,0,51751835.0,Comedy,Mid-size Studio,October,24.0,68.73,63.9
Evil Dead II,1987,3,3600000.0,5923044.0,16.065715182096138,9489676.454711609,0,0.13109702,0.0,0,0.0,15.096444681204078,0,0,0,0,1,0,0,0,446711202.5714286,Horror,Mid-size Studio,March,3.6,5.92,9.49
J. Edgar,2011,11,35000000.0,84606030.0,17.736420836471186,50446343.10710276,1,0.75472784,25.0,1,0.0,17.370858648025116,0,0,0,0,0,0,0,0,127760676.73684213,Drama,Mid-size Studio,November,35.0,84.61,50.45
From Hell,2001,10,35000000.0,74558115.0,18.40061381064828,98013305.75665204,1,0.91802245,0.0,1,0.0,17.370858648025116,1,0,0,0,0,0,0,0,92503877.5,Horror,Major Studio,October,35.0,74.56,98.01
Aliens vs Predator: Requiem,2007,12,40000000.0,41797066.0,18.143612235417542,75800255.56864911,1,0.624178,0.0,0,0.0,17.50439003707821,1,0,1,0,0,0,0,0,66821036.0,Fantasy,Major Studio,December,40.0,41.8,75.8
Trading Places,1983,6,40600000.0,90400000.0,18.754530763780288,139633369.549969,1,0.92190754,0.0,1,0.0,17.5192786492025,1,0,0,0,1,0,0,0,125146293.0,Comedy,Major Studio,June,40.6,90.4,139.63
Carnage,2011,9,25000000.0,27603069.0,16.913371244022787,22150512.654872913,0,0.23145355,45.0,0,0.0,17.034386422832473,0,0,0,0,1,0,0,0,62837181.0,Comedy,Mid-size Studio,September,25.0,27.6,22.15
Never Let Me Go,2010,9,15000000.0,9455232.0,16.139871353755307,10220144.237610135,0,0.04790738,60.0,0,1.0,16.52356082573315,0,0,0,0,0,0,0,0,52223306.0,Drama,Mid-size Studio,September,15.0,9.46,10.22
21 & Over,2013,3,13000000.0,48065672.0,17.90588034027416,59761985.54418055,0,0.43068206,15.0,0,0.0,16.380459992348886,0,0,0,0,1,0,0,0,183936074.0,Comedy,Mid-size Studio,March,13.0,48.07,59.76
Adventureland,2009,4,9500000.0,17164377.0,17.56851088825846,42648849.86908553,0,0.35958022,15.0,0,0.0,16.066802461833923,0,0,0,0,1,1,0,0,109507638.0,Comedy,Mid-size Studio,April,9.5,17.16,42.65
The Change-Up,2011,8,52000000.0,75450437.0,18.162339146483887,77233135.0602967,1,0.922303,0.0,1,0.0,17.76675429577647,1,0,0,0,1,0,0,0,86021437.5,Comedy,Major Studio,August,52.0,75.45,77.23
Scream 3,2000,2,40000000.0,161834276.0,18.46300794171256,104323575.73197104,1,0.9013828,0.0,1,0.0,17.50439003707821,0,0,0,0,0,0,0,0,66995556.11111111,Horror,Mid-size Studio,February,40.0,161.83,104.32
Shanghai Noon,2000,5,55000000.0,56932305.0,18.21777605660502,81635603.67779642,1,0.9159972,25.0,1,0.0,17.822843761378564,0,0,1,0,1,1,0,0,86238518.0,Adventure,Mid-size Studio,May,55.0,56.93,81.64
Bronson,2008,10,230000.0,2260712.0,15.281217388181418,4330602.159923441,0,0.081013426,25.0,0,0.0,12.345838935721968,0,0,1,0,0,0,0,0,29908445.333333332,Drama,Mid-size Studio,October,0.23,2.26,4.33
Attack the Block,2011,5,14350531.0,3964682.0,15.95227238802388,8471958.518851664,0,0.13628505,15.0,0,1.0,16.479297572653444,0,0,1,0,1,0,0,0,51751835.0,Action,Mid-size Studio,May,14.35,3.96,8.47
Babe,1995,7,30000000.0,254134910.0,18.4936706059819,107571962.12455732,1,0.76457024,25.0,1,0.0,17.216707972959764,1,0,0,0,1,0,0,0,35078241.0,Fantasy,Major Studio,July,30.0,254.13,107.57
The Last of the Mohicans,1992,9,40000000.0,75505856.0,18.382589564805503,96262515.55482768,1,0.8491379,45.0,1,0.0,17.50439003707821,0,0,1,0,0,0,0,0,119525117.6,Action,Mid-size Studio,September,40.0,75.51,96.26
Shallow Hal,2001,11,40000000.0,141069860.0,18.762809984164555,140794223.8511105,1,0.92988944,0.0,1,0.0,17.50439003707821,1,0,0,0,1,0,0,0,119714803.9,Comedy,Major Studio,November,40.0,141.07,140.79
Predator 2,1990,11,35000000.0,57120318.0,18.46889653819515,104939707.47417912,1,0.81019574,0.0,1,0.0,17.370858648025116,1,0,1,0,0,0,0,0,64180594.0,Science Fiction,Major Studio,November,35.0,57.12,104.94
Saw: The Final Chapter,2010,10,20000000.0,136150434.0,18.003851204900403,65913325.68500192,1,0.77525127,15.0,1,0.0,16.811242881518265,0,0,0,0,0,0,0,0,68233629.0,Horror,Mid-size Studio,October,20.0,136.15,65.91
Wayne's World,1992,2,20000000.0,121697323.0,18.716769631148903,134458965.8326564,1,0.81783056,15.0,1,0.0,16.811242881518265,1,0,0,0,1,0,0,0,51751835.0,Music,Major Studio,February,20.0,121.7,134.46
Singin' in the Rain,1952,4,2540800.0,7200000.0,16.630522580999138,16693375.484172238,0,0.09448619,0.0,0,0.0,14.747989943611705,0,0,0,0,1,0,0,0,51751835.0,Comedy,Mid-size Studio,April,2.54,7.2,16.69
The Incredible Burt Wonderstone,2013,3,30000000.0,27437881.0,17.966826333365336,63517519.12992709,1,0.6790463,0.0,0,1.0,17.216707972959764,1,0,0,0,1,0,0,0,51751835.0,Comedy,Major Studio,March,30.0,27.44,63.52
Saw VI,2009,10,11000000.0,68233629.0,18.216043140260435,81494258.50919813,1,0.819464,15.0,1,0.0,16.213405921671733,0,0,0,0,0,1,0,0,136150434.0,Horror,Mid-size Studio,October,11.0,68.23,81.49
Paranormal Activity 2,2010,10,3000000.0,177512032.0,18.22181708462071,81966162.89306861,1,0.7193973,0.0,1,0.0,14.914123179965662,1,0,0,0,0,1,0,0,51751835.0,Horror,Major Studio,October,3.0,177.51,81.97
Zack and Miri Make a Porno,2008,9,24000000.0,42105111.0,17.993016418405432,65203023.79651939,0,0.49528405,20.0,0,0.0,16.993564429978885,0,0,0,0,1,1,0,0,20323796.3,Comedy,Mid-size Studio,September,24.0,42.11,65.2
Stranger Than Fiction,2006,9,30000000.0,53653224.0,17.763705418545943,51841699.82249234,1,0.657578,45.0,1,0.0,17.216707972959764,0,0,0,0,1,0,0,0,225905953.33333337,Comedy,Mid-size Studio,September,30.0,53.65,51.84
"Girl, Interrupted",1999,12,40000000.0,,18.230348889115323,82668473.9085216,1,0.54709643,25.0,0,,17.50439003707821,0,0,0,0,0,0,0,0,138349209.5,Drama,Mid-size Studio,December,40.0,,82.67
The Great Beauty,2013,5,12400000.0,8371085.0,16.96658945224918,23361254.3142769,0,0.30649263,40.0,0,1.0,16.333207111220425,0,0,0,0,1,0,0,0,51751835.0,Comedy,Mid-size Studio,May,12.4,8.37,23.36
Jeepers Creepers,2001,7,10000000.0,59217789.0,18.086817431785818,71615165.47568594,1,0.7254461,15.0,1,0.0,16.118095750958314,0,0,0,0,0,1,0,0,63102666.0,Horror,Mid-size Studio,July,10.0,59.22,71.62
Out of the Furnace,2013,12,22000000.0,15400000.0,16.900223729625537,21861194.532326236,0,0.18571982,40.0,0,1.0,16.906553056777135,0,0,0,0,0,0,0,0,69150155.0,Thriller,Mid-size Studio,December,22.0,15.4,21.86
The SpongeBob Movie: Sponge Out of Water,2015,2,74000000.0,311594032.0,18.836450213396745,151553644.11362404,1,0.9287188,0.0,1,0.0,18.119575664681957,1,0,0,1,1,0,0,0,51751835.0,Animation,Major Studio,February,74.0,311.59,151.55
The Elephant Man,1980,10,5000000.0,26010864.0,17.203958813935262,29619953.00406587,0,0.19508237,25.0,0,0.0,15.424948670398354,0,0,0,0,0,0,0,0,19347676.333333332,Drama,Mid-size Studio,October,5.0,26.01,29.62
New Year's Eve,2011,12,56000000.0,142044638.0,18.48505009036914,106648621.88943344,1,0.87675804,0.0,1,0.0,17.840862266556567,1,0,0,0,1,1,0,0,216524393.66666663,Comedy,Major Studio,December,56.0,142.04,106.65
Walk the Line,2005,9,28000000.0,186438883.0,18.45280555882684,103264637.68909404,1,0.7953603,45.0,1,0.0,17.147715103853763,0,0,0,0,0,0,0,0,176501809.4,Drama,Mid-size Studio,September,28.0,186.44,103.26
Before Sunset,2004,2,2700000.0,15992615.0,16.332312427513486,12388910.882505365,0,0.06840109,25.0,0,0.0,14.80876270134486,0,0,0,0,0,0,0,0,32837713.555555556,Drama,Mid-size Studio,February,2.7,15.99,12.39
Green Zone,2010,3,100000000.0,94882889.0,18.52691054866426,111207739.77725612,1,0.9550327,25.0,1,1.0,18.420680753952364,1,0,1,0,0,0,0,0,219811432.16666663,War,Major Studio,March,100.0,94.88,111.21
The Great Escape,1963,6,4000000.0,11744471.0,16.379352699020764,12985613.152327329,0,0.12227419,25.0,0,0.0,15.201805169084134,0,0,0,0,0,0,0,0,51751835.0,Adventure,Mid-size Studio,June,4.0,11.74,12.99
Vantage Point,2008,2,40000000.0,151161491.0,18.089424926192677,71802145.29018782,1,0.73964804,25.0,1,0.0,17.50439003707821,1,0,1,0,0,0,0,0,41037742.0,Drama,Major Studio,February,40.0,151.16,71.8
Erin Brockovich,2000,3,52000000.0,256271286.0,18.564736998425012,115494906.7748794,1,0.86767465,25.0,1,0.0,17.76675429577647,0,0,0,0,0,0,0,0,142968704.3846154,Drama,Mid-size Studio,March,52.0,256.27,115.49
Gandhi,1982,11,22000000.0,77737889.0,18.343584713038233,92580093.38265796,1,0.8112387,40.0,1,0.0,16.906553056777135,1,0,0,0,0,0,0,0,50750000.0,Drama,Major Studio,November,22.0,77.74,92.58
Lockout,2012,4,20000000.0,32204030.0,16.816418813809094,20103787.016570956,0,0.1957986,15.0,0,0.0,16.811242881518265,0,0,1,0,0,0,0,0,51751835.0,Action,Mid-size Studio,April,20.0,32.2,20.1
Sleepers,1996,10,44000000.0,165615285.0,18.350625869090557,93234264.63277397,1,0.8152482,25.0,1,0.0,17.599700214609808,1,0,0,0,0,0,0,0,117954618.125,Crime,Major Studio,October,44.0,165.62,93.23
A Cinderella Story,2004,7,19000000.0,70067909.0,18.161180637208535,77143711.56478235,1,0.7532944,15.0,1,0.0,16.759949589762293,1,0,0,0,1,0,0,0,51751835.0,Comedy,Major Studio,July,19.0,70.07,77.14
The Counselor,2013,10,25000000.0,71009334.0,17.530968301694227,41077384.697336696,1,0.6542443,25.0,1,0.0,17.034386422832473,1,0,0,0,0,0,0,0,207903244.2,Thriller,Major Studio,October,25.0,71.01,41.08
Last Action Hero,1993,6,85000000.0,137298489.0,18.960205743254093,171519194.12840262,1,0.96611816,0.0,1,0.0,18.258161826219297,0,0,1,0,1,0,0,0,147585973.0,Adventure,Mid-size Studio,June,85.0,137.3,171.52
Nanny McPhee,2005,10,25000000.0,122489822.0,18.383966632679773,96395166.88785388,1,0.8628034,0.0,1,0.0,17.034386422832473,1,0,0,0,1,0,0,0,84311625.5,Fantasy,Major Studio,October,25.0,122.49,96.4
Galaxy Quest,1999,12,45000000.0,90683916.0,18.37942384769693,95958257.51080368,1,0.8530113,0.0,1,0.0,17.622173069956816,0,0,0,0,1,0,0,0,106234714.0,Comedy,Mid-size Studio,December,45.0,90.68,95.96
Hairspray,2007,7,50000000.0,90450008.0,18.63604728598778,124031643.17692068,1,0.9250024,0.0,1,0.0,17.72753358339242,1,0,0,0,1,0,0,0,111873252.14285716,Family,Major Studio,July,50.0,90.45,124.03
Extremely Loud & Incredibly Close,2011,12,40000000.0,55247881.0,18.0978296658136,72408166.79302356,1,0.81427354,25.0,1,0.0,17.50439003707821,1,0,0,0,0,0,0,0,88205706.66666667,Drama,Major Studio,December,40.0,55.25,72.41
Magic Mike XXL,2015,7,14800000.0,122513057.0,17.79456045249085,53466210.54762643,1,0.5799116,40.0,1,0.0,16.51013780630191,1,0,0,0,1,0,0,0,51751835.0,Comedy,Major Studio,July,14.8,122.51,53.47
Big Trouble in Little China,1986,5,25000000.0,11000000.0,17.581460227869723,43204715.60257465,0,0.39126015,0.0,0,1.0,17.034386422832473,1,0,1,0,1,0,0,0,30613497.375,Action,Major Studio,May,25.0,11.0,43.2
The Hills Have Eyes,2006,3,15000000.0,69623713.0,17.893475518983266,59025227.90219252,1,0.70838207,15.0,1,0.0,16.52356082573315,0,0,0,0,0,0,0,0,77812302.0,Horror,Mid-size Studio,March,15.0,69.62,59.03
The Best Offer,2013,1,13500000.0,19255873.0,16.669105501306543,17350041.28112362,0,0.13558574,60.0,0,0.0,16.41820031748273,1,0,0,0,0,0,0,0,51751835.0,Drama,Major Studio,January,13.5,19.26,17.35
Æon Flux,2005,11,62000000.0,52304001.0,17.60174910413054,44090243.55893242,1,0.75559294,0.0,1,1.0,17.9426449591384,1,0,1,0,0,0,0,0,31556061.0,Action,Major Studio,November,62.0,52.3,44.09
The Running Man,1987,11,27000000.0,38122105.0,17.607482019759818,44343735.13970804,0,0.24111691,0.0,0,0.0,17.11134746100564,0,0,1,0,0,0,0,0,51751835.0,Action,Mid-size Studio,November,27.0,38.12,44.34
Escape from New York,1981,5,6000000.0,50244700.0,16.973534452084053,23524062.927076016,0,0.062414184,0.0,0,0.0,15.607270193858982,0,0,1,0,0,0,0,0,25707909.875,Science Fiction,Mid-size Studio,May,6.0,50.24,23.52
Legend of the Guardians: The Owls of Ga'Hoole,2010,7,80000000.0,140073390.0,18.873839116874656,157327332.0679751,1,0.93978846,0.0,1,0.0,18.19753720513815,1,0,0,1,0,0,0,0,389353999.5,Animation,Major Studio,July,80.0,140.07,157.33
The Nutty Professor,1996,6,54000000.0,128769345.0,18.811582822700775,147831373.799301,1,0.9052132,0.0,1,0.0,17.804494623047066,1,0,0,0,1,1,0,0,200067588.83333337,Fantasy,Major Studio,June,54.0,128.77,147.83
The Master,2012,9,32000000.0,28258060.0,17.474529035144972,38823217.289649695,0,0.32533094,45.0,0,1.0,17.281246492014,0,0,0,0,0,0,0,0,39374616.6,Drama,Mid-size Studio,September,32.0,28.26,38.82
Hard Candy,2005,1,950000.0,7022209.0,16.666391567461048,17303018.251713715,0,0.15689728,45.0,0,0.0,13.76421831620775,0,0,0,0,0,0,0,0,386998660.0,Drama,Mid-size Studio,January,0.95,7.02,17.3
Seeking a Friend for the End of the World,2012,6,10000000.0,9636289.0,16.531836253934355,15124646.471412651,0,0.18217097,40.0,0,1.0,16.118095750958314,0,0,0,0,1,0,0,0,51751835.0,Comedy,Mid-size Studio,June,10.0,9.64,15.12
Cheaper by the Dozen,2003,12,40000000.0,190212113.0,18.60221053649117,119905024.89289522,1,0.88508546,0.0,1,0.0,17.50439003707821,1,0,0,0,1,0,0,0,225374994.44444445,Comedy,Major Studio,December,40.0,190.21,119.91
The Princess Diaries 2: Royal Engagement,2004,8,40000000.0,95149435.0,18.430490262246185,100985777.93278168,1,0.8925553,25.0,1,0.0,17.50439003707821,1,0,0,0,1,0,0,0,224340260.83333337,Comedy,Major Studio,August,40.0,95.15,100.99
The Bank Job,2008,2,20000000.0,64822796.0,17.38431654995798,35474210.36218224,1,0.52612203,40.0,1,0.0,16.811242881518265,0,0,0,0,0,0,0,0,73447638.0,Thriller,Mid-size Studio,February,20.0,64.82,35.47
Munich,2005,12,70000000.0,130358911.0,18.52096359894993,110548355.54078338,1,0.9028127,25.0,1,0.0,18.064005814299342,1,0,1,0,0,0,0,0,346809009.7307692,Drama,Major Studio,December,70.0,130.36,110.55
Flubber,1997,11,80000000.0,177977226.0,18.802163676877267,146445465.80402973,1,0.9036114,0.0,1,0.0,18.19753720513815,1,0,0,0,1,0,0,0,38539313.0,Comedy,Major Studio,November,80.0,177.98,146.45
Killer Elite,2011,9,66000000.0,57777106.0,17.792240558899397,53342318.38997386,1,0.8476148,20.0,1,1.0,18.005165315142214,0,0,1,0,0,0,0,0,51751835.0,Action,Mid-size Studio,September,66.0,57.78,53.34
K-PAX,2001,10,48000000.0,50315140.0,17.850913961153285,56565733.43401338,0,0.45137045,25.0,0,0.0,17.6867115897055,0,0,0,0,0,0,0,0,52342973.333333336,Drama,Mid-size Studio,October,48.0,50.32,56.57
The Smurfs 2,2013,7,105000000.0,347434178.0,19.107525074194456,198743393.19555855,1,0.9515886,0.0,1,0.0,18.46947091764561,1,0,0,1,1,0,0,0,268821580.6,Fantasy,Major Studio,July,105.0,347.43,198.74
Australia,2008,11,130000000.0,49554002.0,18.695283185162037,131600737.05521104,1,0.8817578,25.0,0,1.0,18.683045016112164,1,0,0,0,0,1,0,0,225850871.33333337,Drama,Major Studio,November,130.0,49.55,131.6
Midnight Special,2016,2,18000000.0,6212282.0,16.46150421639381,14097445.172046162,0,0.22271298,40.0,0,1.0,16.705882371415992,1,0,0,0,0,0,0,0,12343507.0,Adventure,Major Studio,February,18.0,6.21,14.1
Harold & Kumar Go to White Castle,2004,5,9000000.0,23936908.0,17.7153345570714,49393753.995485485,0,0.29638246,15.0,0,0.0,16.012735246411598,1,0,0,0,1,0,0,0,73180723.0,Comedy,Major Studio,May,9.0,23.94,49.39
Aloha,2015,5,37000000.0,26250020.0,17.810316665988477,54315307.300336994,0,0.47595888,25.0,0,1.0,17.426428497635523,0,0,0,0,1,1,0,0,139288270.4,Drama,Mid-size Studio,May,37.0,26.25,54.32
Priest,2011,5,60000000.0,78309131.0,17.531505692308258,41099465.231263846,1,0.6583684,0.0,1,0.0,17.909855136853043,0,0,1,0,0,0,0,0,67918658.0,Action,Mid-size Studio,May,60.0,78.31,41.1
Three Kings,1999,9,75000000.0,108000000.0,18.643688665738644,124983046.45866714,1,0.938118,20.0,1,0.0,18.13299868483392,1,0,1,0,1,0,0,0,133272805.4,Action,Major Studio,September,75.0,108.0,124.98
Shanghai Knights,2003,2,50000000.0,88323487.0,17.954054263952116,62711427.63993113,1,0.8565621,25.0,1,0.0,17.72753358339242,0,0,1,0,1,1,0,0,79584912.5,Action,Mid-size Studio,February,50.0,88.32,62.71
Dope,2015,6,700000.0,17986781.0,15.992144935632338,8816581.979544785,0,0.050754804,25.0,0,0.0,13.45883704259595,0,0,0,0,1,0,0,0,24610460.0,Crime,Mid-size Studio,June,0.7,17.99,8.82
Deliver Us from Evil,2014,7,30000000.0,,17.501758111657267,39894861.39969931,0,0.35820407,0.0,0,,17.216707972959764,0,0,0,0,0,0,0,0,144216468.0,Thriller,Mid-size Studio,July,30.0,,39.89
Rambo III,1988,5,63000000.0,189015611.0,18.58512985139357,117874356.87481922,1,0.90524787,0.0,1,0.0,17.958645300228824,0,0,1,0,0,0,0,0,51751835.0,Action,Mid-size Studio,May,63.0,189.02,117.87
The Way Way Back,2013,6,4600000.0,23198652.0,16.718433665337265,18227347.06848843,0,0.082819216,25.0,0,0.0,15.341567078850604,0,0,0,0,1,0,0,0,51751835.0,Comedy,Mid-size Studio,June,4.6,23.2,18.23
"I, Frankenstein",2014,1,65000000.0,71154592.0,18.145830413743752,75968580.67342244,1,0.75506055,20.0,1,0.0,17.989897843244528,0,0,0,0,0,0,0,1,51751835.0,Horror,Mid-size Studio,January,65.0,71.15,75.97
I Know What You Did Last Summer,1997,10,17000000.0,125586134.0,18.18117755950303,78701875.71165794,1,0.7867085,15.0,1,0.0,16.648723960844016,0,0,0,0,0,0,0,0,6416302.0,Horror,Mid-size Studio,October,17.0,125.59,78.7
Doctor Dolittle,1998,6,71000000.0,294456605.0,19.1412486143881,205560018.38426727,1,0.93185675,0.0,1,0.0,18.078190449090098,1,0,0,0,1,0,0,0,238350571.0,Comedy,Major Studio,June,71.0,294.46,205.56
Victor Frankenstein,2015,11,40000000.0,34227298.0,17.65302029222869,46409756.787367895,1,0.5080444,25.0,0,1.0,17.50439003707821,1,0,0,0,0,0,0,0,34655069.0,Drama,Major Studio,November,40.0,34.23,46.41
Green Room,2016,4,5000000.0,3220371.0,15.213964895567926,4048935.838334285,0,0.08409591,0.0,0,1.0,15.424948670398354,0,0,0,0,0,0,0,0,258384.0,Horror,Mid-size Studio,April,5.0,3.22,4.05
Bad Grandpa,2013,10,15000000.0,151831537.0,18.221661358731495,81953399.63312162,1,0.694069,15.0,1,0.0,16.52356082573315,1,0,0,0,1,1,0,0,84761765.0,Comedy,Major Studio,October,15.0,151.83,81.95
White Chicks,2004,6,37000000.0,113086475.0,18.358569352096698,93977818.73231009,1,0.90927297,0.0,1,0.0,17.426428497635523,1,0,0,0,1,0,0,0,90736072.33333331,Comedy,Major Studio,June,37.0,113.09,93.98
Pete's Dragon,2016,8,65000000.0,143695338.0,18.438140986377352,101761355.34989128,1,0.9059689,0.0,1,0.0,17.989897843244528,1,0,0,0,0,0,0,0,51751835.0,Adventure,Major Studio,August,65.0,143.7,101.76
Chicago,2002,12,45000000.0,306776732.0,18.447245863233057,102692110.7448881,1,0.8117647,25.0,1,0.0,17.622173069956816,0,0,1,0,1,0,0,0,368671162.75,Action,Mid-size Studio,December,45.0,306.78,102.69
We Need to Talk About Kevin,2011,9,7000000.0,6038942.0,16.383396872391653,13038235.562640645,0,0.14790101,45.0,0,1.0,15.76142084987672,0,0,0,0,0,0,0,0,51751835.0,Drama,Mid-size Studio,September,7.0,6.04,13.04
House of Wax,2005,4,40000000.0,68766121.0,17.94297412457387,62020411.616543405,1,0.9074904,0.0,1,0.0,17.50439003707821,1,0,0,0,0,0,0,0,117170930.0,Horror,Major Studio,April,40.0,68.77,62.02
Babylon A.D.,2008,8,70000000.0,72108608.0,17.806167473035575,54090409.50073475,1,0.85159403,0.0,1,0.0,18.064005814299342,0,0,1,0,0,0,0,0,141591324.0,Action,Mid-size Studio,August,70.0,72.11,54.09
Rushmore,1998,9,9000000.0,17096053.0,16.453511369928922,13985215.56374726,0,0.0865806,60.0,0,0.0,16.012735246411598,0,0,0,0,1,0,0,0,66024038.166666664,Comedy,Mid-size Studio,September,9.0,17.1,13.99
Cape Fear,1991,11,35000000.0,182300000.0,18.58560000373363,117929788.80971308,1,0.8112563,0.0,1,0.0,17.370858648025116,1,0,0,0,0,0,0,0,110895999.875,Crime,Major Studio,November,35.0,182.3,117.93
From Paris with Love,2010,2,52000000.0,52826594.0,17.777370088531296,52554961.70129372,1,0.721775,0.0,1,0.0,17.76675429577647,0,0,1,0,0,0,0,0,83352997.0,Action,Mid-size Studio,February,52.0,52.83,52.55
Star Trek II: The Wrath of Khan,1982,6,12000000.0,96800000.0,18.303563473158707,88948086.69185264,1,0.7963949,15.0,1,0.0,16.300417291085605,1,0,1,0,0,0,0,0,96900000.0,Action,Major Studio,June,12.0,96.8,88.95
It's Kind of a Funny Story,2010,7,8000000.0,6491240.0,16.287605251065074,11847236.20452718,0,0.0809274,25.0,0,1.0,15.894952224644102,0,0,0,0,1,0,0,0,4911725.0,Comedy,Mid-size Studio,July,8.0,6.49,11.85
Around the World in 80 Days,2004,6,110000000.0,72178895.0,18.724665591676224,135524851.08342665,1,0.96007705,0.0,1,1.0,18.5159909328476,0,0,1,0,1,0,0,0,158024097.2,Action,Mid-size Studio,June,110.0,72.18,135.52
She's the Man,2006,3,20000000.0,33889159.0,17.891008128357846,58879769.13133609,0,0.40271083,40.0,0,0.0,16.811242881518265,0,0,0,0,1,0,0,0,102711850.6,Comedy,Mid-size Studio,March,20.0,33.89,58.88
All Is Lost,2013,10,9000000.0,6108720.0,16.13720926723536,10192973.508203344,0,0.1647692,40.0,0,1.0,16.012735246411598,0,0,1,0,0,0,0,0,15755554.5,Action,Mid-size Studio,October,9.0,6.11,10.19
What's Your Number?,2011,9,20000000.0,30426096.0,17.25532059477477,31181033.35693572,0,0.12705943,35.0,0,0.0,16.811242881518265,0,0,0,0,1,0,0,0,51751835.0,Comedy,Mid-size Studio,September,20.0,30.43,31.18
Splice,2009,10,26000000.0,,17.279922018029193,31957644.88647642,0,0.28556114,0.0,0,,17.073607134447293,0,0,0,0,0,0,0,0,501818.0,Horror,Mid-size Studio,October,26.0,,31.96
My Big Fat Greek Wedding,2002,2,5000000.0,368744044.0,18.36074129638744,94182155.14465928,1,0.6076882,25.0,1,0.0,15.424948670398354,0,0,0,0,1,0,0,0,51751835.0,Comedy,Mid-size Studio,February,5.0,368.74,94.18
The Lake House,2006,6,40000000.0,114830111.0,18.342645815316605,92493210.93622188,1,0.8680752,25.0,1,0.0,17.50439003707821,1,0,0,0,0,0,0,0,51751835.0,Romance,Major Studio,June,40.0,114.83,92.49
The Ghost Writer,2010,2,45000000.0,60222298.0,17.920285985569205,60629126.390295416,1,0.77071977,0.0,1,0.0,17.622173069956816,0,0,0,0,0,0,0,0,56313335.2,Thriller,Mid-size Studio,February,45.0,60.22,60.63
Automata,2014,10,7000000.0,,16.501843243934925,14677748.18224472,0,0.13966224,0.0,0,,15.76142084987672,0,0,0,0,0,0,0,0,51751835.0,Thriller,Mid-size Studio,October,7.0,,14.68
Reign of Fire,2002,7,60000000.0,43061982.0,18.42875376458104,100810568.5328365,1,0.8572851,0.0,0,1.0,17.909855136853043,0,0,1,0,0,0,0,0,82910047.33333333,Adventure,Mid-size Studio,July,60.0,43.06,100.81
Paranormal Activity 3,2011,10,5000000.0,205703818.0,18.48554216149831,106701113.51146972,1,0.84780127,0.0,1,0.0,15.424948670398354,1,0,0,0,0,0,0,0,113262651.0,Horror,Major Studio,October,5.0,205.7,106.7
The Boxtrolls,2014,9,60000000.0,108255770.0,18.27987941190264,86866185.98293737,1,0.83603626,20.0,1,0.0,17.909855136853043,0,0,0,1,1,1,0,0,51751835.0,Animation,Mid-size Studio,September,60.0,108.26,86.87
The Boat That Rocked,2009,4,50000000.0,36348784.0,18.197681861245883,80011573.32581878,1,0.6132624,25.0,0,1.0,17.72753358339242,1,0,0,0,1,0,0,0,166016107.5,Drama,Major Studio,April,50.0,36.35,80.01
Alvin and the Chipmunks: The Squeakquel,2009,12,75000000.0,443140005.0,19.314767526167852,244510184.90824264,1,0.9440914,0.0,1,0.0,18.13299868483392,0,0,0,1,1,1,0,0,164008871.0,Comedy,Mid-size Studio,December,75.0,443.14,244.51
Run Lola Run,1998,8,1530000.0,7267585.0,16.14387534306433,10261147.623657605,0,0.11043806,25.0,0,0.0,14.240778946963175,0,0,1,0,0,0,0,0,81359034.25,Action,Mid-size Studio,August,1.53,7.27,10.26
Idiocracy,2006,9,30000000.0,495303.0,15.196914228812837,3980483.9987261374,0,0.1815736,20.0,0,1.0,17.216707972959764,1,0,0,0,1,0,0,0,11838298.0,Adventure,Major Studio,September,30.0,0.5,3.98
Thank You for Smoking,2005,9,6500000.0,24793509.0,16.801634529264653,19808753.199960537,0,0.19051027,45.0,0,0.0,15.687312888712007,0,0,0,0,1,0,0,0,109574105.75,Comedy,Mid-size Studio,September,6.5,24.79,19.81
Step Up Revolution,2012,7,33000000.0,140470746.0,17.883890791889993,58462189.78527225,1,0.5581282,25.0,1,0.0,17.312018149733785,0,0,0,0,0,0,0,0,51751835.0,Music,Mid-size Studio,July,33.0,140.47,58.46
Mr. Bean's Holiday,2007,3,25000000.0,229736344.0,18.24289101899332,83711842.00953928,1,0.73948723,0.0,1,0.0,17.034386422832473,0,0,0,0,1,1,0,0,51751835.0,Family,Mid-size Studio,March,25.0,229.74,83.71
Eddie the Eagle,2016,2,23000000.0,46152800.0,17.80283461539827,53910433.94603992,0,0.28646398,40.0,0,0.0,16.951004817371683,1,0,0,0,1,0,0,0,51751835.0,Comedy,Major Studio,February,23.0,46.15,53.91
Star Trek: First Contact,1996,11,46000000.0,150000000.0,18.451664484093044,103146872.22136904,1,0.7885442,0.0,1,0.0,17.6441519761925,1,0,1,0,0,0,0,0,61692306.666666664,Science Fiction,Major Studio,November,46.0,150.0,103.15
16 Blocks,2006,3,55000000.0,65664721.0,17.97768517085315,64211003.96389856,1,0.897257,0.0,1,0.0,17.822843761378564,1,0,1,0,0,0,0,0,123849575.0,Action,Major Studio,March,55.0,65.66,64.21
The Bodyguard,1992,11,25000000.0,411006740.0,19.341993732513185,251258721.33927372,1,0.8580888,25.0,1,0.0,17.034386422832473,1,0,1,0,0,0,0,0,51751835.0,Thriller,Major Studio,November,25.0,411.01,251.26
Team America: World Police,2004,10,32000000.0,50907422.0,18.287372971793204,87519567.97864957,1,0.74765545,0.0,0,0.0,17.281246492014,1,0,1,1,1,0,0,0,51751835.0,Music,Major Studio,October,32.0,50.91,87.52
The Exorcism of Emily Rose,2005,9,19000000.0,144216468.0,17.94037954945759,61859703.57196861,1,0.7668861,60.0,1,0.0,16.759949589762293,0,0,0,0,0,0,0,0,155403149.0,Crime,Mid-size Studio,September,19.0,144.22,61.86
Before I Go to Sleep,2014,9,22000000.0,15447154.0,17.2927861266579,32371407.15008228,0,0.28039026,35.0,0,1.0,16.906553056777135,0,0,0,0,0,0,0,0,51751835.0,Mystery,Mid-size Studio,September,22.0,15.45,32.37
Primer,2004,10,7000.0,424760.0,13.26949638708385,579253.0227831284,0,0.0824468,25.0,0,0.0,8.853808274977197,0,0,0,0,0,0,0,0,51751835.0,Science Fiction,Mid-size Studio,October,0.01,0.42,0.58
Ronin,1998,9,55000000.0,41610884.0,18.069814042150433,70407758.98760927,1,0.5225731,20.0,0,1.0,17.822843761378564,0,0,1,0,0,0,0,0,35649187.25,Action,Mid-size Studio,September,55.0,41.61,70.41
We Are Your Friends,2015,8,6000000.0,11122090.0,16.678763914913237,17518427.026167896,0,0.15942876,25.0,0,0.0,15.607270193858982,0,0,0,0,0,0,0,0,51751835.0,Drama,Mid-size Studio,August,6.0,11.12,17.52
To Kill a Mockingbird,1962,12,2000000.0,13129846.0,16.124247312694884,10061705.22066865,0,0.17593916,25.0,0,0.0,14.508658238524095,1,0,0,0,0,0,0,0,51751835.0,Crime,Major Studio,December,2.0,13.13,10.06
Metropolis,1927,1,92620000.0,650422.0,15.084674117111916,3557874.3651014203,1,0.5164903,45.0,0,1.0,18.34401566981368,1,0,0,0,0,0,0,0,51751835.0,Drama,Major Studio,January,92.62,0.65,3.56
Open Season,2006,9,85000000.0,197309027.0,18.742803909949433,138005473.13082772,1,0.92673594,20.0,1,0.0,18.258161826219297,0,0,0,1,0,0,0,0,51751835.0,Adventure,Mid-size Studio,September,85.0,197.31,138.01
Bad Santa,2003,11,23000000.0,76488889.0,17.989956377042216,65003804.80826217,1,0.69023263,40.0,1,0.0,16.951004817371683,1,0,0,0,1,0,0,0,51751835.0,Drama,Major Studio,November,23.0,76.49,65.0
Wild Card,2015,1,30000000.0,,17.289663418289038,32270478.350559223,0,0.30615726,45.0,0,,17.216707972959764,0,0,0,0,0,0,0,0,149705852.0,Thriller,Mid-size Studio,January,30.0,,32.27
EuroTrip,2004,2,25000000.0,20796847.0,17.72366942751042,49807165.01420425,0,0.47851914,0.0,0,1.0,17.034386422832473,0,0,0,0,1,1,0,0,51751835.0,Comedy,Mid-size Studio,February,25.0,20.8,49.81
Hannibal Rising,2007,2,50000000.0,82169884.0,18.111102487143057,73375633.77211031,1,0.7393463,25.0,1,0.0,17.72753358339242,0,0,0,0,0,0,0,0,31466789.0,Crime,Mid-size Studio,February,50.0,82.17,73.38
Gremlins 2: The New Batch,1990,6,50000000.0,41482207.0,18.478895877948126,105994299.09566428,1,0.8045872,0.0,0,1.0,17.72753358339242,1,0,0,0,1,0,0,0,73566596.5,Comedy,Major Studio,June,50.0,41.48,105.99
Memoirs of a Geisha,2005,12,85000000.0,162242962.0,18.96694970307398,172679821.90335572,1,0.85694826,25.0,1,0.0,18.258161826219297,0,0,0,0,0,0,0,0,404804605.25,Drama,Mid-size Studio,December,85.0,162.24,172.68
Butch Cassidy and the Sundance Kid,1969,9,6000000.0,102308889.0,17.46555778367646,38476482.08544246,0,0.3894236,45.0,1,0.0,15.607270193858982,1,0,0,0,0,0,0,0,159616327.0,History,Major Studio,September,6.0,102.31,38.48
Conan the Barbarian,1982,4,20000000.0,79114085.0,18.517590983606663,110176146.4691626,1,0.8813595,15.0,1,0.0,16.811242881518265,1,0,1,0,0,0,0,0,38376497.0,Adventure,Major Studio,April,20.0,79.11,110.18
Wild Hogs,2007,3,,253625427.0,18.154600515954066,76637763.00905399,1,0.8375391,0.0,1,,,0,0,1,0,1,0,0,0,121416782.0,Action,Mid-size Studio,March,,253.63,76.64
Hot Pursuit,2015,5,35000000.0,51680201.0,18.005092247397922,65995177.70498287,0,0.4560964,0.0,0,0.0,17.370858648025116,1,0,1,0,1,0,0,0,158423230.75,Action,Major Studio,May,35.0,51.68,66.0
Starsky & Hutch,2004,3,60000000.0,170268750.0,18.509333052449374,109270065.7533311,1,0.9309753,0.0,1,0.0,17.909855136853043,1,0,0,0,1,0,0,0,191687437.5,Comedy,Major Studio,March,60.0,170.27,109.27
Mr. Deeds,2002,6,50000000.0,171269535.0,18.70845720983935,133345918.71872036,1,0.9160176,0.0,1,0.0,17.72753358339242,1,0,0,0,1,0,0,0,69631118.0,Comedy,Major Studio,June,50.0,171.27,133.35
The Curse of the Were-Rabbit,2005,9,30000000.0,192452832.0,18.108058582942338,73152624.9501297,1,0.7529008,20.0,1,0.0,17.216707972959764,1,0,0,1,1,0,0,0,224834564.0,Adventure,Major Studio,September,30.0,192.45,73.15
Marie Antoinette,2006,5,40000000.0,60474340.0,18.31651326382682,90107436.2734044,1,0.8381869,25.0,1,0.0,17.50439003707821,0,0,0,0,0,0,0,0,65066616.5,Drama,Mid-size Studio,May,40.0,60.47,90.11
"Good Morning, Vietnam",1987,12,13000000.0,123922370.0,18.372300631672015,95277154.80684283,1,0.7491601,40.0,1,0.0,16.380459992348886,0,0,0,0,1,0,0,0,123166232.5,Comedy,Mid-size Studio,December,13.0,123.92,95.28
Let Me In,2010,10,20000000.0,24145613.0,17.7597958613759,51639417.40432472,1,0.5873318,40.0,0,0.0,16.811242881518265,0,0,0,0,0,0,0,0,440704296.0,Drama,Mid-size Studio,October,20.0,24.15,51.64
Pride and Prejudice and Zombies,2016,2,28000000.0,16374328.0,17.05098623622439,25418458.912375186,0,0.28839293,0.0,0,1.0,17.147715103853763,0,0,0,0,1,0,0,0,63078548.333333336,Romance,Mid-size Studio,February,28.0,16.37,25.42
The Land Before Time,1988,11,12300000.0,84460846.0,18.366885050020013,94762568.24045543,1,0.58452916,15.0,1,0.0,16.325109901643454,1,0,0,1,0,0,0,0,51751835.0,Animation,Major Studio,November,12.3,84.46,94.76
Step Up 2: The Streets,2008,2,23000000.0,150816700.0,18.10153657803704,72677075.61807024,1,0.5540899,40.0,1,0.0,16.951004817371683,0,0,0,0,0,0,0,0,241127844.5,Music,Mid-size Studio,February,23.0,150.82,72.68
The November Man,2014,8,15000000.0,32556119.0,17.400266578984834,36044561.53040177,0,0.2317862,15.0,0,0.0,16.52356082573315,0,0,1,0,0,0,0,0,79900973.4,Crime,Mid-size Studio,August,15.0,32.56,36.04
Arthur and the Invisibles,2006,12,86000000.0,107944236.0,18.96070720545469,171605226.0905218,1,0.9560505,0.0,1,0.0,18.26985786584569,0,0,0,1,0,0,0,0,114458495.25,Adventure,Mid-size Studio,December,86.0,107.94,171.61
Anna Karenina,2012,9,,68929150.0,17.83646872560092,55754501.4010737,1,0.63830423,45.0,1,,,1,0,0,0,0,0,0,0,94860912.8,Drama,Major Studio,September,,68.93,55.75
Adaptation.,2002,12,19000000.0,32801173.0,17.355842501477618,34478361.16021238,0,0.30269378,40.0,0,0.0,16.759949589762293,0,0,0,0,1,0,0,0,56767213.333333336,Comedy,Mid-size Studio,December,19.0,32.8,34.48
Dead Man Down,2013,3,,18074539.0,16.713569752928738,18138906.102957062,0,0.18232034,25.0,0,,,0,0,1,0,0,0,0,0,51751835.0,Thriller,Mid-size Studio,March,,18.07,18.14
Nebraska,2013,9,12000000.0,17654912.0,17.2221599626164,30164006.36941974,0,0.21191138,60.0,0,0.0,16.300417291085605,0,0,0,0,0,0,0,0,130860014.66666669,Drama,Mid-size Studio,September,12.0,17.65,30.16
Eat Pray Love,2010,8,60000000.0,204594016.0,18.29265149707441,87982763.65565424,1,0.86590403,25.0,1,0.0,17.909855136853043,1,0,0,0,0,0,0,0,6754898.0,Drama,Major Studio,August,60.0,204.59,87.98
Death Becomes Her,1992,7,55000000.0,149022650.0,18.826656372685544,150076596.6444272,1,0.8965263,0.0,1,0.0,17.822843761378564,1,0,0,0,1,0,0,0,286799946.0,Fantasy,Major Studio,July,55.0,149.02,150.08
Hero,2002,12,31000000.0,177394432.0,18.229558646785502,82603171.58603555,1,0.59506243,25.0,1,0.0,17.249497794707484,0,0,1,0,0,0,0,0,94087689.5,Drama,Mid-size Studio,December,31.0,177.39,82.6
Wrong Turn,2003,5,12600000.0,28650575.0,17.677747620275994,47571652.1750637,1,0.5739011,15.0,0,0.0,16.349207451286784,0,0,0,0,0,0,0,0,51751835.0,Horror,Mid-size Studio,May,12.6,28.65,47.57
Daybreakers,2009,1,20000000.0,51416464.0,16.98007006772394,23678310.670124516,0,0.07921763,35.0,0,0.0,16.811242881518265,0,0,1,0,0,0,0,0,51751835.0,Fantasy,Mid-size Studio,January,20.0,51.42,23.68
Hollow Man,2000,8,95000000.0,190213455.0,18.53482228522051,112091075.8788254,1,0.9365782,0.0,1,0.0,18.36938746009113,0,0,1,0,0,0,0,0,107269030.0,Action,Mid-size Studio,August,95.0,190.21,112.09
The Orphanage,2007,8,,44000000.0,17.52330347247658,40763737.11439265,0,0.2955114,25.0,0,,,0,0,0,0,0,0,0,0,180274123.0,Horror,Mid-size Studio,August,,44.0,40.76
The Crazies,2010,2,20000000.0,54956140.0,18.02489065979696,67314797.55353253,1,0.7671558,15.0,1,0.0,16.811242881518265,0,0,1,0,0,1,0,0,133103198.0,Mystery,Mid-size Studio,February,20.0,54.96,67.31
Brothers,2009,1,26000000.0,43318349.0,17.54541981790065,41675325.37068542,0,0.1486885,45.0,0,0.0,17.073607134447293,0,0,0,0,0,0,0,0,42472434.0,Drama,Mid-size Studio,January,26.0,43.32,41.68
Four Weddings and a Funeral,1994,3,6000000.0,254700832.0,18.429068595016343,100842311.76493172,1,0.7899397,25.0,1,0.0,15.607270193858982,0,0,0,0,1,0,0,0,319409571.0,Comedy,Mid-size Studio,March,6.0,254.7,100.84
The Ring Two,2005,3,50000000.0,161451538.0,18.27076603830361,86078138.3084486,1,0.7964237,25.0,1,0.0,17.72753358339242,0,0,0,0,0,0,0,0,51751835.0,Drama,Mid-size Studio,March,50.0,161.45,86.08
The Time Machine,2002,3,80000000.0,123729176.0,18.730270653285768,136286609.08491665,1,0.93936867,0.0,1,0.0,18.19753720513815,1,0,1,0,0,0,0,0,128802973.0,Science Fiction,Major Studio,March,80.0,123.73,136.29
Machete Kills,2013,9,12000000.0,15008161.0,17.040408352887177,25151002.464203592,0,0.23367211,35.0,0,0.0,16.300417291085605,0,0,1,0,0,0,0,0,72992761.33333333,Action,Mid-size Studio,September,12.0,15.01,25.15
The Signal,2014,3,4000000.0,600896.0,15.749276005783884,6915500.2360557355,0,0.19171952,0.0,0,1.0,15.201805169084134,0,0,0,0,0,0,0,0,51751835.0,Thriller,Mid-size Studio,March,4.0,0.6,6.92
Seven Years in Tibet,1997,9,70000000.0,131457682.0,18.28169522115556,87024061.70174429,1,0.819543,45.0,1,0.0,18.064005814299342,0,0,0,0,0,0,0,0,71469626.0,Adventure,Mid-size Studio,September,70.0,131.46,87.02
Ed Wood,1994,9,18000000.0,5887457.0,17.276006101587058,31832746.121664926,0,0.45802936,60.0,0,1.0,16.705882371415992,0,0,0,0,1,0,0,0,256271598.7692308,Comedy,Mid-size Studio,September,18.0,5.89,31.83
25th Hour,2002,12,15000000.0,13060843.0,17.49585555888729,39660073.47486186,0,0.3180993,40.0,0,1.0,16.52356082573315,0,0,0,0,0,1,0,0,40944741.0,Crime,Mid-size Studio,December,15.0,13.06,39.66
Legion,2010,1,26000000.0,67918658.0,18.232643908592348,82858417.54737669,1,0.5810476,20.0,1,0.0,17.073607134447293,0,0,0,0,0,0,0,0,78309131.0,Horror,Mid-size Studio,January,26.0,67.92,82.86
Superman II,1980,12,54000000.0,190458706.0,18.642326679996906,124812937.1995583,1,0.86064696,0.0,1,0.0,17.804494623047066,1,0,1,0,0,1,1,0,44075146.0,Action,Major Studio,December,54.0,190.46,124.81
Gothika,2003,11,40000000.0,141591324.0,18.504507296181895,108744025.33613342,1,0.8842746,0.0,1,0.0,17.50439003707821,1,0,0,0,0,0,0,0,72108608.0,Horror,Major Studio,November,40.0,141.59,108.74
High Fidelity,2000,3,30000000.0,47126295.0,18.182704885487272,78822170.97462405,0,0.41797584,25.0,0,0.0,17.216707972959764,0,0,0,0,1,0,0,0,47326406.71428572,Comedy,Mid-size Studio,March,30.0,47.13,78.82
Kindergarten Cop,1990,12,15000000.0,201957688.0,18.658613385762447,126862372.77482308,1,0.9241191,15.0,1,0.0,16.52356082573315,1,0,0,0,1,0,0,0,117237020.0,Comedy,Major Studio,December,15.0,201.96,126.86
Fun with Dick and Jane,2005,12,100000000.0,202026112.0,18.776267781189823,142701811.12209737,1,0.9397295,0.0,1,0.0,18.420680753952364,0,0,0,0,1,0,0,0,50563616.0,Comedy,Mid-size Studio,December,100.0,202.03,142.7
Tombstone,1993,12,25000000.0,56505065.0,18.05224879527845,69181827.71481045,1,0.8204382,25.0,1,0.0,17.034386422832473,0,0,1,0,0,0,0,0,151277486.0,Action,Mid-size Studio,December,25.0,56.51,69.18
The Secret in Their Eyes,2009,8,2000000.0,33965843.0,16.922740509063406,22359021.95222881,0,0.05874467,25.0,0,0.0,14.508658238524095,0,0,0,0,0,0,0,0,24000000.0,Crime,Mid-size Studio,August,2.0,33.97,22.36
Highlander,1986,3,16000000.0,5900000.0,18.307476886004316,89296859.28126903,1,0.7283138,15.0,0,1.0,16.588099342704055,0,0,1,0,0,0,0,0,65517294.0,Adventure,Mid-size Studio,March,16.0,5.9,89.3
The Sting,1973,12,5500000.0,159616327.0,17.971168227990837,63793905.09436781,1,0.5780464,25.0,1,0.0,15.520258832020865,1,0,0,0,1,0,0,0,102308889.0,Comedy,Major Studio,December,5.5,159.62,63.79
Gulliver's Travels,2010,12,112000000.0,237382724.0,18.897857729614707,161151862.4509089,1,0.9264232,0.0,1,0.0,18.53400943818794,1,0,0,0,1,0,0,0,158162788.0,Comedy,Major Studio,December,112.0,237.38,161.15
Ben-Hur,2016,8,100000000.0,94061311.0,18.56898481843976,115986551.82630268,1,0.92368704,25.0,1,1.0,18.420680753952364,1,0,0,0,0,0,0,0,134178382.33333331,Drama,Major Studio,August,100.0,94.06,115.99
"Definitely, Maybe",2008,2,,55447968.0,18.08315212403384,71353154.31993532,1,0.6940164,0.0,1,,,1,0,0,0,1,0,0,0,51751835.0,Comedy,Major Studio,February,,55.45,71.35
Repo Men,2010,3,32000000.0,18409891.0,16.54821527198135,15374413.228647996,0,0.2011596,0.0,0,1.0,17.281246492014,1,0,1,0,0,1,0,0,51751835.0,Action,Major Studio,March,32.0,18.41,15.37
Legends of the Fall,1994,12,30000000.0,160638883.0,18.754113949584795,139575180.50681132,1,0.8273539,25.0,1,0.0,17.216707972959764,0,0,0,0,0,0,0,0,162469833.33333334,Adventure,Mid-size Studio,December,30.0,160.64,139.58
Garden State,2004,7,2500000.0,26781723.0,16.981746493744858,23718038.899353977,0,0.1289007,25.0,0,0.0,14.731801689838347,0,0,0,0,1,0,0,0,5483299.0,Comedy,Mid-size Studio,July,2.5,26.78,23.72
Cinderella Man,2005,6,88000000.0,108539911.0,18.644629895987215,125100739.66300702,1,0.93013424,25.0,1,0.0,18.292847383806116,1,0,0,0,0,0,0,0,276885063.6,Romance,Major Studio,June,88.0,108.54,125.1
Brick Mansions,2014,4,28000000.0,68896829.0,17.367967324875366,34898949.841594726,0,0.49230203,25.0,1,0.0,17.147715103853763,0,0,1,0,0,0,0,0,72629670.0,Action,Mid-size Studio,April,28.0,68.9,34.9
Welcome to the Sticks,2008,1,11000000.0,53191886.0,17.66206447962744,46831399.16617438,0,0.41602233,35.0,1,0.0,16.213405921671733,0,0,0,0,1,0,0,0,51751835.0,Comedy,Mid-size Studio,January,11.0,53.19,46.83
Beverly Hills Cop II,1987,5,20000000.0,299965036.0,18.81100220299785,147745564.90396065,1,0.8157111,15.0,1,0.0,16.811242881518265,1,0,1,0,1,0,0,0,142541427.54545453,Action,Major Studio,May,20.0,299.97,147.75
Das Boot,1981,9,14000000.0,85000000.0,17.62550706562154,45150280.18578698,1,0.6014956,60.0,1,0.0,16.454567959008102,0,0,1,0,0,0,0,0,255002680.5,Action,Mid-size Studio,September,14.0,85.0,45.15
Max Payne,2008,10,35000000.0,85416905.0,18.196083076766335,79883754.26739255,1,0.841561,0.0,1,0.0,17.370858648025116,0,0,1,0,0,1,0,0,139138854.66666666,Action,Mid-size Studio,October,35.0,85.42,79.88
Stuart Little 2,2002,7,120000000.0,169956806.0,19.120864404480415,201412257.83213145,1,0.96248704,0.0,1,0.0,18.603002309079653,1,0,0,1,1,0,0,0,220811171.75,Family,Major Studio,July,120.0,169.96,201.41
Triangle,2009,10,12000000.0,,17.680864528759827,47720159.986833304,0,0.27927566,15.0,0,,16.300417291085605,0,0,0,0,0,0,0,0,51751835.0,Horror,Mid-size Studio,October,12.0,,47.72
Milk,2008,11,20000000.0,54586584.0,17.97929483421014,64314445.296230786,1,0.76353866,40.0,1,0.0,16.811242881518265,0,0,0,0,0,0,0,0,83851625.25,History,Mid-size Studio,November,20.0,54.59,64.31
Get Him to the Greek,2010,6,40000000.0,90029656.0,18.16055243417979,77095264.86967422,1,0.8920629,0.0,1,0.0,17.50439003707821,1,0,0,0,1,1,0,0,133999696.75,Comedy,Major Studio,June,40.0,90.03,77.1
Hall Pass,2011,2,36000000.0,83160734.0,18.27241020540635,86219781.56404665,1,0.8805644,0.0,1,0.0,17.399029524198163,1,0,0,0,1,0,0,0,125505716.5,Comedy,Major Studio,February,36.0,83.16,86.22
Anaconda,1997,4,45000000.0,136885767.0,18.613030431703883,121209428.73946533,1,0.86863977,0.0,1,0.0,17.622173069956816,0,0,0,0,0,0,0,0,170362582.0,Adventure,Mid-size Studio,April,45.0,136.89,121.21
Blazing Saddles,1974,2,2600000.0,119500000.0,17.86692181200154,57478515.622804806,0,0.34080622,25.0,1,0.0,14.77102238760702,1,0,0,0,1,0,0,0,46782190.25,Western,Major Studio,February,2.6,119.5,57.48
Doom,2005,10,60000000.0,55987321.0,18.221416922172622,81933369.6740098,1,0.91272885,0.0,1,1.0,17.909855136853043,0,0,1,0,0,0,0,0,60062279.5,Adventure,Mid-size Studio,October,60.0,55.99,81.93
Four Brothers,2005,8,45000000.0,92374674.0,18.259436423118444,85108409.8124307,1,0.87900347,0.0,1,0.0,17.622173069956816,1,0,1,0,0,1,0,0,90005969.66666667,Action,Major Studio,August,45.0,92.37,85.11
About a Boy,2002,4,27000000.0,129000000.0,18.603740756343424,120088646.39870788,1,0.866248,25.0,1,0.0,17.11134746100564,1,0,0,0,1,0,0,0,329826145.5,Drama,Major Studio,April,27.0,129.0,120.09
City of Ember,2008,10,55000000.0,17869048.0,17.47632568119877,38893031.56858022,1,0.52000624,0.0,0,1.0,17.822843761378564,0,0,0,0,0,0,0,0,140175006.0,Adventure,Mid-size Studio,October,55.0,17.87,38.89
The Peanuts Movie,2015,11,99000000.0,246233113.0,18.937607222483766,167686582.8139517,1,0.8998888,0.0,1,0.0,18.410630418199872,1,0,0,1,0,0,0,0,877244782.0,Animation,Major Studio,November,99.0,246.23,167.69
Jack and Jill,2011,11,79000000.0,149673788.0,18.539886941582218,112660218.7042682,1,0.9154483,0.0,1,0.0,18.18495842308952,1,0,0,0,1,1,0,0,175755392.14285713,Comedy,Major Studio,November,79.0,149.67,112.66
Deep Blue Sea,1999,7,60000000.0,73648228.0,18.338493941933383,92109986.9307324,1,0.9176938,0.0,1,0.0,17.909855136853043,1,0,1,0,0,0,0,0,68418025.85714285,Action,Major Studio,July,60.0,73.65,92.11
Fright Night,2011,8,17000000.0,24922237.0,17.031916610146524,24938330.86733288,0,0.2005147,15.0,0,0.0,16.648723960844016,0,0,0,0,1,0,0,0,33900126.666666664,Horror,Mid-size Studio,August,17.0,24.92,24.94
Entrapment,1999,4,66000000.0,212404396.0,18.754931959513435,139689401.10149673,1,0.88889426,25.0,1,0.0,18.005165315142214,0,0,0,0,0,0,0,0,44005011.0,Romance,Mid-size Studio,April,66.0,212.4,139.69
Police Academy,1984,3,4500000.0,146198896.0,18.35576063033972,93714231.53019448,1,0.5900216,0.0,1,0.0,15.319588176962746,1,0,0,0,1,0,0,0,78331510.0,Comedy,Major Studio,March,4.5,146.2,93.71
Surf's Up,2007,6,85000000.0,149044513.0,18.95680819254956,170937437.79908428,1,0.9403902,0.0,1,0.0,18.258161826219297,1,0,0,1,1,0,0,0,51751835.0,Animation,Major Studio,June,85.0,149.04,170.94
Drive Angry,2011,2,50000000.0,28931401.0,17.54021759237683,41459083.88030767,0,0.4441281,0.0,0,1.0,17.72753358339242,0,0,1,0,0,0,0,0,66867527.5,Fantasy,Mid-size Studio,February,50.0,28.93,41.46
My Sister's Keeper,2009,6,30000000.0,95714875.0,17.84239884145614,56086114.33953566,1,0.53201884,25.0,1,0.0,17.216707972959764,0,0,0,0,0,0,0,0,138209730.66666666,Drama,Mid-size Studio,June,30.0,95.71,56.09
The Perfect Storm,2000,3,120000000.0,325756637.0,19.026001386910885,183183947.1159153,1,0.9566195,25.0,1,0.0,18.603002309079653,1,0,0,0,0,0,0,0,214876574.33333337,Drama,Major Studio,March,120.0,325.76,183.18
The Box,2009,9,30000000.0,33333531.0,17.506146576109135,40070323.30772947,0,0.31368393,20.0,0,0.0,17.216707972959764,1,0,0,0,0,0,0,0,822632.5,Thriller,Major Studio,September,30.0,33.33,40.07
The 6th Day,2000,11,82000000.0,96085477.0,18.721617562101347,135112396.23276246,1,0.9160163,0.0,1,0.0,18.22222981742365,0,0,0,0,0,0,0,0,170205534.0,Science Fiction,Mid-size Studio,November,82.0,96.09,135.11
Once Upon a Time in Mexico,2003,9,29000000.0,98185582.0,18.185605036348186,79051098.966935,1,0.76704854,20.0,1,0.0,17.182806422433504,0,0,1,0,0,0,0,0,67447599.93333334,Action,Mid-size Studio,September,29.0,98.19,79.05
John Q,2002,2,36000000.0,102244770.0,18.22714979595008,82404432.3274571,1,0.8860471,25.0,1,0.0,17.399029524198163,1,0,0,0,0,0,0,0,136033099.0,Drama,Major Studio,February,36.0,102.24,82.4
The Cable Guy,1996,6,47000000.0,102825796.0,18.65113151019064,125916746.22082528,1,0.91103125,25.0,1,0.0,17.665658180950928,0,0,0,0,1,0,0,0,123238988.0,Comedy,Mid-size Studio,June,47.0,102.83,125.92
Freddy vs. Jason,2003,8,30000000.0,114908830.0,18.18143441337033,78722093.18941253,1,0.79701906,0.0,1,0.0,17.216707972959764,1,0,0,0,0,0,0,0,25335932.0,Horror,Major Studio,August,30.0,114.91,78.72
What to Expect When You're Expecting,2012,5,40000000.0,79700000.0,18.145339126770253,75931267.4653481,1,0.8147608,25.0,1,0.0,17.50439003707821,0,0,0,0,1,0,0,0,105706536.5,Romance,Mid-size Studio,May,40.0,79.7,75.93
Broken City,2013,1,56000000.0,19701164.0,17.20283795694702,29586771.870755363,0,0.4260276,45.0,0,1.0,17.840862266556567,0,0,0,0,0,0,0,0,51751835.0,Thriller,Mid-size Studio,January,56.0,19.7,29.59
Maggie,2015,5,4000000.0,187112.0,14.83863991041706,2781885.660711965,0,0.21752189,0.0,0,1.0,15.201805169084134,0,0,0,0,0,0,0,0,51751835.0,Horror,Mid-size Studio,May,4.0,0.19,2.78
Monte Carlo,2011,7,20000000.0,17425000.0,17.216776148196516,30002045.326890312,0,0.17771333,15.0,0,1.0,16.811242881518265,0,0,0,0,1,0,0,0,51751835.0,Adventure,Mid-size Studio,July,20.0,17.42,30.0
Here Comes the Boom,2012,10,,73100172.0,17.907960250487484,59886414.465998165,1,0.50871605,0.0,1,,,1,0,0,0,1,0,0,0,157839841.8,Comedy,Major Studio,October,,73.1,59.89
Inkheart,2008,12,60000000.0,57490374.0,18.45877713005823,103883134.69622868,1,0.9297971,0.0,1,1.0,17.909855136853043,1,0,0,0,0,0,0,0,49951228.666666664,Adventure,Major Studio,December,60.0,57.49,103.88
The Texas Chain Saw Massacre,1974,10,85000.0,30859000.0,17.00974535346601,24391501.06230105,0,0.24736482,0.0,0,0.0,11.350418300109132,1,0,0,0,0,0,0,0,45036845.0,Horror,Major Studio,October,0.08,30.86,24.39
Cliffhanger,1993,5,70000000.0,255000211.0,18.76256292843846,140759444.1281016,1,0.9477177,0.0,1,0.0,18.064005814299342,0,0,1,0,0,0,0,0,55464312.78571428,Action,Mid-size Studio,May,70.0,255.0,140.76
The Finest Hours,2016,1,80000000.0,52099090.0,18.092963075149505,72056641.93721263,1,0.8564358,45.0,1,1.0,18.19753720513815,1,0,1,0,0,0,0,0,24841175.666666668,Action,Major Studio,January,80.0,52.1,72.06
Couples Retreat,2009,9,70000000.0,171844840.0,18.648325884368123,125563966.05931108,1,0.9147609,20.0,1,0.0,18.064005814299342,1,0,0,0,1,1,0,0,51751835.0,Comedy,Major Studio,September,70.0,171.84,125.56
The Amityville Horror,2005,4,19000000.0,108047131.0,18.037719146927746,68183907.3432747,1,0.6838489,40.0,1,0.0,16.759949589762293,0,0,0,0,0,0,0,0,51751835.0,Horror,Mid-size Studio,April,19.0,108.05,68.18
Monsters,2010,6,500000.0,4242978.0,14.451940902703123,1889722.164887695,0,0.04932963,25.0,0,0.0,13.122365377402328,0,0,0,0,0,0,0,0,51751835.0,Drama,Mid-size Studio,June,0.5,4.24,1.89
Pi,1998,7,60000.0,3221152.0,15.694040773366012,6543878.69687268,0,0.123937815,25.0,0,0.0,11.002116507732016,0,0,0,0,0,0,0,0,151568039.4,Mystery,Mid-size Studio,July,0.06,3.22,6.54
"Good bye, Lenin!",2003,2,4800000.0,79384880.0,17.398646241781837,35986204.47658868,1,0.5061821,25.0,1,0.0,15.38412668421143,0,0,0,0,1,0,0,0,51751835.0,Comedy,Mid-size Studio,February,4.8,79.38,35.99
Regression,2015,10,,17671101.0,16.93761784091597,22694151.290479258,0,0.3446835,0.0,0,,,0,0,0,0,0,0,0,0,38788363.0,Horror,Mid-size Studio,October,,17.67,22.69
Krampus,2015,11,15000000.0,61548707.0,17.798384897047445,53671080.61674304,0,0.32765406,15.0,1,0.0,16.52356082573315,1,0,0,0,1,0,0,0,51751835.0,Horror,Major Studio,November,15.0,61.55,53.67
My Best Friend's Wedding,1997,6,38000000.0,299288605.0,18.756301803567975,139880884.9199901,1,0.79680604,0.0,1,0.0,17.453096744006448,0,0,0,0,1,0,0,0,51751835.0,Comedy,Mid-size Studio,June,38.0,299.29,139.88
Dazed and Confused,1993,9,6900000.0,7993039.0,17.000419139243196,24165078.164231654,0,0.1426259,45.0,0,0.0,15.747032114495012,0,0,0,0,1,0,0,0,33726555.333333336,Comedy,Mid-size Studio,September,6.9,7.99,24.17
Troll Hunter,2010,10,3500000.0,4159678.0,16.139878985364927,10220222.234066466,0,0.10231699,0.0,0,0.0,15.068273812173889,0,0,0,0,0,1,0,0,51751835.0,Fantasy,Mid-size Studio,October,3.5,4.16,10.22
Poseidon,2006,5,160000000.0,181674817.0,18.814302418750668,148233962.61359426,1,0.9141994,25.0,1,0.0,18.8906843794481,1,0,1,0,0,0,0,0,238890211.0,Adventure,Major Studio,May,160.0,181.67,148.23
The Switch,2010,5,19000000.0,49830607.0,17.6238941728611,45077516.3200608,0,0.17529108,40.0,0,0.0,16.759949589762293,0,0,0,0,1,0,0,0,51751835.0,Comedy,Mid-size Studio,May,19.0,49.83,45.08
Step Up 3D,2010,8,30000000.0,159291809.0,18.157965566748206,76896087.37123117,1,0.6433906,25.0,1,0.0,17.216707972959764,0,0,0,0,0,1,0,0,239009067.25,Drama,Mid-size Studio,August,30.0,159.29,76.9
The Negotiator,1998,7,50000000.0,44547681.0,18.266939530868637,85749389.05026971,1,0.66825026,25.0,0,1.0,17.72753358339242,1,0,1,0,0,0,0,0,101968533.42857143,Action,Major Studio,July,50.0,44.55,85.75
Child's Play,1988,11,9000000.0,44196684.0,17.970561353041482,63755201.916020185,0,0.39949912,15.0,0,0.0,16.012735246411598,0,0,0,0,0,0,0,0,51751835.0,Horror,Mid-size Studio,November,9.0,44.2,63.76
Paycheck,2003,12,60000000.0,96269812.0,18.52167944942213,110627519.96557894,1,0.9347031,0.0,1,0.0,17.909855136853043,1,0,1,0,0,0,0,0,229555454.4,Action,Major Studio,December,60.0,96.27,110.63
Piranha 3D,2010,8,24000000.0,83188165.0,17.859525109963997,57054932.65152533,1,0.78017986,0.0,1,0.0,16.993564429978885,0,0,0,0,1,0,0,0,71030076.0,Comedy,Mid-size Studio,August,24.0,83.19,57.05
Sinister 2,2015,8,10000000.0,52882018.0,17.646400757505216,46103560.34127163,1,0.600105,15.0,1,0.0,16.118095750958314,0,0,0,0,0,0,0,0,51751835.0,Horror,Mid-size Studio,August,10.0,52.88,46.1
Night of the Living Dead,1968,10,114000.0,30000000.0,16.843508140302667,20655828.55222695,0,0.05190734,0.0,0,0.0,11.643962499267984,0,0,0,0,0,0,0,0,26791053.75,Horror,Mid-size Studio,October,0.11,30.0,20.66
Just Like Heaven,2005,9,58000000.0,102854431.0,18.24470825262396,83864104.29210778,1,0.86519533,20.0,1,0.0,17.87595358575207,0,0,0,0,1,0,0,0,119979818.8,Comedy,Mid-size Studio,September,58.0,102.85,83.86
Spy Game,2001,11,92000000.0,143049560.0,18.407781892281392,98718397.19807447,1,0.9253981,0.0,1,0.0,18.33729914588288,1,0,1,0,0,0,0,0,156806470.8181818,Action,Major Studio,November,92.0,143.05,98.72
Philomena,2013,11,12000000.0,100129872.0,17.38047977929206,35338364.71956595,0,0.31235063,40.0,1,0.0,16.300417291085605,0,0,0,0,0,0,0,0,39754467.14285714,Drama,Mid-size Studio,November,12.0,100.13,35.34
Bend It Like Beckham,2002,4,3500159.0,76578641.0,17.553221983518196,42001754.94206855,1,0.5435505,25.0,1,0.0,15.06831923970049,0,0,0,0,1,0,0,0,51751835.0,Comedy,Mid-size Studio,April,3.5,76.58,42.0
The Campaign,2012,8,,104907746.0,18.235029361498302,83056308.33842507,1,0.79475904,0.0,1,,,1,0,0,0,1,0,0,0,231091784.2857143,Comedy,Major Studio,August,,104.91,83.06
What Dreams May Come,1998,10,85000000.0,71485043.0,18.377576483646944,95781151.31391044,1,0.8673982,25.0,1,1.0,18.258161826219297,0,0,0,0,0,0,0,0,51751835.0,Drama,Mid-size Studio,October,85.0,71.49,95.78
Jingle All the Way,1996,11,60000000.0,129832389.0,18.80123468120373,146309481.77302787,1,0.9399367,0.0,1,0.0,17.909855136853043,1,0,0,0,1,0,0,0,136063672.25,Family,Major Studio,November,60.0,129.83,146.31
Coyote Ugly,2000,7,45000000.0,113916474.0,18.18054721174239,78652281.79226466,1,0.8767058,0.0,1,0.0,17.622173069956816,0,0,0,0,1,0,0,0,51751835.0,Comedy,Mid-size Studio,July,45.0,113.92,78.65
Elektra,2005,1,43000000.0,56681566.0,17.962795867568964,63262029.15523728,1,0.83459765,20.0,1,0.0,17.57671069691365,1,0,1,0,0,0,1,0,78370186.0,Action,Major Studio,January,43.0,56.68,63.26
The SpongeBob SquarePants Movie,2004,11,30000000.0,140161792.0,18.41708032075656,99640604.0556044,1,0.8284367,0.0,1,0.0,17.216707972959764,1,0,0,1,1,0,0,0,51751835.0,Animation,Major Studio,November,30.0,140.16,99.64
Tears of the Sun,2003,3,70000000.0,85632458.0,18.489578790190212,107132696.77642858,1,0.9499456,25.0,1,0.0,18.064005814299342,1,0,1,0,0,0,0,0,99197237.42857143,Action,Major Studio,March,70.0,85.63,107.13
The Infiltrator,2016,7,25000000.0,15436808.0,16.814851528141777,20072303.316174667,0,0.1879009,25.0,0,1.0,17.034386422832473,0,0,0,0,0,0,0,0,74014772.0,Crime,Mid-size Studio,July,25.0,15.44,20.07
Burlesque,2010,11,55000000.0,89519773.0,18.185141932186884,79014498.54914214,1,0.73741984,25.0,1,0.0,17.822843761378564,0,0,0,0,0,0,0,0,51751835.0,Drama,Mid-size Studio,November,55.0,89.52,79.01
The Skeleton Key,2005,7,43000000.0,91974818.0,18.1850982739416,79011048.99004138,1,0.82266074,25.0,1,0.0,17.57671069691365,1,0,0,0,0,0,0,0,38456414.0,Drama,Major Studio,July,43.0,91.97,79.01
Where the Wild Things Are,2009,10,100000000.0,100086793.0,18.65879405952988,126885295.54854833,1,0.9357776,0.0,1,0.0,18.420680753952364,1,0,0,0,0,0,0,0,34338673.333333336,Family,Major Studio,October,100.0,100.09,126.89
The Spiderwick Chronicles,2008,2,90000000.0,162839667.0,18.75181435827621,139254583.39496973,1,0.9065829,0.0,1,0.0,18.31532023940565,1,0,0,0,0,0,0,0,107982771.6,Adventure,Major Studio,February,90.0,162.84,139.25
A Dangerous Method,2011,9,15000000.0,27462041.0,16.97713055571052,23608810.187309347,0,0.13279004,60.0,0,0.0,16.52356082573315,0,0,0,0,0,0,0,0,28319390.0,Drama,Mid-size Studio,September,15.0,27.46,23.61
Blades of Glory,2007,3,53000000.0,,18.18434787793022,78951781.65304163,0,0.48175997,25.0,0,,17.78580249038432,0,0,1,0,1,0,0,0,49830607.0,Action,Mid-size Studio,March,53.0,,78.95
Faster,2010,11,24000000.0,23081726.0,17.24061970040997,30725997.179092076,0,0.27291203,25.0,0,1.0,16.993564429978885,0,0,1,0,0,0,0,0,55914095.0,Crime,Mid-size Studio,November,24.0,23.08,30.73
Before Midnight,2013,4,3000000.0,11176469.0,16.235802315617047,11249139.859083507,0,0.08659874,25.0,0,0.0,14.914123179965662,0,0,0,0,0,0,0,0,33372840.888888888,Romance,Mid-size Studio,April,3.0,11.18,11.25
Bring It On,2000,8,28000000.0,90449929.0,18.524153467038524,110901553.24310932,1,0.85338,0.0,1,0.0,17.147715103853763,0,0,0,0,1,1,0,0,316767543.0,Comedy,Mid-size Studio,August,28.0,90.45,110.9
Dreamcatcher,2003,3,68000000.0,75715436.0,18.205402022240783,80631666.08921562,1,0.89316636,25.0,1,0.0,18.035018277846262,1,0,0,0,0,0,0,0,25052000.0,Drama,Major Studio,March,68.0,75.72,80.63
Paul Blart: Mall Cop 2,2015,4,38000000.0,107597242.0,18.317120514501458,90162170.69255269,1,0.82573175,0.0,1,0.0,17.453096744006448,1,0,1,0,1,0,0,0,87970234.0,Action,Major Studio,April,38.0,107.6,90.16
Charlie St. Cloud,2010,5,44000000.0,48190704.0,18.039196901464948,68284740.9084727,1,0.56168866,25.0,0,0.0,17.599700214609808,1,0,0,0,0,0,0,0,52473089.666666664,Drama,Major Studio,May,44.0,48.19,68.28
District B13,2004,11,12000000.0,9584131.0,16.286311270595267,11831916.02510749,0,0.13723113,15.0,0,1.0,16.300417291085605,0,0,1,0,0,0,0,0,97767151.33333331,Action,Mid-size Studio,November,12.0,9.58,11.83
Winter's Bone,2010,6,2000000.0,13831503.0,16.319755417948787,12234315.854477206,0,0.08725219,25.0,0,0.0,14.508658238524095,0,0,0,0,0,1,0,0,51751835.0,Drama,Mid-size Studio,June,2.0,13.83,12.23
Role Models,2008,2,28000000.0,92380927.0,17.998208200923987,65542424.00448188,1,0.65160686,0.0,1,0.0,17.147715103853763,1,0,0,0,1,1,0,0,24159934.0,Comedy,Major Studio,February,28.0,92.38,65.54
Paranormal Activity 4,2012,10,5000000.0,142817992.0,18.24851833898046,84184243.2667694,1,0.8152935,0.0,1,0.0,15.424948670398354,1,0,0,0,0,1,0,0,144705564.0,Horror,Major Studio,October,5.0,142.82,84.18
Case 39,2009,8,27000000.0,29000000.0,17.65367304268176,46440060.66715014,0,0.28105006,0.0,0,0.0,17.11134746100564,0,0,0,0,0,0,0,0,20645327.0,Horror,Mid-size Studio,August,27.0,29.0,46.44
Traffic,2000,12,48000000.0,207515725.0,18.522968552234016,110770222.1730743,1,0.8070498,25.0,1,0.0,17.6867115897055,0,0,0,0,0,0,0,0,146719132.15384614,Thriller,Mid-size Studio,December,48.0,207.52,110.77
Dune,1984,12,40000000.0,30925690.0,17.33183958432264,33660633.07944372,0,0.25000006,0.0,0,1.0,17.50439003707821,0,0,1,0,0,0,0,0,17709401.0,Action,Mid-size Studio,December,40.0,30.93,33.66
Thunderball,1965,12,5500000.0,141195658.0,18.30405634773043,88991937.74812725,1,0.81734836,0.0,1,0.0,15.520258832020865,0,0,1,0,0,0,0,0,47899588.333333336,Adventure,Mid-size Studio,December,5.5,141.2,88.99
Escape from Alcatraz,1979,6,8000000.0,43000000.0,18.2544919354752,84688630.97769049,0,0.4876585,25.0,0,0.0,15.894952224644102,1,0,0,0,0,0,0,0,51751835.0,Crime,Major Studio,June,8.0,43.0,84.69
Julie & Julia,2009,8,40000000.0,129540499.0,18.422339998780178,100166062.21527728,1,0.8814345,25.0,1,0.0,17.50439003707821,1,0,0,0,0,0,0,0,250821495.0,Romance,Major Studio,August,40.0,129.54,100.17
The Transporter Refueled,2015,9,25000000.0,72629670.0,17.43044827500709,37149031.102015585,0,0.47383115,20.0,1,0.0,17.034386422832473,0,0,1,0,0,0,0,0,68896829.0,Thriller,Mid-size Studio,September,25.0,72.63,37.15
Layer Cake,2004,9,6500000.0,11850214.0,16.712710971012925,18123335.424429957,0,0.18406966,45.0,0,0.0,15.687312888712007,0,0,0,0,0,0,0,0,195124351.0,Drama,Mid-size Studio,September,6.5,11.85,18.12
Twins,1988,12,15000000.0,216614388.0,18.912242633160105,163486769.9095925,1,0.9220396,15.0,1,0.0,16.52356082573315,1,0,0,0,1,0,0,0,114794236.66666669,Comedy,Major Studio,December,15.0,216.61,163.49
The Last King of Scotland,2006,9,6000000.0,48027970.0,17.3097972416777,32926791.356852364,0,0.33645356,45.0,0,0.0,15.607270193858982,0,0,0,0,0,0,0,0,50834998.0,Drama,Mid-size Studio,September,6.0,48.03,32.93
Criminal,2016,4,31500000.0,14708696.0,16.997610574100843,24097304.1835989,0,0.28018326,0.0,0,1.0,17.265498135541893,0,0,1,0,0,0,0,0,1969193.0,Action,Mid-size Studio,April,31.5,14.71,24.1
Safety Not Guaranteed,2012,6,750000.0,4007792.0,15.478604508599876,5275607.091014601,0,0.08779169,25.0,0,0.0,13.527829818844936,0,0,0,0,1,0,0,0,1513528810.0,Comedy,Mid-size Studio,June,0.75,4.01,5.28
Planet 51,2009,11,70000000.0,104945765.0,18.7299662490072,136245129.17134693,1,0.91304904,0.0,1,0.0,18.064005814299342,0,0,0,1,1,1,0,0,51751835.0,Science Fiction,Mid-size Studio,November,70.0,104.95,136.25
The Rite,2011,1,37000000.0,96047633.0,17.92071393215362,60655077.9708273,1,0.79804975,45.0,1,0.0,17.426428497635523,1,0,0,0,0,0,0,0,91691261.66666669,Drama,Major Studio,January,37.0,96.05,60.66
House at the End of the Street,2012,9,6900000.0,44287131.0,17.248775431323274,30977614.820457544,0,0.28304344,20.0,0,0.0,15.747032114495012,0,0,0,0,0,0,0,0,51751835.0,Horror,Mid-size Studio,September,6.9,44.29,30.98
Sabotage,2014,3,35000000.0,17508518.0,17.419083140087512,36729217.47808727,0,0.33697158,25.0,0,1.0,17.370858648025116,0,0,1,0,0,0,0,0,215296239.4,Action,Mid-size Studio,March,35.0,17.51,36.73
Ride Along 2,2016,1,40000000.0,124827316.0,18.251337448764833,84421902.73013361,1,0.8026146,20.0,1,0.0,17.50439003707821,1,0,1,0,1,0,0,0,137015831.8,Action,Major Studio,January,40.0,124.83,84.42
Music and Lyrics,2007,2,40000000.0,145896422.0,18.53692849587941,112327412.0992798,1,0.87548417,0.0,1,0.0,17.50439003707821,1,0,0,0,1,0,0,0,89317584.0,Comedy,Major Studio,February,40.0,145.9,112.33
Napoleon Dynamite,2004,6,400000.0,46118097.0,17.188798362424798,29174287.905615646,0,0.1499528,0.0,0,0.0,12.899222326086994,1,0,0,0,1,1,0,0,80197993.0,Comedy,Major Studio,June,0.4,46.12,29.17
Diamonds Are Forever,1971,12,7200000.0,116019547.0,18.67742917375824,129271986.60592102,1,0.9276892,0.0,1,0.0,15.789591722875162,0,0,1,0,0,1,0,0,97865224.5,Adventure,Mid-size Studio,December,7.2,116.02,129.27
Delivery Man,2013,10,26000000.0,51164106.0,17.462653980562088,38364916.015374176,0,0.16396312,0.0,0,0.0,17.073607134447293,0,0,0,0,1,0,0,0,14431253.0,Comedy,Mid-size Studio,October,26.0,51.16,38.36
Sky High,2005,7,35000000.0,86369815.0,18.212864675303305,81235643.07890694,1,0.872975,0.0,1,0.0,17.370858648025116,1,0,0,0,1,0,1,0,386943789.6666667,Adventure,Major Studio,July,35.0,86.37,81.24
They Live,1988,11,4000000.0,13008928.0,16.14054341647836,10227015.124823475,0,0.078674555,0.0,0,0.0,15.201805169084134,1,0,1,0,0,0,0,0,30362381.375,Action,Major Studio,November,4.0,13.01,10.23
The Wolfman,2010,2,150000000.0,,18.478590455012274,105961930.94858427,1,0.7443124,25.0,0,,18.8261458587272,1,0,0,0,0,0,0,0,368780809.0,Drama,Major Studio,February,150.0,,105.96
xXx: State of the Union,2005,4,60000000.0,71073932.0,18.116193180516312,73750119.01584068,1,0.8965271,25.0,1,0.0,17.909855136853043,0,0,1,0,0,0,0,0,146547546.0,Action,Mid-size Studio,April,60.0,71.07,73.75
Payback,1999,2,90000000.0,161626121.0,18.363585751762795,94450433.45692636,1,0.8959415,25.0,1,0.0,18.31532023940565,1,0,1,0,0,0,0,0,66760371.5,Drama,Major Studio,February,90.0,161.63,94.45
Child 44,2015,3,50000000.0,3324330.0,17.148151805083206,28012230.30516138,0,0.32358223,0.0,0,1.0,17.72753358339242,0,0,0,0,0,0,0,0,208076205.0,Crime,Mid-size Studio,March,50.0,3.32,28.01
Wall Street,1987,12,15000000.0,43848069.0,18.059235128353844,69666847.29437329,1,0.6190214,40.0,0,0.0,16.52356082573315,1,0,0,0,0,0,0,0,102850045.5,Crime,Major Studio,December,15.0,43.85,69.67
A Most Violent Year,2014,12,20000000.0,12007070.0,16.316317446528508,12192326.842654116,0,0.14489618,40.0,0,1.0,16.811242881518265,0,0,0,0,0,0,0,0,12806379.5,Crime,Mid-size Studio,December,20.0,12.01,12.19
To Rome with Love,2012,4,17000000.0,73244881.0,17.6872738953594,48026998.261875875,1,0.6316464,15.0,1,0.0,16.648723960844016,0,0,0,0,1,0,0,0,54168741.54545455,Romance,Mid-size Studio,April,17.0,73.24,48.03
The Naked Gun 2½: The Smell of Fear,1991,6,23000000.0,86930411.0,17.93695697762831,61648346.18896548,1,0.51563317,15.0,1,0.0,16.951004817371683,1,0,0,0,1,0,0,0,135311945.66666666,Comedy,Major Studio,June,23.0,86.93,61.65
Funny Games,2007,10,15000000.0,7938872.0,17.426827141041166,37014752.74675457,0,0.47160915,15.0,0,1.0,16.52356082573315,0,0,0,0,0,0,0,0,19839492.0,Horror,Mid-size Studio,October,15.0,7.94,37.01
Men of Honor,2000,9,32000000.0,48814909.0,17.865210273067092,57380223.04349339,0,0.3665468,45.0,0,0.0,17.281246492014,0,0,0,0,0,0,0,0,43047503.5,Drama,Mid-size Studio,September,32.0,48.81,57.38
The Gambler,2014,12,25000000.0,39171130.0,17.557312318602037,42173908.039887115,0,0.38346198,25.0,0,0.0,17.034386422832473,1,0,0,0,0,0,0,0,482860185.0,Thriller,Major Studio,December,25.0,39.17,42.17
Runner Runner,2013,9,30000000.0,62616646.0,17.417348409873167,36665557.425516665,0,0.47985697,45.0,1,0.0,17.216707972959764,0,0,0,0,0,0,0,0,50424853.0,Crime,Mid-size Studio,September,30.0,62.62,36.67
The Flintstones,1994,5,46000000.0,341631208.0,18.761462183176224,140604589.0793783,1,0.8608363,0.0,1,0.0,17.6441519761925,1,0,0,0,1,0,0,0,83113967.5,Fantasy,Major Studio,May,46.0,341.63,140.6
Eraser,1996,6,100000000.0,242295562.0,18.962859883139085,171975034.72999978,1,0.95778954,25.0,1,0.0,18.420680753952364,1,0,1,0,0,0,0,0,187236603.0,Action,Major Studio,June,100.0,242.3,171.98
Eight Below,2006,2,40000000.0,120455994.0,18.377322110870043,95756790.294743,1,0.8537877,25.0,1,0.0,17.50439003707821,1,0,0,0,0,0,0,0,80654730.0,Adventure,Major Studio,February,40.0,120.46,95.76
Dinosaur,2000,5,127500000.0,354248063.0,19.140138056087057,205331858.7141351,1,0.92883724,0.0,1,0.0,18.663626930405893,1,0,0,1,0,0,0,0,51751835.0,Animation,Major Studio,May,127.5,354.25,205.33
Endless Love,2014,2,20000000.0,34077920.0,17.444971008293802,37692473.1677778,0,0.21673033,40.0,0,0.0,16.811242881518265,1,0,0,0,0,0,0,0,20529194.0,Drama,Major Studio,February,20.0,34.08,37.69
Road Trip,2000,5,16000000.0,119754278.0,17.85311185760148,56690195.78839487,1,0.7459729,15.0,1,0.0,16.588099342704055,0,0,0,0,1,0,0,0,200106516.16666663,Comedy,Mid-size Studio,May,16.0,119.75,56.69
The English Patient,1996,11,27000000.0,231976425.0,18.813717337992472,148147259.14051312,1,0.8850721,25.0,1,0.0,17.11134746100564,0,0,0,0,0,0,0,0,150905887.0,Drama,Mid-size Studio,November,27.0,231.98,148.15
The Bridge on the River Kwai,1957,10,3000000.0,33300000.0,16.35505663702103,12673915.708715606,0,0.17286277,25.0,0,0.0,14.914123179965662,0,0,0,0,0,0,0,0,69680467.0,Drama,Mid-size Studio,October,3.0,33.3,12.67
Herbie Fully Loaded,2005,6,50000000.0,66002004.0,18.317267185177005,90175395.80902869,1,0.8397495,0.0,1,0.0,17.72753358339242,1,0,0,0,1,0,0,0,51751835.0,Comedy,Major Studio,June,50.0,66.0,90.18
A Most Wanted Man,2014,7,15000000.0,31554855.0,17.100876948260407,26718771.020509996,0,0.19671077,15.0,0,0.0,16.52356082573315,0,0,0,0,0,0,0,0,36811916.0,Thriller,Mid-size Studio,July,15.0,31.55,26.72
Moonraker,1979,6,34000000.0,210308099.0,18.913240259886596,163649950.0645877,1,0.91890615,0.0,1,0.0,17.341871111992198,0,0,1,0,0,0,0,0,148511730.0,Action,Mid-size Studio,June,34.0,210.31,163.65
Licence to Kill,1989,7,32000000.0,156167015.0,19.046379342691697,186955155.76985905,1,0.91784894,0.0,1,0.0,17.281246492014,0,0,1,0,0,0,0,0,181606664.75,Adventure,Mid-size Studio,July,32.0,156.17,186.96
Letters from Iwo Jima,2006,12,19000000.0,68673228.0,17.926424009971377,61002413.90566144,1,0.6866219,40.0,1,0.0,16.759949589762293,1,0,1,0,0,0,0,0,128599245.26315787,Action,Major Studio,December,19.0,68.67,61.0
Old School,2003,2,24000000.0,87055349.0,17.96015556967997,63095218.86190283,1,0.62573415,0.0,1,0.0,16.993564429978885,0,0,0,0,1,0,0,0,205556337.66666663,Comedy,Mid-size Studio,February,24.0,87.06,63.1
The Lost Boys,1987,7,8500000.0,32222567.0,17.39066038604964,35699968.27301507,0,0.29953048,15.0,0,0.0,15.955576839107596,1,0,0,0,1,0,0,0,117067835.83333331,Horror,Major Studio,July,8.5,32.22,35.7
Irreversible,2002,5,,792.0,17.190603992735618,29227013.473076515,0,0.29060933,25.0,0,,,0,0,0,0,0,0,0,0,754249.0,Drama,Mid-size Studio,May,,0.0,29.23
Cellular,2004,9,25000000.0,56422687.0,18.093408274631685,72088728.6593019,1,0.84105104,20.0,1,0.0,17.034386422832473,1,0,1,0,0,1,0,0,87185504.0,Action,Major Studio,September,25.0,56.42,72.09
DragonHeart,1996,5,57000000.0,115267375.0,18.621828397926553,122280530.05581295,1,0.9191143,0.0,1,0.0,17.858561843342684,1,0,0,0,0,0,0,0,154974078.125,Fantasy,Major Studio,May,57.0,115.27,122.28
Smokin' Aces,2006,12,17000000.0,57103895.0,17.89571411507307,59157509.556167334,1,0.66434777,15.0,1,0.0,16.648723960844016,1,0,1,0,1,0,0,0,44956039.0,Action,Major Studio,December,17.0,57.1,59.16
Live and Let Die,1973,7,7000000.0,161777836.0,18.804160131161932,146738129.53136763,1,0.91705495,0.0,1,0.0,15.76142084987672,0,0,1,0,0,1,0,0,86425652.25,Adventure,Mid-size Studio,July,7.0,161.78,146.74
Cold Mountain,2003,12,79000000.0,173013509.0,18.5363800503842,112265823.52610856,1,0.8877125,25.0,1,0.0,18.18495842308952,0,0,0,0,0,0,0,0,180387345.0,Drama,Mid-size Studio,December,79.0,173.01,112.27
The Legend of Hercules,2014,1,70000000.0,61279452.0,18.131923804961545,74919427.31923115,1,0.86613774,20.0,1,1.0,18.064005814299342,0,0,1,0,0,0,0,0,69301509.85714285,Action,Mid-size Studio,January,70.0,61.28,74.92
A Scanner Darkly,2006,5,8700000.0,7659918.0,15.536156673931288,5588136.8832111005,0,0.08048599,15.0,0,1.0,15.978833698567334,0,0,0,1,0,0,0,0,33763568.777777776,Animation,Mid-size Studio,May,8.7,7.66,5.59
Ghost Ship,2002,10,35000000.0,68349884.0,18.2571842534662,84916946.91683891,1,0.79718894,0.0,1,0.0,17.370858648025116,1,0,0,0,0,0,0,0,51751835.0,Horror,Major Studio,October,35.0,68.35,84.92
Dinner for Schmucks,2010,7,69000000.0,86387857.0,18.243803106993848,83788229.40776952,1,0.9329359,0.0,1,0.0,18.04961707705429,1,0,0,0,1,1,0,0,233737482.7142857,Comedy,Major Studio,July,69.0,86.39,83.79
The Whole Nine Yards,2000,2,41300000.0,106371651.0,18.266472129068653,85709318.9961499,1,0.8395579,0.0,1,0.0,17.536373082144337,1,0,0,0,1,0,0,0,33770797.5,Comedy,Major Studio,February,41.3,106.37,85.71
30 Minutes or Less,2011,8,28000000.0,40547440.0,18.157990720748117,76898021.63975838,1,0.7025246,0.0,0,0.0,17.147715103853763,1,0,1,0,1,1,0,0,103796142.5,Action,Major Studio,August,28.0,40.55,76.9
You Only Live Twice,1967,6,9500000.0,111584787.0,18.422038473647984,100135864.18278696,1,0.87708193,15.0,1,0.0,16.066802461833923,0,0,1,0,0,0,0,0,197873386.0,Action,Mid-size Studio,June,9.5,111.58,100.14
Star Trek: The Motion Picture,1979,12,35000000.0,139000000.0,18.761002089185503,140539912.63217872,1,0.92728174,0.0,1,0.0,17.370858648025116,1,0,0,0,0,0,0,0,114082557.0,Science Fiction,Major Studio,December,35.0,139.0,140.54
Punch-Drunk Love,2002,10,25000000.0,17000000.0,17.751422470314974,51208825.63237513,0,0.446518,25.0,0,1.0,17.034386422832473,1,0,0,0,1,0,0,0,41626228.6,Comedy,Major Studio,October,25.0,17.0,51.21
I Am Sam,2001,12,22000000.0,92542418.0,18.02365866813981,67231917.34765568,1,0.73497313,40.0,1,0.0,16.906553056777135,1,0,0,0,0,0,0,0,24000000.0,Drama,Major Studio,December,22.0,92.54,67.23
Four Rooms,1995,12,4000000.0,4300000.0,16.220634620540952,11079803.786053266,0,0.14719827,0.0,0,0.0,15.201805169084134,0,0,0,0,1,0,0,0,51751835.0,Crime,Mid-size Studio,December,4.0,4.3,11.08
City of Angels,1998,4,55000000.0,198685114.0,18.631787391838017,123504405.2876082,1,0.89969385,25.0,1,0.0,17.822843761378564,1,0,0,0,0,0,0,0,122209358.33333331,Drama,Major Studio,April,55.0,198.69,123.5
The House Bunny,2008,8,25000000.0,70442940.0,18.18264087891252,78817125.99883887,1,0.7776165,0.0,1,0.0,17.034386422832473,1,0,0,0,1,0,0,0,6575282.0,Romance,Major Studio,August,25.0,70.44,78.82
The Iron Lady,2011,12,13000000.0,114956699.0,17.637541887969757,45696938.669686384,1,0.56179625,40.0,1,0.0,16.380459992348886,0,0,0,0,0,0,0,0,609841637.0,History,Mid-size Studio,December,13.0,114.96,45.7
Octopussy,1983,6,27500000.0,187500000.0,19.02782225038419,183517803.93753895,1,0.92778194,0.0,1,0.0,17.129696599000436,0,0,1,0,0,0,0,0,173773418.5,Adventure,Mid-size Studio,June,27.5,187.5,183.52
The Jackal,1997,11,60000000.0,159330280.0,18.36366567414713,94457982.46251276,1,0.8674986,0.0,1,0.0,17.909855136853043,1,0,1,0,0,0,0,0,30886768.0,Action,Major Studio,November,60.0,159.33,94.46
Another Earth,2011,7,100000.0,1776935.0,14.628416331823274,2254448.3982702866,0,0.042838674,25.0,0,0.0,11.51293546492023,0,0,0,0,0,0,0,0,336472.0,Drama,Mid-size Studio,July,0.1,1.78,2.25
Flags of Our Fathers,2006,10,90000000.0,65900249.0,18.58369683060024,117705561.4415526,1,0.91454875,25.0,1,1.0,18.31532023940565,1,0,0,0,0,1,0,0,128745191.5263158,War,Major Studio,October,90.0,65.9,117.71
Cheaper by the Dozen 2,2005,12,60000000.0,129181830.0,18.4867702931568,106832237.0301888,1,0.9085524,0.0,1,0.0,17.909855136853043,1,0,0,0,1,0,0,0,106340134.71428572,Comedy,Major Studio,December,60.0,129.18,106.83
She's Out of My League,2010,3,20000000.0,49779728.0,17.570719953191848,42743168.089170225,0,0.19872981,15.0,0,0.0,16.811242881518265,0,0,0,0,1,1,0,0,51751835.0,Comedy,Mid-size Studio,March,20.0,49.78,42.74
Margin Call,2011,9,3500000.0,19504039.0,16.355681982547566,12681843.764461836,0,0.06083317,45.0,0,0.0,15.068273812173889,0,0,0,0,0,0,0,0,9057895.0,Thriller,Mid-size Studio,September,3.5,19.5,12.68
Year One,2009,6,60000000.0,62357900.0,18.336331984309584,91911064.14889108,1,0.92071617,0.0,1,0.0,17.909855136853043,1,0,0,0,1,1,0,0,82404145.0,Comedy,Major Studio,June,60.0,62.36,91.91
The Man with the Golden Gun,1974,12,7000000.0,97572000.0,18.77959867879267,143177928.75535294,1,0.91768396,0.0,1,0.0,15.76142084987672,0,0,1,0,0,1,0,0,102477111.25,Adventure,Mid-size Studio,December,7.0,97.57,143.18
The X Files: I Want to Believe,2008,7,30000000.0,68369434.0,17.684871312517316,47911747.92217616,1,0.7345859,25.0,1,0.0,17.216707972959764,1,0,0,0,0,1,0,0,51751835.0,Drama,Major Studio,July,30.0,68.37,47.91
The Naked Gun 33⅓: The Final Insult,1994,3,30000000.0,51132598.0,18.35077816998056,93248465.3757742,1,0.5874478,0.0,0,0.0,17.216707972959764,1,0,0,0,1,0,0,0,157140821.6,Comedy,Major Studio,March,30.0,51.13,93.25
We Were Soldiers,2002,3,75000000.0,114660784.0,18.52184177522763,110645479.12460832,1,0.88623434,25.0,1,0.0,18.13299868483392,0,0,1,0,0,0,0,0,80792166.5,Action,Mid-size Studio,March,75.0,114.66,110.65
Amores perros,2000,6,2000000.0,20908467.0,16.91831209170292,22260225.783614367,0,0.13980968,25.0,0,0.0,14.508658238524095,0,0,0,0,0,0,0,0,171414280.8,Drama,Mid-size Studio,June,2.0,20.91,22.26
Spy Kids 2: The Island of Lost Dreams,2002,8,38000000.0,119723358.0,18.439453324355863,101894988.309199,1,0.8793442,0.0,1,0.0,17.453096744006448,0,0,1,0,0,0,0,0,66011748.2,Action,Mid-size Studio,August,38.0,119.72,101.89
The Family Man,2000,12,60000000.0,,18.352264977334514,93387210.99977432,1,0.834699,25.0,0,,17.909855136853043,1,0,0,0,1,0,0,0,243400000.0,Comedy,Major Studio,December,60.0,,93.39
Serendipity,2001,10,28000000.0,77516304.0,18.11491963445559,73656254.62401657,1,0.7830054,0.0,1,0.0,17.147715103853763,0,0,0,0,1,0,0,0,112015343.33333331,Comedy,Mid-size Studio,October,28.0,77.52,73.66
I Spit on Your Grave,2010,6,2000000.0,572809.0,14.785538233032602,2638016.4656575327,0,0.09095093,0.0,0,1.0,14.508658238524095,0,0,0,0,0,0,0,0,51751835.0,Thriller,Mid-size Studio,June,2.0,0.57,2.64
Rat Race,2001,7,48000000.0,85498534.0,18.724256226754992,135469383.31708202,1,0.894883,0.0,1,0.0,17.6867115897055,1,0,0,0,1,0,0,0,238684658.0,Adventure,Major Studio,July,48.0,85.5,135.47
The Invention of Lying,2009,9,18500000.0,31912793.0,17.6046547521968,44218540.595528774,0,0.26294056,35.0,0,0.0,16.733281344102608,1,0,0,0,1,0,0,0,51751835.0,Comedy,Major Studio,September,18.5,31.91,44.22
Brüno,2009,7,42000000.0,,18.38260259292136,96263769.68221536,1,0.5749789,0.0,0,,17.553180200057167,1,0,0,0,1,1,0,0,220476138.5,Comedy,Major Studio,July,42.0,,96.26
Unleashed,2005,2,45000000.0,50871113.0,17.94445298100147,62112198.75565575,1,0.56359094,0.0,0,0.0,17.622173069956816,0,0,1,0,0,0,0,0,128644135.6,Action,Mid-size Studio,February,45.0,50.87,62.11
The Core,2003,3,60000000.0,74208267.0,18.333947006503124,91692119.49119943,1,0.91651934,0.0,1,0.0,17.909855136853043,1,0,1,0,0,0,0,0,113103075.5,Action,Major Studio,March,60.0,74.21,91.69
A Haunted House,2013,1,2500000.0,60141683.0,17.46335023217183,38391636.9517718,1,0.52688146,20.0,1,0.0,14.731801689838347,0,0,0,0,1,1,0,0,21164799.0,Comedy,Mid-size Studio,January,2.5,60.14,38.39
The Losers,2010,4,25000000.0,23580000.0,17.324507423842654,33414730.508724976,0,0.32648754,0.0,0,1.0,17.034386422832473,1,0,1,0,0,0,0,0,75511123.0,Action,Major Studio,April,25.0,23.58,33.41
"I Love You, Man",2009,3,41000000.0,91636986.0,18.26259179806317,85377382.89178462,1,0.7573117,0.0,1,0.0,17.529082649058825,0,0,0,0,1,1,0,0,171963386.0,Comedy,Mid-size Studio,March,41.0,91.64,85.38
The Rundown,2003,9,85000000.0,80916492.0,18.54636843702884,113392796.94193336,1,0.940676,20.0,1,1.0,18.258161826219297,1,0,1,0,1,0,0,0,234581485.4,Adventure,Major Studio,September,85.0,80.92,113.39
The Kingdom,2007,8,70000000.0,86658558.0,18.279499244144667,86833168.53587066,1,0.9315338,25.0,1,0.0,18.064005814299342,1,0,1,0,0,0,0,0,233433072.2,Thriller,Major Studio,August,70.0,86.66,86.83
Outbreak,1995,3,50000000.0,189859560.0,18.491759369676505,107366563.02881923,1,0.8248191,25.0,1,0.0,17.72753358339242,1,0,1,0,0,0,0,0,237526087.16666663,Action,Major Studio,March,50.0,189.86,107.37
Bedazzled,2000,10,48000000.0,90383208.0,18.4376179561033,101708144.99631752,1,0.8378202,0.0,1,0.0,17.6867115897055,1,0,0,0,1,0,0,0,77733260.33333333,Fantasy,Major Studio,October,48.0,90.38,101.71
Hostage,2005,3,52000000.0,77944725.0,17.998652489648705,65571550.23465081,1,0.8176829,25.0,1,0.0,17.76675429577647,0,0,0,0,0,0,0,0,51751835.0,Mystery,Mid-size Studio,March,52.0,77.94,65.57
The Waterboy,1998,11,23000000.0,185991646.0,18.458571487836664,103861774.13381252,1,0.8727693,15.0,1,0.0,16.951004817371683,0,0,0,0,1,0,0,0,135261547.0,Comedy,Mid-size Studio,November,23.0,185.99,103.86
Small Soldiers,1998,7,40000000.0,54682547.0,18.132553341082183,74966606.65448532,1,0.84019554,0.0,1,0.0,17.50439003707821,1,0,1,0,1,0,0,0,70266511.5,Comedy,Major Studio,July,40.0,54.68,74.97
Cop Out,2010,2,30000000.0,55583804.0,17.890650471690222,58858714.15441131,1,0.7453509,0.0,1,0.0,17.216707972959764,1,0,1,0,1,1,0,0,18975927.0,Action,Major Studio,February,30.0,55.58,58.86
Spy Kids 3-D: Game Over,2003,7,38000000.0,197011982.0,18.592832010811097,118785749.30976284,1,0.79056877,0.0,1,0.0,17.453096744006448,0,0,1,0,1,0,0,0,60859173.266666666,Action,Mid-size Studio,July,38.0,197.01,118.79
G-Force,2009,7,150000000.0,292817841.0,18.70837244763925,133334616.50419776,1,0.9257338,0.0,1,0.0,18.8261458587272,1,0,1,0,1,1,0,0,51751835.0,Fantasy,Major Studio,July,150.0,292.82,133.33
The 13th Warrior,1999,8,160000000.0,61698899.0,18.723577184438987,135377425.09790215,1,0.93585527,0.0,1,1.0,18.8906843794481,0,0,1,0,0,0,0,0,158385914.42857143,Adventure,Mid-size Studio,August,160.0,61.7,135.38
Hereafter,2010,10,50000000.0,105197635.0,18.138331746671938,75401048.09980713,1,0.81889313,25.0,1,0.0,17.72753358339242,1,0,0,0,0,0,0,0,126676908.05263156,Drama,Major Studio,October,50.0,105.2,75.4
"Dude, Where’s My Car?",2000,12,13000000.0,73180723.0,18.41095776075792,99032412.21823372,1,0.8246799,15.0,1,0.0,16.380459992348886,1,0,0,0,1,1,0,0,23936908.0,Comedy,Major Studio,December,13.0,73.18,99.03
Lars and the Real Girl,2007,10,12000000.0,11293663.0,17.19949784047815,29488113.46044211,0,0.18920468,40.0,0,1.0,16.300417291085605,0,0,0,0,1,0,0,0,38442984.666666664,Comedy,Mid-size Studio,October,12.0,11.29,29.49
Race to Witch Mountain,2009,3,50000000.0,106303988.0,18.32876671976794,91218356.1900378,1,0.7946034,0.0,1,0.0,17.72753358339242,1,0,1,0,0,1,0,0,88228884.8,Adventure,Major Studio,March,50.0,106.3,91.22
A Time to Kill,1996,7,40000000.0,152266007.0,18.56454289846666,115472491.39357296,1,0.88476336,25.0,1,0.0,17.50439003707821,1,0,0,0,0,0,0,0,107064215.83333331,Crime,Major Studio,July,40.0,152.27,115.47
The Hundred-Foot Journey,2014,8,22000000.0,88880821.0,17.434217382492285,37289314.00156885,0,0.42820448,40.0,1,0.0,16.906553056777135,0,0,0,0,0,0,0,0,67609103.0,Drama,Mid-size Studio,August,22.0,88.88,37.29
The Spy Who Loved Me,1977,7,14000000.0,185438673.0,18.943905804828848,168746103.8075953,1,0.89747673,15.0,1,0.0,16.454567959008102,0,0,1,0,0,0,0,0,160946443.0,Adventure,Mid-size Studio,July,14.0,185.44,168.75
Skyline,2010,11,10000000.0,66821036.0,17.384995304370953,35498296.813158795,1,0.59272677,15.0,1,0.0,16.118095750958314,0,0,0,0,0,1,0,0,41797066.0,Science Fiction,Mid-size Studio,November,10.0,66.82,35.5
Daddy Day Care,2003,5,60000000.0,164433867.0,18.68202407972925,129867345.99637166,1,0.91829747,0.0,1,0.0,17.909855136853043,1,0,0,0,1,0,0,0,139741601.0,Comedy,Major Studio,May,60.0,164.43,129.87
A View to a Kill,1985,5,30000000.0,152427960.0,18.993347081059294,177298812.86960194,1,0.9209345,0.0,1,0.0,17.216707972959764,0,0,1,0,0,0,0,0,182541428.5,Adventure,Mid-size Studio,May,30.0,152.43,177.3
The Kids Are All Right,2010,7,3500000.0,34705850.0,15.2859713189556,4351238.560701573,0,0.09699696,25.0,0,0.0,15.068273812173889,0,0,0,0,1,0,0,0,51751835.0,Comedy,Mid-size Studio,July,3.5,34.71,4.35
Big Momma's House,2000,5,30000000.0,173959438.0,18.604669869775872,120200274.22351608,1,0.885526,0.0,1,0.0,17.216707972959764,1,0,0,0,1,0,0,0,303516528.6,Crime,Major Studio,May,30.0,173.96,120.2
Super Size Me,2004,1,65000.0,28575078.0,16.7009239191874,17910968.765899368,0,0.084430754,45.0,0,0.0,11.082157933374816,0,0,0,0,1,0,0,0,621951.0,Documentary,Mid-size Studio,January,0.06,28.58,17.91
Haywire,2011,11,23000000.0,33372606.0,17.55187814511136,41945349.27781663,0,0.39591157,15.0,0,0.0,16.951004817371683,0,0,1,0,0,0,0,0,160114756.69230768,Action,Mid-size Studio,November,23.0,33.37,41.95
Footloose,1984,2,8200000.0,80035402.0,18.320975891428994,90510450.79316428,1,0.57026273,40.0,1,0.0,15.919644834185693,1,0,0,0,0,0,0,0,51751835.0,Drama,Major Studio,February,8.2,80.04,90.51
This Is Where I Leave You,2014,9,19800000.0,41296320.0,17.643110680792503,45952125.34071599,0,0.2388435,60.0,0,0.0,16.801192546169812,1,0,0,0,1,0,0,0,241921193.66666663,Drama,Major Studio,September,19.8,41.3,45.95
The Lazarus Effect,2015,1,3300000.0,64110728.0,17.22293454137879,30187379.82003735,1,0.51307786,20.0,1,0.0,15.009433329466964,0,0,0,0,0,0,0,0,51751835.0,Thriller,Mid-size Studio,January,3.3,64.11,30.19
Barry Lyndon,1975,12,11000000.0,20000000.0,17.708919254337047,49077892.36130791,0,0.32418662,40.0,0,0.0,16.213405921671733,1,0,0,0,0,0,0,0,58699770.8,Drama,Major Studio,December,11.0,20.0,49.08
WarGames,1983,6,12000000.0,79567667.0,17.89544743296806,59141735.41015975,1,0.6514852,15.0,1,0.0,16.300417291085605,0,0,0,0,0,0,0,0,51751835.0,Thriller,Mid-size Studio,June,12.0,79.57,59.14
Elite Squad,2007,10,4000000.0,,17.289100802825125,32252327.586277824,0,0.10428595,25.0,0,,15.201805169084134,0,0,1,0,0,0,0,0,242688965.0,Drama,Mid-size Studio,October,4.0,,32.25
Crocodile Dundee,1986,9,5000000.0,328203506.0,18.577397474361,116966422.6658228,1,0.70508844,20.0,1,0.0,15.424948670398354,1,0,0,0,1,0,0,0,51751835.0,Adventure,Major Studio,September,5.0,328.2,116.97
Analyze This,1999,3,80000000.0,176885658.0,18.560461337417063,115002143.89529926,1,0.8940257,0.0,1,0.0,18.19753720513815,1,0,0,0,1,0,0,0,63316185.333333336,Comedy,Major Studio,March,80.0,176.89,115.0
Friday,1995,4,3500000.0,28215918.0,17.153054397098366,28149900.040211186,0,0.16149002,0.0,0,0.0,15.068273812173889,1,0,0,0,1,0,0,0,104301642.42857143,Comedy,Major Studio,April,3.5,28.22,28.15
I Love You Phillip Morris,2009,1,13000000.0,10652035.0,17.0367183790579,25058366.936087504,0,0.33265013,60.0,0,1.0,16.380459992348886,0,0,0,0,1,0,0,0,148407080.0,Comedy,Mid-size Studio,January,13.0,10.65,25.06
JFK,1991,12,40000000.0,205405498.0,18.4709736639588,105157906.98173906,1,0.7885126,25.0,1,0.0,17.50439003707821,1,0,0,0,0,0,0,0,89386926.41666667,Drama,Major Studio,December,40.0,205.41,105.16
The Muppets,2011,11,45000000.0,165184237.0,18.548598456822063,113645947.2859824,1,0.84709346,0.0,1,0.0,17.622173069956816,1,0,0,0,1,1,0,0,189876687.0,Comedy,Major Studio,November,45.0,165.18,113.65
The Firm,1993,6,42000000.0,270248367.0,18.92249987007404,165172322.22765356,1,0.9348047,25.0,1,0.0,17.553180200057167,1,0,0,0,0,0,0,0,135813174.5,Drama,Major Studio,June,42.0,270.25,165.17
Michael Clayton,2007,9,25000000.0,92991835.0,17.700494665290417,48666168.01779235,1,0.6897788,45.0,1,0.0,17.034386422832473,0,0,0,0,0,0,0,0,168286469.0,Drama,Mid-size Studio,September,25.0,92.99,48.67
Your Highness,2011,4,49900000.0,26121638.0,17.982580828981373,64526129.83714564,1,0.7042931,0.0,0,1.0,17.725531580761828,1,0,0,0,1,0,0,0,29269832.6,Comedy,Major Studio,April,49.9,26.12,64.53
Scooby-Doo 2: Monsters Unleashed,2004,3,,181466833.0,18.435786472345058,101522038.65623586,1,0.88266706,0.0,1,,,1,0,0,0,1,0,0,0,302015049.6,Mystery,Major Studio,March,,181.47,101.52
Tammy,2014,7,20000000.0,100525432.0,17.7841471810961,52912341.177316435,1,0.58236563,15.0,1,0.0,16.811242881518265,1,0,0,0,1,0,0,0,78636257.0,Comedy,Major Studio,July,20.0,100.53,52.91
Chloe,2009,3,15000000.0,8459458.0,16.441063052630867,13812202.246993149,0,0.1273212,40.0,0,1.0,16.52356082573315,0,0,0,0,0,0,0,0,3263585.0,Drama,Mid-size Studio,March,15.0,8.46,13.81
Crimson Tide,1995,5,53000000.0,157387195.0,18.547736072029227,113547982.99594158,1,0.8477734,25.0,1,0.0,17.78580249038432,0,0,1,0,0,0,0,0,155503049.45454547,Action,Mid-size Studio,May,53.0,157.39,113.55
Zookeeper,2011,7,80000000.0,169852759.0,18.809681836364756,147550615.319339,1,0.96332955,0.0,1,0.0,18.19753720513815,1,0,0,0,1,1,0,0,138489324.4,Comedy,Major Studio,July,80.0,169.85,147.55
The Possession,2012,8,14000000.0,85446075.0,17.402958126635067,36141707.866332784,1,0.5010226,15.0,1,0.0,16.454567959008102,0,0,0,0,0,0,0,0,51751835.0,Horror,Mid-size Studio,August,14.0,85.45,36.14
Never Back Down,2008,3,20000000.0,41627431.0,17.46245426262555,38357254.61839704,0,0.20628369,40.0,0,0.0,16.811242881518265,0,0,1,0,0,0,0,0,35373837.0,Drama,Mid-size Studio,March,20.0,41.63,38.36
Death at a Funeral,2007,2,9000000.0,46.0,12.035011428530469,168552.9960085638,0,0.15456934,40.0,0,1.0,16.012735246411598,0,0,0,0,1,0,0,0,70606093.0,Comedy,Mid-size Studio,February,9.0,0.0,0.17
Snakes on a Plane,2006,8,33000000.0,62022014.0,18.039788179886536,68325128.14176,1,0.8057176,0.0,1,0.0,17.312018149733785,1,0,1,0,0,1,0,0,85785672.25,Action,Major Studio,August,33.0,62.02,68.33
Harold & Kumar Escape from Guantanamo Bay,2008,4,12000000.0,43493123.0,18.089180508041952,71784597.68693721,0,0.40584138,15.0,0,0.0,16.300417291085605,1,0,0,0,1,1,0,0,234989584.0,Comedy,Major Studio,April,12.0,43.49,71.78
George of the Jungle,1997,7,55000000.0,,18.43122215993924,101059716.245754,1,0.54076064,0.0,0,,17.822843761378564,1,0,0,0,1,0,0,0,29000000.0,Adventure,Major Studio,July,55.0,,101.06
Coach Carter,2005,1,30000000.0,76669806.0,18.13819912286425,75391048.7886602,1,0.70249593,45.0,1,0.0,17.216707972959764,1,0,0,0,0,0,0,0,60583119.5,Drama,Major Studio,January,30.0,76.67,75.39
Wall Street: Money Never Sleeps,2010,9,70000000.0,134748021.0,18.24209198489534,83644980.1085966,1,0.9136107,45.0,1,0.0,18.064005814299342,1,0,0,0,0,1,0,0,95275049.5,Drama,Major Studio,September,70.0,134.75,83.64
"Alexander and the Terrible, Horrible, No Good, Very Bad Day",2014,10,28000000.0,100654149.0,17.975284950624182,64057068.22460231,1,0.62389857,0.0,1,0.0,17.147715103853763,1,0,0,0,1,0,0,0,11858613.0,Family,Major Studio,October,28.0,100.65,64.06
The Faculty,1998,12,15000000.0,40283321.0,17.329930604725426,33596436.90984109,0,0.3566174,15.0,0,0.0,16.52356082573315,0,0,0,0,0,0,0,0,71307750.66666667,Horror,Mid-size Studio,December,15.0,40.28,33.6
Shaolin Soccer,2001,7,,42776760.0,17.801846941879344,53857214.323182225,0,0.4783272,0.0,0,,,0,0,1,0,1,0,0,0,74107958.0,Action,Mid-size Studio,July,,42.78,53.86
Just My Luck,2006,5,28000000.0,38159905.0,18.012341127753338,66475306.956785515,0,0.4781996,25.0,0,0.0,17.147715103853763,0,0,0,0,1,0,0,0,92135363.6,Comedy,Mid-size Studio,May,28.0,38.16,66.48
Cool Runnings,1993,9,14000000.0,154864401.0,17.417545964642844,36672801.59700326,0,0.3476009,35.0,1,0.0,16.454567959008102,0,0,0,0,1,0,0,0,183774893.6,Comedy,Mid-size Studio,September,14.0,154.86,36.67
Talladega Nights: The Ballad of Ricky Bobby,2006,8,72500000.0,162966177.0,18.48976847576814,107153020.23159364,1,0.91902417,0.0,1,0.0,18.09909713361801,1,0,0,0,1,1,0,0,139222055.6,Comedy,Major Studio,August,72.5,162.97,107.15
For Your Eyes Only,1981,6,28000000.0,195312802.0,18.884516460113694,159016170.11102748,1,0.91671294,0.0,1,0.0,17.147715103853763,0,0,1,0,0,0,0,0,171820218.0,Adventure,Mid-size Studio,June,28.0,195.31,159.02
Superman III,1983,6,39000000.0,75850624.0,18.21927625735071,81758165.38340339,1,0.887032,0.0,1,0.0,17.479072229734946,1,0,1,0,1,0,1,0,101379187.0,Comedy,Major Studio,June,39.0,75.85,81.76
The Santa Clause,1994,11,22000000.0,189833357.0,18.55601524244691,114491968.4220449,1,0.7566807,40.0,1,0.0,16.906553056777135,1,0,0,0,1,0,0,0,51751835.0,Fantasy,Major Studio,November,22.0,189.83,114.49
[REC]²,2009,9,5600000.0,18469680.0,16.236344667185516,11255242.503012031,0,0.09289321,20.0,0,0.0,15.53827733427679,0,0,0,0,0,0,0,0,30448000.0,Thriller,Mid-size Studio,September,5.6,18.47,11.26
The X Files,1998,6,66000000.0,189198313.0,18.574198146484047,116592806.7045863,1,0.8503868,0.0,1,0.0,18.005165315142214,1,0,0,0,0,0,0,0,34197937.0,Mystery,Major Studio,June,66.0,189.2,116.59
What Lies Beneath,2000,7,100000000.0,155464351.0,18.74672932474992,138548266.50912324,1,0.9021367,25.0,1,0.0,18.420680753952364,1,0,0,0,0,0,0,0,286263137.5833333,Drama,Major Studio,July,100.0,155.46,138.55
Winter's Tale,2014,2,60000000.0,30800231.0,17.75941368639994,51619685.88152488,1,0.57843244,25.0,0,1.0,17.909855136853043,1,0,0,0,0,0,0,0,51751835.0,Drama,Major Studio,February,60.0,30.8,51.62
Two Weeks Notice,2002,12,60000000.0,93354918.0,18.56948167269341,116044194.55727296,1,0.9191055,0.0,1,0.0,17.909855136853043,1,0,0,0,1,0,0,0,115588336.0,Romance,Major Studio,December,60.0,93.35,116.04
Edge of Darkness,2010,1,80000000.0,74901339.0,18.134336982436945,75100439.51555589,1,0.9071468,45.0,1,1.0,18.19753720513815,1,0,0,0,0,0,0,0,296573935.5,Crime,Major Studio,January,80.0,74.9,75.1
Maid in Manhattan,2002,12,55000000.0,154906693.0,18.459343746187095,103942013.23562056,1,0.707399,25.0,1,0.0,17.822843761378564,0,0,0,0,1,0,0,0,22757838.25,Comedy,Mid-size Studio,December,55.0,154.91,103.94
Mirrors,2008,8,35000000.0,72436439.0,17.85424118664627,56754253.83868303,1,0.72873014,0.0,1,0.0,17.370858648025116,0,0,0,0,0,0,0,0,76405939.0,Horror,Mid-size Studio,August,35.0,72.44,56.75
Monster,2003,11,8000000.0,60378584.0,17.030832831524357,24911317.877077304,0,0.44396356,25.0,1,0.0,15.894952224644102,0,0,0,0,0,0,0,0,51751835.0,Crime,Mid-size Studio,November,8.0,60.38,24.91
Eraserhead,1977,3,10000.0,7000000.0,15.383348116460343,4796264.328441626,0,0.045787405,25.0,0,0.0,9.210440366976515,0,0,0,0,0,0,0,0,25684631.0,Drama,Mid-size Studio,March,0.01,7.0,4.8
State of Play,2009,4,60000000.0,87784194.0,18.24611337470851,83982026.4266506,1,0.8097889,0.0,1,0.0,17.909855136853043,1,0,1,0,0,0,0,0,30956886.0,Action,Major Studio,April,60.0,87.78,83.98
Alvin and the Chipmunks: Chipwrecked,2011,12,75000000.0,342695435.0,19.086939464247717,194693962.20694888,1,0.88486046,0.0,1,0.0,18.13299868483392,0,0,0,1,1,0,0,0,301501916.3333333,Comedy,Mid-size Studio,December,75.0,342.7,194.69
The Apartment,1960,6,3000000.0,25000000.0,16.306245490992954,12070142.608739538,0,0.07569375,25.0,0,0.0,14.914123179965662,0,0,0,0,1,0,0,0,18000000.0,Comedy,Mid-size Studio,June,3.0,25.0,12.07
Chernobyl Diaries,2012,5,,18112929.0,16.648716768180222,16999877.72514802,0,0.331862,0.0,0,,,0,0,0,0,0,0,0,0,51751835.0,Horror,Mid-size Studio,May,,18.11,17.0
A Serious Man,2009,10,7000000.0,31430334.0,17.241398286477356,30749929.32859099,0,0.1920116,25.0,0,0.0,15.76142084987672,0,0,0,0,1,1,0,0,115272335.125,Comedy,Mid-size Studio,October,7.0,31.43,30.75
August: Osage County,2013,12,25000000.0,74188937.0,17.432912734213964,37240696.28236016,0,0.30768582,25.0,1,0.0,17.034386422832473,0,0,0,0,1,0,0,0,36606743.0,Comedy,Mid-size Studio,December,25.0,74.19,37.24
Duplex,2003,9,40000000.0,19322135.0,18.002260265021064,65808544.9170508,0,0.3405675,20.0,0,1.0,17.50439003707821,0,0,1,0,1,0,0,0,51751835.0,Action,Mid-size Studio,September,40.0,19.32,65.81
End of Days,1999,11,100000000.0,211989043.0,18.526543628083203,111166942.85346515,1,0.8871958,0.0,1,0.0,18.420680753952364,0,0,1,0,0,0,0,0,42161661.0,Action,Mid-size Studio,November,100.0,211.99,111.17
The Insider,1999,10,90000000.0,60289912.0,18.12190407869368,74172503.3909165,1,0.84020275,25.0,1,1.0,18.31532023940565,0,0,0,0,0,0,0,0,122568306.4,Drama,Mid-size Studio,October,90.0,60.29,74.17
The American,2010,8,20000000.0,65464324.0,16.9749457062546,23557284.797138862,0,0.47918084,40.0,1,0.0,16.811242881518265,0,0,0,0,0,0,0,0,19857181.5,Crime,Mid-size Studio,August,20.0,65.46,23.56
Bullet to the Head,2013,1,55000000.0,9489829.0,17.080025147665626,26167404.979149494,0,0.28789657,20.0,0,1.0,17.822843761378564,0,0,1,0,0,0,0,0,14340632.666666666,Action,Mid-size Studio,January,55.0,9.49,26.17
The Life of David Gale,2003,2,50000000.0,38955598.0,18.08839387779343,71728151.95410304,0,0.49534416,25.0,0,1.0,17.72753358339242,1,0,0,0,0,0,0,0,70523596.0,Drama,Major Studio,February,50.0,38.96,71.73
Jay and Silent Bob Strike Back,2001,8,22000000.0,33788161.0,17.703338446256527,48804760.91345691,0,0.27263233,15.0,0,0.0,16.906553056777135,0,0,0,0,1,0,0,0,21155491.3,Comedy,Mid-size Studio,August,22.0,33.79,48.8
Star Trek: Nemesis,2002,12,60000000.0,67312826.0,18.34270305119178,92498505.01765908,1,0.89164335,0.0,1,0.0,17.909855136853043,1,0,1,0,0,0,0,0,121969216.0,Science Fiction,Major Studio,December,60.0,67.31,92.5
Incendies,2010,9,6800000.0,7103838.0,16.506484650702788,14746031.930377148,0,0.122746505,45.0,0,0.0,15.732433317205148,0,0,0,0,0,0,0,0,103076251.5,Drama,Mid-size Studio,September,6.8,7.1,14.75
Hoodwinked!,2005,12,15000000.0,51053787.0,18.24222707746936,83656280.68769367,0,0.42871678,15.0,0,0.0,16.52356082573315,0,0,0,1,1,0,0,0,51751835.0,Animation,Mid-size Studio,December,15.0,51.05,83.66
Race,2016,2,5000000.0,24804129.0,16.558745748083496,15537168.57188874,0,0.1676931,25.0,0,0.0,15.424948670398354,0,0,1,0,0,0,0,0,70643831.8,Action,Mid-size Studio,February,5.0,24.8,15.54
Sideways,2004,10,16000000.0,109502303.0,17.983465331349578,64583228.60095553,1,0.7193985,40.0,1,0.0,16.588099342704055,0,0,0,0,1,0,0,0,100244217.66666669,Comedy,Mid-size Studio,October,16.0,109.5,64.58
The Other Boleyn Girl,2008,2,35000000.0,,17.946663484458494,62249649.85002948,1,0.5574481,25.0,0,,17.370858648025116,1,0,0,0,0,0,0,0,27330000.0,Drama,Major Studio,February,35.0,,62.25
Star Trek IV: The Voyage Home,1986,11,24000000.0,133000000.0,18.35287145830368,93443865.74489164,1,0.8087092,0.0,1,0.0,16.993564429978885,1,0,0,0,0,0,0,0,87000000.0,Science Fiction,Major Studio,November,24.0,133.0,93.44
Sphere,1998,2,75000000.0,13100000.0,18.149322397865543,76234325.47265102,1,0.7650636,0.0,0,1.0,18.13299868483392,1,0,0,0,0,0,0,0,137019028.75,Science Fiction,Major Studio,February,75.0,13.1,76.23
The Omen,1976,6,2800000.0,60922980.0,17.352664401847555,34368959.427072324,0,0.3621958,0.0,1,0.0,14.845130332288226,1,0,0,0,0,0,0,0,124323749.1,Horror,Major Studio,June,2.8,60.92,34.37
Sharknado,2013,7,1000000.0,,16.612996576684885,16403356.159370022,0,0.33400083,0.0,0,,13.815511557963774,0,0,0,0,0,0,0,0,51751835.0,TV Movie,Mid-size Studio,July,1.0,,16.4
eXistenZ,1999,4,15000000.0,2856712.0,15.373252696785196,4748087.608351783,0,0.08049386,15.0,0,1.0,16.52356082573315,0,0,1,0,0,0,0,0,33240455.8,Action,Mid-size Studio,April,15.0,2.86,4.75
8MM,1999,2,40000000.0,96618699.0,18.33609611700744,91889387.89037795,1,0.87091476,0.0,1,0.0,17.50439003707821,0,0,0,0,0,0,0,0,111701491.5,Thriller,Mid-size Studio,February,40.0,96.62,91.89
Asterix at the Olympic Games,2008,1,97250400.0,132900000.0,18.2641684839202,85512102.38272648,1,0.83941555,20.0,1,0.0,18.392799663847644,0,0,0,0,1,0,0,0,51751835.0,Fantasy,Mid-size Studio,January,97.25,132.9,85.51
Hocus Pocus,1993,7,28000000.0,39514713.0,17.912595275643866,60164633.786891714,0,0.42204523,0.0,0,0.0,17.147715103853763,1,0,0,0,1,0,0,0,7000000.0,Comedy,Major Studio,July,28.0,39.51,60.16
Take Shelter,2011,11,5000000.0,3099314.0,15.907042218746112,8097307.000174278,0,0.1507267,25.0,0,1.0,15.424948670398354,0,0,0,0,0,0,0,0,13899991.0,Thriller,Mid-size Studio,November,5.0,3.1,8.1
Ransom,1996,11,80000000.0,309492681.0,18.78468825302704,143908501.03143525,1,0.9100962,0.0,1,0.0,18.19753720513815,0,0,1,0,0,0,0,0,256789786.6,Action,Mid-size Studio,November,80.0,309.49,143.91
The Darkest Hour,2011,12,30000000.0,64626786.0,17.2170665083863,30010757.991599955,0,0.36644036,0.0,1,0.0,17.216707972959764,0,0,1,0,0,0,0,0,51751835.0,Horror,Mid-size Studio,December,30.0,64.63,30.01
A Separation,2011,3,800000.0,,16.799201925837046,19760624.918841384,0,0.06273364,25.0,0,,13.592368256649284,0,0,0,0,0,0,0,0,51751835.0,Drama,Mid-size Studio,March,0.8,,19.76
Ray,2004,10,40000000.0,124731534.0,18.12494054183208,74398067.75200535,1,0.8119375,25.0,1,0.0,17.50439003707821,1,0,0,0,0,0,0,0,99580650.5,Drama,Major Studio,October,40.0,124.73,74.4
Annie,2014,12,65000000.0,133821816.0,18.40388911000712,98334854.97495034,1,0.8863486,25.0,1,0.0,17.989897843244528,1,0,0,0,1,0,0,0,112718035.0,Comedy,Major Studio,December,65.0,133.82,98.33
The Haunted Mansion,2003,11,90000000.0,182290266.0,18.822708234098055,149485241.58221823,1,0.9193022,0.0,1,0.0,18.31532023940565,1,0,0,0,1,1,0,0,217727806.75,Thriller,Major Studio,November,90.0,182.29,149.49
Leap Year,2010,1,19000000.0,29922472.0,17.45272491596801,37985873.16070768,0,0.20975591,35.0,0,0.0,16.759949589762293,1,0,0,0,1,0,0,0,5794148.5,Romance,Major Studio,January,19.0,29.92,37.99
The Frozen Ground,2013,7,27220000.0,5496951.0,16.127428400648565,10093763.355960822,0,0.15593024,0.0,0,1.0,17.119462591925288,0,0,0,0,0,0,0,0,51751835.0,Thriller,Mid-size Studio,July,27.22,5.5,10.09
Texas Chainsaw 3D,2013,1,20000000.0,47241945.0,17.77456284623626,52407634.07610763,0,0.4108234,35.0,0,0.0,16.811242881518265,0,0,0,0,0,1,0,0,69055695.0,Horror,Mid-size Studio,January,20.0,47.24,52.41
Garfield: A Tail of Two Kitties,2006,6,,141702264.0,18.52284546041363,110756588.10379796,1,0.8399447,0.0,1,,,1,0,0,1,1,0,0,0,144725928.25,Animation,Major Studio,June,,141.7,110.76
A Single Man,2009,10,7000000.0,,16.85037888134944,20798238.07744399,0,0.10395298,25.0,0,,15.76142084987672,0,0,0,0,0,0,0,0,51751835.0,Drama,Mid-size Studio,October,7.0,,20.8
Blue Ruin,2014,4,,258384.0,15.78446550994554,7163185.7013646485,0,0.08970592,0.0,0,,,0,0,0,0,0,0,0,0,3220371.0,Crime,Mid-size Studio,April,,0.26,7.16
Dragonball Evolution,2009,4,100000000.0,,18.141618441930586,75649276.07177575,1,0.8539608,0.0,0,,18.420680753952364,1,0,1,0,0,1,1,0,72700000.0,Action,Major Studio,April,100.0,,75.65
Frequency,2000,4,31000000.0,68106245.0,17.856175446236254,56864137.5379171,1,0.69631934,25.0,1,0.0,17.249497794707484,1,0,0,0,0,0,0,0,32385227.0,Crime,Major Studio,April,31.0,68.11,56.86
The Forbidden Kingdom,2008,4,55000000.0,127906624.0,18.19370540424948,79694042.48357266,1,0.76056534,0.0,1,0.0,17.822843761378564,0,0,1,0,0,0,0,0,231323717.25,Action,Mid-size Studio,April,55.0,127.91,79.69
Anomalisa,2015,12,8000000.0,5659286.0,16.33846356757334,12465351.672666112,0,0.10754391,25.0,0,1.0,15.894952224644102,0,0,0,1,1,0,0,0,51751835.0,Animation,Mid-size Studio,December,8.0,5.66,12.47
The Best Exotic Marigold Hotel,2011,11,10000000.0,136836156.0,17.493876144823282,39581647.41010119,1,0.5605289,40.0,1,0.0,16.118095750958314,0,0,0,0,1,0,0,0,120761330.75,Drama,Mid-size Studio,November,10.0,136.84,39.58
Grindhouse,2007,4,67000000.0,25037897.0,17.64747407670874,46153070.74449028,1,0.5648383,0.0,0,1.0,18.020203192280615,0,0,1,0,0,0,0,0,72324112.26666667,Thriller,Mid-size Studio,April,67.0,25.04,46.15
The Back-Up Plan,2010,4,35000000.0,77477008.0,17.94423486212815,62098652.39003853,1,0.63145924,0.0,1,0.0,17.370858648025116,0,0,0,0,1,1,0,0,51751835.0,Comedy,Mid-size Studio,April,35.0,77.48,62.1
Tango & Cash,1989,12,55000000.0,63408614.0,18.44751436582902,102719687.54553232,1,0.77580225,0.0,1,0.0,17.822843761378564,1,0,1,0,1,0,0,0,16178959.0,Action,Major Studio,December,55.0,63.41,102.72
Into the Blue,2005,9,50000000.0,44434439.0,17.816530020290216,54653838.17183542,0,0.40041813,20.0,0,1.0,17.72753358339242,0,0,1,0,0,0,0,0,34385901.0,Action,Mid-size Studio,September,50.0,44.43,54.65
Ultraviolet,2006,3,30000000.0,31070211.0,16.956597713328446,23128997.009768356,0,0.17406307,0.0,0,0.0,17.216707972959764,0,0,1,0,0,0,0,0,5359645.0,Science Fiction,Mid-size Studio,March,30.0,31.07,23.13
The Awakening,2011,8,4798235.0,209696.0,14.379508344833509,1757684.324378042,0,0.111747146,0.0,0,1.0,15.383758908333446,0,0,0,0,0,0,0,0,51751835.0,Horror,Mid-size Studio,August,4.8,0.21,1.76
Behind Enemy Lines,2001,11,40000000.0,91753202.0,18.34578870383784,92784364.08158629,1,0.91226125,25.0,1,0.0,17.50439003707821,1,0,1,0,0,0,0,0,137026755.66666666,Action,Major Studio,November,40.0,91.75,92.78
The Five-Year Engagement,2012,4,30000000.0,53909751.0,17.74017110662176,50635885.72146537,1,0.7737152,0.0,1,0.0,17.216707972959764,1,0,0,0,1,0,0,0,143029673.0,Comedy,Major Studio,April,30.0,53.91,50.64
On Her Majesty's Secret Service,1969,12,6500000.0,81974493.0,17.85735582200803,56931298.21895279,1,0.68880445,0.0,1,0.0,15.687312888712007,0,0,1,0,0,1,0,0,51751835.0,Adventure,Mid-size Studio,December,6.5,81.97,56.93
Runaway Bride,1999,7,70000000.0,309457509.0,18.87183673784181,157012618.3082176,1,0.9389126,0.0,1,0.0,18.064005814299342,1,0,0,0,1,0,0,0,188622248.5,Comedy,Major Studio,July,70.0,309.46,157.01
The Jacket,2005,3,29000000.0,21126225.0,17.204792184803065,29644647.699329097,0,0.28765294,25.0,0,1.0,17.182806422433504,0,0,0,0,0,0,0,0,51751835.0,Drama,Mid-size Studio,March,29.0,21.13,29.64
Red Eye,2005,8,26000000.0,57891803.0,17.469017954355984,38609847.88521767,1,0.76049614,0.0,1,0.0,17.073607134447293,0,0,0,0,0,0,0,0,78544719.77777778,Horror,Mid-size Studio,August,26.0,57.89,38.61
Videodrome,1983,2,5952000.0,2120439.0,15.37843755995821,4772769.729536315,0,0.08835301,0.0,0,1.0,15.599238023505803,1,0,0,0,0,0,0,0,33387710.4,Horror,Major Studio,February,5.95,2.12,4.77
Bill & Ted's Excellent Adventure,1989,2,10000000.0,40485039.0,17.14765258635434,27998249.56467063,0,0.21656835,15.0,0,0.0,16.118095750958314,0,0,0,0,1,0,0,0,47721720.25,Adventure,Mid-size Studio,February,10.0,40.49,28.0
Hostel: Part II,2007,6,10200000.0,35619521.0,17.227636470619164,30329652.96562091,0,0.42057317,15.0,0,0.0,16.13789837629371,0,0,0,0,0,0,0,0,43706189.5,Horror,Mid-size Studio,June,10.2,35.62,30.33
Once,2007,3,160000.0,20710513.0,16.457545448514825,14041746.97582072,0,0.07636391,25.0,0,0.0,11.982935344196433,0,0,0,0,0,0,0,0,63464861.0,Drama,Mid-size Studio,March,0.16,20.71,14.04
Species,1995,7,35000000.0,113374103.0,17.943206533646617,62034827.39824539,1,0.73829055,0.0,1,0.0,17.370858648025116,0,0,1,0,0,0,0,0,63737376.6,Science Fiction,Mid-size Studio,July,35.0,113.37,62.03
The Count of Monte Cristo,2002,1,35000000.0,75395048.0,17.930757360300305,61267332.3179514,1,0.7596132,45.0,1,0.0,17.370858648025116,0,0,1,0,0,0,0,0,175271691.5,Action,Mid-size Studio,January,35.0,75.4,61.27
Bowling for Columbine,2002,10,4000000.0,35564473.0,17.31949785485176,33247755.69105111,0,0.18295532,0.0,0,0.0,15.201805169084134,0,0,0,0,0,0,0,0,41948976.75,Documentary,Mid-size Studio,October,4.0,35.56,33.25
Broken Arrow,1996,2,50000000.0,150270147.0,18.53564447538023,112183273.95620942,1,0.856939,25.0,1,0.0,17.72753358339242,1,0,1,0,0,0,0,0,218755387.4,Action,Major Studio,February,50.0,150.27,112.18
That's My Boy,2012,6,70000000.0,58058367.0,18.17674979120684,78354172.38006122,1,0.9158638,0.0,1,1.0,18.064005814299342,1,0,0,0,1,0,0,0,123070810.0,Comedy,Major Studio,June,70.0,58.06,78.35
Star Trek: Generations,1994,11,38000000.0,120000000.0,18.468103335128237,104856501.9793659,1,0.79284143,0.0,1,0.0,17.453096744006448,1,0,1,0,0,0,0,0,51751835.0,Science Fiction,Major Studio,November,38.0,120.0,104.86
The Hours,2002,12,25000000.0,41597830.0,17.80837831374062,54210127.071498424,1,0.7390826,25.0,0,0.0,17.034386422832473,1,0,0,0,0,0,0,0,92755723.66666669,Drama,Major Studio,December,25.0,41.6,54.21
Syriana,2005,11,50000000.0,94000000.0,18.24995368948407,84305163.92517725,1,0.6838019,25.0,1,0.0,17.72753358339242,1,0,0,0,0,0,0,0,10719357.0,Drama,Major Studio,November,50.0,94.0,84.31
Puss in Boots,2011,10,130000000.0,554987477.0,19.01051620009954,180369159.4613402,1,0.8080603,0.0,1,0.0,18.683045016112164,0,0,1,1,0,0,0,0,798958165.0,Action,Mid-size Studio,October,130.0,554.99,180.37
Robot & Frank,2012,8,2500000.0,3325038.0,14.532029568508126,2047293.1829481455,0,0.07428616,25.0,0,0.0,14.731801689838347,0,0,0,0,1,0,0,0,85512300.0,Science Fiction,Mid-size Studio,August,2.5,3.33,2.05
Persepolis,2007,5,7300000.0,,16.78857420622834,19551726.550152738,0,0.05300455,25.0,0,,15.803385043104912,0,0,0,1,0,0,0,0,51751835.0,Animation,Mid-size Studio,May,7.3,,19.55
Paranormal Activity: The Marked Ones,2014,1,5000000.0,86362372.0,17.33346038898721,33715234.62944227,0,0.4491724,20.0,1,0.0,15.424948670398354,0,0,0,0,0,0,0,0,51751835.0,Horror,Mid-size Studio,January,5.0,86.36,33.72
Hellraiser,1987,9,1000000.0,14564027.0,16.404262925107602,13313150.312338088,0,0.09354886,20.0,0,0.0,13.815511557963774,0,0,0,0,0,0,0,0,51751835.0,Horror,Mid-size Studio,September,1.0,14.56,13.31
Hannah Montana: The Movie,2009,4,35000000.0,155545279.0,18.440323742036277,101983718.11983529,1,0.8093043,25.0,1,0.0,17.370858648025116,1,0,0,0,1,0,0,0,86005685.0,Comedy,Major Studio,April,35.0,155.55,101.98
The Forest,2016,1,10000000.0,40055439.0,17.62273551940586,45025317.34496542,0,0.2938112,35.0,0,0.0,16.118095750958314,0,0,0,0,0,0,0,0,51751835.0,Horror,Mid-size Studio,January,10.0,40.06,45.03
World Trade Center,2006,8,63000000.0,162945894.0,18.21627217635837,81512925.77405731,1,0.9051663,25.0,1,0.0,17.958645300228824,1,0,0,0,0,0,0,0,92925226.75,Drama,Major Studio,August,63.0,162.95,81.51
Ali,2001,12,107000000.0,87713825.0,18.572965819246715,116449214.7063121,1,0.88455683,25.0,1,1.0,18.488339401771977,0,0,0,0,0,0,0,0,117083523.8,Drama,Mid-size Studio,December,107.0,87.71,116.45
Domino,2005,9,50000000.0,22944502.0,18.05568126344972,69419700.15113966,1,0.5790721,20.0,0,1.0,17.72753358339242,1,0,1,0,0,0,0,0,167725112.45454547,Action,Major Studio,September,50.0,22.94,69.42
Good Luck Chuck,2007,9,25000000.0,59192128.0,17.701699580864904,48724841.98428184,1,0.65561956,45.0,1,0.0,17.034386422832473,0,0,0,0,1,1,0,0,51751835.0,Comedy,Mid-size Studio,September,25.0,59.19,48.72
Wild Things,1998,3,20000000.0,67200000.0,18.038927795497457,68266367.54923755,1,0.732677,40.0,1,0.0,16.811242881518265,1,0,0,0,0,1,0,0,51751835.0,Crime,Major Studio,March,20.0,67.2,68.27
Fool's Gold,2008,2,70000000.0,111231041.0,18.522985252586174,110772072.09025712,1,0.9070561,0.0,1,0.0,18.064005814299342,1,0,0,0,1,0,0,0,187607154.0,Romance,Major Studio,February,70.0,111.23,110.77
Bachelorette,2012,8,3000000.0,11947954.0,16.57037669000517,15718935.500002127,0,0.41991204,0.0,0,0.0,14.914123179965662,0,0,0,0,1,0,0,0,51751835.0,Comedy,Mid-size Studio,August,3.0,11.95,15.72
Submarine,2011,3,,864659.0,14.95977265324439,3140122.3898545615,0,0.11251053,25.0,0,,,0,0,0,0,1,0,0,0,51751835.0,Drama,Mid-size Studio,March,,0.86,3.14
My Super Ex-Girlfriend,2006,6,,60896147.0,16.986751956723815,23837056.290080268,1,0.5486938,25.0,1,,,0,0,1,0,1,0,0,0,140747276.83333334,Fantasy,Mid-size Studio,June,,60.9,23.84
Mortal Kombat,1995,8,18000000.0,122195920.0,18.045840060957214,68739877.43831563,1,0.7531711,15.0,1,0.0,16.705882371415992,1,0,1,0,0,0,0,0,131073980.0,Action,Major Studio,August,18.0,122.2,68.74
The Fourth Kind,2009,11,10000000.0,42333295.0,17.455270745699355,38082701.93100071,1,0.5288447,15.0,0,0.0,16.118095750958314,1,0,0,0,0,1,0,0,51751835.0,Mystery,Major Studio,November,10.0,42.33,38.08
The Mexican,2001,3,57000000.0,147845033.0,18.65330997498018,126191350.42024983,1,0.89059615,0.0,1,0.0,17.858561843342684,0,0,1,0,1,0,0,0,504861387.3333333,Action,Mid-size Studio,March,57.0,147.85,126.19
Super,2010,9,2500000.0,324138.0,16.259957577263837,11524174.190070204,0,0.11432555,45.0,0,1.0,14.731801689838347,0,0,1,0,1,1,1,0,773328629.0,Comedy,Mid-size Studio,September,2.5,0.32,11.52
Hide and Seek,2005,1,25000000.0,122644820.0,18.17565880606777,78268735.75483803,1,0.76069987,20.0,1,0.0,17.034386422832473,1,0,0,0,0,0,0,0,34411240.0,Horror,Major Studio,January,25.0,122.64,78.27
Woman in Gold,2015,4,11000000.0,61619773.0,17.362968387521697,34724927.498416975,0,0.42331004,40.0,1,0.0,16.213405921671733,0,0,0,0,0,0,0,0,35057696.0,Drama,Mid-size Studio,April,11.0,61.62,34.72
The Last House on the Left,2009,3,15000000.0,32721635.0,16.91328225310138,22148541.547959697,0,0.13039261,40.0,0,0.0,16.52356082573315,0,0,0,0,0,0,0,0,51751835.0,Crime,Mid-size Studio,March,15.0,32.72,22.15
The Living Daylights,1987,6,40000000.0,191185897.0,18.889234121876132,159768126.9654873,1,0.9067158,0.0,1,0.0,17.50439003707821,0,0,1,0,0,0,0,0,172851944.25,Action,Mid-size Studio,June,40.0,191.19,159.77
Rounders,1998,9,12000000.0,22921898.0,17.18603097702574,29093663.01599648,0,0.36562726,60.0,0,0.0,16.300417291085605,0,0,0,0,0,0,0,0,16412063.666666666,Drama,Mid-size Studio,September,12.0,22.92,29.09
House of Flying Daggers,2004,5,,92863945.0,18.166495513812055,77554812.38513963,1,0.7121277,25.0,1,,,0,0,1,0,0,0,0,0,136352933.0,Adventure,Mid-size Studio,May,,92.86,77.55
Sky Captain and the World of Tomorrow,2004,9,70000000.0,57958696.0,17.956636879488176,62873596.46955703,1,0.8661921,20.0,1,1.0,18.064005814299342,1,0,1,0,0,0,0,0,51751835.0,Mystery,Major Studio,September,70.0,57.96,62.87
The Phantom of the Opera,2004,12,70000000.0,154648887.0,18.321696103864905,90575661.02591725,1,0.8511213,25.0,1,0.0,18.064005814299342,1,0,0,0,0,0,0,0,106865642.5,Thriller,Major Studio,December,70.0,154.65,90.58
Little Nicky,2000,11,85000000.0,,18.792784761372427,145078387.02412534,1,0.85476667,0.0,0,,18.258161826219297,1,0,0,0,1,0,0,0,120450326.5,Comedy,Major Studio,November,85.0,,145.08
Ella Enchanted,2004,4,31000000.0,27388767.0,17.90527512046129,59725827.34879945,0,0.40238982,0.0,0,1.0,17.249497794707484,0,0,0,0,1,0,0,0,51751835.0,Family,Mid-size Studio,April,31.0,27.39,59.73
The Sum of All Fears,2002,5,68000000.0,193000000.0,18.469557766525707,105009119.52850205,1,0.9074962,25.0,1,0.0,18.035018277846262,1,0,1,0,0,0,0,0,51751835.0,Thriller,Major Studio,May,68.0,193.0,105.01
The One,2001,11,49000000.0,72700000.0,18.255012296035645,84732711.06946589,1,0.7313452,0.0,1,0.0,17.707330876483063,1,0,1,0,0,0,0,0,85510736.0,Action,Major Studio,November,49.0,72.7,84.73
Nanny McPhee and the Big Bang,2010,3,35000000.0,93246388.0,17.949068825626142,62399561.7202089,1,0.69189805,0.0,1,0.0,17.370858648025116,1,0,0,0,1,1,0,0,9930095.0,Comedy,Major Studio,March,35.0,93.25,62.4
The Cell,2000,8,33000000.0,104155843.0,18.128860931992257,74690309.68557745,1,0.89838594,0.0,1,0.0,17.312018149733785,1,0,0,0,0,0,0,0,146815255.0,Horror,Major Studio,August,33.0,104.16,74.69
One Hour Photo,2002,8,12000000.0,52223306.0,17.455986261292466,38109960.44956025,1,0.55125487,15.0,1,0.0,16.300417291085605,0,0,0,0,0,0,0,0,9455232.0,Horror,Mid-size Studio,August,12.0,52.22,38.11
Doubt,2008,11,20000000.0,50907234.0,17.101639798368016,26739161.21496322,0,0.22673796,40.0,0,0.0,16.811242881518265,0,0,0,0,0,0,0,0,51751835.0,Drama,Mid-size Studio,November,20.0,50.91,26.74
Man on the Moon,1999,12,82000000.0,47434430.0,18.616287843255098,121604901.49508809,1,0.75386405,25.0,0,1.0,18.22222981742365,0,0,0,0,1,0,0,0,80477152.0,Comedy,Mid-size Studio,December,82.0,47.43,121.6
Star Trek III: The Search for Spock,1984,5,18000000.0,87000000.0,18.237980919786967,83301816.01355319,1,0.8742379,15.0,1,0.0,16.705882371415992,1,0,1,0,0,0,0,0,133000000.0,Science Fiction,Major Studio,May,18.0,87.0,83.3
Sahara,2005,4,130000000.0,119269486.0,18.348182114287088,93006701.11625384,1,0.922017,25.0,1,1.0,18.683045016112164,1,0,1,0,1,0,0,0,100946525.0,Action,Major Studio,April,130.0,119.27,93.01
Speed 2: Cruise Control,1997,6,160000000.0,164508066.0,18.76015537385073,140420965.6963612,1,0.93340254,0.0,1,0.0,18.8906843794481,1,0,1,0,0,0,0,0,273153490.5,Action,Major Studio,June,160.0,164.51,140.42
Beverly Hills Cop III,1994,5,50000000.0,119208989.0,18.584773919443258,117832409.0904497,1,0.85118777,0.0,1,0.0,17.72753358339242,1,0,1,0,1,0,0,0,115543296.66666669,Action,Major Studio,May,50.0,119.21,117.83
Chasing Amy,1997,4,250000.0,12021272.0,16.876057332789326,21339220.722016227,0,0.18266982,25.0,0,0.0,12.429220196836384,0,0,0,0,1,0,0,0,23332180.2,Comedy,Mid-size Studio,April,0.25,12.02,21.34
Patriot Games,1992,6,45000000.0,178051587.0,18.75160429319451,139225333.94157428,1,0.90396976,25.0,1,0.0,17.622173069956816,1,0,1,0,0,0,0,0,125388613.42857143,Drama,Major Studio,June,45.0,178.05,139.23
Arachnophobia,1990,8,31000000.0,53208180.0,18.01444984526478,66615632.504223526,1,0.78786904,0.0,1,0.0,17.249497794707484,0,0,0,0,1,0,0,0,103070668.0,Comedy,Mid-size Studio,August,31.0,53.21,66.62
Grudge Match,2013,12,40000000.0,44907260.0,18.099686709498627,72542756.85490124,1,0.5234924,0.0,0,0.0,17.50439003707821,1,0,0,0,1,0,0,0,158385889.2,Comedy,Major Studio,December,40.0,44.91,72.54
Final Fantasy: The Spirits Within,2001,7,137000000.0,85131830.0,17.771119121915188,52227467.02945992,1,0.8417137,0.0,1,1.0,18.73549149109167,1,0,1,1,0,0,0,0,51751835.0,Adventure,Major Studio,July,137.0,85.13,52.23
Silent Hill: Revelation 3D,2012,10,20000000.0,52302796.0,17.709561306077518,49109413.026025176,0,0.4727662,15.0,1,0.0,16.811242881518265,0,0,0,0,0,1,0,0,51751835.0,Thriller,Mid-size Studio,October,20.0,52.3,49.11
Pay It Forward,2000,10,40000000.0,55707411.0,18.44742524169789,102710533.15048528,1,0.87248504,25.0,1,0.0,17.50439003707821,1,0,0,0,0,0,0,0,140464664.0,Drama,Major Studio,October,40.0,55.71,102.71
The Boss,2016,4,29000000.0,78636257.0,18.08104993736168,71203314.218918,1,0.638245,0.0,1,0.0,17.182806422433504,1,0,0,0,1,1,0,0,100525432.0,Comedy,Major Studio,April,29.0,78.64,71.2
Conspiracy Theory,1997,8,75000000.0,136982834.0,18.58792237537587,118203983.87753028,1,0.8949334,25.0,1,0.0,18.13299868483392,1,0,1,0,0,0,0,0,116717763.7,Action,Major Studio,August,75.0,136.98,118.2
Not Another Teen Movie,2001,12,16000000.0,66468332.0,17.992199243352786,65149763.27584686,1,0.7622831,15.0,1,0.0,16.588099342704055,0,0,0,0,1,1,0,0,51751835.0,Comedy,Mid-size Studio,December,16.0,66.47,65.15
The Water Diviner,2014,12,22500000.0,15520023.0,16.80253489954748,19826596.44514047,0,0.14009117,40.0,0,1.0,16.929025911619092,0,0,0,0,0,0,0,0,51751835.0,War,Mid-size Studio,December,22.5,15.52,19.83
Alvin and the Chipmunks: The Road Chip,2015,12,,233755553.0,18.56193131853764,115171319.18890178,1,0.81548387,0.0,1,,,1,0,0,1,1,1,0,0,128040073.33333331,Adventure,Major Studio,December,,233.76,115.17
My Girl,1991,11,16500000.0,,18.226123740460636,82319924.16873117,0,0.3965288,40.0,0,,16.61887099947687,1,0,0,0,1,0,0,0,51751835.0,Comedy,Major Studio,November,16.5,,82.32
Dante's Peak,1997,2,116000000.0,178127760.0,18.588306217639783,118249364.2715884,1,0.8950238,0.0,1,0.0,18.569100757691327,1,0,1,0,0,0,0,0,50786645.2,Action,Major Studio,February,116.0,178.13,118.25
Free State of Jones,2016,6,50000000.0,25035950.0,17.49560037999034,39649954.35195264,0,0.3380856,25.0,0,1.0,17.72753358339242,0,0,1,0,0,0,0,0,419773568.5,War,Mid-size Studio,June,50.0,25.04,39.65
The Game Plan,2007,9,22000000.0,147880543.0,18.211232847337744,81103188.58396548,1,0.75509197,35.0,1,0.0,16.906553056777135,1,0,0,0,1,0,0,0,79913573.8,Comedy,Major Studio,September,22.0,147.88,81.1
Jackass 3D,2010,10,20000000.0,117224271.0,18.128630451702247,74673097.02477539,1,0.5956492,15.0,1,0.0,16.811242881518265,0,0,1,0,1,1,0,0,96297520.33333331,Comedy,Mid-size Studio,October,20.0,117.22,74.67
The Quick and the Dead,1995,2,32000000.0,18552460.0,17.493286042975825,39558297.096458174,0,0.45790145,25.0,0,1.0,17.281246492014,0,0,1,0,0,0,0,0,444907000.28571427,Action,Mid-size Studio,February,32.0,18.55,39.56
The Wedding Planner,2001,1,35000000.0,94728529.0,18.163325609545787,77309360.28667863,1,0.8468419,20.0,1,0.0,17.370858648025116,0,0,0,0,1,0,0,0,111262034.85714284,Comedy,Mid-size Studio,January,35.0,94.73,77.31
Collateral Damage,2002,2,85000000.0,78382433.0,18.45877588524444,103883005.38114876,1,0.89267945,25.0,1,1.0,18.258161826219297,1,0,1,0,0,0,0,0,214542547.0,Action,Major Studio,February,85.0,78.38,103.88
Ghost World,2001,7,7000000.0,,17.665481243784086,46991684.68864699,0,0.26785842,25.0,0,,15.76142084987672,0,0,0,0,1,1,0,0,76488889.0,Comedy,Mid-size Studio,July,7.0,,46.99
The Raven,2012,3,26000000.0,29657751.0,16.998972685526663,24130149.762912057,0,0.21025981,0.0,0,0.0,17.073607134447293,0,0,0,0,0,0,0,0,96486691.0,Crime,Mid-size Studio,March,26.0,29.66,24.13
Sex and the City 2,2010,5,100000000.0,288347692.0,18.756470506470052,139904485.22205356,1,0.84495324,25.0,1,0.0,18.420680753952364,1,0,0,0,1,0,0,0,51751835.0,Comedy,Major Studio,May,100.0,288.35,139.9
Killer Joe,2011,9,10000000.0,3665069.0,16.106312372685224,9882857.726755513,0,0.12272777,60.0,0,1.0,16.118095750958314,0,0,0,0,0,0,0,0,107710104.0,Crime,Mid-size Studio,September,10.0,3.67,9.88
The Score,2001,7,68000000.0,71069884.0,18.390068614007905,96985166.6555323,1,0.88701856,0.0,1,0.0,18.035018277846262,1,0,1,0,0,0,0,0,46916147.0,Action,Major Studio,July,68.0,71.07,96.99
Four Lions,2010,5,967686.0,4270000.0,15.509298093525414,5440045.1025268445,0,0.047015205,25.0,0,0.0,13.782663966863328,0,0,0,0,1,0,0,0,51751835.0,Comedy,Mid-size Studio,May,0.97,4.27,5.44
The French Connection,1971,10,1800000.0,41158757.0,16.940246255029596,22753879.38134859,0,0.20621552,0.0,0,0.0,14.403297778421797,1,0,1,0,0,0,0,0,100211366.4,Action,Major Studio,October,1.8,41.16,22.75
Any Given Sunday,1999,12,55000000.0,100230832.0,18.34201376759837,92434769.2835676,1,0.8344135,25.0,1,0.0,17.822843761378564,1,0,0,0,0,0,0,0,98151481.91666669,Drama,Major Studio,December,55.0,100.23,92.43
Keanu,2016,4,15000000.0,20566327.0,17.745667903208247,50914987.270221174,0,0.27945566,15.0,0,0.0,16.52356082573315,1,0,1,0,1,0,0,0,51751835.0,Action,Major Studio,April,15.0,20.57,50.91
Tootsie,1982,12,21000000.0,177200000.0,18.766814554940808,141359174.72730872,1,0.8321373,15.0,1,0.0,16.860033043306743,0,0,0,0,1,0,0,0,159075266.25,Comedy,Mid-size Studio,December,21.0,177.2,141.36
Jonah Hex,2010,6,47000000.0,10539000.0,17.21325398266697,29896559.032648757,0,0.4081645,25.0,0,1.0,17.665658180950928,1,0,1,0,0,0,1,0,110000000.0,Action,Major Studio,June,47.0,10.54,29.9
Scoop,2006,7,4000000.0,31584901.0,16.987870090803877,23863724.222588394,0,0.122975364,0.0,0,0.0,15.201805169084134,0,0,0,0,1,0,0,0,57956012.45454545,Comedy,Mid-size Studio,July,4.0,31.58,23.86
"Batman: The Dark Knight Returns, Part 2",2013,1,3500000.0,,17.244770008167066,30853784.522652324,0,0.08349726,20.0,0,,15.068273812173889,1,0,1,1,0,0,1,0,51751835.0,Action,Major Studio,January,3.5,,30.85
She's All That,1999,1,10000000.0,103166989.0,17.02981974461508,24886093.32551899,1,0.67472833,35.0,1,0.0,16.118095750958314,0,0,0,0,1,0,0,0,12774769.0,Comedy,Mid-size Studio,January,10.0,103.17,24.89
Flipped,2010,8,14000000.0,1755212.0,16.075709519713687,9584995.024639376,0,0.19115563,40.0,0,1.0,16.454567959008102,0,0,0,0,0,0,0,0,89115807.22222222,Romance,Mid-size Studio,August,14.0,1.76,9.58
Animal House,1978,7,2700000.0,141000000.0,18.10186387369472,72700866.40275837,1,0.5167066,0.0,1,0.0,14.80876270134486,1,0,0,0,1,0,0,0,108279626.33333331,Comedy,Major Studio,July,2.7,141.0,72.7
Precious,2009,11,10000000.0,47536959.0,17.19845917742023,29457501.14599653,0,0.19847858,40.0,0,0.0,16.118095750958314,0,0,0,0,0,0,0,0,115922175.0,Drama,Mid-size Studio,November,10.0,47.54,29.46
Act of Valor,2012,2,12000000.0,81272766.0,17.544536261395425,41638519.12755543,0,0.42174813,15.0,1,0.0,16.300417291085605,0,0,1,0,0,1,0,0,51751835.0,Action,Mid-size Studio,February,12.0,81.27,41.64
The Constant Gardener,2005,8,25000000.0,82466670.0,17.77925621326786,52654180.45653423,1,0.57303095,25.0,1,0.0,17.034386422832473,0,0,0,0,0,0,0,0,25243374.5,Drama,Mid-size Studio,August,25.0,82.47,52.65
The Art of Getting By,2011,6,,1406224.0,15.031937560878006,3375105.916932162,0,0.1588396,25.0,0,,,0,0,0,0,0,0,0,0,51751835.0,Drama,Mid-size Studio,June,,1.41,3.38
Ri¢hie Ri¢h,1994,12,40000000.0,,18.517394926240375,110154547.74122605,1,0.54293454,0.0,0,,17.50439003707821,1,0,0,0,1,0,0,0,37505003.0,Comedy,Major Studio,December,40.0,,110.15
The Big Wedding,2013,4,35000000.0,21819348.0,17.353522487346027,34398463.59034931,0,0.26112303,0.0,0,1.0,17.370858648025116,0,0,0,0,1,0,0,0,51751835.0,Comedy,Mid-size Studio,April,35.0,21.82,34.4
War,2007,8,25000000.0,40452643.0,17.298869034742825,32568919.566350292,0,0.28975758,0.0,0,0.0,17.034386422832473,0,0,1,0,0,0,0,0,51751835.0,Action,Mid-size Studio,August,25.0,40.45,32.57
Star Trek VI: The Undiscovered Country,1991,12,27000000.0,96900000.0,18.447088835115125,102675986.46187069,1,0.86083484,0.0,1,0.0,17.11134746100564,1,0,1,0,0,0,0,0,96800000.0,Science Fiction,Major Studio,December,27.0,96.9,102.68
Morning Glory,2010,1,40000000.0,58785180.0,17.747719297756213,51019541.20358738,1,0.8078061,45.0,1,0.0,17.50439003707821,1,0,0,0,1,0,0,0,229412721.0,Comedy,Major Studio,January,40.0,58.79,51.02
Dr. Dolittle 2,2001,6,70000000.0,176104344.0,18.76373320168721,140924267.56666282,1,0.8887394,0.0,1,0.0,18.064005814299342,1,0,0,0,1,0,0,0,135851442.0,Comedy,Major Studio,June,70.0,176.1,140.92
Something's Gotta Give,2003,12,80000000.0,266728738.0,18.854104305905828,154252942.9134142,1,0.9134574,25.0,1,0.0,18.19753720513815,1,0,0,0,1,0,0,0,245487183.5,Drama,Major Studio,December,80.0,266.73,154.25
National Lampoon's Vacation,1983,7,15000000.0,61399552.0,17.86138132795261,57160937.39923124,1,0.5567745,15.0,1,0.0,16.52356082573315,1,0,0,0,1,1,0,0,82563869.66666667,Comedy,Major Studio,July,15.0,61.4,57.16
An Education,2009,10,7500000.0,26096852.0,16.895758428420756,21763795.329802107,0,0.08416072,25.0,0,0.0,15.830413711839864,0,0,0,0,0,0,0,0,59389433.0,Drama,Mid-size Studio,October,7.5,26.1,21.76
Astro Boy,2009,10,65000000.0,44091067.0,18.031451636067754,67757900.35349602,1,0.551194,0.0,0,1.0,17.989897843244528,0,0,1,1,0,0,1,0,71329628.66666667,Animation,Mid-size Studio,October,65.0,44.09,67.76
Lady in the Water,2006,7,75000000.0,42285169.0,18.311840701593876,89687385.7853574,1,0.6604192,25.0,0,1.0,18.13299868483392,1,0,0,0,0,1,0,0,301258720.125,Drama,Major Studio,July,75.0,42.29,89.69
The Blue Lagoon,1980,7,4500000.0,58853106.0,17.96587372150916,63457040.39812832,1,0.7340491,25.0,1,0.0,15.319588176962746,0,0,0,0,0,0,0,0,108303465.0,Romance,Mid-size Studio,July,4.5,58.85,63.46
Pet Sematary,1989,4,11500000.0,57469467.0,17.76363111593395,51837847.99181343,1,0.5457528,40.0,1,0.0,16.257857680289998,1,0,0,0,0,0,0,0,5217498.0,Drama,Major Studio,April,11.5,57.47,51.84
"You, Me and Dupree",2006,7,54000000.0,130431368.0,18.5901194926026,118463977.40250953,1,0.8426827,0.0,1,0.0,17.804494623047066,1,0,0,0,1,0,0,0,934035533.5,Comedy,Major Studio,July,54.0,130.43,118.46
Monster-in-Law,2005,5,43000000.0,154749918.0,18.46040470606751,104052350.06373824,1,0.88707185,0.0,1,0.0,17.57671069691365,1,0,0,0,1,0,0,0,106407369.2,Romance,Major Studio,May,43.0,154.75,104.05
Volver,2006,3,12899867.0,85582407.0,18.281805282994828,87033640.25725265,1,0.6188598,40.0,1,0.0,16.372727636721407,0,0,0,0,1,0,0,0,51751835.0,Comedy,Mid-size Studio,March,12.9,85.58,87.03
My Week with Marilyn,2011,10,6400000.0,35057696.0,16.452696627919856,13973825.860771678,0,0.08514684,25.0,0,0.0,15.671808704579888,0,0,0,0,0,0,0,0,61619773.0,Drama,Mid-size Studio,October,6.4,35.06,13.97
Eden Lake,2008,9,,3983997.0,16.26878680207572,11626374.233255433,0,0.149513,20.0,0,,,0,0,0,0,0,0,0,0,127730736.0,Horror,Mid-size Studio,September,,3.98,11.63
Jaws 2,1978,6,20000000.0,187884007.0,18.700396022647755,132275313.2716577,1,0.90404314,15.0,1,0.0,16.811242881518265,1,0,0,0,0,0,0,0,51751835.0,Horror,Major Studio,June,20.0,187.88,132.28
Flatliners,1990,8,26000000.0,61489265.0,17.952937428132532,62641428.36625284,1,0.7972019,25.0,1,0.0,17.073607134447293,0,0,0,0,0,0,0,0,114628944.33333331,Drama,Mid-size Studio,August,26.0,61.49,62.64
Survivor,2015,5,20000000.0,,17.17670153244204,28823497.4965084,0,0.16281988,15.0,0,,16.811242881518265,0,0,0,0,0,0,0,0,60462347.0,Thriller,Mid-size Studio,May,20.0,,28.82
Just Married,2003,1,18000000.0,101564935.0,18.247673451190476,84113147.06506494,1,0.8445741,35.0,1,0.0,16.705882371415992,1,0,0,0,1,0,0,0,235224680.8888889,Comedy,Major Studio,January,18.0,101.56,84.11
Beasts of the Southern Wild,2012,6,1800000.0,21107746.0,15.863819879961085,7754778.182375084,0,0.05127068,25.0,0,0.0,14.403297778421797,0,0,0,0,0,0,0,0,51751835.0,Drama,Mid-size Studio,June,1.8,21.11,7.75
Space Cowboys,2000,7,65000000.0,128884132.0,18.621063920546874,122187085.07868224,1,0.84776616,0.0,1,0.0,17.989897843244528,1,0,1,0,0,0,0,0,125430250.31578948,Action,Major Studio,July,65.0,128.88,122.19
The Texas Chainsaw Massacre: The Beginning,2006,10,16000000.0,,17.95349396834561,62676300.54368435,0,0.36060157,15.0,0,,16.588099342704055,1,0,0,0,0,0,0,0,301000000.0,Horror,Major Studio,October,16.0,,62.68
Amour,2012,7,8900000.0,19839492.0,16.989679043818107,23906931.648579944,0,0.09778271,40.0,0,0.0,16.001561947061912,0,0,0,0,0,0,0,0,7938872.0,Drama,Mid-size Studio,July,8.9,19.84,23.91
Along Came a Spider,2001,4,60000000.0,105178561.0,18.410688161586094,99005716.76034483,1,0.8946898,0.0,1,0.0,17.909855136853043,1,0,1,0,0,0,0,0,138021388.75,Crime,Major Studio,April,60.0,105.18,99.01
Ever After: A Cinderella Story,1998,7,26000000.0,65705772.0,18.423407755721247,100273072.34477268,1,0.82666624,25.0,1,0.0,17.073607134447293,1,0,0,0,1,0,0,0,198988471.25,Drama,Major Studio,July,26.0,65.71,100.27
Headhunters,2011,8,,15699707.0,16.4590243263165,14062528.367981087,0,0.16686092,0.0,0,,,0,0,0,0,0,0,0,0,233555708.0,Thriller,Mid-size Studio,August,,15.7,14.06
Failure to Launch,2006,3,50000000.0,88715192.0,18.27637720059108,86562494.34684591,1,0.834074,0.0,1,0.0,17.72753358339242,1,0,0,0,1,0,0,0,70347074.5,Comedy,Major Studio,March,50.0,88.72,86.56
Hackers,1995,9,20000000.0,7563728.0,17.170850537528857,28655343.7664511,0,0.25787318,60.0,0,1.0,16.811242881518265,0,0,1,0,0,0,0,0,66593444.0,Action,Mid-size Studio,September,20.0,7.56,28.66
Clerks II,2006,5,5000000.0,26888376.0,16.81468963684582,20069054.047837317,0,0.08213486,0.0,0,0.0,15.424948670398354,0,0,0,0,1,1,0,0,21845469.8,Comedy,Mid-size Studio,May,5.0,26.89,20.07
Fahrenheit 9/11,2004,6,6000000.0,119114517.0,18.03376917982775,67915114.35977142,1,0.502316,0.0,1,0.0,15.607270193858982,0,0,0,0,0,0,0,0,21061465.75,Documentary,Mid-size Studio,June,6.0,119.11,67.92
The Hurricane,1999,9,50000000.0,73956241.0,18.241586824347547,83602736.63488619,1,0.66508776,45.0,1,0.0,17.72753358339242,1,0,0,0,0,0,0,0,41652170.5,Drama,Major Studio,September,50.0,73.96,83.6
Born on the Fourth of July,1989,12,14000000.0,161001698.0,18.525641055985645,111066651.9384713,1,0.7961452,40.0,1,0.0,16.454567959008102,1,0,0,0,0,0,0,0,93087243.08333331,Drama,Major Studio,December,14.0,161.0,111.07
Awake,2007,11,86000000.0,14373825.0,17.49757172212843,39728195.07398933,0,0.45370433,0.0,0,1.0,18.26985786584569,0,0,0,0,0,0,0,0,51751835.0,Thriller,Mid-size Studio,November,86.0,14.37,39.73
G.I. Jane,1997,8,50000000.0,48169156.0,18.308017411109127,89345139.52319771,1,0.5894087,25.0,0,1.0,17.72753358339242,0,0,1,0,0,0,0,0,209425922.73333332,Action,Mid-size Studio,August,50.0,48.17,89.35
Lolita,1962,6,2000000.0,9250000.0,16.55385675154174,15461392.78828958,0,0.19998674,25.0,0,0.0,14.508658238524095,0,0,0,0,0,0,0,0,60849770.8,Drama,Mid-size Studio,June,2.0,9.25,15.46
Agora,2009,5,70000000.0,39041505.0,18.009840066380026,66309255.87031333,1,0.5697962,25.0,0,1.0,18.064005814299342,0,0,0,0,0,0,0,0,28103161.0,Adventure,Mid-size Studio,May,70.0,39.04,66.31
Sweet Home Alabama,2002,9,30000000.0,180622424.0,18.05830985525195,69602416.2463073,1,0.62816787,20.0,1,0.0,17.216707972959764,0,0,0,0,1,0,0,0,170259308.25,Comedy,Mid-size Studio,September,30.0,180.62,69.6
Takers,2010,8,32000000.0,69055695.0,17.134583260587302,27634712.076619662,0,0.40093264,25.0,1,0.0,17.281246492014,0,0,1,0,0,0,0,0,47241945.0,Action,Mid-size Studio,August,32.0,69.06,27.63
The Kite Runner,2007,10,20000000.0,73276047.0,17.403613113025024,36165387.94796905,0,0.41759574,40.0,1,0.0,16.811242881518265,0,0,0,0,0,0,0,0,222635482.83333337,Drama,Mid-size Studio,October,20.0,73.28,36.17
Wanderlust,2012,2,35000000.0,24159934.0,17.828490900765964,55311471.30515254,0,0.37930182,0.0,0,1.0,17.370858648025116,0,0,0,0,1,1,0,0,92380927.0,Comedy,Mid-size Studio,February,35.0,24.16,55.31
Made of Honor,2008,5,40000000.0,84601681.0,18.058286503761806,69600790.94512376,1,0.75621307,0.0,1,0.0,17.50439003707821,1,0,0,0,1,0,0,0,51751835.0,Comedy,Major Studio,May,40.0,84.6,69.6
The Manchurian Candidate,2004,7,80000000.0,96105964.0,18.514293712666472,109813464.11938655,1,0.8496989,25.0,1,0.0,18.19753720513815,1,0,0,0,0,0,0,0,239710681.0,Drama,Major Studio,July,80.0,96.11,109.81
Mona Lisa Smile,2003,12,65000000.0,,18.420783638884348,100010289.02258478,1,0.67373675,25.0,0,,17.989897843244528,1,0,0,0,0,0,0,0,254700832.0,Drama,Major Studio,December,65.0,,100.01
The Gunman,2015,2,40000000.0,13644292.0,16.645377853622524,16943211.237518568,0,0.26065335,25.0,0,1.0,17.50439003707821,0,0,1,0,0,0,0,0,96413764.33333331,Action,Mid-size Studio,February,40.0,13.64,16.94
Mallrats,1995,10,6000000.0,2122561.0,15.988428704517109,8783878.32435417,0,0.16324995,0.0,0,1.0,15.607270193858982,0,0,0,0,1,1,0,0,24322051.3,Romance,Mid-size Studio,October,6.0,2.12,8.78
Left Behind,2014,10,16000000.0,19682924.0,17.04716258097657,25321453.061393466,0,0.20138623,15.0,0,0.0,16.588099342704055,0,0,1,0,0,0,0,0,51751835.0,Thriller,Mid-size Studio,October,16.0,19.68,25.32
The Interpreter,2005,4,80000000.0,162944923.0,18.302010165610607,88810030.20570096,1,0.89676905,0.0,1,0.0,18.19753720513815,1,0,0,0,0,0,0,0,162639035.5,Crime,Major Studio,April,80.0,162.94,88.81
Florence Foster Jenkins,2016,5,29000000.0,48902953.0,17.29399955760877,32410711.460365433,0,0.111050226,25.0,0,0.0,17.182806422433504,0,0,0,0,1,0,0,0,47072598.428571425,Comedy,Mid-size Studio,May,29.0,48.9,32.41
Star Trek: Insurrection,1998,12,70000000.0,118000000.0,18.308118046763024,89354131.28227499,1,0.8115228,0.0,1,0.0,18.064005814299342,1,0,1,0,0,0,0,0,72358973.33333333,Science Fiction,Major Studio,December,70.0,118.0,89.35
Intolerable Cruelty,2003,9,60000000.0,119940815.0,18.315475501518335,90013974.67513765,1,0.8170606,20.0,1,0.0,17.909855136853043,1,0,0,0,1,0,0,0,104208525.0,Crime,Major Studio,September,60.0,119.94,90.01
Dream House,2011,9,50000000.0,38502340.0,17.623957466982628,45080369.55221569,0,0.2352084,45.0,0,1.0,17.72753358339242,0,0,0,0,0,0,0,0,44880438.5,Drama,Mid-size Studio,September,50.0,38.5,45.08
Fruitvale Station,2013,7,,17385830.0,16.2897301275704,11872436.885201296,0,0.15543962,25.0,0,,,0,0,0,0,0,0,0,0,173567581.0,Drama,Mid-size Studio,July,,17.39,11.87
Scrooged,1988,11,,60328000.0,17.977629923304235,64207456.56125452,1,0.73084754,25.0,1,,,1,0,0,0,1,1,0,0,124383247.1,Fantasy,Major Studio,November,,60.33,64.21
Funny People,2009,7,75000000.0,61458982.0,18.060842579265906,69778923.38748078,1,0.828621,25.0,1,1.0,18.13299868483392,1,0,0,0,1,0,0,0,139345083.5,Comedy,Major Studio,July,75.0,61.46,69.78
West Side Story,1961,10,6000000.0,43656822.0,17.593107028502864,43710854.04866882,1,0.5269072,25.0,0,0.0,15.607270193858982,0,0,0,0,0,0,0,0,145863616.33333334,Crime,Mid-size Studio,October,6.0,43.66,43.71
Home on the Range,2004,4,110000000.0,103951461.0,18.487133814916422,106871079.9330342,1,0.7641361,0.0,1,1.0,18.5159909328476,1,0,0,1,0,0,0,0,51751835.0,Animation,Major Studio,April,110.0,103.95,106.87
The Ridiculous 6,2015,12,60000000.0,,17.62550155604937,45150031.427739605,0,0.47437096,25.0,0,,17.909855136853043,0,0,0,0,1,0,0,0,146673684.5,Comedy,Mid-size Studio,December,60.0,,45.15
One for the Money,2012,1,40000000.0,36893721.0,17.443421842236475,37634126.472209506,0,0.1850219,20.0,0,1.0,17.50439003707821,0,0,1,0,1,0,0,0,51751835.0,Action,Mid-size Studio,January,40.0,36.89,37.63
Lost in Space,1998,4,80000000.0,136159423.0,18.380576183099475,96068897.3441076,1,0.87279916,0.0,1,0.0,18.19753720513815,1,0,0,0,0,0,0,0,48372773.0,Adventure,Major Studio,April,80.0,136.16,96.07
Enter the Void,2009,5,13000000.0,754249.0,16.755987837582595,18924875.614981458,0,0.20286697,40.0,0,1.0,16.380459992348886,0,0,0,0,0,0,0,0,792.0,Fantasy,Mid-size Studio,May,13.0,0.75,18.92
Assassins,1995,10,50000000.0,30303072.0,18.03960878668113,68312872.17718467,1,0.5528402,0.0,0,1.0,17.72753358339242,1,0,1,0,0,0,0,0,127385739.9,Action,Major Studio,October,50.0,30.3,68.31
Blindness,2008,5,25000000.0,19844979.0,16.85798224090214,20956977.278081995,0,0.19968426,25.0,0,1.0,17.034386422832473,0,0,0,0,0,0,0,0,56554220.0,Drama,Mid-size Studio,May,25.0,19.84,20.96
The Odd Life of Timothy Green,2012,8,,51854875.0,17.328718885831545,33555752.12549757,1,0.51583844,25.0,1,,,1,0,0,0,1,0,0,0,51751835.0,Fantasy,Major Studio,August,,51.85,33.56
Clear and Present Danger,1994,8,62000000.0,215887717.0,18.519298276752615,110364410.11547051,1,0.8635053,25.0,1,0.0,17.9426449591384,1,0,1,0,0,0,0,0,119983452.0,Action,Major Studio,August,62.0,215.89,110.36
The Sisterhood of the Traveling Pants,2005,6,25000000.0,39053061.0,17.932507523073127,61374654.01173668,0,0.36379823,25.0,0,0.0,17.034386422832473,0,0,0,0,1,0,0,0,90428626.66666669,Drama,Mid-size Studio,June,25.0,39.05,61.37
Centurion,2010,2,12000000.0,6814789.0,17.630047901491892,45355766.38863241,0,0.2644506,40.0,0,1.0,16.300417291085605,1,0,1,0,0,0,0,0,22211426.0,Adventure,Major Studio,February,12.0,6.81,45.36
Rock of Ages,2012,6,75000000.0,59418613.0,18.24974332618573,84287431.07785171,1,0.9064734,25.0,1,1.0,18.13299868483392,1,0,0,0,1,0,0,0,116306308.57142857,Comedy,Major Studio,June,75.0,59.42,84.29
The Bridges of Madison County,1995,5,24000000.0,182016617.0,18.403544277247825,98300951.7410383,1,0.5997002,25.0,1,0.0,16.993564429978885,1,0,0,0,0,0,0,0,122633803.73684213,Drama,Major Studio,May,24.0,182.02,98.3
Capote,2005,9,7000000.0,49084830.0,17.281861089545924,32019673.166556697,0,0.16422807,45.0,0,0.0,15.76142084987672,0,0,0,0,0,0,0,0,110206216.0,Crime,Mid-size Studio,September,7.0,49.08,32.02
My Cousin Vinny,1992,3,11000000.0,64088552.0,18.153425556466132,76547769.6207435,1,0.6105598,40.0,1,0.0,16.213405921671733,1,0,0,0,1,0,0,0,54912347.0,Comedy,Major Studio,March,11.0,64.09,76.55
Little Shop of Horrors,1986,12,25000000.0,38748395.0,17.800342951072405,53776274.44811995,0,0.28716943,0.0,0,0.0,17.034386422832473,0,0,0,0,1,0,0,0,57689976.666666664,Horror,Mid-size Studio,December,25.0,38.75,53.78
Frida,2002,8,12000000.0,56298474.0,17.661070985795597,46784895.56331908,1,0.5650387,40.0,1,0.0,16.300417291085605,0,0,0,0,0,0,0,0,346594.0,Drama,Mid-size Studio,August,12.0,56.3,46.78
While We're Young,2015,4,10000000.0,7587485.0,16.507643921102048,14763136.48234466,0,0.20963256,40.0,0,1.0,16.118095750958314,0,0,0,0,1,0,0,0,7583978.5,Comedy,Mid-size Studio,April,10.0,7.59,14.76
Holes,2003,4,20000000.0,,18.130672020704313,74825703.03183265,1,0.57493454,40.0,0,,16.811242881518265,1,0,0,0,1,0,0,0,78382433.0,Adventure,Major Studio,April,20.0,,74.83
Conan the Destroyer,1984,6,18000000.0,100000000.0,18.263644097926875,85467272.7884856,1,0.75546175,15.0,1,0.0,16.705882371415992,0,0,1,0,0,0,0,0,21565641.333333332,Adventure,Mid-size Studio,June,18.0,100.0,85.47
Glory,1989,12,18000000.0,26828365.0,17.972594560026586,63884961.309076555,0,0.39696077,15.0,0,0.0,16.705882371415992,0,0,0,0,0,0,0,0,184771586.33333337,War,Mid-size Studio,December,18.0,26.83,63.88
Cop Land,1997,8,15000000.0,44862187.0,17.41435492704587,36555963.82114144,0,0.33317986,40.0,0,0.0,16.52356082573315,0,0,1,0,0,0,0,0,204817148.6,Action,Mid-size Studio,August,15.0,44.86,36.56
Grave Encounters,2011,9,1000000.0,,14.755825588749651,2560787.018331289,0,0.05553522,20.0,0,,13.815511557963774,0,0,0,0,0,0,0,0,51751835.0,Thriller,Mid-size Studio,September,1.0,,2.56
Like Crazy,2011,10,250000.0,3542353.0,14.61402299446176,2222231.7562021087,0,0.053590003,25.0,0,0.0,12.429220196836384,0,0,0,0,0,0,0,0,51751835.0,Drama,Mid-size Studio,October,0.25,3.54,2.22
Network,1976,11,3800000.0,23689877.0,17.167744536743758,28566478.322620563,0,0.09273432,25.0,0,0.0,15.150511887854474,0,0,0,0,0,0,0,0,19665735.0,Drama,Mid-size Studio,November,3.8,23.69,28.57
Premonition,2007,2,20000000.0,84146832.0,17.452664527007396,37983579.30251171,1,0.5642269,40.0,1,0.0,16.811242881518265,0,0,0,0,0,0,0,0,51751835.0,Thriller,Mid-size Studio,February,20.0,84.15,37.98
Land of the Lost,2009,6,100000000.0,68688831.0,18.236328271522225,83164261.10646291,1,0.8845058,0.0,1,1.0,18.420680753952364,1,0,0,0,1,1,0,0,165541452.66666666,Adventure,Major Studio,June,100.0,68.69,83.16
Land of the Dead,2005,6,15000000.0,46770602.0,17.15844201371766,28301970.194895864,0,0.14447877,15.0,0,0.0,16.52356082573315,1,0,0,0,0,0,0,0,22598403.25,Horror,Major Studio,June,15.0,46.77,28.3
Walking Tall,2004,4,56000000.0,57223890.0,17.83000327646841,55395186.32025416,0,0.49582082,25.0,1,0.0,17.840862266556567,0,0,1,0,0,0,0,0,25482931.0,Adventure,Mid-size Studio,April,56.0,57.22,55.4
Little White Lies,2010,10,25000000.0,48531470.0,17.524566386787384,40815250.74442264,0,0.10744949,25.0,0,0.0,17.034386422832473,0,0,0,0,1,0,0,0,2415472.0,Comedy,Mid-size Studio,October,25.0,48.53,40.82
The Craft,1996,5,15000000.0,24769466.0,17.378121733654822,35255133.41063276,0,0.30608487,40.0,0,0.0,16.52356082573315,1,0,0,0,0,0,0,0,27500000.0,Drama,Major Studio,May,15.0,24.77,35.26
Analyze That,2002,12,60000000.0,55003135.0,18.29202598017018,87927746.15806292,1,0.83114415,0.0,1,1.0,17.909855136853043,1,0,0,0,1,0,0,0,83629939.16666667,Comedy,Major Studio,December,60.0,55.0,87.93
Nick and Norah's Infinite Playlist,2008,10,9000000.0,32973937.0,17.070786815800595,25926775.019791212,0,0.15035087,15.0,0,0.0,16.012735246411598,1,0,0,0,1,0,0,0,1694725.5,Comedy,Major Studio,October,9.0,32.97,25.93
Superhero Movie,2008,3,35000000.0,25871834.0,17.119084865454916,27209720.22669225,0,0.24931502,0.0,0,1.0,17.370858648025116,0,0,1,0,1,1,1,0,51751835.0,Action,Mid-size Studio,March,35.0,25.87,27.21
Ip Man 3,2015,12,36000000.0,156844753.0,18.182944546453285,78841063.83635306,0,0.39503947,25.0,1,0.0,17.399029524198163,0,0,1,0,0,0,0,0,51751835.0,Action,Mid-size Studio,December,36.0,156.84,78.84
The Words,2012,9,6000000.0,13231461.0,15.644232811637686,6225925.419412575,0,0.05175904,45.0,0,0.0,15.607270193858982,0,0,0,0,0,0,0,0,51751835.0,Drama,Mid-size Studio,September,6.0,13.23,6.23
The 33,2015,8,25000000.0,24902723.0,16.82485945871493,20274194.11366639,0,0.17318438,25.0,0,1.0,17.034386422832473,0,0,0,0,0,0,0,0,50155695.5,Drama,Mid-size Studio,August,25.0,24.9,20.27
Daylight,1996,12,80000000.0,159212469.0,18.584550355554597,117806068.96310043,1,0.85796845,0.0,1,0.0,18.19753720513815,1,0,1,0,0,0,0,0,149480941.375,Action,Major Studio,December,80.0,159.21,117.81
The Thirteenth Floor,1999,4,16000000.0,18564088.0,16.1784506530067,10622134.676120931,0,0.17654037,15.0,0,0.0,16.588099342704055,1,0,0,0,0,0,0,0,51751835.0,Thriller,Major Studio,April,16.0,18.56,10.62
Dancer in the Dark,2000,5,12800000.0,40031879.0,17.109570398076457,26952061.906255167,0,0.17202866,40.0,0,0.0,16.36495580701484,0,0,0,0,0,0,0,0,11246108.0,Drama,Mid-size Studio,May,12.8,40.03,26.95
"Legally Blonde 2: Red, White & Blonde",2003,7,45000000.0,124914842.0,18.024047630913717,67258073.14759806,1,0.6048865,0.0,1,0.0,17.622173069956816,0,0,0,0,1,0,0,0,10013424.0,Comedy,Mid-size Studio,July,45.0,124.91,67.26
Girl with a Pearl Earring,2003,8,,31466789.0,17.385577546964477,35518971.45238691,0,0.23913161,25.0,0,,,0,0,0,0,0,0,0,0,82169884.0,Drama,Mid-size Studio,August,,31.47,35.52
Volcano,1997,4,90000000.0,,18.341261749308103,92365282.77649488,1,0.6448652,25.0,0,,18.31532023940565,1,0,1,0,0,0,0,0,411006740.0,Science Fiction,Major Studio,April,90.0,,92.37
Star Trek V: The Final Frontier,1989,6,30000000.0,70200000.0,18.20586108222219,80668689.35811043,1,0.8217842,0.0,1,0.0,17.216707972959764,1,0,1,0,0,0,0,0,51751835.0,Science Fiction,Major Studio,June,30.0,70.2,80.67
Red Lights,2012,3,14000000.0,13551174.0,15.918887224488303,8193789.952416957,0,0.12490533,15.0,0,1.0,16.454567959008102,0,0,0,0,0,0,0,0,19152480.0,Thriller,Mid-size Studio,March,14.0,13.55,8.19
Secretary,2002,1,4000000.0,9304609.0,16.218470023463333,11055846.411378698,0,0.11324013,45.0,0,0.0,15.201805169084134,0,0,0,0,1,0,0,0,2281089.0,Comedy,Mid-size Studio,January,4.0,9.3,11.06
Righteous Kill,2008,9,60000000.0,73174566.0,17.65237105326781,46379635.54344798,0,0.40513736,45.0,1,0.0,17.909855136853043,0,0,1,0,0,0,0,0,16930884.0,Action,Mid-size Studio,September,60.0,73.17,46.38
Witness,1985,2,12000000.0,68706993.0,18.290462681730183,87790396.23553054,1,0.75074524,40.0,1,0.0,16.300417291085605,1,0,0,0,0,0,0,0,237329809.33333337,Crime,Major Studio,February,12.0,68.71,87.79
Alive,1993,1,32000000.0,36733909.0,18.0370305618453,68136973.08209714,1,0.50988513,45.0,0,0.0,17.281246492014,1,0,1,0,0,0,0,0,108562091.66666669,Action,Major Studio,January,32.0,36.73,68.14
The Pirates! In an Adventure with Scientists!,2012,3,60000000.0,118338361.0,18.4140210698038,99336244.233568,1,0.8030224,0.0,1,0.0,17.909855136853043,1,0,0,1,1,1,0,0,51751835.0,Animation,Major Studio,March,60.0,118.34,99.34
I Still Know What You Did Last Summer,1998,11,65000000.0,40002112.0,18.06390384066489,69992862.20942533,1,0.51118815,0.0,0,1.0,17.989897843244528,1,0,0,0,0,0,0,0,27610873.0,Horror,Major Studio,November,65.0,40.0,69.99
Happy Feet Two,2011,11,130000000.0,150406466.0,18.845383148889017,152913527.88312447,1,0.9017403,0.0,1,0.0,18.683045016112164,1,0,0,1,1,1,0,0,165526143.16666666,Animation,Major Studio,November,130.0,150.41,152.91
Escape from L.A.,1996,8,50000000.0,42277365.0,17.18493640771799,29061835.40625465,0,0.22331873,0.0,0,1.0,17.72753358339242,1,0,1,0,0,0,0,0,26703826.75,Action,Major Studio,August,50.0,42.28,29.06
A Thousand Words,2012,3,40000000.0,22044277.0,17.624656943127068,45111913.226737306,0,0.36080247,25.0,0,1.0,17.50439003707821,1,0,0,0,1,0,0,0,41089533.5,Drama,Major Studio,March,40.0,22.04,45.11
Sinbad: Legend of the Seven Seas,2003,7,60000000.0,26288320.0,18.04433890127012,68636765.31715119,0,0.46552575,0.0,0,1.0,17.909855136853043,1,0,0,1,0,0,0,0,368871007.0,Family,Major Studio,July,60.0,26.29,68.64
The Conversation,1974,4,1600000.0,4420000.0,16.5891559759368,16016915.067718176,0,0.15774225,25.0,0,0.0,14.285514812209817,1,0,0,0,0,0,0,0,97958262.77777778,Crime,Major Studio,April,1.6,4.42,16.02
The Guard,2011,7,6000000.0,19560274.0,14.690199766835358,2398128.8606493874,0,0.059479527,0.0,0,0.0,15.607270193858982,0,0,1,0,1,0,0,0,51751835.0,Action,Mid-size Studio,July,6.0,19.56,2.4
Ninja Assassin,2009,9,40000000.0,60462347.0,17.523359112721398,40766005.281861104,1,0.5361315,20.0,1,0.0,17.50439003707821,1,0,1,0,0,0,0,0,81084393.0,Action,Major Studio,September,40.0,60.46,40.77
The Pelican Brief,1993,12,45000000.0,195268056.0,18.74452520000297,138243225.14216688,1,0.8064032,25.0,1,0.0,17.622173069956816,1,0,0,0,0,0,0,0,140807547.0,Drama,Major Studio,December,45.0,195.27,138.24
Meet Dave,2008,7,60000000.0,50650079.0,18.304925425152057,89069312.25014597,1,0.77595,0.0,0,1.0,17.909855136853043,1,0,0,0,1,1,0,0,33938083.0,Comedy,Major Studio,July,60.0,50.65,89.07
Big Momma's House 2,2006,1,40000000.0,138259062.0,17.931289945642806,61299971.09234562,1,0.7657086,20.0,1,0.0,17.50439003707821,1,0,0,0,1,0,0,0,65423242.0,Comedy,Major Studio,January,40.0,138.26,61.3
Malcolm X,1992,11,34000000.0,48169908.0,18.091746664727705,71969044.7736363,0,0.41134435,25.0,0,0.0,17.341871111992198,1,0,0,0,0,0,0,0,36556107.875,Drama,Major Studio,November,34.0,48.17,71.97
Spanglish,2004,12,80000000.0,55041367.0,18.249467123301873,84264153.86080445,1,0.81218475,0.0,1,1.0,18.19753720513815,0,0,0,0,1,0,0,0,181423459.0,Comedy,Mid-size Studio,December,80.0,55.04,84.26
The Haunting,1999,7,80000000.0,91188905.0,18.262671012560716,85384146.28622733,1,0.8705951,0.0,1,0.0,18.19753720513815,0,0,0,0,0,0,0,0,291483280.75,Horror,Mid-size Studio,July,80.0,91.19,85.38
Mission to Mars,2000,3,90000000.0,60874615.0,17.945924412623302,62203659.88337367,1,0.8415527,0.0,1,1.0,18.31532023940565,0,0,0,0,0,0,0,0,78213285.0909091,Science Fiction,Mid-size Studio,March,90.0,60.87,62.2
You Again,2010,9,20000000.0,32005248.0,17.32327047129303,33373423.623985212,0,0.1952163,35.0,0,0.0,16.811242881518265,0,0,0,0,1,1,0,0,103088632.8,Comedy,Mid-size Studio,September,20.0,32.01,33.37
Mercury Rising,1998,4,60000000.0,,18.31990331438443,90413423.4042547,1,0.87497103,25.0,0,,17.909855136853043,1,0,1,0,0,0,0,0,82564403.5,Action,Major Studio,April,60.0,,90.41
The International,2009,2,50000000.0,60161391.0,17.754802412821853,51382201.3571744,1,0.7343608,25.0,1,0.0,17.72753358339242,0,0,0,0,0,1,0,0,68135582.75,Drama,Mid-size Studio,February,50.0,60.16,51.38
Slow West,2015,4,,229094.0,13.47680934733342,712694.3630773168,0,0.0895085,25.0,0,,,0,0,0,0,0,0,0,0,51751835.0,Romance,Mid-size Studio,April,,0.23,0.71
The Messenger: The Story of Joan of Arc,1999,10,60000000.0,66976317.0,18.263267795701793,85435117.31365515,1,0.7921205,25.0,1,0.0,17.909855136853043,1,0,1,0,0,0,0,0,124700475.0,Adventure,Major Studio,October,60.0,66.98,85.44
United 93,2006,4,15000000.0,76286096.0,17.111440765288794,27002519.33326894,0,0.17892566,40.0,1,0.0,16.52356082573315,1,0,1,0,0,0,0,0,222910897.66666663,Drama,Major Studio,April,15.0,76.29,27.0
Tusk,2014,9,2800000.0,1826705.0,14.619993870583418,2235540.1244736174,0,0.12849127,20.0,0,1.0,14.845130332288226,0,0,0,0,1,0,0,0,24351636.9,Comedy,Mid-size Studio,September,2.8,1.83,2.24
The Ant Bully,2006,7,50000000.0,55181129.0,18.43968019390211,101918107.80164357,1,0.7890008,0.0,1,0.0,17.72753358339242,1,0,0,1,1,0,0,0,80936232.0,Fantasy,Major Studio,July,50.0,55.18,101.92
The Iceman,2012,9,20000000.0,1969193.0,15.68062279850743,6456659.5444089165,0,0.07955708,60.0,0,1.0,16.811242881518265,0,0,0,0,0,0,0,0,14708696.0,Thriller,Mid-size Studio,September,20.0,1.97,6.46
Our Idiot Brother,2011,8,10000000.0,17273593.0,16.282057287182294,11781690.15209652,0,0.201457,40.0,0,0.0,16.118095750958314,0,0,0,0,1,1,0,0,40542.0,Comedy,Mid-size Studio,August,10.0,17.27,11.78
The Unborn,2009,1,16000000.0,76514050.0,17.71813980417982,49532510.21560905,0,0.49948162,35.0,1,0.0,16.588099342704055,0,0,0,0,0,0,0,0,128905366.0,Horror,Mid-size Studio,January,16.0,76.51,49.53
Caddyshack,1980,7,6000000.0,39846344.0,17.78126639726306,52760131.5042511,0,0.23169614,0.0,0,0.0,15.607270193858982,1,0,0,0,1,0,0,0,86156071.0,Comedy,Major Studio,July,6.0,39.85,52.76
Aquamarine,2006,3,12000000.0,23006849.0,17.51360332401969,40370234.40584955,0,0.4137632,15.0,0,0.0,16.300417291085605,0,0,0,0,1,0,0,0,51751835.0,Fantasy,Mid-size Studio,March,12.0,23.01,40.37
The Fifth Estate,2013,10,28000000.0,8555008.0,16.97061014095049,23455371.7311935,0,0.18000786,25.0,0,1.0,17.147715103853763,0,0,0,0,0,0,0,0,330129769.3333333,Drama,Mid-size Studio,October,28.0,8.56,23.46
Young Adult,2011,12,12000000.0,22939027.0,17.458915698137172,38221764.856800854,0,0.25751108,40.0,0,0.0,16.300417291085605,1,0,0,0,1,0,0,0,110037726.25,Comedy,Major Studio,December,12.0,22.94,38.22
Boyz n the Hood,1991,7,6500000.0,57504069.0,17.336461386548656,33816565.940809965,0,0.3809061,25.0,1,0.0,15.687312888712007,0,0,0,0,0,0,0,0,95817737.16666669,Crime,Mid-size Studio,July,6.5,57.5,33.82
Bloodsport,1988,2,1500000.0,11806119.0,16.087264209586465,9696389.00321793,0,0.073402494,0.0,0,0.0,14.220976332738882,0,0,1,0,0,0,0,0,51751835.0,Action,Mid-size Studio,February,1.5,11.81,9.7
This Is England,2006,9,2380000.0,8176544.0,14.226253016936264,1507935.9509124977,0,0.0331796,45.0,0,0.0,14.682611465815636,0,0,0,0,0,0,0,0,51751835.0,Drama,Mid-size Studio,September,2.38,8.18,1.51
Doomsday,2008,3,30000000.0,22211426.0,16.35465828475608,12668868.030732648,0,0.09555437,0.0,0,1.0,17.216707972959764,0,0,1,0,0,0,0,0,6814789.0,Action,Mid-size Studio,March,30.0,22.21,12.67
Street Kings,2008,4,20000000.0,65569869.0,17.027768045267177,24835086.88485253,0,0.24905409,40.0,1,0.0,16.811242881518265,0,0,1,0,0,0,0,0,205683969.2,Action,Mid-size Studio,April,20.0,65.57,24.84
The Full Monty,1997,8,3500000.0,257850122.0,16.858564529399402,20969183.83899582,0,0.08451216,0.0,1,0.0,15.068273812173889,1,0,0,0,1,0,0,0,4451778.0,Comedy,Major Studio,August,3.5,257.85,20.97
Super Troopers,2001,1,3000000.0,18492362.0,16.752626316104543,18861366.039974865,0,0.08110171,20.0,0,0.0,14.914123179965662,0,0,0,0,1,1,0,0,44995100.0,Comedy,Mid-size Studio,January,3.0,18.49,18.86
About Schmidt,2002,12,30000000.0,105834556.0,18.12915901636253,74712577.01841062,1,0.79933697,25.0,1,0.0,17.216707972959764,1,0,0,0,1,0,0,0,101466800.0,Drama,Major Studio,December,30.0,105.83,74.71
Beneath the Planet of the Apes,1970,5,3000000.0,18999718.0,16.288787994614125,11861256.737618033,0,0.08393067,0.0,0,0.0,14.914123179965662,1,0,0,0,0,0,0,0,6800000.0,Adventure,Major Studio,May,3.0,19.0,11.86
A Nightmare on Elm Street Part 2: Freddy's Revenge,1985,10,3000000.0,29999213.0,17.25903272494763,31296996.517403107,0,0.22041611,0.0,0,0.0,14.914123179965662,1,0,0,0,0,0,0,0,51751835.0,Horror,Major Studio,October,3.0,30.0,31.3
The Gallows,2015,7,100000.0,42664410.0,17.246020975301253,30892405.746210493,0,0.13742006,0.0,0,0.0,11.51293546492023,1,0,0,0,0,0,0,0,51751835.0,Horror,Major Studio,July,0.1,42.66,30.89
It's Complicated,2009,12,85000000.0,219103655.0,18.503247597997223,108607126.9270056,1,0.84337926,0.0,1,0.0,18.258161826219297,1,0,0,0,1,0,0,0,257393454.25,Comedy,Major Studio,December,85.0,219.1,108.61
Leaving Las Vegas,1995,10,3600000.0,49800000.0,17.110506118494843,26977293.304760575,0,0.14936501,25.0,0,0.0,15.096444681204078,0,0,0,0,0,0,0,0,51751835.0,Drama,Mid-size Studio,October,3.6,49.8,26.98
Meet the Spartans,2008,1,30000000.0,84646831.0,17.84017235092704,55961378.04853262,0,0.48104203,20.0,1,0.0,17.216707972959764,0,0,0,0,1,1,0,0,57517785.0,Comedy,Mid-size Studio,January,30.0,84.65,55.96
Nacho Libre,2006,6,32000000.0,80197993.0,18.234271045654527,82993349.29756434,1,0.82456815,0.0,1,0.0,17.281246492014,1,0,0,0,1,0,0,0,46118097.0,Comedy,Major Studio,June,32.0,80.2,82.99
Larry Crowne,2011,6,30000000.0,36160375.0,17.731817839915834,50214672.35782312,1,0.5017814,25.0,0,0.0,17.216707972959764,1,0,0,0,1,0,0,0,34585416.0,Comedy,Major Studio,June,30.0,36.16,50.21
The Invasion,2007,8,80000000.0,15071514.0,17.6967673101464,48485109.56656201,0,0.49105972,0.0,0,1.0,18.19753720513815,1,0,0,0,0,0,0,0,92180910.0,Science Fiction,Major Studio,August,80.0,15.07,48.49
March of the Penguins,2005,1,8000000.0,127392239.0,17.888365399849203,58724371.31179328,0,0.41516837,20.0,1,0.0,15.894952224644102,0,0,0,0,0,0,0,0,51751835.0,Documentary,Mid-size Studio,January,8.0,127.39,58.72
The Man with the Iron Fists,2012,11,15000000.0,15608545.0,16.98798734892394,23866522.602208868,0,0.18861647,15.0,0,0.0,16.52356082573315,0,0,1,0,0,1,0,0,51751835.0,Action,Mid-size Studio,November,15.0,15.61,23.87
Whip It,2009,9,15000000.0,16633035.0,16.736676448118153,18562916.170719855,0,0.12953745,60.0,0,0.0,16.52356082573315,0,0,0,0,0,1,0,0,51751835.0,Drama,Mid-size Studio,September,15.0,16.63,18.56
On the Waterfront,1954,6,910000.0,9600000.0,16.078537951571608,9612143.90903897,0,0.077666916,25.0,0,0.0,13.721200977393528,1,0,0,0,0,0,0,0,7900000.0,Crime,Major Studio,June,0.91,9.6,9.61
A Good Year,2006,9,35000000.0,42064105.0,17.728531316433383,50049911.548105754,0,0.35164592,45.0,0,0.0,17.370858648025116,0,0,0,0,1,0,0,0,209832926.13333333,Comedy,Mid-size Studio,September,35.0,42.06,50.05
Freedom Writers,2007,1,21000000.0,41170784.0,17.140637811982113,27802535.402031124,0,0.15348147,60.0,0,0.0,16.860033043306743,0,0,0,0,0,0,0,0,76596755.66666667,Crime,Mid-size Studio,January,21.0,41.17,27.8
Sympathy for Lady Vengeance,2005,7,,23803308.0,16.719051626842738,18238614.34895585,0,0.13038352,25.0,0,,,0,0,0,0,0,0,0,0,13528723.0,Drama,Mid-size Studio,July,,23.8,18.24
Space Pirate Captain Harlock,2013,9,30000000.0,17137302.0,17.106463022178783,26868441.7025753,0,0.13849491,20.0,0,1.0,17.216707972959764,0,0,0,1,0,0,0,0,51751835.0,Animation,Mid-size Studio,September,30.0,17.14,26.87
Apollo 18,2011,7,5000000.0,25562924.0,16.14283875650619,10250516.565880973,0,0.12971626,0.0,0,0.0,15.424948670398354,0,0,0,0,0,0,0,0,51751835.0,Horror,Mid-size Studio,July,5.0,25.56,10.25
Drinking Buddies,2013,8,,343341.0,14.522037265466494,2026937.866667482,0,0.0762045,25.0,0,,,0,0,0,0,0,0,0,0,51751835.0,Romance,Mid-size Studio,August,,0.34,2.03
Kill the Messenger,2014,10,5000000.0,2450846.0,15.149045220388254,3794430.747280925,0,0.078048564,25.0,0,1.0,15.424948670398354,0,0,0,0,0,0,0,0,1667192.0,Thriller,Mid-size Studio,October,5.0,2.45,3.79
The Last Emperor,1987,10,23000000.0,43984230.0,17.74644172037576,50954401.40993062,0,0.31306273,40.0,0,0.0,16.951004817371683,1,0,0,0,0,0,0,0,51751835.0,Drama,Major Studio,October,23.0,43.98,50.95
Diary of a Wimpy Kid,2010,3,15000000.0,75700498.0,17.816583405675527,54656755.9659814,1,0.60481805,15.0,1,0.0,16.52356082573315,0,0,0,0,1,1,0,0,123806605.5,Comedy,Mid-size Studio,March,15.0,75.7,54.66
Sliding Doors,1998,4,6000000.0,58000000.0,17.536263694739215,41295482.54713986,1,0.54412115,25.0,1,0.0,15.607270193858982,1,0,0,0,1,0,0,0,69598264.33333333,Comedy,Major Studio,April,6.0,58.0,41.3
A League of Their Own,1992,7,40000000.0,107458785.0,18.4571928881708,103718688.9765537,1,0.7697692,0.0,1,0.0,17.50439003707821,0,0,0,0,1,0,0,0,70581468.66666667,Comedy,Mid-size Studio,July,40.0,107.46,103.72
Speed Racer,2008,5,120000000.0,93945766.0,18.226150868978653,82322157.41659647,1,0.83137655,0.0,1,1.0,18.603002309079653,1,0,1,0,0,1,0,0,363620867.0,Action,Major Studio,May,120.0,93.95,82.32
A Nightmare on Elm Street 3: Dream Warriors,1987,2,5000000.0,44793222.0,17.644127645694777,45998880.81069571,0,0.24159555,0.0,0,0.0,15.424948670398354,1,0,0,0,0,0,0,0,253070716.33333337,Horror,Major Studio,February,5.0,44.79,46.0
Hot Tub Time Machine 2,2015,2,14000000.0,12314651.0,17.083456762945364,26257355.69919981,0,0.24219875,15.0,0,1.0,16.454567959008102,1,0,0,0,1,1,0,0,56787473.0,Comedy,Major Studio,February,14.0,12.31,26.26
The Net,1995,7,22000000.0,110627965.0,18.130295659793763,74797546.86050414,1,0.7193796,40.0,1,0.0,16.906553056777135,1,0,1,0,0,0,0,0,51751835.0,Crime,Major Studio,July,22.0,110.63,74.8
Days of Thunder,1990,6,60000000.0,157920733.0,18.49971048323888,108223649.65332836,1,0.87999624,0.0,1,0.0,17.909855136853043,1,0,0,0,0,0,0,0,155454546.0,Adventure,Major Studio,June,60.0,157.92,108.22
Boys Don't Cry,1999,9,2000000.0,11540607.0,15.62132995628592,6084954.408566307,0,0.07029387,45.0,0,0.0,14.508658238524095,0,0,0,0,0,0,0,0,46800709.0,Crime,Mid-size Studio,September,2.0,11.54,6.08
Save the Last Dance,2001,1,13000000.0,91038276.0,17.603204835269175,44154473.8405145,1,0.6375584,60.0,1,0.0,16.380459992348886,0,0,0,0,0,0,0,0,53398884.5,Drama,Mid-size Studio,January,13.0,91.04,44.15
The Siege,1998,11,70000000.0,116672912.0,18.35153688899636,93319241.60664847,1,0.8605699,25.0,1,0.0,18.064005814299342,1,0,1,0,0,0,0,0,169797495.16666666,Drama,Major Studio,November,70.0,116.67,93.32
Blue Streak,1999,9,65000000.0,117758500.0,18.240759144089385,83533568.927739,1,0.81834203,20.0,1,0.0,17.989897843244528,1,0,1,0,1,0,0,0,53593994.5,Action,Major Studio,September,65.0,117.76,83.53
Sense and Sensibility,1995,12,16500000.0,135000000.0,18.15831904635804,76923273.37511243,1,0.7281507,40.0,1,0.0,16.61887099947687,0,0,0,0,0,0,0,0,209103283.16666663,Drama,Mid-size Studio,December,16.5,135.0,76.92
Cats & Dogs,2001,7,60000000.0,93375151.0,18.31122594510854,89632266.82678269,1,0.7876262,0.0,1,0.0,17.909855136853043,1,0,0,0,1,0,0,0,51751835.0,Comedy,Major Studio,July,60.0,93.38,89.63
My Fair Lady,1964,10,17000000.0,72070731.0,18.221977409136564,81979305.13209453,1,0.6584351,40.0,1,0.0,16.648723960844016,1,0,0,0,0,0,0,0,51751835.0,Drama,Major Studio,October,17.0,72.07,81.98
A Perfect Getaway,2009,6,14000000.0,22852638.0,17.228509780706815,30356151.72751796,0,0.20007281,15.0,0,0.0,16.454567959008102,0,0,0,0,0,0,0,0,89099229.0,Thriller,Mid-size Studio,June,14.0,22.85,30.36
The Hills Have Eyes 2,2007,3,15000000.0,,17.668430747775407,47130491.45807481,0,0.24684097,15.0,0,,16.52356082573315,0,0,0,0,0,0,0,0,51751835.0,Horror,Mid-size Studio,March,15.0,,47.13
Driving Miss Daisy,1989,12,7500000.0,145793296.0,18.18802916857749,79242961.7425406,1,0.5670662,25.0,1,0.0,15.830413711839864,0,0,0,0,1,0,0,0,99280504.5,Comedy,Mid-size Studio,December,7.5,145.79,79.24
Bride of Chucky,1998,10,25000000.0,50671850.0,17.908604603781786,59925014.90991365,0,0.4378691,0.0,0,0.0,17.034386422832473,1,0,0,0,1,0,0,0,57454422.0,Horror,Major Studio,October,25.0,50.67,59.93
Whatever Works,2009,6,15000000.0,35097815.0,17.036233116122318,25046209.98879851,0,0.14290655,15.0,0,0.0,16.52356082573315,0,0,0,0,1,0,0,0,57636656.63636363,Comedy,Mid-size Studio,June,15.0,35.1,25.05
The Edge,1997,9,,43312294.0,17.221037764831756,30130175.37325867,0,0.34268492,45.0,0,,,0,0,1,0,0,0,0,0,153487955.5,Action,Mid-size Studio,September,,43.31,30.13
The Green Inferno,2014,9,5000000.0,6833445.0,16.02345364687343,9096984.445441447,0,0.15826479,20.0,0,0.0,15.424948670398354,0,0,1,0,0,0,0,0,58099227.5,Action,Mid-size Studio,September,5.0,6.83,9.1
Enough Said,2013,9,,25288872.0,15.818290479481,7409624.672621868,0,0.06851642,45.0,0,,,0,0,0,0,1,0,0,0,8777684.0,Comedy,Mid-size Studio,September,,25.29,7.41
Harry Brown,2009,11,7300000.0,10329747.0,16.018231564658116,9049603.061948571,0,0.054949705,25.0,0,0.0,15.803385043104912,0,0,1,0,0,0,0,0,51751835.0,Thriller,Mid-size Studio,November,7.3,10.33,9.05
Cirque du Freak: The Vampire's Assistant,2009,10,40000000.0,28169671.0,17.87538259094019,57966891.75355789,0,0.4418628,0.0,0,1.0,17.50439003707821,1,0,1,0,0,0,0,0,111988204.0,Adventure,Major Studio,October,40.0,28.17,57.97
Beginners,2010,9,3200000.0,5332926.0,15.46837733675308,5221927.503538421,0,0.043228958,45.0,0,0.0,14.978661680269909,0,0,0,0,1,0,0,0,1919197.0,Drama,Mid-size Studio,September,3.2,5.33,5.22
A Very Long Engagement,2004,10,47000000.0,,18.161201743861763,77145339.82755576,0,0.44005656,25.0,0,,17.665658180950928,1,0,0,0,0,0,0,0,88000000.0,Drama,Major Studio,October,47.0,,77.15
The Spy Next Door,2010,1,28000000.0,45236543.0,17.85865907680514,57005542.57691481,0,0.40142608,20.0,0,0.0,17.147715103853763,0,0,1,0,1,1,0,0,157212633.75,Action,Mid-size Studio,January,28.0,45.24,57.01
Kiss the Girls,1997,10,27000000.0,60527873.0,18.026218860804263,67404264.53869519,1,0.6938474,25.0,1,0.0,17.11134746100564,1,0,0,0,0,0,0,0,38350563.0,Drama,Major Studio,October,27.0,60.53,67.4
Frances Ha,2013,5,,4069826.0,14.702064538832792,2426751.5899705077,0,0.070759416,25.0,0,,,0,0,0,0,1,0,0,0,9342808.0,Comedy,Mid-size Studio,May,,4.07,2.43
TMNT,2007,3,34000000.0,95608995.0,18.24473225683837,83866117.40823376,1,0.68863845,0.0,1,0.0,17.341871111992198,1,0,0,1,1,0,1,0,4634062.0,Adventure,Major Studio,March,34.0,95.61,83.87
Mean Streets,1973,10,500000.0,3000000.0,15.707674261013771,6633705.535079561,0,0.17438772,25.0,0,0.0,13.122365377402328,0,0,0,0,0,0,0,0,122102249.875,Drama,Mid-size Studio,October,0.5,3.0,6.63
Jackass: The Movie,2002,10,5000000.0,64282312.0,18.03193519254304,67790673.04853329,1,0.71590835,0.0,1,0.0,15.424948670398354,1,0,0,0,1,0,0,0,113944840.0,Documentary,Major Studio,October,5.0,64.28,67.79
A Christmas Story,1983,11,,19294144.0,17.292324777052624,32356476.058201466,0,0.2286766,0.0,0,,,0,0,0,0,1,0,0,0,57096105.333333336,Comedy,Mid-size Studio,November,,19.29,32.36
Stolen,2012,5,35000000.0,2106557.0,16.978383681044654,23638413.531193156,0,0.19242446,25.0,0,1.0,17.370858648025116,0,0,1,0,0,0,0,0,179838773.83333334,Action,Mid-size Studio,May,35.0,2.11,23.64
Soul Surfer,2011,4,18000000.0,47088990.0,16.421986408756034,13551209.115997948,0,0.07904192,40.0,0,0.0,16.705882371415992,0,0,1,0,0,1,0,0,14867514.0,Action,Mid-size Studio,April,18.0,47.09,13.55
The To Do List,2013,7,1500000.0,3566225.0,15.11014931714451,3649676.3235521656,0,0.09934027,0.0,0,0.0,14.220976332738882,0,0,0,0,1,0,0,0,51751835.0,Comedy,Mid-size Studio,July,1.5,3.57,3.65
Sex Drive,2008,10,19000000.0,18755936.0,17.54054768915377,41472771.64962145,0,0.23838882,15.0,0,1.0,16.759949589762293,0,0,0,0,1,0,0,0,136171620.33333334,Comedy,Mid-size Studio,October,19.0,18.76,41.47
Windtalkers,2002,6,115000000.0,77628265.0,18.262859408073716,85400233.79181673,1,0.9052257,25.0,1,1.0,18.560442695023177,0,0,1,0,0,0,0,0,233283763.8,Drama,Mid-size Studio,June,115.0,77.63,85.4
The Fisher King,1991,9,24000000.0,41895491.0,17.79406583023567,53439771.50870244,0,0.20574643,45.0,0,0.0,16.993564429978885,0,0,0,0,1,0,0,0,45548735.6,Comedy,Mid-size Studio,September,24.0,41.9,53.44
Don't Be Afraid of the Dark,2010,11,25000000.0,36993168.0,17.1319454565323,27561913.175237257,0,0.16702628,0.0,0,0.0,17.034386422832473,0,0,0,0,0,0,0,0,51751835.0,Fantasy,Mid-size Studio,November,25.0,36.99,27.56
U-571,2000,4,62000000.0,127666415.0,18.39249639850159,97220911.79508796,1,0.8669737,25.0,1,0.0,17.9426449591384,1,0,1,0,0,0,0,0,202534638.66666663,Action,Major Studio,April,62.0,127.67,97.22
Quarantine,2008,10,12000000.0,40855419.0,17.036571892826718,25054696.49904982,0,0.29738376,15.0,0,0.0,16.300417291085605,0,0,0,0,0,0,0,0,42700682.333333336,Horror,Mid-size Studio,October,12.0,40.86,25.05
The Thomas Crown Affair,1999,8,48000000.0,124305181.0,18.26911561384221,85936190.01143412,1,0.800312,25.0,1,0.0,17.6867115897055,0,0,0,0,0,0,0,0,149442159.85714287,Drama,Mid-size Studio,August,48.0,124.31,85.94
Sanctum,2011,2,30000000.0,108609310.0,17.74087849731381,50671717.74854283,1,0.5403978,0.0,1,0.0,17.216707972959764,1,0,1,0,0,0,0,0,51751835.0,Action,Major Studio,February,30.0,108.61,50.67
Thirteen,2003,8,2000000.0,4601043.0,15.793177164924613,7225861.52112914,0,0.0933932,25.0,0,0.0,14.508658238524095,0,0,0,0,0,0,0,0,165063581.33333334,Crime,Mid-size Studio,August,2.0,4.6,7.23
The Color Purple,1985,12,15000000.0,146292009.0,18.32686594983177,91045135.75731222,1,0.58603907,40.0,1,0.0,16.52356082573315,1,0,0,0,0,0,0,0,346196198.2692308,Drama,Major Studio,December,15.0,146.29,91.05
Never Say Never Again,1983,10,36000000.0,160000000.0,18.546826477960664,113444747.38157056,1,0.7983621,0.0,1,0.0,17.399029524198163,0,0,1,0,0,0,0,0,538400000.0,Adventure,Mid-size Studio,October,36.0,160.0,113.44
Son of the Mask,2005,2,84000000.0,,17.776242654183413,52495742.82016571,0,0.46971193,0.0,0,,18.24632736871235,1,0,0,0,1,0,0,0,93375151.0,Fantasy,Major Studio,February,84.0,,52.5
The Queen,2006,9,15000000.0,123384128.0,17.48856659301674,39372043.54099788,0,0.20543674,60.0,1,0.0,16.52356082573315,0,0,0,0,0,0,0,0,36432430.571428575,Drama,Mid-size Studio,September,15.0,123.38,39.37
Joe,2014,4,4000000.0,2365467.0,15.398389080491842,4868950.0440433035,0,0.077636994,25.0,0,1.0,15.201805169084134,0,0,0,0,0,0,0,0,34021066.8,Drama,Mid-size Studio,April,4.0,2.37,4.87
Practical Magic,1998,10,75000000.0,46683377.0,17.96508939011856,63407288.56211916,1,0.5598134,25.0,0,1.0,18.13299868483392,1,0,0,0,1,0,0,0,32438988.0,Drama,Major Studio,October,75.0,46.68,63.41
Charlie Wilson's War,2007,12,75000000.0,119000410.0,18.140238469316863,75544954.13842978,1,0.8064823,25.0,1,0.0,18.13299868483392,1,0,0,0,1,0,0,0,70208348.5,Comedy,Major Studio,December,75.0,119.0,75.54
Dead Man Walking,1995,12,11000000.0,39363635.0,17.741213229368764,50688682.03617471,0,0.3093284,40.0,0,0.0,16.213405921671733,0,0,0,0,0,0,0,0,51751835.0,Drama,Mid-size Studio,December,11.0,39.36,50.69
Secret in Their Eyes,2015,10,19500000.0,34854990.0,16.31548858456559,12182225.272847714,0,0.064663924,40.0,0,0.0,16.785925074816024,0,0,0,0,0,0,0,0,2944752.0,Crime,Mid-size Studio,October,19.5,34.85,12.18
Rescue Dawn,2006,9,10000000.0,7177143.0,16.63051909883718,16693317.355232904,0,0.17096253,60.0,0,1.0,16.118095750958314,0,0,0,0,0,0,0,0,10589102.0,Adventure,Mid-size Studio,September,10.0,7.18,16.69
Rebecca,1940,4,1288000.0,6000000.0,15.339434389635908,4590200.08128465,0,0.06423674,25.0,0,0.0,14.06860196204365,0,0,0,0,0,0,0,0,12214285.714285716,Drama,Mid-size Studio,April,1.29,6.0,4.59
Spawn,1997,7,40000000.0,87840042.0,17.76638584979048,51980844.33749029,1,0.6276926,0.0,1,0.0,17.50439003707821,1,0,1,0,0,0,1,0,51751835.0,Action,Major Studio,July,40.0,87.84,51.98
The Stepford Wives,2004,6,90000000.0,102000000.0,17.91120107657182,60080810.75547606,1,0.70783174,0.0,1,0.0,18.31532023940565,1,0,1,0,1,0,0,0,36606108.333333336,Action,Major Studio,June,90.0,102.0,60.08
High Noon,1952,3,730000.0,8000000.0,15.887719356055358,7942345.798035517,0,0.04668238,25.0,0,0.0,13.500801182986647,0,0,0,0,0,0,0,0,23883333.333333332,Western,Mid-size Studio,March,0.73,8.0,7.94
Elizabeth,1998,9,30000000.0,82150642.0,17.659448572322805,46709052.65772383,0,0.24448508,45.0,1,0.0,17.216707972959764,0,0,0,0,0,0,0,0,52060104.0,Drama,Mid-size Studio,September,30.0,82.15,46.71
Reign Over Me,2007,3,20000000.0,22222308.0,17.47184773433055,38719259.99550218,0,0.33322623,40.0,0,0.0,16.811242881518265,1,0,0,0,0,0,0,0,21571189.0,Drama,Major Studio,March,20.0,22.22,38.72
Frailty,2001,11,11000000.0,13110448.0,17.014791869591456,24514904.28706845,0,0.19266231,40.0,0,0.0,16.213405921671733,0,0,0,0,0,0,0,0,15431177.0,Drama,Mid-size Studio,November,11.0,13.11,24.51
Bad Words,2013,9,9500000.0,7800000.0,16.006406147902524,8943217.986114223,0,0.06714818,35.0,0,1.0,16.066802461833923,0,0,0,0,1,0,0,0,51751835.0,Comedy,Mid-size Studio,September,9.5,7.8,8.94
Out of Sight,1998,6,48000000.0,77745568.0,18.493343189504248,107536747.05660824,1,0.82632416,0.0,1,0.0,17.6867115897055,1,0,0,0,1,0,0,0,156701451.92307693,Romance,Major Studio,June,48.0,77.75,107.54
Mindhunters,2004,5,27000000.0,21148829.0,16.753156682269307,18871372.12408373,0,0.18158615,0.0,0,1.0,17.11134746100564,0,0,0,0,0,0,0,0,72167982.92857143,Mystery,Mid-size Studio,May,27.0,21.15,18.87
Bangkok Dangerous,2008,8,45000000.0,42487390.0,17.259850708359078,31322607.41541732,0,0.30000785,0.0,0,1.0,17.622173069956816,0,0,1,0,0,0,0,0,51751835.0,Action,Mid-size Studio,August,45.0,42.49,31.32
Nutty Professor II: The Klumps,2000,7,84000000.0,123307945.0,18.41168527360809,99104485.7854775,1,0.86633986,0.0,1,0.0,18.24632736871235,1,0,0,0,1,1,0,0,142705752.2,Fantasy,Major Studio,July,84.0,123.31,99.1
Escape from Planet Earth,2013,2,40000000.0,74597643.0,17.775022682177315,52431738.531924106,0,0.3715418,0.0,1,0.0,17.50439003707821,0,0,0,1,1,0,0,0,51751835.0,Animation,Mid-size Studio,February,40.0,74.6,52.43
Six Days Seven Nights,1998,6,70000000.0,164000000.0,18.458814029993754,103886968.0479622,1,0.86195767,0.0,1,0.0,18.064005814299342,0,0,1,0,1,0,0,0,123563301.33333331,Action,Mid-size Studio,June,70.0,164.0,103.89
Dogtooth,2009,6,,110197.0,14.519208116326846,2021211.4585675588,0,0.07495809,25.0,0,,,0,0,0,0,0,0,0,0,51751835.0,Drama,Mid-size Studio,June,,0.11,2.02
Four Christmases,2008,11,80000000.0,163733697.0,18.3155769382225,90023105.85926957,1,0.6608612,25.0,1,0.0,18.19753720513815,1,0,0,0,1,0,0,0,145482505.0,Comedy,Major Studio,November,80.0,163.73,90.02
Stealth,2005,7,135000000.0,76932943.0,18.079849586982515,71117896.56830794,1,0.8163761,0.0,1,1.0,18.72078534381011,0,0,1,0,0,1,0,0,159765882.125,Action,Mid-size Studio,July,135.0,76.93,71.12
Running Scared,2006,1,17000000.0,9500000.0,17.024535120802028,24754926.567579187,0,0.31298932,60.0,0,1.0,16.648723960844016,0,0,1,0,0,0,0,0,51751835.0,Action,Mid-size Studio,January,17.0,9.5,24.75
Fifty Shades of Black,2016,1,20000000.0,21164799.0,16.953797752470113,23064327.299227353,0,0.3436935,35.0,0,0.0,16.811242881518265,0,0,0,0,1,0,0,0,60141683.0,Romance,Mid-size Studio,January,20.0,21.16,23.06
Hop,2011,3,63000000.0,183953723.0,18.48650083864034,106803454.47911608,1,0.8131104,0.0,1,0.0,17.958645300228824,1,0,0,1,1,1,0,0,134163063.5,Animation,Major Studio,March,63.0,183.95,106.8
The New World,2005,12,30000000.0,30536013.0,17.972583865117993,63884278.06889782,0,0.38871953,25.0,0,0.0,17.216707972959764,1,0,0,0,0,0,0,0,76400395.5,Drama,Major Studio,December,30.0,30.54,63.88
Romeo Must Die,2000,3,25000000.0,91036760.0,17.986713744999086,64793362.76207794,1,0.5997014,0.0,1,0.0,17.034386422832473,1,0,1,0,0,0,0,0,51299919.75,Action,Major Studio,March,25.0,91.04,64.79
Nim's Island,2008,4,37000000.0,100076342.0,17.96022413089173,63099544.8949303,1,0.61153054,0.0,1,0.0,17.426428497635523,0,0,0,0,1,0,0,0,51751835.0,Adventure,Mid-size Studio,April,37.0,100.08,63.1
Stir of Echoes,1999,9,12000000.0,21133087.0,17.117120514379117,27156323.243908837,0,0.38479835,35.0,0,0.0,16.300417291085605,0,0,0,0,0,0,0,0,51471776.666666664,Horror,Mid-size Studio,September,12.0,21.13,27.16
The Last Exorcism,2010,8,1800000.0,67738090.0,15.02989038453612,3368203.545496848,0,0.15346925,25.0,1,0.0,14.403297778421797,0,0,0,0,0,0,0,0,51751835.0,Horror,Mid-size Studio,August,1.8,67.74,3.37
A Very Harold & Kumar Christmas,2011,11,19000000.0,35387212.0,17.327923795018414,33529082.858109493,0,0.14457732,15.0,0,0.0,16.759949589762293,1,0,0,0,1,0,0,0,51751835.0,Comedy,Major Studio,November,19.0,35.39,33.53
Snake Eyes,1998,8,73000000.0,103891409.0,18.24572687771756,83949573.89756283,1,0.8695375,0.0,1,0.0,18.105970012811294,1,0,0,0,0,0,0,0,74302667.45454545,Crime,Major Studio,August,73.0,103.89,83.95
No Reservations,2007,7,28000000.0,92601050.0,17.976654759430673,64144874.28717327,1,0.7577336,0.0,1,0.0,17.147715103853763,1,0,0,0,1,0,0,0,61771459.5,Comedy,Major Studio,July,28.0,92.6,64.14
Elizabethtown,2005,10,57000000.0,52034889.0,18.21701910020201,81573832.46612832,1,0.8454478,25.0,1,1.0,17.858561843342684,1,0,0,0,1,0,0,0,134131296.6,Comedy,Major Studio,October,57.0,52.03,81.57
Epic Movie,2007,1,20000000.0,86865564.0,17.473606590754322,38787421.54204296,1,0.6359316,35.0,1,0.0,16.811242881518265,1,0,1,0,1,0,0,0,56963101.75,Action,Major Studio,January,20.0,86.87,38.79
The Bad Lieutenant: Port of Call - New Orleans,2009,9,25000000.0,10589102.0,16.682685569646406,17587263.139868602,0,0.06768162,45.0,0,1.0,17.034386422832473,0,0,0,0,0,0,0,0,7177143.0,Drama,Mid-size Studio,September,25.0,10.59,17.59
The Sitter,2011,12,25000000.0,34942188.0,17.760258705354197,51663323.93024495,0,0.3178991,0.0,0,0.0,17.034386422832473,1,0,0,0,1,1,0,0,27505722.6,Comedy,Major Studio,December,25.0,34.94,51.66
Jersey Girl,2004,3,35000000.0,36098382.0,18.088749258750973,71753647.30379526,1,0.5336444,0.0,0,0.0,17.370858648025116,0,0,0,0,1,0,0,0,20924469.2,Comedy,Mid-size Studio,March,35.0,36.1,71.75
Street Fighter,1994,12,35000000.0,99423521.0,18.04897485715043,68955701.05234718,1,0.7035339,0.0,1,0.0,17.370858648025116,1,0,1,0,0,0,0,0,51751835.0,Action,Major Studio,December,35.0,99.42,68.96
Joy Ride,2001,10,23000000.0,36642838.0,17.24022649109397,30713917.805381484,0,0.23108761,40.0,0,0.0,16.951004817371683,1,0,0,0,0,0,0,0,11838417.0,Mystery,Major Studio,October,23.0,36.64,30.71
American Graffiti,1973,8,777000.0,140000000.0,18.319651843882784,90390689.95358025,1,0.55698967,25.0,1,0.0,13.563196916350243,1,0,0,0,1,0,0,0,799778473.25,Comedy,Major Studio,August,0.78,140.0,90.39
Glengarry Glen Ross,1992,9,12500000.0,10725228.0,16.971110869660453,23467119.450687632,0,0.11400084,60.0,0,1.0,16.341239282272525,1,0,0,0,0,0,0,0,15156200.0,Crime,Major Studio,September,12.5,10.73,23.47
Patton,1970,1,12000000.0,89800000.0,17.657206505807657,46604445.16486271,1,0.6590715,60.0,1,0.0,16.300417291085605,1,0,0,0,0,0,0,0,439564.0,Drama,Major Studio,January,12.0,89.8,46.6
Phenomenon,1996,7,32000000.0,152036382.0,18.411340696393847,99070342.52033542,1,0.80159473,25.0,1,0.0,17.281246492014,0,0,0,0,0,0,0,0,184340497.4,Drama,Mid-size Studio,July,32.0,152.04,99.07
We Own the Night,2007,5,21000000.0,54926886.0,17.48575177768381,39261374.336093575,0,0.30505762,40.0,1,0.0,16.860033043306743,1,0,0,0,0,0,0,0,4507934.0,Drama,Major Studio,May,21.0,54.93,39.26
My Big Fat Greek Wedding 2,2016,3,18000000.0,88923251.0,17.87368407197411,57868517.45576707,1,0.55206966,15.0,1,0.0,16.705882371415992,1,0,0,0,1,0,0,0,101094911.0,Romance,Major Studio,March,18.0,88.92,57.87
Fast Times at Ridgemont High,1982,8,4500000.0,27092880.0,17.503507661927046,39964720.56021056,0,0.15922695,0.0,0,0.0,15.319588176962746,1,0,0,0,1,0,0,0,51751835.0,Comedy,Major Studio,August,4.5,27.09,39.96
The Young Victoria,2009,3,35000000.0,27409889.0,17.72474129519858,49860580.32805415,0,0.24107166,25.0,0,1.0,17.370858648025116,0,0,0,0,0,0,0,0,53849913.0,Drama,Mid-size Studio,March,35.0,27.41,49.86
Splash,1984,3,8000000.0,69821334.0,17.930411797234697,61246164.24809065,1,0.791481,0.0,1,0.0,15.894952224644102,0,0,0,0,1,0,0,0,280756921.3,Comedy,Mid-size Studio,March,8.0,69.82,61.25
The Spirit,2008,12,60000000.0,39031337.0,17.961452260120467,63177086.897617385,0,0.40734133,0.0,0,1.0,17.909855136853043,1,0,1,0,1,0,0,0,51751835.0,Action,Major Studio,December,60.0,39.03,63.18
Unfinished Business,2015,3,35000000.0,14431253.0,17.050923174498042,25416856.030952778,0,0.16004677,0.0,0,1.0,17.370858648025116,0,0,0,0,1,0,0,0,51164106.0,Comedy,Mid-size Studio,March,35.0,14.43,25.42
Bernie,2012,4,5000000.0,9206470.0,15.665239120318496,6358092.462432496,0,0.06863846,25.0,0,0.0,15.424948670398354,0,0,0,0,1,1,0,0,33591729.666666664,Comedy,Mid-size Studio,April,5.0,9.21,6.36
Youth in Revolt,2009,9,18000000.0,,17.250978681724803,31045941.507713012,0,0.15442698,60.0,0,,16.705882371415992,0,0,0,0,1,1,0,0,16856124.0,Drama,Mid-size Studio,September,18.0,,31.05
Derailed,2005,11,22000000.0,57479076.0,17.64830755582139,46191554.40120814,0,0.26466876,40.0,1,0.0,16.906553056777135,0,0,0,0,0,0,0,0,104547447.33333331,Drama,Mid-size Studio,November,22.0,57.48,46.19
Heist,2015,11,8900000.0,4100000.0,15.9426092869116,8390487.383262184,0,0.09260353,15.0,0,1.0,16.001561947061912,0,0,1,0,0,0,0,0,51751835.0,Crime,Mid-size Studio,November,8.9,4.1,8.39
A Lot Like Love,2005,4,30000000.0,42886719.0,17.730797411623296,50163458.01915234,0,0.24046743,0.0,0,0.0,17.216707972959764,0,0,0,0,1,0,0,0,51751835.0,Comedy,Mid-size Studio,April,30.0,42.89,50.16
Timeline,2003,11,80000000.0,19480739.0,17.90855023204058,59921756.771032915,1,0.5114921,0.0,0,1.0,18.19753720513815,1,0,1,0,0,0,0,0,128467973.2,Action,Major Studio,November,80.0,19.48,59.92
Hidalgo,2004,3,100000000.0,108103450.0,17.79132525594679,53293516.345272265,1,0.85833365,25.0,1,0.0,18.420680753952364,0,0,0,0,0,0,0,0,369675291.5,Western,Mid-size Studio,March,100.0,108.1,53.29
Inspector Gadget,1999,7,75000000.0,,17.991426657016913,65099448.89678551,1,0.5100598,0.0,0,,18.13299868483392,1,0,1,0,1,0,0,0,51751835.0,Action,Major Studio,July,75.0,,65.1
Superman IV: The Quest for Peace,1987,7,17000000.0,19300000.0,17.262884356100987,31417773.452840146,0,0.4164103,15.0,0,0.0,16.648723960844016,1,0,1,0,0,0,1,0,51751835.0,Action,Major Studio,July,17.0,19.3,31.42
Becoming Jane,2007,3,16500000.0,37311672.0,17.346665200049284,34163390.33963584,0,0.21119367,40.0,0,0.0,16.61887099947687,0,0,0,0,0,0,0,0,51751835.0,Drama,Mid-size Studio,March,16.5,37.31,34.16
Slither,2006,3,15500000.0,,17.3462594323456,34149530.750858866,0,0.21299584,15.0,0,,16.5563506464056,1,0,0,0,1,1,0,0,386826383.5,Comedy,Major Studio,March,15.5,,34.15
The Dukes of Hazzard,2005,8,50000000.0,110803676.0,17.974928239107008,64034222.40517918,1,0.7362529,0.0,1,0.0,17.72753358339242,1,0,1,0,1,0,0,0,14224662.0,Action,Major Studio,August,50.0,110.8,64.03
Red State,2011,8,4000000.0,1104682.0,14.941556933942444,3083440.600693462,0,0.111020975,0.0,0,1.0,15.201805169084134,0,0,1,0,0,1,0,0,24423839.2,Horror,Mid-size Studio,August,4.0,1.1,3.08
Maniac,2012,12,6000000.0,31081.0,16.08946491047728,9717751.354787117,0,0.13543114,0.0,0,1.0,15.607270193858982,0,0,0,0,0,0,0,0,51751835.0,Horror,Mid-size Studio,December,6.0,0.03,9.72
Muppets Most Wanted,2014,3,50000000.0,80383290.0,17.715125791688422,49383443.36559583,1,0.6591638,0.0,1,0.0,17.72753358339242,0,0,0,0,1,0,0,0,232277160.5,Comedy,Mid-size Studio,March,50.0,80.38,49.38
Amistad,1997,12,36000000.0,74000000.0,17.472600309369383,38748410.112298846,1,0.60609895,25.0,1,0.0,17.399029524198163,0,0,0,0,0,0,0,0,348976660.15384614,Drama,Mid-size Studio,December,36.0,74.0,38.75
Vampires Suck,2010,8,20000000.0,80547866.0,17.929012911025605,61160547.73001032,1,0.5330264,15.0,1,0.0,16.811242881518265,0,0,0,0,1,1,0,0,58542526.25,Horror,Mid-size Studio,August,20.0,80.55,61.16
Friday the 13th Part 2,1981,5,1250000.0,21722776.0,17.22635261632798,30290739.094442345,0,0.15123945,0.0,0,0.0,14.038654909278163,1,0,0,0,0,0,0,0,46780240.5,Horror,Major Studio,May,1.25,21.72,30.29
Y Tu Mamá También,2001,6,5000000.0,33616692.0,17.143262035707085,27875591.293247968,0,0.13197587,25.0,0,0.0,15.424948670398354,0,0,0,0,0,0,0,0,525385670.0,Drama,Mid-size Studio,June,5.0,33.62,27.88
Open Water,2004,8,130000.0,54667954.0,17.259967590780395,31326268.69169612,0,0.34387478,25.0,1,0.0,11.775297421715829,0,0,0,0,0,0,0,0,13101672.0,Drama,Mid-size Studio,August,0.13,54.67,31.33
The Long Kiss Goodnight,1996,10,65000000.0,89456761.0,18.03221456112516,67809614.27869208,1,0.7894128,0.0,1,0.0,17.989897843244528,1,0,1,0,0,0,0,0,67288844.92857143,Crime,Major Studio,October,65.0,89.46,67.81
The Specialist,1994,10,45000000.0,170362582.0,18.40402392606986,98348112.9867394,1,0.7442039,0.0,1,0.0,17.622173069956816,1,0,1,0,0,0,0,0,136885767.0,Action,Major Studio,October,45.0,170.36,98.35
Titan A.E.,2000,6,75000000.0,36754634.0,17.48112302182793,39080062.96186135,0,0.44424433,0.0,0,1.0,18.13299868483392,1,0,1,1,0,0,0,0,139804348.0,Animation,Major Studio,June,75.0,36.75,39.08
102 Dalmatians,2000,10,85000000.0,183611771.0,18.437268379156123,101672596.38698636,1,0.70258564,0.0,1,0.0,18.258161826219297,1,0,0,0,1,0,0,0,340487652.0,Comedy,Major Studio,October,85.0,183.61,101.67
A Monster in Paris,2011,10,25000000.0,,17.50245110906472,39922518.017788425,0,0.14157805,0.0,0,,17.034386422832473,0,0,0,1,1,0,0,0,51751835.0,Adventure,Mid-size Studio,October,25.0,,39.92
88 Minutes,2007,2,30000000.0,16930884.0,17.269915365970608,31639450.52873556,0,0.25961053,0.0,0,1.0,17.216707972959764,0,0,0,0,0,0,0,0,73174566.0,Crime,Mid-size Studio,February,30.0,16.93,31.64
"Big Mommas: Like Father, Like Son",2011,2,32000000.0,83615414.0,17.79794318406898,53647378.63854579,1,0.54231924,0.0,1,0.0,17.281246492014,1,0,1,0,1,1,0,0,92745066.0,Crime,Major Studio,February,32.0,83.62,53.65
Hot Rod,2007,8,,14334401.0,16.431821299043243,13685141.305393765,0,0.2779587,0.0,0,,,1,0,1,0,1,1,0,0,68267862.0,Action,Major Studio,August,,14.33,13.69
The Painted Veil,2006,12,19400000.0,,17.806730334522314,54120863.47948934,0,0.20229194,40.0,0,,16.780783675579947,0,0,0,0,0,0,0,0,9479718.0,Drama,Mid-size Studio,December,19.4,,54.12
Dead Snow,2009,1,800000.0,1984662.0,15.278132238335374,4317262.188737338,0,0.19472948,20.0,0,0.0,13.592368256649284,0,0,0,0,1,0,0,0,224803475.0,Horror,Mid-size Studio,January,0.8,1.98,4.32
Assault on Precinct 13,2005,1,30000000.0,35294470.0,17.574896402651355,42922056.07289729,0,0.29702133,20.0,0,0.0,17.216707972959764,0,0,0,0,0,0,0,0,51751835.0,Thriller,Mid-size Studio,January,30.0,35.29,42.92
The Dead Zone,1983,10,10000000.0,20766616.0,16.997863248901716,24103393.73469339,0,0.116893254,15.0,0,0.0,16.118095750958314,1,0,0,0,0,0,0,0,29658475.0,Horror,Major Studio,October,10.0,20.77,24.1
First Knight,1995,7,55000000.0,127600435.0,18.671621824163743,128523434.63636726,1,0.8513974,25.0,1,0.0,17.822843761378564,0,0,1,0,0,0,0,0,224650691.0,Action,Mid-size Studio,July,55.0,127.6,128.52
The Fog,1980,2,1000000.0,21378361.0,16.80523687556323,19880239.87490539,0,0.08374697,0.0,0,0.0,13.815511557963774,0,0,0,0,0,0,0,0,29316202.25,Horror,Mid-size Studio,February,1.0,21.38,19.88
Child's Play 2,1990,11,13000000.0,35763605.0,17.652528186625098,46386923.90405512,0,0.3205355,40.0,0,0.0,16.380459992348886,1,0,0,0,0,0,0,0,51751835.0,Drama,Major Studio,November,13.0,35.76,46.39
Shaft,2000,6,46000000.0,107196498.0,18.110399958648095,73324103.40074348,1,0.7788208,0.0,1,0.0,17.6441519761925,1,0,1,0,0,0,0,0,87535665.66666667,Action,Major Studio,June,46.0,107.2,73.32
Timecrimes,2007,9,2600000.0,553198.0,13.472446112638028,709591.4801677513,0,0.03351005,20.0,0,1.0,14.77102238760702,0,0,0,0,0,0,0,0,51751835.0,Science Fiction,Mid-size Studio,September,2.6,0.55,0.71
Deuce Bigalow: Male Gigolo,1999,12,17000000.0,65535067.0,17.770939955747714,52218110.47239048,1,0.6931084,15.0,1,0.0,16.648723960844016,0,0,0,0,1,0,0,0,393888705.6666667,Comedy,Mid-size Studio,December,17.0,65.54,52.22
Trust,2010,9,9500000.0,120000.0,16.00442045206459,8925477.093233682,0,0.05192021,60.0,0,1.0,16.066802461833923,0,0,0,0,0,1,0,0,33000000.0,Crime,Mid-size Studio,September,9.5,0.12,8.93
Bandidas,2006,1,35000000.0,10496317.0,16.790792832180507,19595152.675656695,0,0.27151045,45.0,0,1.0,17.370858648025116,0,0,1,0,1,0,0,0,51751835.0,Action,Mid-size Studio,January,35.0,10.5,19.6
House of 1000 Corpses,2003,4,7000000.0,16829545.0,17.396627824925304,35913642.56757703,0,0.21691725,0.0,0,0.0,15.76142084987672,1,0,0,0,0,0,0,0,20293674.5,Horror,Major Studio,April,7.0,16.83,35.91
The Straight Story,1999,10,10000000.0,,17.450587563987348,37904770.68048139,0,0.08379045,40.0,0,,16.118095750958314,1,0,0,0,0,0,0,0,23064101.5,Drama,Major Studio,October,10.0,,37.9
The Mothman Prophecies,2002,1,32000000.0,55157539.0,17.84693117838015,56340892.444981426,1,0.62072355,45.0,1,0.0,17.281246492014,0,0,0,0,0,0,0,0,22730842.0,Drama,Mid-size Studio,January,32.0,55.16,56.34
The East,2013,5,6500000.0,2401510.0,15.47455833255736,5254304.178677251,0,0.06872333,25.0,0,1.0,15.687312888712007,0,0,0,0,0,0,0,0,51751835.0,Drama,Mid-size Studio,May,6.5,2.4,5.25
Babe: Pig in the City,1998,11,90000000.0,69131860.0,18.334381755451425,91731991.21061651,1,0.7587217,25.0,1,1.0,18.31532023940565,0,0,0,0,1,0,0,0,179071910.83333334,Adventure,Mid-size Studio,November,90.0,69.13,91.73
RoboCop 3,1993,4,22000000.0,10696210.0,16.54555114897203,15333508.409874786,0,0.19721746,15.0,0,1.0,16.906553056777135,0,0,1,0,0,0,0,0,51751835.0,Action,Mid-size Studio,April,22.0,10.7,15.33
Admission,2013,3,13000000.0,18000000.0,16.979220958219518,23658213.724098153,0,0.3770485,40.0,0,0.0,16.380459992348886,0,0,0,0,1,0,0,0,115378094.33333331,Comedy,Mid-size Studio,March,13.0,18.0,23.66
Draft Day,2014,4,25000000.0,28831145.0,17.321466522223137,33313273.935474742,0,0.15603852,25.0,0,0.0,17.034386422832473,0,0,0,0,0,1,0,0,146091443.83333334,Drama,Mid-size Studio,April,25.0,28.83,33.31
The Animal,2001,6,22000000.0,84772742.0,17.9112920184532,60086274.86598632,1,0.67025375,15.0,1,0.0,16.906553056777135,0,0,1,0,1,1,0,0,75644789.0,Action,Mid-size Studio,June,22.0,84.77,60.09
The Dilemma,2011,1,70000000.0,67112664.0,17.8933347814361,59016921.4207865,1,0.75934625,45.0,1,1.0,18.064005814299342,1,0,0,0,1,0,0,0,281027788.3,Comedy,Major Studio,January,70.0,67.11,59.02
The Golden Child,1986,12,25000000.0,79817939.0,18.278012500785533,86704165.81843972,1,0.74189466,0.0,1,0.0,17.034386422832473,1,0,1,0,1,0,0,0,21834174.0,Action,Major Studio,December,25.0,79.82,86.7
Crocodile Dundee II,1988,5,,239606210.0,18.234343432436415,82999357.13655192,1,0.7755968,0.0,1,,,1,0,0,0,1,1,0,0,51751835.0,Adventure,Major Studio,May,,239.61,83.0
Honey,2003,11,18000000.0,62646763.0,18.191767304434876,79539737.05063803,1,0.69099444,15.0,1,0.0,16.705882371415992,1,0,0,0,0,0,0,0,36351350.0,Romance,Major Studio,November,18.0,62.65,79.54
Elizabeth: The Golden Age,2007,9,55000000.0,74237563.0,18.13793638218033,75371243.09467208,1,0.7230591,45.0,1,0.0,17.822843761378564,1,0,0,0,0,0,0,0,56016643.5,Drama,Major Studio,September,55.0,74.24,75.37
The Saint,1997,4,68000000.0,118063304.0,18.343499900883533,92572241.7983306,1,0.8408905,0.0,1,0.0,18.035018277846262,1,0,1,0,0,0,0,0,133958368.14285716,Thriller,Major Studio,April,68.0,118.06,92.57
Finding Forrester,2000,12,43000000.0,80049764.0,18.16425935419351,77381581.20169817,1,0.6898039,25.0,1,0.0,17.57671069691365,0,0,0,0,0,0,0,0,77485830.25,Drama,Mid-size Studio,December,43.0,80.05,77.38
Bandits,2001,10,75000000.0,67631903.0,18.115275561508454,73682475.54409678,1,0.8469025,0.0,1,1.0,18.13299868483392,0,0,1,0,1,0,0,0,130202540.875,Action,Mid-size Studio,October,75.0,67.63,73.68
Get Shorty,1995,10,30250000.0,115101622.0,18.086900486425716,71621113.694559,1,0.6398646,0.0,1,0.0,17.225006775498976,0,0,0,0,1,0,0,0,346222852.5,Comedy,Mid-size Studio,October,30.25,115.1,71.62
Flashdance,1983,4,4000000.0,92921203.0,17.928188574984972,61110151.659929514,0,0.37498695,25.0,1,0.0,15.201805169084134,1,0,0,0,0,0,0,0,148673133.0,Drama,Major Studio,April,4.0,92.92,61.11
On the Road,2012,5,25000000.0,8784318.0,16.144442174618725,10266965.615236651,0,0.20798333,25.0,0,1.0,17.034386422832473,0,0,0,0,0,0,0,0,15534900.5,Adventure,Mid-size Studio,May,25.0,8.78,10.27
The Informant!,2009,9,22000000.0,35424826.0,17.521753849954763,40700617.62605834,0,0.21283078,60.0,0,0.0,16.906553056777135,1,0,0,0,1,0,0,0,159956893.6153846,Drama,Major Studio,September,22.0,35.42,40.7
Wish I Was Here,2014,1,5500000.0,5483299.0,15.806007626308231,7319169.986461563,0,0.08331308,45.0,0,1.0,15.520258832020865,0,0,0,0,1,0,0,0,26781723.0,Drama,Mid-size Studio,January,5.5,5.48,7.32
Alex Cross,2012,10,45000000.0,30353232.0,17.339126873592523,33906823.79899573,0,0.2497918,0.0,0,1.0,17.622173069956816,0,0,1,0,0,0,0,0,165588346.0,Action,Mid-size Studio,October,45.0,30.35,33.91
Midnight Cowboy,1969,5,3600000.0,44785053.0,16.79387124777802,19655567.64584989,0,0.15676822,25.0,0,0.0,15.096444681204078,0,0,0,0,0,0,0,0,24362772.0,Drama,Mid-size Studio,May,3.6,44.79,19.66
My Bloody Valentine,2009,1,15000000.0,100734718.0,17.779624555556648,52673578.79064023,1,0.50850594,35.0,1,0.0,16.52356082573315,0,0,0,0,0,1,0,0,30965869.0,Mystery,Mid-size Studio,January,15.0,100.73,52.67
Jeepers Creepers 2,2003,8,17000000.0,63102666.0,17.620328756082294,44917082.36038246,1,0.6330637,15.0,1,0.0,16.648723960844016,0,0,0,0,0,0,0,0,59217789.0,Horror,Mid-size Studio,August,17.0,63.1,44.92
Changing Lanes,2002,4,45000000.0,94935764.0,18.253081741471032,84569287.7449878,1,0.75547975,0.0,1,0.0,17.622173069956816,1,0,1,0,0,0,0,0,211337429.0,Action,Major Studio,April,45.0,94.94,84.57
The Postman,1997,12,80000000.0,17626234.0,18.1674912746354,77632076.89207083,1,0.5764877,25.0,0,1.0,18.19753720513815,1,0,0,0,0,0,0,0,246252570.5,Drama,Major Studio,December,80.0,17.63,77.63
Appaloosa,2008,9,20000000.0,20211394.0,16.913687650365926,22157522.326790936,0,0.12557653,60.0,0,0.0,16.811242881518265,1,0,0,0,0,0,0,0,51751835.0,Drama,Major Studio,September,20.0,20.21,22.16
Labor Day,2013,12,18000000.0,20275812.0,16.81797990065248,20135195.284684476,0,0.14967334,40.0,0,0.0,16.705882371415992,0,0,0,0,0,0,0,0,110703530.0,Drama,Mid-size Studio,December,18.0,20.28,20.14
Kiss of the Dragon,2001,7,25000000.0,64437847.0,17.92392549818066,60850188.89993283,1,0.5379809,0.0,1,0.0,17.034386422832473,1,0,1,0,0,0,0,0,51751835.0,Action,Major Studio,July,25.0,64.44,60.85
Jackass Number Two,2006,9,11000000.0,72778712.0,18.081522837147055,71236994.21440668,1,0.5706446,35.0,1,0.0,16.213405921671733,1,0,1,0,1,0,0,0,111112706.66666669,Action,Major Studio,September,11.0,72.78,71.24
Out of Time,2003,10,50000000.0,55495563.0,17.872180505880163,57781573.69273661,1,0.76588094,25.0,1,0.0,17.72753358339242,0,0,0,0,0,0,0,0,63781810.0,Thriller,Mid-size Studio,October,50.0,55.5,57.78
Death Sentence,2007,8,20000000.0,16974459.0,17.20062702853932,29521429.89395671,0,0.25373676,40.0,0,1.0,16.811242881518265,1,0,1,0,0,0,0,0,469068065.6,Action,Major Studio,August,20.0,16.97,29.52
Looney Tunes: Back in Action,2003,11,80000000.0,68514844.0,18.357901361390955,93915063.38451128,1,0.85145414,0.0,1,1.0,18.19753720513815,1,0,0,1,1,0,0,0,66808437.25,Animation,Major Studio,November,80.0,68.51,93.92
40 Days and 40 Nights,2002,3,17000000.0,,17.986048951334457,64750302.85890015,0,0.37214082,15.0,0,,16.648723960844016,1,0,0,0,1,0,0,0,43351785.0,Comedy,Major Studio,March,17.0,,64.75
The Santa Clause 2,2002,10,65000000.0,172855065.0,18.4054627956808,98489724.9553948,1,0.76054764,0.0,1,0.0,17.989897843244528,1,0,0,0,1,0,0,0,11341016.0,Fantasy,Major Studio,October,65.0,172.86,98.49
Shall We Dance?,2004,10,50000000.0,170128460.0,18.18934703136971,79347461.93801965,1,0.74036473,25.0,1,0.0,17.72753358339242,0,0,0,0,1,0,0,0,81144624.66666667,Drama,Mid-size Studio,October,50.0,170.13,79.35
Ghosts of Mars,2001,8,28000000.0,14010832.0,17.277327068342927,31874823.90792041,0,0.3100026,0.0,0,1.0,17.147715103853763,0,0,1,0,0,0,0,0,30237143.375,Action,Mid-size Studio,August,28.0,14.01,31.87
Something Borrowed,2011,5,35000000.0,59901913.0,17.6904228343985,48178470.71838385,1,0.5766358,25.0,1,0.0,17.370858648025116,0,0,0,0,1,0,0,0,83935065.33333333,Comedy,Mid-size Studio,May,35.0,59.9,48.18
Risen,2016,2,20000000.0,46069568.0,17.557556159828277,42184193.03148426,0,0.21751119,15.0,0,0.0,16.811242881518265,1,0,1,0,0,0,0,0,182603061.5,Action,Major Studio,February,20.0,46.07,42.18
All About Steve,2009,9,15000000.0,40105542.0,17.10666797150689,26873948.936187133,0,0.20153245,35.0,0,0.0,16.52356082573315,0,0,0,0,1,1,0,0,51751835.0,Comedy,Mid-size Studio,September,15.0,40.11,26.87
Arbitrage,2012,9,12000000.0,35485056.0,16.427706318999373,13628942.924817696,0,0.07757409,60.0,0,0.0,16.300417291085605,0,0,0,0,0,0,0,0,51751835.0,Drama,Mid-size Studio,September,12.0,35.49,13.63
Heavenly Creatures,1994,9,5000000.0,3049135.0,15.772625509162356,7078873.677367621,0,0.103106156,45.0,0,1.0,15.424948670398354,1,0,0,0,0,0,0,0,811949210.625,Drama,Major Studio,September,5.0,3.05,7.08
Punisher: War Zone,2008,12,20500000.0,10089373.0,17.284590375330858,32107183.37395828,0,0.20946449,15.0,0,1.0,16.835935492889124,0,0,1,0,0,0,0,0,51751835.0,Action,Mid-size Studio,December,20.5,10.09,32.11
Wimbledon,2004,9,31000000.0,41512007.0,17.810884437043892,54346154.71656224,0,0.35978594,20.0,0,0.0,17.249497794707484,1,0,0,0,1,0,0,0,82800000.0,Comedy,Major Studio,September,31.0,41.51,54.35
Brooklyn's Finest,2009,1,17000000.0,29536299.0,17.11498375517522,27098358.668361086,0,0.2843453,60.0,0,0.0,16.648723960844016,0,0,0,0,0,0,0,0,107210974.42857143,Crime,Mid-size Studio,January,17.0,29.54,27.1
The Skeleton Twins,2014,1,,5284309.0,15.087259999819148,3567086.519124109,0,0.11813828,45.0,0,,,0,0,0,0,0,0,0,0,51751835.0,Drama,Mid-size Studio,January,,5.28,3.57
Lakeview Terrace,2008,9,20000000.0,27640028.0,16.611281804717464,16375252.245130189,0,0.13466185,60.0,0,0.0,16.811242881518265,0,0,0,0,0,0,0,0,51751835.0,Drama,Mid-size Studio,September,20.0,27.64,16.38
Be Cool,2005,3,53000000.0,95226116.0,18.05735309905823,69535855.54876624,1,0.8038584,0.0,1,0.0,17.78580249038432,0,0,0,0,1,0,0,0,94728757.0,Comedy,Mid-size Studio,March,53.0,95.23,69.54
The Horse Whisperer,1998,5,60000000.0,186883563.0,18.569993723067256,116103630.24672556,1,0.76674306,25.0,1,0.0,17.909855136853043,0,0,0,0,0,0,0,0,39384699.666666664,Drama,Mid-size Studio,May,60.0,186.88,116.1
Do the Right Thing,1989,6,6500000.0,37295445.0,17.254365731474422,31151273.94190918,0,0.0850929,25.0,0,0.0,15.687312888712007,1,0,0,0,0,0,0,0,37915415.75,Drama,Major Studio,June,6.5,37.3,31.15
Fantasia 2000,1999,12,80000000.0,90874570.0,18.113470531819292,73549596.4477985,1,0.60474306,0.0,1,0.0,18.19753720513815,1,0,0,1,0,0,0,0,51751835.0,Animation,Major Studio,December,80.0,90.87,73.55
Biutiful,2010,10,,25147786.0,16.62361525822682,16578466.259060103,0,0.14489403,25.0,0,,,0,0,0,0,0,0,0,0,170566417.0,Drama,Mid-size Studio,October,,25.15,16.58
New Nightmare,1994,10,14000000.0,18090181.0,17.443742761479047,37646205.92605367,0,0.27429977,15.0,0,0.0,16.454567959008102,1,0,0,0,0,0,0,0,82967122.22222222,Horror,Major Studio,October,14.0,18.09,37.65
The Color of Money,1986,10,13800000.0,52293982.0,17.449973240392666,37881492.03592943,1,0.5348517,40.0,1,0.0,16.440179222591198,0,0,0,0,0,0,0,0,119021376.0,Drama,Mid-size Studio,October,13.8,52.29,37.88
Adore,2013,4,16000000.0,318982.0,15.13663394360085,3747628.0460425625,0,0.12299211,40.0,0,1.0,16.588099342704055,0,0,0,0,0,0,0,0,51751835.0,Drama,Mid-size Studio,April,16.0,0.32,3.75
The Outsiders,1983,3,10000000.0,33697647.0,17.078537598587435,26128508.615803756,0,0.17592326,40.0,0,0.0,16.118095750958314,1,0,0,0,0,0,0,0,94705190.8888889,Crime,Major Studio,March,10.0,33.7,26.13
Fatal Attraction,1987,9,14000000.0,320145693.0,18.465296201202,104562568.4808299,1,0.64451146,60.0,1,0.0,16.454567959008102,1,0,0,0,0,0,0,0,72931636.33333333,Drama,Major Studio,September,14.0,320.15,104.56
Jason X,2001,7,11000000.0,16951798.0,16.929932462682423,22520406.648268268,0,0.2641007,15.0,0,0.0,16.213405921671733,1,0,0,0,0,0,0,0,51751835.0,Horror,Major Studio,July,11.0,16.95,22.52
Waltz with Bashir,2008,6,2000000.0,11125849.0,15.901758715507102,8054637.668165951,0,0.025745006,25.0,0,0.0,14.508658238524095,0,0,0,1,0,0,0,0,51751835.0,Drama,Mid-size Studio,June,2.0,11.13,8.05
The Midnight Meat Train,2008,8,15000000.0,3533227.0,16.71880102985844,18234044.37958582,0,0.2693971,40.0,0,1.0,16.52356082573315,0,0,0,0,0,0,0,0,51751835.0,Mystery,Mid-size Studio,August,15.0,3.53,18.23
Return to Never Land,2002,2,20000000.0,109862682.0,18.28586583030714,87387762.95475869,1,0.62311435,15.0,1,0.0,16.811242881518265,1,0,0,1,0,0,0,0,51751835.0,Adventure,Major Studio,February,20.0,109.86,87.39
Earth to Echo,2014,6,13000000.0,45300000.0,17.260359181055055,31338538.1563935,0,0.21053341,15.0,0,0.0,16.380459992348886,0,0,0,0,0,0,0,0,245623848.0,Family,Mid-size Studio,June,13.0,45.3,31.34
Urban Legend,1998,9,14000000.0,72527595.0,17.592651405714957,43690942.9233554,0,0.467877,35.0,1,0.0,16.454567959008102,0,0,0,0,0,0,0,0,51751835.0,Horror,Mid-size Studio,September,14.0,72.53,43.69
The Devil's Own,1997,3,90000000.0,140807547.0,18.47438809598809,105517575.1927871,1,0.7534064,25.0,1,0.0,18.31532023940565,1,0,0,0,0,0,0,0,195268056.0,Crime,Major Studio,March,90.0,140.81,105.52
The Collection,2012,9,,6842058.0,15.602619091987176,5972158.181875495,0,0.06858813,20.0,0,,,0,0,0,0,0,0,0,0,51751835.0,Horror,Mid-size Studio,September,,6.84,5.97
The Weather Man,2005,10,20000000.0,12482775.0,17.54685248977843,41735075.22952525,0,0.3993765,40.0,0,1.0,16.811242881518265,1,0,0,0,1,0,0,0,527421763.6666667,Comedy,Major Studio,October,20.0,12.48,41.74
The Covenant,2006,9,20000000.0,37597471.0,16.896284135425134,21775239.717908468,0,0.23312226,35.0,0,0.0,16.811242881518265,0,0,1,0,0,0,0,0,70993079.92857143,Action,Mid-size Studio,September,20.0,37.6,21.78
Charlotte's Web,2006,12,85000000.0,144000000.0,18.358151054343914,93938516.24214958,1,0.875197,0.0,1,0.0,18.258161826219297,1,0,0,0,1,0,0,0,71336815.33333333,Comedy,Major Studio,December,85.0,144.0,93.94
Anonymous,2011,10,30000000.0,15395087.0,17.600383603781015,44030079.40101434,0,0.27679023,25.0,0,1.0,17.216707972959764,1,0,0,0,0,1,0,0,420203707.5714286,Drama,Major Studio,October,30.0,15.4,44.03
Seed of Chucky,2004,11,12000000.0,24829644.0,17.426273209782106,36994254.795360014,0,0.36551815,40.0,0,0.0,16.300417291085605,0,0,0,0,1,0,0,0,51751835.0,Drama,Mid-size Studio,November,12.0,24.83,36.99
The Black Dahlia,2006,9,50000000.0,49111202.0,17.834879161809212,55665946.46333966,0,0.37237236,45.0,0,1.0,17.72753358339242,1,0,0,0,0,0,0,0,79282686.27272727,Drama,Major Studio,September,50.0,49.11,55.67
Inside Job,2010,10,2000000.0,7871522.0,16.07408563980091,9569442.773042982,0,0.04087797,0.0,0,0.0,14.508658238524095,0,0,0,0,0,0,0,0,1431623.0,Documentary,Mid-size Studio,October,2.0,7.87,9.57
Machine Gun Preacher,2011,9,30000000.0,2527904.0,15.938368404503798,8354979.653954453,0,0.15553428,20.0,0,1.0,17.216707972959764,0,0,1,0,0,1,0,0,234426840.0,Action,Mid-size Studio,September,30.0,2.53,8.35
Basic,2003,4,50000000.0,42792561.0,17.958587687188448,62996370.48295355,0,0.4821272,25.0,0,1.0,17.72753358339242,0,0,1,0,0,0,0,0,161086819.85714287,Action,Mid-size Studio,April,50.0,42.79,63.0
Teenage Mutant Ninja Turtles II: The Secret of the Ooze,1991,3,25000000.0,78000000.0,17.861157722949777,57148157.35633252,1,0.60453445,0.0,1,0.0,17.034386422832473,1,0,1,0,1,0,0,0,51751835.0,Science Fiction,Major Studio,March,25.0,78.0,57.15
Jane Got a Gun,2016,1,25000000.0,1397284.0,16.428540534764686,13640317.148322998,0,0.1959836,45.0,0,1.0,17.034386422832473,0,0,1,0,0,0,0,0,29983081.75,Action,Mid-size Studio,January,25.0,1.4,13.64
The Last Castle,2001,10,72000000.0,27642707.0,17.838082696521003,55844560.20320706,0,0.4144842,25.0,0,1.0,18.09217669086922,0,0,1,0,0,0,0,0,10324441.0,Action,Mid-size Studio,October,72.0,27.64,55.84
Polisse,2011,10,,20374201.0,15.764728695355467,7023193.260371739,0,0.06609871,25.0,0,,,0,0,0,0,0,0,0,0,51751835.0,Drama,Mid-size Studio,October,,20.37,7.02
Stake Land,2010,9,650000.0,33245.0,12.096031431786525,179158.44307578634,0,0.03513711,45.0,0,1.0,13.384729180332174,0,0,1,0,0,0,0,0,51751835.0,Drama,Mid-size Studio,September,0.65,0.03,0.18
Dreamgirls,2006,12,70000000.0,154937680.0,18.187408624485823,79193803.2442898,1,0.77446705,25.0,1,0.0,18.064005814299342,1,0,0,0,0,0,0,0,281335545.3333333,Drama,Major Studio,December,70.0,154.94,79.19
The Guilt Trip,2012,12,40000000.0,41863726.0,17.939686506767703,61816847.00834596,0,0.3680017,0.0,0,0.0,17.50439003707821,1,0,0,0,1,0,0,0,160877349.5,Comedy,Major Studio,December,40.0,41.86,61.82
Hope Springs,2012,8,30000000.0,114281051.0,17.99172943760756,65119162.73100868,1,0.61216694,25.0,1,0.0,17.216707972959764,1,0,0,0,1,0,0,0,192693951.66666663,Drama,Major Studio,August,30.0,114.28,65.12
Chain Reaction,1996,8,50000000.0,60209334.0,18.211095568672352,81092055.61051774,1,0.7312622,25.0,1,0.0,17.72753358339242,1,0,1,0,0,1,0,0,223629096.5,Action,Major Studio,August,50.0,60.21,81.09
Everybody's Fine,2009,12,21000000.0,,17.294834054451425,32437769.38588824,0,0.11224201,40.0,0,,16.860033043306743,0,0,0,0,0,1,0,0,88923251.0,Drama,Mid-size Studio,December,21.0,,32.44
Agent Cody Banks,2003,3,28000000.0,58795814.0,17.63832468122404,45732723.9302042,1,0.5557646,0.0,1,0.0,17.147715103853763,0,0,1,0,0,0,0,0,90565421.0,Action,Mid-size Studio,March,28.0,58.8,45.73
Vertical Limit,2000,12,75000000.0,215663859.0,18.39375771355574,97343615.36363624,1,0.8068043,0.0,1,0.0,18.13299868483392,0,0,1,0,0,0,0,0,273113515.5,Action,Mid-size Studio,December,75.0,215.66,97.34
The Grudge 2,2006,10,20000000.0,39143839.0,17.594296118495,43762861.103361085,0,0.30054814,15.0,0,0.0,16.811242881518265,0,0,0,0,0,0,0,0,183474602.0,Horror,Mid-size Studio,October,20.0,39.14,43.76
The Diving Bell and the Butterfly,2007,5,14000000.0,19777647.0,16.87638365588107,21346185.33911987,0,0.108775325,40.0,0,0.0,16.454567959008102,0,0,0,0,0,0,0,0,3011195.0,Drama,Mid-size Studio,May,14.0,19.78,21.35
Wasabi,2001,10,15300000.0,,17.470003778276432,38647929.165447995,0,0.21754508,40.0,0,,16.54336345172214,0,0,1,0,1,0,0,0,51751835.0,Drama,Mid-size Studio,October,15.3,,38.65
Carriers,2009,9,,5802422.0,14.566577377739218,2119258.6792060127,0,0.117314234,45.0,0,,,0,0,1,0,0,0,0,0,51751835.0,Action,Mid-size Studio,September,,5.8,2.12
Timecop,1994,9,27000000.0,101646581.0,17.55494070799038,42074006.460321166,1,0.6086565,20.0,1,0.0,17.11134746100564,1,0,1,0,0,0,0,0,69747276.5,Thriller,Major Studio,September,27.0,101.65,42.07
A Nightmare on Elm Street 4: The Dream Master,1988,8,7000000.0,72500000.0,17.794057826757076,53439343.80633863,1,0.5497938,0.0,1,0.0,15.76142084987672,1,0,0,0,0,0,0,0,68500042.14285715,Horror,Major Studio,August,7.0,72.5,53.44
Think Like a Man,2012,4,12000000.0,96070507.0,17.694320861962456,48366638.23194755,1,0.56630814,15.0,1,0.0,16.300417291085605,0,0,0,0,1,1,0,0,142767193.6,Comedy,Mid-size Studio,April,12.0,96.07,48.37
The Eye,2008,2,12000000.0,56309766.0,17.444220300768926,37664187.76215066,0,0.47333288,40.0,1,0.0,16.300417291085605,0,0,0,0,0,0,0,0,51751835.0,Drama,Mid-size Studio,February,12.0,56.31,37.66
The Piano,1993,5,7000000.0,116700000.0,17.981562708986452,64460467.92467038,0,0.35735843,25.0,1,0.0,15.76142084987672,0,0,0,0,0,0,0,0,2220039.0,Drama,Mid-size Studio,May,7.0,116.7,64.46
Bottle Rocket,1996,2,7000000.0,560069.0,15.593139367758605,5915811.258398219,0,0.15243874,25.0,0,1.0,15.76142084987672,0,0,0,0,1,0,0,0,68780035.5,Comedy,Mid-size Studio,February,7.0,0.56,5.92
The Medallion,2003,8,41000000.0,,17.921649326993567,60711840.96247906,0,0.22058553,0.0,0,,17.529082649058825,0,0,1,0,1,0,0,0,51751835.0,Thriller,Mid-size Studio,August,41.0,,60.71
A Streetcar Named Desire,1951,9,1800000.0,8000000.0,16.648187886952023,16990889.185553078,0,0.09585047,45.0,0,0.0,14.403297778421797,1,0,0,0,0,0,0,0,8700000.0,Drama,Major Studio,September,1.8,8.0,16.99
The Lizzie McGuire Movie,2003,4,17000000.0,55534455.0,17.893353432438136,59018022.15579166,1,0.6634411,15.0,1,0.0,16.648723960844016,1,0,0,0,1,0,0,0,51751835.0,Family,Major Studio,April,17.0,55.53,59.02
The Sweetest Thing,2002,4,43000000.0,68696770.0,18.24080360576493,83537283.05278987,1,0.74319726,0.0,1,0.0,17.57671069691365,0,0,0,0,1,1,0,0,57621192.5,Romance,Mid-size Studio,April,43.0,68.7,83.54
The Diary of a Teenage Girl,2015,8,2000000.0,1477002.0,15.333564032739824,4563332.899840638,0,0.038539696,25.0,0,1.0,14.508658238524095,0,0,0,0,0,0,0,0,51751835.0,Drama,Mid-size Studio,August,2.0,1.48,4.56
Out of Africa,1985,12,31000000.0,128499205.0,18.51622571406722,110025828.9663527,1,0.7719126,25.0,1,0.0,17.249497794707484,1,0,0,0,0,0,0,0,171250465.0,Drama,Major Studio,December,31.0,128.5,110.03
Kids,1995,7,1500000.0,7412216.0,15.532758861048135,5569181.657710111,0,0.052834477,25.0,0,0.0,14.220976332738882,0,0,0,0,0,0,0,0,480811.0,Drama,Mid-size Studio,July,1.5,7.41,5.57
Sweet November,2001,2,40000000.0,65754228.0,18.132199344162014,74940073.40288219,1,0.78126925,25.0,1,0.0,17.50439003707821,1,0,0,0,0,0,0,0,51751835.0,Drama,Major Studio,February,40.0,65.75,74.94
The Whole Ten Yards,2004,4,40000000.0,26155781.0,17.570451032794434,42731675.12456762,0,0.42494327,0.0,0,1.0,17.50439003707821,0,0,0,0,1,0,0,0,36620508.0,Comedy,Mid-size Studio,April,40.0,26.16,42.73
The Client,1994,7,45000000.0,117615211.0,18.269259841846058,85948585.31057511,1,0.7628239,25.0,1,0.0,17.622173069956816,1,0,0,0,0,0,0,0,109951782.16666669,Drama,Major Studio,July,45.0,117.62,85.95
"Synecdoche, New York",2008,10,21000000.0,,17.688130554628234,48068158.663650505,0,0.14525403,40.0,0,,16.860033043306743,0,0,0,0,0,0,0,0,5659286.0,Drama,Mid-size Studio,October,21.0,,48.07
High Plains Drifter,1973,4,5500000.0,15700000.0,17.60107029437036,44060324.82630973,0,0.4197291,25.0,0,0.0,15.520258832020865,1,0,0,0,0,0,0,0,131387309.89473684,Western,Major Studio,April,5.5,15.7,44.06
Double Jeopardy,1999,9,70000000.0,177841558.0,18.272928669281093,86264494.9967426,1,0.8404932,45.0,1,0.0,18.064005814299342,1,0,0,0,0,0,0,0,83256373.5,Crime,Major Studio,September,70.0,177.84,86.26
Bulletproof Monk,2003,3,52000000.0,,17.953385204476813,62669483.99735018,0,0.40951675,0.0,0,,17.76675429577647,0,0,1,0,1,0,0,0,51751835.0,Action,Mid-size Studio,March,52.0,,62.67
Black Book,2006,9,21000000.0,26193068.0,16.875349613250567,21324123.88065656,0,0.11392258,60.0,0,0.0,16.860033043306743,0,0,0,0,0,0,0,0,148274126.75,Drama,Mid-size Studio,September,21.0,26.19,21.32
Martha Marcy May Marlene,2011,10,,3538446.0,14.777651157478498,2617292.0575109785,0,0.06784814,25.0,0,,,0,0,0,0,0,0,0,0,51751835.0,Drama,Mid-size Studio,October,,3.54,2.62
Did You Hear About the Morgans?,2009,12,58000000.0,85280250.0,17.988340108490448,64898826.06096619,1,0.6389592,0.0,1,0.0,17.87595358575207,1,0,0,0,1,1,0,0,119625670.0,Comedy,Major Studio,December,58.0,85.28,64.9
Flight of the Phoenix,2004,12,45000000.0,21009180.0,17.790610645133,53255445.825894915,0,0.30679256,25.0,0,1.0,17.622173069956816,1,0,1,0,0,0,0,0,160608096.33333334,Action,Major Studio,December,45.0,21.01,53.26
Max,2015,6,20000000.0,43967255.0,17.532239744493474,41129645.4598383,0,0.18610436,40.0,0,0.0,16.811242881518265,1,0,0,0,0,0,0,0,88526434.5,Adventure,Major Studio,June,20.0,43.97,41.13
The Beaver,2011,2,21000000.0,970816.0,15.651822392368668,6273357.357178371,0,0.16289867,40.0,0,1.0,16.860033043306743,0,0,0,0,0,0,0,0,55400886.5,Drama,Mid-size Studio,February,21.0,0.97,6.27
Unfaithful,2002,5,50000000.0,119137784.0,18.039150796537612,68281592.71798299,1,0.6834717,25.0,1,0.0,17.72753358339242,0,0,0,0,0,0,0,0,139934272.66666666,Thriller,Mid-size Studio,May,50.0,119.14,68.28
The Hudsucker Proxy,1994,3,30000000.0,,17.75015883935697,51144157.44068889,0,0.15055765,25.0,0,,17.216707972959764,1,0,0,0,1,0,0,0,71868327.0,Comedy,Major Studio,March,30.0,,51.14
Man on Wire,2008,7,,2957978.0,15.241477747584309,4161880.225076261,0,0.05861052,25.0,0,,,0,0,0,0,0,0,0,0,123726688.0,Thriller,Mid-size Studio,July,,2.96,4.16
Confessions of a Dangerous Mind,2002,12,30000000.0,33013805.0,17.756126322803855,51450271.81741073,0,0.19846733,25.0,0,0.0,17.216707972959764,0,0,0,0,1,0,0,0,81719147.0,Comedy,Mid-size Studio,December,30.0,33.01,51.45
The Doors,1991,3,38000000.0,34416893.0,17.829330778099827,55357945.67069547,0,0.27965456,25.0,0,1.0,17.453096744006448,0,0,0,0,0,0,0,0,103635976.83333331,Drama,Mid-size Studio,March,38.0,34.42,55.36
Drillbit Taylor,2008,3,40000000.0,,18.05814685339635,69591071.84774624,0,0.38518807,0.0,0,,17.50439003707821,1,0,0,0,1,1,0,0,120450326.5,Comedy,Major Studio,March,40.0,,69.59
It Happened One Night,1934,2,325000.0,4500000.0,15.658032076990706,6312434.135765778,0,0.051527556,0.0,0,0.0,12.691583538230216,0,0,0,0,1,0,0,0,7919306.25,Comedy,Mid-size Studio,February,0.32,4.5,6.31
Grosse Pointe Blank,1997,4,,28084357.0,16.65320237185775,17076303.72390062,0,0.08400179,0.0,0,,,0,0,1,0,1,0,0,0,6808550.0,Action,Mid-size Studio,April,,28.08,17.08
Oliver Twist,2005,9,50000000.0,42093706.0,17.58482314900134,43350254.23733727,0,0.21534452,45.0,0,1.0,17.72753358339242,0,0,0,0,0,0,0,0,59939053.6,Crime,Mid-size Studio,September,50.0,42.09,43.35
Dark Water,2005,6,30000000.0,25473093.0,17.615880252460787,44717712.33031739,0,0.25555965,25.0,0,1.0,17.216707972959764,0,0,0,0,0,0,0,0,7190513.0,Drama,Mid-size Studio,June,30.0,25.47,44.72
Baby's Day Out,1994,7,50000000.0,16671505.0,17.836493250467075,55755868.7895501,0,0.35692194,0.0,0,1.0,17.72753358339242,1,0,1,0,1,0,0,0,15369573.0,Action,Major Studio,July,50.0,16.67,55.76
Crazy Heart,2009,12,7000000.0,39462438.0,16.59681835355752,16140114.123018865,0,0.0832784,25.0,0,0.0,15.76142084987672,0,0,0,0,0,0,0,0,57118936.0,Drama,Mid-size Studio,December,7.0,39.46,16.14
The Grandmaster,2013,1,3860000.0,64076736.0,16.208410801712624,10945190.678984627,0,0.081241846,45.0,1,0.0,15.166178000508337,0,0,1,0,0,0,0,0,20529025.0,Action,Mid-size Studio,January,3.86,64.08,10.95
"Good Night, and Good Luck.",2005,9,7000000.0,54600000.0,15.586635492470156,5877460.40301795,0,0.06223831,45.0,1,0.0,15.76142084987672,0,0,0,0,0,0,0,0,76322598.25,Drama,Mid-size Studio,September,7.0,54.6,5.88
The Railway Man,2013,12,18000000.0,22309223.0,16.421540924669245,13545173.611994842,0,0.07671793,40.0,0,0.0,16.705882371415992,0,0,0,0,0,0,0,0,51751835.0,Drama,Mid-size Studio,December,18.0,22.31,13.55
The Second Best Exotic Marigold Hotel,2015,2,10000000.0,85978266.0,16.8709631063423,21230790.313379593,0,0.41620803,40.0,1,0.0,16.118095750958314,0,0,0,0,1,0,0,0,133475803.25,Drama,Mid-size Studio,February,10.0,85.98,21.23
Freddy's Dead: The Final Nightmare,1991,9,11000000.0,34872033.0,17.43722470683158,37401623.85760627,0,0.12974237,35.0,0,0.0,16.213405921671733,1,0,0,0,1,1,0,0,4064495.0,Horror,Major Studio,September,11.0,34.87,37.4
Escobar: Paradise Lost,2014,10,17000000.0,3758328.0,16.491069030801683,14520455.85634691,0,0.12612787,15.0,0,1.0,16.648723960844016,0,0,0,0,0,0,0,0,51751835.0,Thriller,Mid-size Studio,October,17.0,3.76,14.52
Flyboys,2006,9,60000000.0,17800000.0,17.66533003469808,46984579.65599041,0,0.17678833,45.0,0,1.0,17.909855136853043,1,0,1,0,0,0,0,0,51751835.0,Action,Major Studio,September,60.0,17.8,46.98
The Cold Light of Day,2012,4,20000000.0,16863583.0,16.158650903498096,10413887.474916665,0,0.13697675,15.0,0,1.0,16.811242881518265,0,0,1,0,0,0,0,0,51751835.0,Action,Mid-size Studio,April,20.0,16.86,10.41
Day of the Dead,1985,7,3500000.0,34000000.0,16.621410064220743,16541947.802370124,0,0.048344977,0.0,0,0.0,15.068273812173889,0,0,0,0,0,0,0,0,25791053.75,Horror,Mid-size Studio,July,3.5,34.0,16.54
Wag the Dog,1997,12,15000000.0,64256513.0,17.578085804287703,43059170.291887864,0,0.36505172,40.0,1,0.0,16.52356082573315,1,0,0,0,1,0,0,0,130624464.625,Comedy,Major Studio,December,15.0,64.26,43.06
I Spy,2002,10,70000000.0,33561137.0,17.917901570114502,60484733.57658048,0,0.38790977,0.0,0,1.0,18.064005814299342,0,0,1,0,1,0,0,0,368798305.0,Action,Mid-size Studio,October,70.0,33.56,60.48
Logan's Run,1976,6,9000000.0,25000000.0,16.79387313222726,19655604.68580619,0,0.09991075,15.0,0,0.0,16.012735246411598,0,0,1,0,0,0,0,0,51751835.0,Adventure,Mid-size Studio,June,9.0,25.0,19.66
Hudson Hawk,1991,5,65000000.0,17218080.0,17.873053274541686,57832025.65358452,0,0.32333907,0.0,0,1.0,17.989897843244528,0,0,1,0,1,0,0,0,69485490.0,Action,Mid-size Studio,May,65.0,17.22,57.83
The Adventures of Sharkboy and Lavagirl,2005,6,50000000.0,69425966.0,17.84696612996927,56342861.68315366,1,0.7178376,0.0,1,0.0,17.72753358339242,0,0,0,0,0,0,0,0,69364907.66666667,Adventure,Mid-size Studio,June,50.0,69.43,56.34
The Jungle Book 2,2003,2,20000000.0,135680000.0,18.33736718690188,92006259.98678154,1,0.64706814,15.0,1,0.0,16.811242881518265,1,0,0,1,0,0,0,0,51751835.0,Family,Major Studio,February,20.0,135.68,92.01
When a Stranger Calls,2006,2,15000000.0,66966987.0,17.405032397479708,36216753.36474687,0,0.4902968,15.0,1,0.0,16.52356082573315,0,0,0,0,0,0,0,0,169028702.16666666,Horror,Mid-size Studio,February,15.0,66.97,36.22
Murder by Numbers,2002,4,50000000.0,56714147.0,17.900764221119278,59457016.893270746,0,0.37027794,25.0,1,0.0,17.72753358339242,1,0,0,0,0,0,0,0,51751835.0,Crime,Major Studio,April,50.0,56.71,59.46
Firewall,2006,2,45000000.0,82800000.0,17.888192691537384,58714230.00035827,0,0.37508315,0.0,1,0.0,17.622173069956816,1,0,0,0,0,0,0,0,41512007.0,Thriller,Major Studio,February,45.0,82.8,58.71
Red Planet,2000,11,80000000.0,33463969.0,17.701126386416714,48696921.17758446,0,0.18375796,0.0,0,1.0,18.19753720513815,1,0,1,0,0,0,0,0,51751835.0,Thriller,Major Studio,November,80.0,33.46,48.7
Halloween II,2009,8,15000000.0,39421467.0,17.256987692259766,31233058.53436391,0,0.12051589,15.0,0,0.0,16.52356082573315,0,0,0,0,0,1,0,0,8997713.5,Horror,Mid-size Studio,August,15.0,39.42,31.23
The Return of the Living Dead,1985,5,4000000.0,14237000.0,16.465732149972798,14157174.414756631,0,0.03438055,0.0,0,0.0,15.201805169084134,0,0,0,0,1,0,0,0,51751835.0,Comedy,Mid-size Studio,May,4.0,14.24,14.16
The Spanish Apartment,2002,5,5300000.0,3897799.0,16.30275582170178,12028095.207680557,0,0.06730714,25.0,0,1.0,15.483217567201578,0,0,0,0,1,0,0,0,51751835.0,Drama,Mid-size Studio,May,5.3,3.9,12.03
The Ruins,2008,4,8000000.0,,17.091211362336864,26461762.50361005,0,0.06603677,25.0,0,,15.894952224644102,0,0,0,0,0,0,0,0,51751835.0,Drama,Mid-size Studio,April,8.0,,26.46
The Man Who Shot Liberty Valance,1962,4,3200000.0,8000000.0,15.686182627075794,6492657.44851815,0,0.058739632,25.0,0,0.0,14.978661680269909,1,0,0,0,0,0,0,0,6000000.0,Western,Major Studio,April,3.2,8.0,6.49
Enough,2002,5,38000000.0,51801187.0,17.970188243652707,63731418.688377626,1,0.6024111,25.0,1,0.0,17.453096744006448,0,0,0,0,0,0,0,0,215520382.5,Drama,Mid-size Studio,May,38.0,51.8,63.73
K-19: The Widowmaker,2002,7,100000000.0,35168966.0,17.8835001774945,58439358.071447864,0,0.39369115,25.0,0,1.0,18.420680753952364,1,0,0,0,0,0,0,0,87410358.0,Drama,Major Studio,July,100.0,35.17,58.44
Escape from the Planet of the Apes,1971,5,2500000.0,12348905.0,16.245568568270116,11359540.031337738,0,0.041788038,0.0,0,0.0,14.731801689838347,1,0,1,0,0,0,0,0,51751835.0,Action,Major Studio,May,2.5,12.35,11.36
Open Range,2003,8,22000000.0,68296293.0,17.07911249542088,26143534.131891496,0,0.20729305,40.0,1,0.0,16.906553056777135,0,0,0,0,0,0,0,0,220917541.0,Western,Mid-size Studio,August,22.0,68.3,26.14
The Devil Inside,2012,1,1000000.0,101758490.0,18.06148718668544,69823917.90020846,0,0.22446562,20.0,1,0.0,13.815511557963774,0,0,0,0,0,0,0,0,45646731.0,Thriller,Mid-size Studio,January,1.0,101.76,69.82
Going the Distance,2010,9,32000000.0,42045846.0,17.489310259507313,39401334.10104253,0,0.13885483,45.0,0,0.0,17.281246492014,1,0,0,0,1,0,0,0,51751835.0,Comedy,Major Studio,September,32.0,42.05,39.4
Little Man,2006,8,64000000.0,101595121.0,17.799296962245055,53720054.47268362,1,0.6546865,0.0,1,0.0,17.974393656948944,0,0,0,0,1,0,0,0,94566523.66666669,Comedy,Mid-size Studio,August,64.0,101.6,53.72
The Boondock Saints II: All Saints Day,2009,11,8000000.0,10629321.0,16.116818625851913,9987236.899431713,0,0.076691926,0.0,0,0.0,15.894952224644102,0,0,1,0,0,0,0,0,30471.0,Action,Mid-size Studio,November,8.0,10.63,9.99
In the Valley of Elah,2007,8,23000000.0,29541790.0,16.373849067722485,12914341.42640332,0,0.107502624,40.0,0,0.0,16.951004817371683,0,0,0,0,0,0,0,0,74779356.0,History,Mid-size Studio,August,23.0,29.54,12.91
White Noise,2005,1,10000000.0,91196419.0,17.547778355838506,41773734.21387998,0,0.421681,60.0,1,0.0,16.118095750958314,1,0,0,0,0,0,0,0,23937870.0,Drama,Major Studio,January,10.0,91.2,41.77
Ladyhawke,1985,3,20000000.0,18432000.0,17.23496296498342,30552679.006362353,0,0.1565166,40.0,0,1.0,16.811242881518265,1,0,0,0,0,0,0,0,128572847.1,Adventure,Major Studio,March,20.0,18.43,30.55
Ida,2013,10,2159280.0,10700000.0,15.67502347234531,6420607.62352754,0,0.04358385,25.0,0,0.0,14.585285853876336,0,0,0,0,0,0,0,0,51751835.0,Drama,Mid-size Studio,October,2.16,10.7,6.42
Million Dollar Arm,2014,5,25000000.0,38307627.0,17.454316952126835,38046396.21055466,0,0.15899007,25.0,0,0.0,17.034386422832473,1,0,0,0,0,1,0,0,29438330.0,Drama,Major Studio,May,25.0,38.31,38.05
The Wild Bunch,1969,6,6244087.0,638641.0,15.054381846723643,3451714.2753806645,0,0.09177729,25.0,0,1.0,15.647145654047936,0,0,0,0,0,0,0,0,5338291.0,Adventure,Mid-size Studio,June,6.24,0.64,3.45
The Homesman,2014,5,16000000.0,3442853.0,15.511394729491029,5451462.86410218,0,0.09169152,40.0,0,1.0,16.588099342704055,0,0,0,0,0,0,0,0,12036149.0,Western,Mid-size Studio,May,16.0,3.44,5.45
The Tale of Despereaux,2008,12,60000000.0,50877145.0,18.00229302593804,65810700.900675744,0,0.26969144,0.0,0,1.0,17.909855136853043,0,0,0,1,0,0,0,0,51751835.0,Adventure,Mid-size Studio,December,60.0,50.88,65.81
A Man Apart,2003,4,36000000.0,44350926.0,17.7000497709546,48644521.53040724,0,0.3207024,25.0,0,0.0,17.399029524198163,1,0,1,0,0,0,0,0,101996641.28571428,Action,Major Studio,April,36.0,44.35,48.64
Winnie the Pooh,2011,4,30000000.0,14460000.0,17.448693553308825,37833046.58269631,0,0.20405361,0.0,0,1.0,17.216707972959764,1,0,0,1,0,1,0,0,51751835.0,Animation,Major Studio,April,30.0,14.46,37.83
Young Guns,1988,8,13000000.0,44726644.0,16.938814374336292,22721321.854142796,0,0.10204184,40.0,0,0.0,16.380459992348886,1,0,1,0,0,0,0,0,51751835.0,Crime,Major Studio,August,13.0,44.73,22.72
Dangerous Liaisons,1988,12,14000000.0,34670720.0,17.689773287655893,48147186.710328035,0,0.17045581,40.0,0,0.0,16.454567959008102,1,0,0,0,0,0,0,0,49105774.571428575,Drama,Major Studio,December,14.0,34.67,48.15
The Debt,2010,4,20000000.0,45636368.0,16.921745914347674,22336794.84146735,0,0.13118988,40.0,0,0.0,16.811242881518265,0,0,0,0,0,0,0,0,143561277.75,Drama,Mid-size Studio,April,20.0,45.64,22.34
Executive Decision,1996,3,55000000.0,121969216.0,18.073033777467533,70634818.678938,1,0.5494478,25.0,1,0.0,17.822843761378564,1,0,1,0,0,0,0,0,67312826.0,Action,Major Studio,March,55.0,121.97,70.63
Showgirls,1995,9,45000000.0,20350754.0,17.296200434560365,32482122.004489314,0,0.20657822,45.0,0,1.0,17.622173069956816,0,0,0,0,0,0,0,0,149734705.25,Drama,Mid-size Studio,September,45.0,20.35,32.48
Jersey Boys,2014,6,40000000.0,67347013.0,17.833182585982772,55571585.03081409,0,0.41961494,25.0,1,0.0,17.50439003707821,1,0,0,0,0,0,0,0,128669046.05263156,Music,Major Studio,June,40.0,67.35,55.57
The White Ribbon,2009,5,15238800.0,,17.31550811520544,33115370.065728273,0,0.12683213,40.0,0,,16.539355430587086,0,0,0,0,0,0,0,0,13889182.0,Crime,Mid-size Studio,May,15.24,,33.12
Battlefield Earth,2000,5,44000000.0,21400000.0,16.498558658268824,14629616.94652555,0,0.11063398,0.0,0,1.0,17.599700214609808,1,0,1,0,0,0,0,0,51751835.0,Action,Major Studio,May,44.0,21.4,14.63
The Peacemaker,1997,9,50000000.0,,17.775897195724042,52477610.85348302,0,0.22280933,20.0,0,,17.72753358339242,0,0,1,0,0,0,0,0,98086037.5,Action,Mid-size Studio,September,50.0,,52.48
Vampires,1998,4,20000000.0,,17.483440123605305,39170720.438265815,0,0.17128195,40.0,0,,16.811242881518265,1,0,1,0,0,0,0,0,19629760.0,Action,Major Studio,April,20.0,,39.17
Sunshine Cleaning,2008,1,5000000.0,16174377.0,16.021759870056744,9081589.2241073,0,0.06878958,45.0,0,0.0,15.424948670398354,0,0,0,0,1,0,0,0,51751835.0,Comedy,Mid-size Studio,January,5.0,16.17,9.08
Friday the 13th Part III,1982,8,4000000.0,36690067.0,17.449790292756305,37874562.340221725,0,0.070269935,0.0,0,0.0,15.201805169084134,1,0,0,0,0,0,0,0,39296595.0,Horror,Major Studio,August,4.0,36.69,37.87
The Runaways,2010,3,10000000.0,2995811.0,15.879442973079016,7876883.164789757,0,0.06347989,40.0,0,1.0,16.118095750958314,0,0,0,0,0,0,0,0,51751835.0,Drama,Mid-size Studio,March,10.0,3.0,7.88
Heartbreakers,2001,3,35000000.0,,17.962413565219517,63237848.55492282,0,0.17168921,0.0,0,,17.370858648025116,0,0,0,0,1,0,0,0,51751835.0,Crime,Mid-size Studio,March,35.0,,63.24
The Astronaut's Wife,1999,8,75000000.0,19598588.0,17.459640979694218,38249496.45404687,0,0.2114319,25.0,0,1.0,18.13299868483392,1,0,0,0,0,0,0,0,51751835.0,Drama,Major Studio,August,75.0,19.6,38.25
Bowfinger,1999,8,55000000.0,,17.822793843209638,54997254.569183215,0,0.3443874,0.0,0,,17.822843761378564,1,0,0,0,1,0,0,0,54909139.5,Comedy,Major Studio,August,55.0,,55.0
Free Birds,2013,10,55000000.0,110000000.0,18.1500256691124,76287957.7392874,1,0.5380833,0.0,1,0.0,17.822843761378564,0,0,0,1,1,1,0,0,10539000.0,Animation,Mid-size Studio,October,55.0,110.0,76.29
Swingers,1996,10,200000.0,4505922.0,15.549666502682015,5664143.934134604,0,0.05708382,0.0,0,0.0,12.206077645517674,0,0,0,0,1,0,0,0,222942455.0,Comedy,Mid-size Studio,October,0.2,4.51,5.66
License to Wed,2007,7,35000000.0,69307224.0,17.632321281236628,45458994.56548472,1,0.5833074,0.0,1,0.0,17.370858648025116,1,0,0,0,1,0,0,0,80343905.66666667,Comedy,Major Studio,July,35.0,69.31,45.46
Road House,1989,5,15000000.0,30050028.0,17.479557626305304,39018935.06186464,0,0.14059295,15.0,0,0.0,16.52356082573315,0,0,1,0,0,0,0,0,51751835.0,Action,Mid-size Studio,May,15.0,30.05,39.02
An Inconvenient Truth,2006,1,1000000.0,46243000.0,16.982766651369772,23742247.384741277,0,0.041936893,20.0,0,0.0,13.815511557963774,0,0,0,0,0,0,0,0,4031929.5,Documentary,Mid-size Studio,January,1.0,46.24,23.74
Semi-Pro,2008,2,,33472850.0,16.57775568330718,15835354.426142553,0,0.11908119,0.0,0,,,1,0,0,0,1,0,0,0,51751835.0,Comedy,Major Studio,February,,33.47,15.84
Session 9,2001,8,1500000.0,373967.0,15.366402816218832,4715674.906769295,0,0.06164552,0.0,0,1.0,14.220976332738882,0,0,0,0,0,0,0,0,27567341.0,Horror,Mid-size Studio,August,1.5,0.37,4.72
Dick Tracy,1990,6,47000000.0,103738726.0,18.134199579257725,75090121.18517014,1,0.60077614,0.0,1,0.0,17.665658180950928,0,0,1,0,1,0,0,0,34792771.5,Adventure,Mid-size Studio,June,47.0,103.74,75.09
Rubber,2010,7,500000.0,98017.0,12.164006220829766,191760.218009983,0,0.048186686,25.0,0,1.0,13.122365377402328,0,0,0,0,1,1,0,0,51751835.0,Comedy,Mid-size Studio,July,0.5,0.1,0.19
Pale Rider,1985,6,,41410568.0,17.234971444165655,30552938.0692022,0,0.15380251,25.0,0,,,1,0,0,0,0,0,0,0,130034122.10526316,Romance,Major Studio,June,,41.41,30.55
You Will Meet a Tall Dark Stranger,2010,5,22000000.0,,17.39537552272916,35868695.982093714,0,0.14199364,40.0,0,,16.906553056777135,0,0,0,0,1,0,0,0,36674620.0,Comedy,Mid-size Studio,May,22.0,,35.87
After.Life,2010,4,4500000.0,3606395.0,15.758164906569911,6977245.457448723,0,0.05656106,25.0,0,1.0,15.319588176962746,0,0,0,0,0,0,0,0,51751835.0,Drama,Mid-size Studio,April,4.5,3.61,6.98
The Legend of Bagger Vance,2000,11,80000000.0,39459427.0,17.828507766852695,55312404.20110883,0,0.19025646,25.0,0,1.0,18.19753720513815,1,0,0,0,0,0,0,0,88526078.33333333,Fantasy,Major Studio,November,80.0,39.46,55.31
The Immigrant,2013,7,16000000.0,5867686.0,16.18802453799186,10724318.14727698,0,0.09160765,40.0,0,1.0,16.588099342704055,0,0,0,0,0,0,0,0,29037534.0,Drama,Mid-size Studio,July,16.0,5.87,10.72
Fish Tank,2009,5,3000000.0,2357852.0,15.172912959540106,3886084.68965634,0,0.026308116,25.0,0,1.0,14.914123179965662,0,0,0,0,0,0,0,0,51751835.0,Drama,Mid-size Studio,May,3.0,2.36,3.89
Mystery Men,1999,8,68000000.0,29762011.0,17.27740322270262,31877251.40723275,0,0.20186469,0.0,0,1.0,18.035018277846262,1,0,1,0,1,0,1,0,51751835.0,Adventure,Major Studio,August,68.0,29.76,31.88
Monster's Ball,2001,11,4000000.0,44909486.0,16.88220570074155,21470826.274072725,0,0.08382532,25.0,0,0.0,15.201805169084134,0,0,0,0,0,0,0,0,227363243.0,Drama,Mid-size Studio,November,4.0,44.91,21.47
Time Bandits,1981,7,5000000.0,42365581.0,17.376209976297655,35187798.53252768,0,0.1191253,0.0,0,0.0,15.424948670398354,0,0,0,0,1,0,0,0,45454717.6,Family,Mid-size Studio,July,5.0,42.37,35.19
Stripes,1981,6,10000000.0,85300000.0,17.76608786033912,51965356.901567735,0,0.47837654,15.0,1,0.0,16.118095750958314,0,0,1,0,1,0,0,0,136679968.0,Action,Mid-size Studio,June,10.0,85.3,51.97
Alfie,2004,10,60000000.0,13395939.0,17.556053470002368,42120850.87602455,0,0.23588966,0.0,0,1.0,17.909855136853043,1,0,0,0,1,0,0,0,51751835.0,Comedy,Major Studio,October,60.0,13.4,42.12
The Big Year,2011,10,41000000.0,7448385.0,16.694115801798095,17789442.931647398,0,0.2447208,0.0,0,1.0,17.529082649058825,0,0,0,0,1,1,0,0,228304840.33333337,Comedy,Mid-size Studio,October,41.0,7.45,17.79
Doctor Zhivago,1965,12,11000000.0,111858363.0,17.713534268228802,49304910.9650266,1,0.5142477,40.0,1,0.0,16.213405921671733,0,0,0,0,0,0,0,0,43494346.0,Drama,Mid-size Studio,December,11.0,111.86,49.3
Lake Placid,1999,7,27000000.0,56870414.0,17.29098991311193,32313313.378290206,0,0.47178155,0.0,1,0.0,17.11134746100564,0,0,1,0,1,0,0,0,29206421.5,Horror,Mid-size Studio,July,27.0,56.87,32.31
This Is It,2009,10,60000000.0,,18.287398650978677,87521815.43875025,0,0.43046793,0.0,0,,17.909855136853043,1,0,0,0,0,1,0,0,23257356.5,Music,Major Studio,October,60.0,,87.52
Getaway,2013,8,18000000.0,10501938.0,16.181682065544912,10656514.69662559,0,0.1016402,15.0,0,1.0,16.705882371415992,0,0,1,0,0,0,0,0,51751835.0,Action,Mid-size Studio,August,18.0,10.5,10.66
Gosford Park,2001,11,19800000.0,87754044.0,17.445192128697297,37700808.66441473,0,0.40207976,40.0,1,0.0,16.801192546169812,0,0,0,0,0,0,0,0,51751835.0,Drama,Mid-size Studio,November,19.8,87.75,37.7
Blast from the Past,1999,2,35000000.0,40263020.0,17.54210928470615,41537585.94061906,0,0.18766385,0.0,0,0.0,17.370858648025116,1,0,0,0,1,0,0,0,131299448.0,Comedy,Major Studio,February,35.0,40.26,41.54
A Nightmare on Elm Street 5: The Dream Child,1989,8,8000000.0,22168359.0,17.267621107128015,31566944.642729662,0,0.13843767,0.0,0,0.0,15.894952224644102,1,0,0,0,0,0,0,0,71170985.8,Horror,Major Studio,August,8.0,22.17,31.57
How to Lose Friends & Alienate People,2008,10,27000000.0,17286299.0,17.02543874176257,24777305.748631734,0,0.07142731,25.0,0,1.0,17.11134746100564,0,0,0,0,1,0,0,0,51751835.0,Comedy,Mid-size Studio,October,27.0,17.29,24.78
Aliens in the Attic,2009,7,45000000.0,57881056.0,17.74460057096575,50860673.05242823,1,0.53864574,0.0,1,0.0,17.622173069956816,1,0,0,0,1,1,0,0,22593409.0,Adventure,Major Studio,July,45.0,57.88,50.86
Kingpin,1996,7,27000000.0,25023434.0,17.017998787962295,24593647.781687375,0,0.18049936,0.0,0,1.0,17.11134746100564,0,0,0,0,1,0,0,0,131319446.5,Comedy,Mid-size Studio,July,27.0,25.02,24.59
Black Snake Moan,2006,12,15000000.0,10903846.0,16.615697124553833,16447714.078974605,0,0.10788435,40.0,0,1.0,16.52356082573315,0,0,0,0,0,0,0,0,23563727.0,Drama,Mid-size Studio,December,15.0,10.9,16.45
Black Rain,1989,9,30000000.0,45892212.0,17.757854186928466,51539247.74503344,0,0.18644781,20.0,0,0.0,17.216707972959764,1,0,1,0,0,0,0,0,209577719.0,Action,Major Studio,September,30.0,45.89,51.54
The Vatican Tapes,2015,7,13000000.0,1784763.0,15.258429266156616,4233031.791711514,0,0.09147212,15.0,0,1.0,16.380459992348886,0,0,0,0,0,0,0,0,51751835.0,Thriller,Mid-size Studio,July,13.0,1.78,4.23
Promised Land,2012,9,15000000.0,8138788.0,16.139092180119274,10212184.071463086,0,0.17796186,60.0,0,1.0,16.52356082573315,0,0,0,0,0,0,0,0,95463574.25,Drama,Mid-size Studio,September,15.0,8.14,10.21
The Lords of Salem,2012,9,1500000.0,1165882.0,14.615867419270444,2226334.279663312,0,0.045147706,20.0,0,1.0,14.220976332738882,0,0,0,0,0,0,0,0,28125506.0,Horror,Mid-size Studio,September,1.5,1.17,2.23
Stigmata,1999,9,29000000.0,50041732.0,17.450721084415026,37909832.07969977,0,0.09607069,20.0,0,0.0,17.182806422433504,0,0,0,0,0,0,0,0,51751835.0,Horror,Mid-size Studio,September,29.0,50.04,37.91
The Love Guru,2008,6,62000000.0,41819064.0,17.646608399774035,46113134.38330268,0,0.25039247,0.0,0,1.0,17.9426449591384,1,0,0,0,1,0,0,0,51751835.0,Comedy,Major Studio,June,62.0,41.82,46.11
Joe Dirt,2001,4,17700000.0,30987695.0,17.588559121395253,43512512.50164461,0,0.16524772,40.0,0,0.0,16.68907525404123,1,0,0,0,1,0,0,0,51751835.0,Mystery,Major Studio,April,17.7,30.99,43.51
Hart's War,2002,2,70000000.0,32287044.0,17.63517137026906,45588741.55758288,0,0.27621046,25.0,0,1.0,18.064005814299342,0,0,0,0,0,0,0,0,50294827.5,Drama,Mid-size Studio,February,70.0,32.29,45.59
Mr. Smith Goes to Washington,1939,10,1500000.0,9600000.0,15.808103032201462,7334522.699945852,0,0.04625043,25.0,0,0.0,14.220976332738882,1,0,0,0,1,0,0,0,6644306.25,Comedy,Major Studio,October,1.5,9.6,7.33
The Hustler,1961,9,2000000.0,7600000.0,15.775608646952543,7100022.46511987,0,0.044846658,45.0,0,0.0,14.508658238524095,1,0,0,0,0,0,0,0,51751835.0,Drama,Major Studio,September,2.0,7.6,7.1
Pride and Glory,2008,9,30000000.0,31148328.0,17.26838755237776,31591148.252452504,0,0.10168745,45.0,0,0.0,17.216707972959764,1,0,0,0,0,0,0,0,22545320.75,Thriller,Major Studio,September,30.0,31.15,31.59
Disaster Movie,2008,8,25000000.0,14109284.0,17.22173311771366,30151133.7641264,0,0.28021356,0.0,0,1.0,17.034386422832473,0,0,1,0,1,1,0,0,75152171.75,Action,Mid-size Studio,August,25.0,14.11,30.15
Half Nelson,2006,8,700000.0,4911725.0,15.01499527702538,3318405.570465165,0,0.031479005,25.0,0,0.0,13.45883704259595,0,0,0,0,0,0,0,0,6491240.0,Drama,Mid-size Studio,August,0.7,4.91,3.32
Playing for Keeps,2012,11,35000000.0,,17.743487509796722,50804093.505199715,0,0.18859297,0.0,0,,17.370858648025116,0,0,0,0,1,0,0,0,237622493.0,Comedy,Mid-size Studio,November,35.0,,50.8
Little Children,2006,10,26000000.0,14821658.0,17.259350730097303,31306950.70644074,0,0.1126801,25.0,0,1.0,17.073607134447293,1,0,0,0,0,0,0,0,51751835.0,Romance,Major Studio,October,26.0,14.82,31.31
Rumble in the Bronx,1995,1,7500000.0,32392047.0,17.06669816293571,25820985.847715262,0,0.067845024,20.0,0,0.0,15.830413711839864,1,0,1,0,1,1,0,0,51751835.0,Crime,Major Studio,January,7.5,32.39,25.82
Queen of the Damned,2002,2,35000000.0,45479110.0,17.685720624140156,47952457.21239596,0,0.3366079,25.0,0,0.0,17.370858648025116,1,0,0,0,0,0,0,0,14011454.0,Drama,Major Studio,February,35.0,45.48,47.95
I Heart Huckabees,2004,9,22000000.0,,17.16314331069291,28435339.425001096,0,0.09767387,35.0,0,,16.906553056777135,0,0,0,0,1,0,0,0,104567029.5,Comedy,Mid-size Studio,September,22.0,,28.44
Arlington Road,1999,3,21500000.0,,17.328965033535013,33564012.81370056,0,0.10187949,40.0,0,,16.88356353960952,0,0,0,0,0,0,0,0,38944190.5,Drama,Mid-size Studio,March,21.5,,33.56
Goal!: The Dream Begins,2005,6,30000000.0,27610873.0,17.662019170275414,46829277.313848674,0,0.10080136,25.0,0,1.0,17.216707972959764,0,0,0,0,0,0,0,0,40002112.0,Drama,Mid-size Studio,June,30.0,27.61,46.83
Untraceable,2008,1,35000000.0,32483410.0,17.675142784524425,47447897.08293118,0,0.20405151,45.0,0,1.0,17.370858648025116,0,0,0,0,0,0,0,0,50196644.5,Drama,Mid-size Studio,January,35.0,32.48,47.45
Midnight Run,1988,7,30000000.0,38413606.0,17.977254576697963,64183361.03233191,0,0.23480032,0.0,0,0.0,17.216707972959764,1,0,0,0,1,0,0,0,155522262.33333334,Adventure,Major Studio,July,30.0,38.41,64.18
Diary of a Wimpy Kid: Rodrick Rules,2011,3,21000000.0,72417394.0,17.44480366164746,37686165.986391,0,0.49323016,15.0,1,0.0,16.860033043306743,0,0,0,0,1,0,0,0,61887519.666666664,Family,Mid-size Studio,March,21.0,72.42,37.69
El Mariachi,1992,9,220000.0,2040920.0,16.248456878054398,11392397.333034284,0,0.070416115,20.0,0,0.0,12.301387370778713,1,0,1,0,0,0,0,0,73857244.06666666,Action,Major Studio,September,0.22,2.04,11.39
The Sisterhood of the Traveling Pants 2,2008,8,27000000.0,44352417.0,17.428361154098024,37071577.43606286,0,0.22585829,55.00000000000001,0,0.0,17.11134746100564,0,1,0,0,1,0,0,0,21520719.0,Adventure,Independent,August,27.0,44.35,37.07
The Kid,2000,7,65000000.0,69700000.0,18.07326706943794,70651299.1375048,1,0.7212699,0.0,1,0.0,17.989897843244528,1,0,0,0,1,0,0,0,200807773.8,Fantasy,Major Studio,July,65.0,69.7,70.65
"Run, Fatboy, Run",2007,9,10000000.0,33000000.0,16.988074683424575,23868607.064150933,0,0.06585342,35.0,0,0.0,16.118095750958314,0,0,0,0,1,0,0,0,120000.0,Comedy,Mid-size Studio,September,10.0,33.0,23.87
Friday the 13th: The Final Chapter,1984,4,2600000.0,32980880.0,17.225407807982798,30262133.665871125,0,0.049413912,0.0,0,0.0,14.77102238760702,1,0,0,0,0,0,0,0,51751835.0,Horror,Major Studio,April,2.6,32.98,30.26
Waiting...,2005,10,3000000.0,18637690.0,15.086088090685216,3562908.6651896513,0,0.044787306,0.0,0,0.0,14.914123179965662,0,0,0,0,1,0,0,0,51751835.0,Comedy,Mid-size Studio,October,3.0,18.64,3.56
The Ghost and the Darkness,1996,10,50000000.0,75000000.0,17.807254150167058,54149220.261225335,0,0.4143101,0.0,1,0.0,17.72753358339242,0,0,0,0,0,0,0,0,60604657.6,Adventure,Mid-size Studio,October,50.0,75.0,54.15
Cradle 2 the Grave,2003,2,25000000.0,56489558.0,17.615312210806362,44692318.019651085,1,0.5725256,25.0,1,0.0,17.034386422832473,1,0,1,0,0,0,0,0,59936720.25,Action,Major Studio,February,25.0,56.49,44.69
Sydney White,2007,9,16500000.0,13620075.0,16.79609725895979,19699369.895501193,0,0.06628696,35.0,0,1.0,16.61887099947687,0,0,0,0,1,0,0,0,10130000.0,Comedy,Mid-size Studio,September,16.5,13.62,19.7
Blow Out,1981,7,18000000.0,12000000.0,17.34303256984523,34039512.50978011,0,0.25804308,40.0,0,1.0,16.705882371415992,0,0,0,0,0,0,0,0,82656431.9090909,Drama,Mid-size Studio,July,18.0,12.0,34.04
Conquest of the Planet of the Apes,1972,6,1700000.0,9700000.0,15.903480726256058,8068519.791684038,0,0.054556232,0.0,0,0.0,14.346139397261563,1,0,1,0,0,0,0,0,8844595.0,Action,Major Studio,June,1.7,9.7,8.07
Sicko,2007,5,9000000.0,24538513.0,17.81340006868683,54483041.73201887,0,0.117180854,15.0,0,0.0,16.012735246411598,0,0,0,0,0,0,0,0,44705466.75,Documentary,Mid-size Studio,May,9.0,24.54,54.48
The Rainmaker,1997,11,40000000.0,45916769.0,17.623992384306433,45081943.66559329,0,0.1944673,25.0,0,0.0,17.50439003707821,1,0,0,0,0,0,0,0,93347510.66666669,Drama,Major Studio,November,40.0,45.92,45.08
The Right Stuff,1983,10,27000000.0,21500000.0,17.699538029149767,48619634.46307183,0,0.27239662,25.0,0,1.0,17.11134746100564,1,0,0,0,0,0,0,0,7060876.0,Drama,Major Studio,October,27.0,21.5,48.62
Valiant,2005,3,35000000.0,19478106.0,17.873924273608502,57882419.23802849,0,0.37926722,0.0,0,1.0,17.370858648025116,0,0,0,1,0,0,0,0,51751835.0,Animation,Mid-size Studio,March,35.0,19.48,57.88
Notes on a Scandal,2006,12,15000000.0,49469904.0,16.10846491734904,9904153.93386661,0,0.08145919,40.0,0,0.0,16.52356082573315,0,0,0,0,0,0,0,0,51751835.0,Drama,Mid-size Studio,December,15.0,49.47,9.9
Fair Game,2010,5,22000000.0,24188922.0,16.893118214373565,21706410.037074737,0,0.12581183,40.0,0,0.0,16.906553056777135,0,0,0,0,0,1,0,0,219661955.0,Drama,Mid-size Studio,May,22.0,24.19,21.71
The Longest Day,1962,9,10000000.0,50100000.0,17.371658275359202,35027998.15004384,0,0.20968723,60.0,0,0.0,16.118095750958314,1,0,1,0,0,0,0,0,51751835.0,Action,Major Studio,September,10.0,50.1,35.03
The Soloist,2009,4,60000000.0,31720158.0,17.530423090804067,41054994.96343323,0,0.29247484,25.0,0,1.0,17.909855136853043,1,0,0,0,0,0,0,0,102302711.2,Drama,Major Studio,April,60.0,31.72,41.05
Flash Gordon,1980,9,35000000.0,27107960.0,17.345169233059362,34112321.24229393,0,0.13992229,20.0,0,1.0,17.370858648025116,0,0,0,0,0,0,0,0,51751835.0,Science Fiction,Mid-size Studio,September,35.0,27.11,34.11
My Name Is Khan,2010,2,12000000.0,42345360.0,17.328405300506898,33545231.183452647,0,0.13524042,40.0,0,0.0,16.300417291085605,0,0,0,0,0,0,0,0,17000000.0,Drama,Mid-size Studio,February,12.0,42.35,33.55
Courage Under Fire,1996,7,46000000.0,100860818.0,17.99859672003962,65567893.43684149,1,0.62769914,25.0,1,0.0,17.6441519761925,0,0,0,0,0,0,0,0,172432844.16666666,Drama,Mid-size Studio,July,46.0,100.86,65.57
The Young and Prodigious T.S. Spivet,2013,10,33000000.0,9494789.0,17.05830598302151,25605198.21132931,0,0.17303517,25.0,0,1.0,17.312018149733785,0,0,0,0,0,0,0,0,116640651.33333331,Adventure,Mid-size Studio,October,33.0,9.49,25.61
Super Mario Bros.,1993,5,48000000.0,20915465.0,17.508435447163052,40162144.15611259,0,0.24369353,0.0,0,1.0,17.6867115897055,0,0,0,0,1,0,0,0,51751835.0,Adventure,Mid-size Studio,May,48.0,20.92,40.16
Jimmy Neutron: Boy Genius,2001,12,25000000.0,80936232.0,17.964628377774886,63378063.7559679,1,0.5612361,0.0,1,0.0,17.034386422832473,0,0,1,1,1,0,0,0,55181129.0,Action,Mid-size Studio,December,25.0,80.94,63.38
The Triplets of Belleville,2003,6,8000000.0,1477676.0,15.488880952536917,5330101.104562727,0,0.042664845,25.0,0,1.0,15.894952224644102,0,0,0,1,1,0,0,0,51751835.0,Adventure,Mid-size Studio,June,8.0,1.48,5.33
Sling Blade,1996,8,1000000.0,24475416.0,16.7299877413222,18439168.57753069,0,0.053435966,25.0,0,0.0,13.815511557963774,0,0,0,0,0,0,0,0,51751835.0,Drama,Mid-size Studio,August,1.0,24.48,18.44
The Wedding Date,2005,2,15000000.0,47175038.0,16.61735927663272,16475075.41583814,0,0.115591265,15.0,0,0.0,16.52356082573315,0,0,0,0,1,0,0,0,51751835.0,Comedy,Mid-size Studio,February,15.0,47.18,16.48
Heaven is for Real,2014,4,12000000.0,101332962.0,16.886109000966652,21554797.134129956,0,0.25772953,40.0,1,0.0,16.300417291085605,0,0,0,0,0,0,0,0,87456077.5,Drama,Mid-size Studio,April,12.0,101.33,21.55
Halloween III: Season of the Witch,1982,10,2500000.0,14400000.0,16.375745421854862,12938854.82873029,0,0.03536722,0.0,0,0.0,14.731801689838347,1,0,0,0,0,0,0,0,51751835.0,Horror,Major Studio,October,2.5,14.4,12.94
Osmosis Jones,2001,8,75000000.0,13596911.0,17.545009051837738,41658210.0763832,0,0.4175758,0.0,0,1.0,18.13299868483392,1,0,1,1,1,0,0,0,132462098.8,Adventure,Major Studio,August,75.0,13.6,41.66
Halloween: Resurrection,2002,7,13000000.0,37664855.0,17.334989206118514,33766818.48034887,0,0.11469175,15.0,0,0.0,16.380459992348886,0,0,0,0,0,0,0,0,51751835.0,Horror,Mid-size Studio,July,13.0,37.66,33.77
Holy Motors,2012,7,,641100.0,15.052364133329078,3444756.7247672826,0,0.06409437,25.0,0,,,0,0,0,0,0,0,0,0,51751835.0,Drama,Mid-size Studio,July,,0.64,3.44
Bad Company,2002,6,70000000.0,65977295.0,17.81103394598211,54354280.56002765,1,0.7385484,0.0,1,1.0,18.064005814299342,0,0,1,0,1,0,0,0,114254941.83333331,Action,Mid-size Studio,June,70.0,65.98,54.35
Ironclad,2011,3,25000000.0,,16.590389848712707,16036690.10183736,0,0.09555777,25.0,0,,17.034386422832473,0,0,1,0,0,0,0,0,51751835.0,Romance,Mid-size Studio,March,25.0,,16.04
After the Sunset,2004,11,60000000.0,61347797.0,17.70672477454543,48970310.002941206,0,0.39606622,25.0,1,0.0,17.909855136853043,1,0,1,0,1,0,0,0,278372418.5,Action,Major Studio,November,60.0,61.35,48.97
The Squid and the Whale,2005,10,1500000.0,11098131.0,15.724629431789888,6747140.09595596,0,0.04370421,25.0,0,0.0,14.220976332738882,0,0,0,0,1,0,0,0,5828655.5,Comedy,Mid-size Studio,October,1.5,11.1,6.75
Creepshow,1982,11,8000000.0,21028755.0,16.84534691306082,20693844.86987788,0,0.08307024,0.0,0,0.0,15.894952224644102,1,0,0,0,1,0,1,0,29033865.0,Horror,Major Studio,November,8.0,21.03,20.69
Observe and Report,2009,4,,24007324.0,15.968273379585504,8608608.624667116,0,0.10029997,25.0,0,,,1,0,0,0,1,0,0,0,51751835.0,Comedy,Major Studio,April,,24.01,8.61
Bringing Out the Dead,1999,10,32000000.0,,17.67067900295041,47236572.035063915,0,0.09710477,25.0,0,,17.281246492014,1,0,0,0,0,0,0,0,52293982.0,Drama,Major Studio,October,32.0,,47.24
That Thing You Do!,1996,10,,34585416.0,16.867043379826043,21147734.30247273,0,0.07452803,25.0,0,,,1,0,0,0,1,0,0,0,36160375.0,Comedy,Major Studio,October,,34.59,21.15
Barnyard,2006,8,51000000.0,72779000.0,17.946536827786456,62241766.01569797,1,0.7425421,0.0,1,0.0,17.747336210296442,1,0,0,1,1,0,0,0,212385533.0,Animation,Major Studio,August,51.0,72.78,62.24
Deuce Bigalow: European Gigolo,2005,8,22000000.0,22400154.0,16.724679282835595,18341544.357612148,0,0.09203017,15.0,0,0.0,16.906553056777135,0,0,0,0,1,0,0,0,51751835.0,Comedy,Mid-size Studio,August,22.0,22.4,18.34
Charlie Bartlett,2008,2,12000000.0,,16.926213924266303,22436819.155250795,0,0.08806583,40.0,0,,16.300417291085605,0,0,0,0,1,0,0,0,51751835.0,Comedy,Mid-size Studio,February,12.0,,22.44
The Sentinel,2006,4,60000000.0,77920346.0,17.523813320874087,40784525.74002005,0,0.42001516,0.0,1,0.0,17.909855136853043,1,0,1,0,0,0,0,0,116643346.0,Action,Major Studio,April,60.0,77.92,40.78
Think Like a Man Too,2014,6,24000000.0,70181428.0,17.398303744824286,35973881.42112413,0,0.40021533,0.0,1,0.0,16.993564429978885,0,0,0,0,1,0,0,0,147945009.4,Comedy,Mid-size Studio,June,24.0,70.18,35.97
Guess Who,2005,3,35000000.0,68915888.0,17.694667865112393,48383424.52039195,0,0.438526,0.0,1,0.0,17.370858648025116,1,0,0,0,1,0,0,0,51371381.0,Comedy,Major Studio,March,35.0,68.92,48.38
Mandela: Long Walk to Freedom,2013,12,35000000.0,27330000.0,16.92057619645501,22310682.366798542,0,0.21219324,25.0,0,1.0,17.370858648025116,0,0,0,0,0,0,0,0,51751835.0,Drama,Mid-size Studio,December,35.0,27.33,22.31
The Roommate,2011,2,16000000.0,40492759.0,16.81092716864344,19993686.738829132,0,0.11002976,40.0,0,0.0,16.588099342704055,0,0,0,0,0,0,0,0,51751835.0,Thriller,Mid-size Studio,February,16.0,40.49,19.99
Hit & Run,2012,8,2000000.0,14400000.0,15.787512176798687,7185042.823628767,0,0.05520145,0.0,0,0.0,14.508658238524095,0,0,1,0,1,1,0,0,51751835.0,Action,Mid-size Studio,August,2.0,14.4,7.19
In the Name of the King: A Dungeon Siege Tale,2007,11,60000000.0,,17.542617920655747,41558718.82461322,0,0.23401071,25.0,0,,17.909855136853043,0,0,1,0,0,0,0,0,6424114.0,Adventure,Mid-size Studio,November,60.0,,41.56
Deadfall,2012,11,12000000.0,66351.0,14.062586132877987,1280274.8658602624,0,0.09886482,40.0,0,1.0,16.300417291085605,0,0,0,0,0,0,0,0,23000.0,Crime,Mid-size Studio,November,12.0,0.07,1.28
Jaws: The Revenge,1987,7,23000000.0,51881013.0,16.91869510825063,22268753.45184308,0,0.100813895,15.0,1,0.0,16.951004817371683,1,0,0,0,0,0,0,0,51751835.0,Adventure,Major Studio,July,23.0,51.88,22.27
How Do You Know,2010,12,120000000.0,48668907.0,17.743458085988333,50802598.67724949,0,0.3491552,25.0,0,1.0,18.603002309079653,1,0,0,0,1,1,0,0,184609689.0,Comedy,Major Studio,December,120.0,48.67,50.8
Absolute Power,1997,2,50000000.0,50068310.0,17.950343195910875,62479132.55930759,0,0.32219684,25.0,0,0.0,17.72753358339242,1,0,0,0,0,0,0,0,129578451.4736842,Crime,Major Studio,February,50.0,50.07,62.48
Diary of a Wimpy Kid: Dog Days,2012,8,22000000.0,77112176.0,17.385979105061374,35533237.24744968,0,0.408571,15.0,1,0.0,16.906553056777135,0,0,0,0,1,1,0,0,60322592.333333336,Comedy,Mid-size Studio,August,22.0,77.11,35.53
Date Movie,2006,2,20000000.0,48548426.0,17.47695969136951,38917697.965346664,0,0.32853475,15.0,0,0.0,16.811242881518265,0,0,0,0,1,0,0,0,66542386.25,Comedy,Mid-size Studio,February,20.0,48.55,38.92
Spy Kids: All the Time in the World,2011,8,27000000.0,85564310.0,18.009960386034404,66317234.65717486,1,0.57688063,0.0,1,0.0,17.11134746100564,0,0,1,0,1,0,0,0,68289018.06666666,Family,Mid-size Studio,August,27.0,85.56,66.32
Money Train,1995,11,60000000.0,35431113.0,17.838793544048706,55884271.28406366,0,0.2178373,0.0,0,1.0,17.909855136853043,1,0,1,0,1,0,0,0,51751835.0,Action,Major Studio,November,60.0,35.43,55.88
Soldier,1998,10,75000000.0,14567883.0,16.568472767553832,15689036.335765503,0,0.16412005,0.0,0,1.0,18.13299868483392,1,0,1,0,0,0,0,0,143032650.7777778,Action,Major Studio,October,75.0,14.57,15.69
The Lunchbox,2013,9,1000000.0,4235151.0,16.226730444607046,11147550.603271171,0,0.030936051,45.0,0,0.0,13.815511557963774,0,0,0,0,0,0,0,0,51751835.0,Drama,Mid-size Studio,September,1.0,4.24,11.15
Howard the Duck,1986,8,37000000.0,37962774.0,17.382446705736513,35407941.088972546,0,0.19337198,0.0,0,0.0,17.426428497635523,1,0,0,0,1,0,0,0,51751835.0,Comedy,Major Studio,August,37.0,37.96,35.41
Compliance,2012,8,,319285.0,13.406493759136923,664302.0727158558,0,0.050825194,25.0,0,,,0,0,0,0,0,0,0,0,51751835.0,Drama,Mid-size Studio,August,,0.32,0.66
Are We There Yet?,2005,1,32000000.0,97918663.0,17.60566877852607,44263402.102479056,1,0.6165535,20.0,1,0.0,17.281246492014,1,0,0,0,1,0,0,0,144042103.75,Adventure,Major Studio,January,32.0,97.92,44.26
Confessions of a Teenage Drama Queen,2004,2,15000000.0,29331068.0,17.060783121612374,25668704.46284169,0,0.13443488,15.0,0,0.0,16.52356082573315,1,0,0,0,1,0,0,0,51751835.0,Comedy,Major Studio,February,15.0,29.33,25.67
Mortal Kombat: Annihilation,1997,11,30000000.0,51376861.0,17.587177962673678,43452456.29724634,0,0.15583244,0.0,0,0.0,17.216707972959764,1,0,1,0,0,0,0,0,255273813.0,Action,Major Studio,November,30.0,51.38,43.45
Whiteout,2009,9,40000000.0,12206028.0,17.055684726236173,25538168.29884334,0,0.19575965,20.0,0,1.0,17.50439003707821,1,0,1,0,0,0,1,0,192141356.0,Action,Major Studio,September,40.0,12.21,25.54
Yogi Bear,2010,12,80000000.0,201584141.0,18.299473902457446,88585069.9956592,1,0.7219609,0.0,1,0.0,18.19753720513815,0,0,0,1,1,0,0,0,101702060.0,Comedy,Mid-size Studio,December,80.0,201.58,88.59
Grandma's Boy,2006,1,,6538177.0,16.059879994556887,9434463.652268313,0,0.06940631,20.0,0,,,1,0,0,0,1,0,0,0,51751835.0,Comedy,Major Studio,January,,6.54,9.43
12 Rounds,2009,3,20000000.0,17280326.0,16.967900952312263,23391912.70193947,0,0.14535679,40.0,0,1.0,16.811242881518265,0,0,1,0,0,0,0,0,72444304.57142857,Action,Mid-size Studio,March,20.0,17.28,23.39
My Best Friend's Girl,2008,9,20000000.0,36620508.0,17.05712040066716,25574859.127259854,0,0.08407004,35.0,0,0.0,16.811242881518265,0,0,0,0,1,1,0,0,26155781.0,Romance,Mid-size Studio,September,20.0,36.62,25.57
Don't Say a Word,2001,9,50000000.0,100020092.0,17.614999828544452,44678359.11231675,1,0.5585784,20.0,1,0.0,17.72753358339242,1,0,0,0,0,0,0,0,28477508.25,Thriller,Major Studio,September,50.0,100.02,44.68
The Innkeepers,2011,12,750000.0,78396.0,12.686301604926612,323287.89199502114,0,0.04468208,0.0,0,1.0,13.527829818844936,0,0,0,0,0,0,0,0,51751835.0,Horror,Mid-size Studio,December,0.75,0.08,0.32
The Sea Inside,2004,9,12806000.0,38535221.0,17.194386492678856,29337773.99744348,0,0.09077922,60.0,0,0.0,16.365424447149277,0,0,0,0,0,0,0,0,28356303.0,Drama,Mid-size Studio,September,12.81,38.54,29.34
The Proposition,2005,10,2000000.0,5048693.0,15.272509023628515,4293053.420223798,0,0.033594582,25.0,0,0.0,14.508658238524095,0,0,1,0,0,0,0,0,20137301.0,Action,Mid-size Studio,October,2.0,5.05,4.29
How High,2001,12,12000000.0,31155435.0,17.45815980631594,38192884.25327779,0,0.14278515,15.0,0,0.0,16.300417291085605,1,0,0,0,1,0,0,0,143759818.0,Comedy,Major Studio,December,12.0,31.16,38.19
The Prince,2014,8,18000000.0,266586800.0,17.35870551993636,34577214.78986329,0,0.25547808,15.0,1,0.0,16.705882371415992,0,0,1,0,0,0,0,0,51751835.0,Thriller,Mid-size Studio,August,18.0,266.59,34.58
Major League,1989,2,11000000.0,49797148.0,17.166553616810557,28532478.18271456,0,0.10211461,15.0,0,0.0,16.213405921671733,1,0,0,0,1,0,0,0,51751835.0,Comedy,Major Studio,February,11.0,49.8,28.53
"Jeff, Who Lives at Home",2011,9,10000000.0,4417580.0,15.966509747933054,8593439.588477457,0,0.053087994,60.0,0,1.0,16.118095750958314,0,0,0,0,1,0,0,0,51751835.0,Drama,Mid-size Studio,September,10.0,4.42,8.59
Sexy Beast,2000,9,5000000.0,,16.33268648337444,12393545.894428523,0,0.032449316,45.0,0,,15.424948670398354,0,0,0,0,0,0,0,0,5380251.0,Crime,Mid-size Studio,September,5.0,,12.39
Seabiscuit,2003,7,87000000.0,148336445.0,17.930161702643996,61230848.828692526,1,0.6610635,25.0,1,0.0,18.28141868811311,1,0,0,0,0,0,0,0,358123321.0,Drama,Major Studio,July,87.0,148.34,61.23
Lions for Lambs,2007,10,35000000.0,63215872.0,16.5685173107107,15689735.190581145,0,0.15726924,25.0,1,0.0,17.370858648025116,0,0,1,0,0,0,0,0,80607263.33333333,Action,Mid-size Studio,October,35.0,63.22,15.69
Friday the 13th Part VI: Jason Lives,1986,8,3000000.0,19472057.0,16.50863755099577,14777812.86731214,0,0.04327189,0.0,0,0.0,14.914123179965662,1,0,0,0,0,0,0,0,51751835.0,Horror,Major Studio,August,3.0,19.47,14.78
Devil's Due,2014,1,7000000.0,36433975.0,17.213305332936695,29898094.26848734,0,0.06480131,20.0,0,0.0,15.76142084987672,1,0,0,0,0,0,0,0,51751835.0,Horror,Major Studio,January,7.0,36.43,29.9
Double Impact,1991,8,15000000.0,30102717.0,17.193045492418026,29298458.40052432,0,0.15003222,40.0,0,0.0,16.52356082573315,0,0,1,0,0,0,0,0,3283371.0,Thriller,Mid-size Studio,August,15.0,30.1,29.3
The Pledge,2001,1,35000000.0,29400000.0,17.55133072895901,41922393.999176934,0,0.15713872,45.0,0,1.0,17.370858648025116,0,0,0,0,0,0,0,0,56255142.0,Crime,Mid-size Studio,January,35.0,29.4,41.92
Wild Target,2010,6,8000000.0,3453043.0,15.367987567700682,4723154.005841869,0,0.05307975,0.0,0,1.0,15.894952224644102,0,0,1,0,1,0,0,0,85230101.5,Action,Mid-size Studio,June,8.0,3.45,4.72
Little Women,1994,12,18000000.0,,17.226105215783775,30283246.075785305,0,0.14617114,40.0,0,,16.705882371415992,1,0,0,0,0,0,0,0,51751835.0,Drama,Major Studio,December,18.0,,30.28
Red Dawn,1984,8,4200000.0,38376497.0,17.254230168488053,31147051.26827445,0,0.065817766,0.0,0,0.0,15.250595321348806,0,0,1,0,0,0,0,0,79114085.0,Action,Mid-size Studio,August,4.2,38.38,31.15
Battle for the Planet of the Apes,1973,6,1700000.0,8844595.0,16.344887586744314,12545687.099094534,0,0.045933522,0.0,0,0.0,14.346139397261563,1,0,1,0,0,0,0,0,9700000.0,Action,Major Studio,June,1.7,8.84,12.55
Everything You Always Wanted to Know About Sex *But Were Afraid to Ask,1972,8,2000000.0,18016290.0,16.67442705899979,17442616.636179503,0,0.050966095,0.0,0,0.0,14.508658238524095,0,0,0,0,1,0,0,0,59189522.54545455,Comedy,Mid-size Studio,August,2.0,18.02,17.44
Barbecue,2014,4,6000000.0,14348529.0,16.48232993141236,14394113.006148908,0,0.041401513,0.0,0,0.0,15.607270193858982,0,0,0,0,1,0,0,0,51751835.0,Comedy,Mid-size Studio,April,6.0,14.35,14.39
Without a Paddle,2004,8,19000000.0,69631118.0,17.187642913720243,29140597.978532813,0,0.21900664,15.0,1,0.0,16.759949589762293,1,0,1,0,1,0,0,0,171269535.0,Action,Major Studio,August,19.0,69.63,29.14
Congo,1995,6,50000000.0,152022101.0,17.730186102493178,50132802.00975952,1,0.65634125,25.0,1,0.0,17.72753358339242,1,0,1,0,0,0,0,0,70132694.33333333,Action,Major Studio,June,50.0,152.02,50.13
Stormbreaker,2006,7,40000000.0,23937870.0,17.5614232760135,42347640.04158291,0,0.34057716,0.0,0,1.0,17.50439003707821,0,0,1,0,0,0,0,0,91196419.0,Adventure,Mid-size Studio,July,40.0,23.94,42.35
"McFarland, USA",2015,2,,45710059.0,16.749817866856194,18808469.16175573,0,0.11199401,25.0,0,,,1,0,0,0,0,0,0,0,33312121.0,Drama,Major Studio,February,,45.71,18.81
Hesher,2010,1,7000000.0,382946.0,14.491279410203717,1965542.607773668,0,0.042450283,45.0,0,1.0,15.76142084987672,0,0,0,0,0,1,0,0,51751835.0,Drama,Mid-size Studio,January,7.0,0.38,1.97
Joyeux Noël,2005,11,22000000.0,17709155.0,16.807185465556884,19919016.08053933,0,0.07528478,40.0,0,1.0,16.906553056777135,0,0,0,0,0,0,0,0,51751835.0,Romance,Mid-size Studio,November,22.0,17.71,19.92
The Muppet Christmas Carol,1992,12,,27281507.0,16.69123872546836,17738334.89970117,0,0.11913075,25.0,0,,,1,0,0,0,1,0,0,0,51751835.0,Comedy,Major Studio,December,,27.28,17.74
Dom Hemingway,2013,11,,523511.0,14.04293266612712,1255358.6536760954,0,0.078598164,25.0,0,,,0,0,0,0,1,0,0,0,17297244.0,Comedy,Mid-size Studio,November,,0.52,1.26
My Own Private Idaho,1991,10,2500000.0,,17.09418630545121,26540601.95803863,0,0.043875992,25.0,0,,14.731801689838347,0,0,0,0,0,0,0,0,54586584.0,Drama,Mid-size Studio,October,2.5,,26.54
Walk Hard: The Dewey Cox Story,2007,12,35000000.0,18317151.0,17.514116235030347,40390946.05525443,0,0.19816874,0.0,0,1.0,17.370858648025116,0,0,0,0,1,1,0,0,114749113.0,Comedy,Mid-size Studio,December,35.0,18.32,40.39
Raise Your Voice,2004,8,15000000.0,14867514.0,17.12390065454448,27341072.533951774,0,0.093090974,40.0,0,1.0,16.52356082573315,1,0,0,0,0,0,0,0,47088990.0,Music,Major Studio,August,15.0,14.87,27.34
Hobo with a Shotgun,2011,5,3000000.0,748453.0,13.923132185247312,1113625.299850994,0,0.036077227,0.0,0,1.0,14.914123179965662,0,0,1,0,1,0,0,0,51751835.0,Action,Mid-size Studio,May,3.0,0.75,1.11
Dumb and Dumberer: When Harry Met Lloyd,2003,6,19000000.0,39267515.0,17.247411066591926,30935378.873141143,0,0.10425321,15.0,0,0.0,16.759949589762293,1,0,0,0,1,0,0,0,51751835.0,Comedy,Major Studio,June,19.0,39.27,30.94
Night Watch,2004,6,4200000.0,32000000.0,16.826720303115437,20311956.360054083,0,0.05830387,0.0,0,0.0,15.250595321348806,0,0,1,0,0,0,0,0,154865486.0,Fantasy,Mid-size Studio,June,4.2,32.0,20.31
The Station Agent,2003,1,500000.0,8679814.0,15.228945123939038,4110046.41926136,0,0.036099568,45.0,0,0.0,13.122365377402328,0,0,0,0,1,0,0,0,88346473.0,Drama,Mid-size Studio,January,0.5,8.68,4.11
Parental Guidance,2012,12,25000000.0,119772232.0,17.25848186150334,31279760.893228263,0,0.43597686,0.0,1,0.0,17.034386422832473,1,0,0,0,1,0,0,0,85535236.0,Comedy,Major Studio,December,25.0,119.77,31.28
The Act of Killing,2012,8,1000000.0,444575.0,16.31155463461347,12134395.14673085,0,0.022452919,0.0,0,1.0,13.815511557963774,0,0,0,0,0,0,0,0,51751835.0,Documentary,Mid-size Studio,August,1.0,0.44,12.13
The River Wild,1994,9,45000000.0,,17.660189204539417,46743659.70163409,0,0.29497746,20.0,0,,17.622173069956816,1,0,1,0,0,0,0,0,65989428.5,Action,Major Studio,September,45.0,,46.74
The Joneses,2009,9,10000000.0,7022728.0,15.928415303232024,8272234.155636294,0,0.047658496,60.0,0,1.0,16.118095750958314,0,0,0,0,1,1,0,0,51751835.0,Comedy,Mid-size Studio,September,10.0,7.02,8.27
Disclosure,1994,12,55000000.0,214015089.0,18.190489699910763,79438181.60911743,0,0.39644828,25.0,1,0.0,17.822843761378564,1,0,0,0,0,0,0,0,111904642.625,Drama,Major Studio,December,55.0,214.02,79.44
Lords of Dogtown,2005,6,25000000.0,13411957.0,16.69348218798137,17778174.864359006,0,0.110827,25.0,0,1.0,17.034386422832473,1,0,0,0,0,0,0,0,162126610.0,Drama,Major Studio,June,25.0,13.41,17.78
About Last Night,2014,2,12500000.0,49002684.0,16.977724971743445,23622847.814879503,0,0.13189468,15.0,0,0.0,16.341239282272525,0,0,0,0,1,1,0,0,38443456.5,Comedy,Mid-size Studio,February,12.5,49.0,23.62
Kill List,2011,9,500000.0,171760.0,13.079468442348702,479005.0191305742,0,0.027486097,20.0,0,1.0,13.122365377402328,0,0,0,0,0,0,0,0,10000.0,Horror,Mid-size Studio,September,0.5,0.17,0.48
Under Siege 2: Dark Territory,1995,7,60000000.0,104324083.0,17.865289620572977,57384776.201796845,0,0.49652588,0.0,1,0.0,17.909855136853043,1,0,1,0,0,0,0,0,51751835.0,Action,Major Studio,July,60.0,104.32,57.38
Top Five,2014,12,,25434291.0,16.54443185766054,15316355.347445335,0,0.09208916,25.0,0,,,1,0,0,0,1,0,0,0,13196245.0,Drama,Major Studio,December,,25.43,15.32
Old Dogs,2009,11,35000000.0,92219310.0,18.028325608687407,67546418.02062957,1,0.60910803,0.0,1,0.0,17.370858648025116,1,0,0,0,1,1,0,0,175218821.0,Comedy,Major Studio,November,35.0,92.22,67.55
Beverly Hills Chihuahua,2008,10,20000000.0,149281606.0,17.56927904761897,42681623.569196366,0,0.40268326,15.0,1,0.0,16.811242881518265,1,0,0,0,1,1,0,0,308452095.0,Adventure,Major Studio,October,20.0,149.28,42.68
House on Haunted Hill,1999,10,19000000.0,40846082.0,17.408855760187276,36355488.200569645,0,0.12095702,15.0,0,0.0,16.759949589762293,1,0,0,0,0,1,0,0,18902015.0,Horror,Major Studio,October,19.0,40.85,36.36
All the Boys Love Mandy Lane,2008,2,750000.0,,16.712508828313517,18119672.29453281,0,0.05443173,0.0,0,,13.527829818844936,0,0,0,0,0,0,0,0,39187783.0,Horror,Mid-size Studio,February,0.75,,18.12
Halloween 4: The Return of Michael Myers,1988,10,5000000.0,17768757.0,16.845501165955017,20697037.20170228,0,0.05044041,0.0,0,0.0,15.424948670398354,0,0,0,0,0,0,0,0,70992898.0,Horror,Mid-size Studio,October,5.0,17.77,20.7
Proof of Life,2000,12,65000000.0,,18.2750839212933,86450617.223427,0,0.40313992,25.0,0,,17.989897843244528,1,0,1,0,0,0,0,0,124731534.0,Action,Major Studio,December,65.0,,86.45
Everything Must Go,2010,10,5000000.0,2614773.0,15.055504659786628,3455592.0830006916,0,0.024586082,25.0,0,1.0,15.424948670398354,0,0,0,0,1,0,0,0,51751835.0,Comedy,Mid-size Studio,October,5.0,2.61,3.46
Mighty Joe Young,1998,12,90000000.0,,17.723797014165292,49813520.149311304,0,0.40078592,0.0,0,,18.31532023940565,1,0,1,0,0,0,0,0,27837986.5,Action,Major Studio,December,90.0,,49.81
Armored,2009,12,20000000.0,22942221.0,16.158323173141554,10410475.086735934,0,0.14054886,40.0,0,0.0,16.811242881518265,0,0,1,0,0,0,0,0,67110890.0,Action,Mid-size Studio,December,20.0,22.94,10.41
28 Days,2000,4,43000000.0,,17.61148379134634,44521544.1813288,0,0.37221047,25.0,0,,17.57671069691365,1,0,0,0,1,0,0,0,294456605.0,Comedy,Major Studio,April,43.0,,44.52
Good Kill,2015,4,,316472.0,14.630369495099442,2258856.00903351,0,0.16610418,25.0,0,,,0,0,1,0,0,0,0,0,68479617.25,Action,Mid-size Studio,April,,0.32,2.26
The Devil's Double,2011,2,19100000.0,5728213.0,15.736943997919234,6830741.914723879,0,0.09490363,40.0,0,1.0,16.765198945372877,0,0,1,0,0,0,0,0,162883975.75,Drama,Mid-size Studio,February,19.1,5.73,6.83
Somewhere,2010,9,8000000.0,,15.420150382212046,4976066.021254356,0,0.048204012,45.0,0,,15.894952224644102,0,0,0,0,1,0,0,0,60474340.0,Comedy,Mid-size Studio,September,8.0,,4.98
Take Me Home Tonight,2011,3,19000000.0,6928068.0,15.99064552797119,8803372.2333523,0,0.08017069,40.0,0,1.0,16.759949589762293,0,0,0,0,1,0,0,0,120620.0,Comedy,Mid-size Studio,March,19.0,6.93,8.8
Chariots of Fire,1981,5,5500000.0,58972904.0,17.423502136864478,36891882.9204908,0,0.044933844,25.0,1,0.0,15.520258832020865,1,0,0,0,0,0,0,0,51751835.0,Drama,Major Studio,May,5.5,58.97,36.89
The Celebration,1998,5,1300000.0,,16.98357532239148,23761454.81820092,0,0.021459369,25.0,0,,14.077875591662238,0,0,0,0,0,0,0,0,16800000.0,Drama,Mid-size Studio,May,1.3,,23.76
The Last Legion,2007,4,67000000.0,25303038.0,17.272341072443567,31716291.710507568,0,0.25314116,0.0,0,1.0,18.020203192280615,0,0,1,0,0,0,0,0,51751835.0,Action,Mid-size Studio,April,67.0,25.3,31.72
A Bridge Too Far,1977,6,22000000.0,50750000.0,17.68313313310322,47828541.0416988,0,0.2640118,40.0,0,0.0,16.906553056777135,0,0,0,0,0,0,0,0,77737889.0,Drama,Mid-size Studio,June,22.0,50.75,47.83
"Paris, je t'aime",2006,5,13000000.0,4857367.0,16.488737605453167,14486641.927801495,0,0.06776331,40.0,0,1.0,16.380459992348886,0,0,0,0,0,0,0,0,9726954.0,Drama,Mid-size Studio,May,13.0,4.86,14.49
Ladder 49,2004,10,60000000.0,74541707.0,17.486238720238177,39280497.02593558,0,0.49790135,25.0,1,0.0,17.909855136853043,0,0,1,0,0,0,0,0,51751835.0,Drama,Mid-size Studio,October,60.0,74.54,39.28
11:14,2003,5,6000000.0,,15.62588043678264,6112706.975344259,0,0.046734083,25.0,0,,15.607270193858982,0,0,0,0,0,0,0,0,51751835.0,Crime,Mid-size Studio,May,6.0,,6.11
Blood Work,2002,8,50000000.0,26199517.0,17.77070668049756,52205930.70004919,1,0.6637865,25.0,0,1.0,17.72753358339242,1,0,0,0,0,0,0,0,130834703.73684213,Crime,Major Studio,August,50.0,26.2,52.21
Gridiron Gang,2006,9,30000000.0,41480851.0,17.183282478735403,29013808.91988195,0,0.11846041,45.0,0,0.0,17.216707972959764,1,0,1,0,0,0,0,0,51751835.0,Action,Major Studio,September,30.0,41.48,29.01
2046,2004,5,12000000.0,19271312.0,16.57620149903203,15810762.480905248,0,0.07174308,40.0,0,0.0,16.300417291085605,0,0,0,0,0,0,0,0,42931737.0,Fantasy,Mid-size Studio,May,12.0,19.27,15.81
Red Sonja,1985,4,17900000.0,6948633.0,16.92100756830931,22320308.643756397,0,0.21449313,15.0,0,1.0,16.700311326676903,0,0,1,0,0,0,1,0,52582763.666666664,Adventure,Mid-size Studio,April,17.9,6.95,22.32
Rendition,2007,9,27500000.0,24748670.0,17.18296784218726,29004681.55085751,0,0.0979809,45.0,0,1.0,17.129696599000436,0,0,0,0,0,0,0,0,169493342.0,Drama,Mid-size Studio,September,27.5,24.75,29.0
The General's Daughter,1999,6,60000000.0,149705852.0,18.03118812989012,67740048.08010148,1,0.73524565,25.0,1,0.0,17.909855136853043,1,0,0,0,0,0,0,0,155238891.33333334,Crime,Major Studio,June,60.0,149.71,67.74
DOA: Dead or Alive,2006,9,21000000.0,480314.0,14.53128094028805,2045761.094301948,0,0.06892744,35.0,0,1.0,16.860033043306743,0,0,1,0,0,0,0,0,51751835.0,Adventure,Mid-size Studio,September,21.0,0.48,2.05
Instructions Not Included,2013,7,5500000.0,99067206.0,16.313660356477595,12159973.731245898,0,0.023325564,25.0,1,0.0,15.520258832020865,0,0,0,0,1,0,0,0,51751835.0,Comedy,Mid-size Studio,July,5.5,99.07,12.16
Red Cliff,2008,7,80341000.0,127814609.0,17.95791846894725,62954226.2654402,1,0.657105,25.0,1,0.0,18.201790646364717,0,0,1,0,0,0,0,0,223246495.0,Adventure,Mid-size Studio,July,80.34,127.81,62.95
Striptease,1996,6,50000000.0,113309743.0,17.97377982660938,63960726.91239347,1,0.7450149,25.0,1,0.0,17.72753358339242,1,0,0,0,0,0,0,0,3003296.0,Drama,Major Studio,June,50.0,113.31,63.96
Baby Mama,2008,4,30000000.0,63833449.0,17.539074176233857,41411705.98486968,0,0.20985849,0.0,1,0.0,17.216707972959764,0,0,0,0,1,0,0,0,51751835.0,Comedy,Mid-size Studio,April,30.0,63.83,41.41
The Reaping,2007,4,40000000.0,62771059.0,17.836400786045477,55750713.59363907,1,0.5362898,0.0,1,0.0,17.50439003707821,1,0,0,0,0,0,0,0,63050445.8,Horror,Major Studio,April,40.0,62.77,55.75
History of the World: Part I,1981,6,11000000.0,31672907.0,17.507934349196884,40142024.02835646,0,0.19122261,15.0,0,0.0,16.213405921671733,1,0,0,0,1,0,0,0,68738963.5,Comedy,Major Studio,June,11.0,31.67,40.14
Dragonfly,2002,2,60000000.0,52322400.0,17.553695510111755,42021648.60019966,1,0.59420884,25.0,1,1.0,17.909855136853043,1,0,0,0,0,0,0,0,212808746.33333337,Drama,Major Studio,February,60.0,52.32,42.02
Mr. Turner,2014,10,,5405500.0,14.759880666514398,2571192.295730762,0,0.08949788,25.0,0,,,0,0,0,0,0,0,0,0,18124262.0,History,Mid-size Studio,October,,5.41,2.57
Curse of the Golden Flower,2006,12,110.0,,13.730839881564,918813.821986998,0,0.03942495,25.0,0,,4.709530201312334,0,0,1,0,0,0,0,0,95311434.0,Action,Mid-size Studio,December,0.0,,0.92
The Brothers Bloom,2008,9,20000000.0,5530764.0,16.2645934058087,11577722.314434288,0,0.051566552,60.0,0,1.0,16.811242881518265,0,0,0,0,1,0,0,0,47042000.0,Adventure,Mid-size Studio,September,20.0,5.53,11.58
The Last Exorcism Part II,2013,2,5000000.0,15179302.0,17.244207327625052,30836428.58127442,0,0.03853832,0.0,0,0.0,15.424948670398354,0,0,0,0,0,0,0,0,51751835.0,Horror,Mid-size Studio,February,5.0,15.18,30.84
The Cave,2005,8,30000000.0,15007991.0,16.60716459273491,16307970.457985653,0,0.09535272,0.0,0,1.0,17.216707972959764,0,0,1,0,0,0,0,0,51751835.0,Action,Mid-size Studio,August,30.0,15.01,16.31
Wyatt Earp,1994,6,63000000.0,25052000.0,17.284879149264402,32116456.430729076,0,0.3777277,25.0,0,1.0,17.958645300228824,1,0,1,0,0,0,0,0,75715436.0,Drama,Major Studio,June,63.0,25.05,32.12
Hotel for Dogs,2009,1,35000000.0,73034460.0,17.905875319368516,59761685.48563834,0,0.44076493,20.0,1,0.0,17.370858648025116,0,0,0,0,1,1,0,0,125139624.5,Comedy,Mid-size Studio,January,35.0,73.03,59.76
The Remains of the Day,1993,11,11500000.0,23237911.0,17.534449522954834,41220633.36123557,0,0.13884032,40.0,0,0.0,16.257857680289998,1,0,0,0,0,0,0,0,16469066.333333334,Drama,Major Studio,November,11.5,23.24,41.22
Sleep Tight,2011,10,5000000.0,,16.76535603233719,19103000.59684663,0,0.027194241,0.0,0,,15.424948670398354,0,0,0,0,0,0,0,0,24458840.0,Thriller,Mid-size Studio,October,5.0,,19.1
The Last Temptation of Christ,1988,8,7000000.0,8373585.0,16.405672088696186,13331923.944869798,0,0.097460024,25.0,0,0.0,15.76142084987672,1,0,0,0,0,0,0,0,121766400.8125,Drama,Major Studio,August,7.0,8.37,13.33
Boiler Room,2000,2,26000000.0,28780255.0,17.582404408695687,43245527.93165938,0,0.12787393,25.0,0,0.0,17.073607134447293,1,0,0,0,0,0,0,0,51751835.0,Crime,Major Studio,February,26.0,28.78,43.25
The Glass House,2001,9,30000000.0,23619609.0,17.35495740751198,34447858.07096069,0,0.08740497,45.0,0,1.0,17.216707972959764,0,0,0,0,0,0,0,0,51751835.0,Drama,Mid-size Studio,September,30.0,23.62,34.45
Duplicity,2009,3,78146652.0,60000000.0,17.86467436611132,57349480.82052604,1,0.6431441,0.0,1,1.0,18.174097786019544,1,0,0,0,1,0,0,0,184782386.5,Romance,Major Studio,March,78.15,60.0,57.35
One Direction: This Is Us,2013,8,10000000.0,,17.170537767776842,28646382.642831877,0,0.046157733,15.0,0,,16.118095750958314,1,0,0,0,0,0,0,0,14598514.5,Documentary,Major Studio,August,10.0,,28.65
Sleeper,1973,12,2000000.0,18344729.0,15.774963760429518,7095445.231730747,0,0.037970662,0.0,0,0.0,14.508658238524095,0,0,0,0,1,0,0,0,59159664.45454545,Comedy,Mid-size Studio,December,2.0,18.34,7.1
Control,2007,9,,8159508.0,15.600693662763002,5960670.27518,0,0.032584116,45.0,0,,,0,0,0,0,0,0,0,0,48509589.5,Drama,Mid-size Studio,September,,8.16,5.96
Mars Needs Moms,2011,3,150000000.0,38992758.0,17.881517322895387,58323596.12702432,1,0.600132,0.0,0,1.0,18.8261458587272,0,0,0,1,0,1,0,0,171171182.0,Adventure,Mid-size Studio,March,150.0,38.99,58.32
Anacondas: The Hunt for the Blood Orchid,2004,8,20000000.0,70992898.0,16.72616561478143,18368826.252366435,0,0.062381376,15.0,1,0.0,16.811242881518265,0,0,1,0,0,0,0,0,17768757.0,Adventure,Mid-size Studio,August,20.0,70.99,18.37
House of Sand and Fog,2003,12,16500000.0,16942795.0,17.26629980770719,31525262.79889684,0,0.09891109,40.0,0,0.0,16.61887099947687,0,0,0,0,0,0,0,0,51751835.0,Drama,Mid-size Studio,December,16.5,16.94,31.53
Bound,1996,9,4500000.0,7011317.0,15.958168405538787,8522056.885854263,0,0.05638151,45.0,0,0.0,15.319588176962746,0,0,0,0,0,0,0,0,381007756.8,Crime,Mid-size Studio,September,4.5,7.01,8.52
Breakdown,1997,5,36000000.0,50159144.0,17.53136947738822,41093867.2520304,0,0.116097175,25.0,0,0.0,17.399029524198163,1,0,1,0,0,0,0,0,228370395.66666663,Drama,Major Studio,May,36.0,50.16,41.09
Original Sin,2001,8,42000000.0,35402320.0,17.604022696418856,44190600.84149264,0,0.22932807,25.0,0,1.0,17.553180200057167,0,0,0,0,0,0,0,0,51751835.0,Drama,Mid-size Studio,August,42.0,35.4,44.19
A Night at the Roxbury,1998,10,17000000.0,30331165.0,16.984041200213834,23772527.332512617,0,0.060341537,15.0,0,0.0,16.648723960844016,1,0,0,0,1,0,0,0,51751835.0,Comedy,Major Studio,October,17.0,30.33,23.77
The Mighty Ducks,1992,10,10000000.0,50752337.0,17.593906228049054,43745801.707403645,0,0.107842386,15.0,0,0.0,16.118095750958314,0,0,0,0,1,0,0,0,45154895.75,Comedy,Mid-size Studio,October,10.0,50.75,43.75
"I Love You, Beth Cooper",2009,7,18000000.0,,17.203876605797497,29617518.102892213,0,0.17747165,15.0,0,,16.705882371415992,0,0,0,0,1,0,0,0,358991681.0,Comedy,Mid-size Studio,July,18.0,,29.62
The Divide,2011,3,3000000.0,22000.0,12.83780584670395,376172.5355824928,0,0.0363758,0.0,0,1.0,14.914123179965662,0,0,0,0,0,0,0,0,99965753.0,Science Fiction,Mid-size Studio,March,3.0,0.02,0.38
The Lawnmower Man,1992,3,10000000.0,32101000.0,17.110212219750608,26969365.87682915,0,0.07451754,15.0,0,0.0,16.118095750958314,1,0,0,0,0,0,0,0,24048000.0,Horror,Major Studio,March,10.0,32.1,26.97
Anna and the King,1999,12,75000000.0,,17.887923935075168,58698452.291628465,0,0.38261327,25.0,0,,18.13299868483392,0,0,0,0,0,0,0,0,136000000.0,Drama,Mid-size Studio,December,75.0,,58.7
Big Fat Liar,2002,2,15000000.0,52970014.0,17.525122499115273,40837954.921534866,1,0.5721533,15.0,1,0.0,16.52356082573315,1,0,0,0,1,0,0,0,240624116.55555555,Comedy,Major Studio,February,15.0,52.97,40.84
Harsh Times,2005,9,2000000.0,5967038.0,15.430712440788778,5028902.070150918,0,0.05968195,45.0,0,0.0,14.508658238524095,0,0,1,0,0,0,0,0,217604535.4,Crime,Mid-size Studio,September,2.0,5.97,5.03
8 Women,2002,1,8000000.0,,16.93900718807211,22725703.25966905,0,0.060704753,20.0,0,,15.894952224644102,0,0,0,0,1,0,0,0,22441323.0,Comedy,Mid-size Studio,January,8.0,,22.73
Sarah's Key,2010,9,10000000.0,17511906.0,16.53078573543818,15108766.092272265,0,0.03093365,60.0,0,0.0,16.118095750958314,0,0,0,0,0,0,0,0,51751835.0,Drama,Mid-size Studio,September,10.0,17.51,15.11
Friday the 13th: A New Beginning,1985,3,2200000.0,21930418.0,16.942731723784398,22810503.78002375,0,0.028556524,0.0,0,0.0,14.603968372873895,1,0,0,0,0,0,0,0,51751835.0,Horror,Major Studio,March,2.2,21.93,22.81
Message in a Bottle,1999,2,80000000.0,118880016.0,18.11615323009542,73747172.7263584,1,0.5680547,25.0,1,0.0,18.19753720513815,0,0,0,0,0,0,0,0,29700000.0,Romance,Mid-size Studio,February,80.0,118.88,73.75
Go,1999,4,6500000.0,28451622.0,16.471635488576133,14240996.18561651,0,0.05087075,0.0,0,0.0,15.687312888712007,1,0,0,0,1,0,0,0,218951505.0,Crime,Major Studio,April,6.5,28.45,14.24
I'm Not There.,2007,10,20000000.0,4001121.0,16.077892120626228,9605938.09257509,0,0.08484014,40.0,0,1.0,16.811242881518265,0,0,0,0,0,0,0,0,15040851.0,Drama,Mid-size Studio,October,20.0,4.0,9.61
Grace of Monaco,2014,5,30000000.0,,17.01785344319979,24590073.48340514,0,0.09430035,25.0,0,,17.216707972959764,0,0,0,0,0,0,0,0,51751835.0,Romance,Mid-size Studio,May,30.0,,24.59
Transsiberian,2008,1,15000000.0,5926410.0,16.218131770817518,11052107.374145344,0,0.08832271,35.0,0,1.0,16.52356082573315,0,0,0,0,0,0,0,0,25716526.666666668,Thriller,Mid-size Studio,January,15.0,5.93,11.05
Defendor,2009,9,3500000.0,44462.0,13.08299044093759,480695.0520538089,0,0.02341477,45.0,0,1.0,15.068273812173889,0,0,1,0,1,0,1,0,51751835.0,Drama,Mid-size Studio,September,3.5,0.04,0.48
The American President,1995,11,62000000.0,107879496.0,18.040513785664853,68374723.24133897,0,0.39275584,25.0,1,0.0,17.9426449591384,1,0,0,0,1,0,0,0,77324220.1111111,Comedy,Major Studio,November,62.0,107.88,68.37
Our Brand Is Crisis,2015,9,28000000.0,7002261.0,17.107296540518337,26890846.37838011,0,0.12978444,45.0,0,1.0,17.147715103853763,0,0,0,0,1,0,0,0,33093708.0,Comedy,Mid-size Studio,September,28.0,7.0,26.89
Happiness,1998,10,3000000.0,2807390.0,15.416990899656431,4960369.034540686,0,0.04584708,25.0,0,1.0,14.914123179965662,0,0,0,0,1,0,0,0,744816.0,Comedy,Mid-size Studio,October,3.0,2.81,4.96
The Fan,1996,8,55000000.0,18626419.0,17.45868299039555,38212871.39081676,0,0.4707582,25.0,0,1.0,17.822843761378564,0,0,0,0,0,0,0,0,168117665.45454547,Drama,Mid-size Studio,August,55.0,18.63,38.21
"The Good, The Bad, The Weird",2008,7,10000000.0,,17.021599078140472,24682351.637837067,0,0.056061447,40.0,0,,16.118095750958314,0,0,1,0,1,0,0,0,51751835.0,Action,Mid-size Studio,July,10.0,,24.68
Jason Goes to Hell: The Final Friday,1993,8,3000000.0,15938065.0,16.357945860468064,12710586.435488584,0,0.02742547,0.0,0,0.0,14.914123179965662,1,0,0,0,0,0,0,0,51751835.0,Fantasy,Major Studio,August,3.0,15.94,12.71
Christmas with the Kranks,2004,11,60000000.0,,17.3937441514102,35810228.52262383,0,0.27082425,0.0,0,,17.909855136853043,1,0,0,0,1,0,0,0,51751835.0,Comedy,Major Studio,November,60.0,,35.81
Stone,2010,10,22000000.0,9479718.0,16.39663201595292,13211945.49758722,0,0.060156353,40.0,0,1.0,16.906553056777135,0,0,0,0,0,0,0,0,51751835.0,Drama,Mid-size Studio,October,22.0,9.48,13.21
Friday the 13th Part VII: The New Blood,1988,5,2800000.0,19170001.0,16.740382200799065,18631833.366965473,0,0.029376432,0.0,0,0.0,14.845130332288226,1,0,0,0,0,0,0,0,51751835.0,Horror,Major Studio,May,2.8,19.17,18.63
Hang 'em High,1968,7,1800000.0,6800000.0,15.920975145892694,8210915.816437076,0,0.042950347,25.0,0,0.0,14.403297778421797,0,0,0,0,0,0,0,0,18999718.0,Western,Mid-size Studio,July,1.8,6.8,8.21
Cypher,2002,10,7500000.0,,15.820815040849691,7428354.359525771,0,0.03434708,0.0,0,,15.830413711839864,0,0,0,0,0,0,0,0,501818.0,Thriller,Mid-size Studio,October,7.5,,7.43
Extract,2009,9,8000000.0,10848783.0,16.373226772582992,12906307.39391057,0,0.04447816,20.0,0,0.0,15.894952224644102,0,0,0,0,1,1,0,0,6661558.0,Comedy,Mid-size Studio,September,8.0,10.85,12.91
Friday the 13th Part VIII: Jason Takes Manhattan,1989,7,5000000.0,14000000.0,16.757289358110825,18949522.76629751,0,0.039857373,0.0,0,0.0,15.424948670398354,1,0,0,0,0,0,0,0,51751835.0,Horror,Major Studio,July,5.0,14.0,18.95
Bubba Ho-tep,2002,6,1000000.0,,17.04067327084163,25157666.29923958,0,0.025584744,0.0,0,,13.815511557963774,0,0,0,0,1,0,0,0,10669689.5,Comedy,Mid-size Studio,June,1.0,,25.16
Because I Said So,2007,2,,69485490.0,17.34695309187389,34173227.11659921,0,0.3329355,0.0,1,,,1,0,0,0,1,0,0,0,17218080.0,Comedy,Major Studio,February,,69.49,34.17
Boogeyman,2005,2,20000000.0,67192859.0,17.076458739075953,26074247.53519135,0,0.10834493,40.0,1,0.0,16.811242881518265,0,0,0,0,0,0,0,0,19412993.0,Thriller,Mid-size Studio,February,20.0,67.19,26.07
Bait,2012,9,30000000.0,,17.160182355014122,28351268.169345222,0,0.07181862,20.0,0,,17.216707972959764,0,0,1,0,0,0,0,0,51751835.0,Action,Mid-size Studio,September,30.0,,28.35
15 Minutes,2001,3,60000000.0,56359980.0,17.742538008081073,50755877.82436329,1,0.6432583,0.0,1,1.0,17.909855136853043,1,0,1,0,0,0,0,0,413454.0,Action,Major Studio,March,60.0,56.36,50.76
Diary of the Dead,2007,9,2000000.0,5364858.0,15.306329515735069,4440729.801226836,0,0.0364384,20.0,0,0.0,14.508658238524095,0,0,1,0,0,0,0,0,32949839.25,Horror,Mid-size Studio,September,2.0,5.36,4.44
The Andromeda Strain,1971,3,6500000.0,12376563.0,17.005416938652154,24286152.683660403,0,0.08219099,0.0,0,0.0,15.687312888712007,1,0,0,0,0,0,0,0,156290369.33333334,Science Fiction,Major Studio,March,6.5,12.38,24.29
Quest for Camelot,1998,5,40000000.0,38172500.0,17.529971684684448,41036466.66922169,0,0.16748753,25.0,0,1.0,17.50439003707821,1,0,0,1,0,0,0,0,93772522.0,Fantasy,Major Studio,May,40.0,38.17,41.04
My Blueberry Nights,2007,5,10000000.0,21786738.0,16.767594478983945,19145809.541608416,0,0.047302138,40.0,0,0.0,16.118095750958314,0,0,0,0,0,0,0,0,41674024.0,Drama,Mid-size Studio,May,10.0,21.79,19.15
Rock Star,2001,9,57000000.0,16991902.0,17.54390002993513,41612035.81674127,0,0.23874752,45.0,0,1.0,17.858561843342684,1,0,0,0,1,0,0,0,53595004.5,Music,Major Studio,September,57.0,16.99,41.61
Away We Go,2009,6,17000000.0,14899417.0,16.826515716701856,20307801.23460058,0,0.0696492,40.0,0,1.0,16.648723960844016,0,0,0,0,1,0,0,0,449774898.6666667,Drama,Mid-size Studio,June,17.0,14.9,20.31
Thirteen Days,2000,12,80000000.0,34566746.0,17.89808239969434,59297777.41018999,0,0.23754627,25.0,0,1.0,18.19753720513815,1,0,0,0,0,0,0,0,79498848.0,Drama,Major Studio,December,80.0,34.57,59.3
Much Ado About Nothing,1993,5,8000000.0,,17.556315287998537,42131880.31684969,0,0.07378,25.0,0,,15.894952224644102,0,0,0,0,1,0,0,0,449326618.0,Drama,Mid-size Studio,May,8.0,,42.13
Raising Helen,2004,5,50000000.0,49718611.0,17.88400414974211,58468817.30928365,0,0.25315678,25.0,0,1.0,17.72753358339242,0,0,0,0,1,0,0,0,231912064.83333337,Drama,Mid-size Studio,May,50.0,49.72,58.47
The Hunted,2003,3,55000000.0,34234008.0,17.28471039770881,32111037.185843416,0,0.18120377,25.0,0,1.0,17.822843761378564,0,0,1,0,0,0,0,0,101596316.2,Drama,Mid-size Studio,March,55.0,34.23,32.11
The Oxford Murders,2008,1,14100000.0,,16.493533634077753,14556287.1587203,0,0.0833655,35.0,0,,16.46168542627038,0,0,0,0,0,0,0,0,51751835.0,Crime,Mid-size Studio,January,14.1,,14.56
The Majestic,2001,12,72000000.0,37317558.0,17.840156238562596,55960476.38566251,0,0.2187373,25.0,0,1.0,18.09217669086922,1,0,0,0,0,0,0,0,123345886.33333331,Drama,Major Studio,December,72.0,37.32,55.96
Stuck on You,2003,12,55000000.0,33828318.0,17.286077764237927,32154974.777224023,0,0.17238945,0.0,0,1.0,17.822843761378564,1,0,0,0,1,0,0,0,130438958.1,Comedy,Major Studio,December,55.0,33.83,32.15
Obvious Child,2014,6,,3123963.0,13.969859207554682,1166896.654253866,0,0.03940431,0.0,0,,,0,0,0,0,1,0,0,0,51751835.0,Comedy,Mid-size Studio,June,,3.12,1.17
Deconstructing Harry,1997,8,20000000.0,10686841.0,16.105955254830327,9879329.011567868,0,0.07328369,40.0,0,1.0,16.811242881518265,0,0,0,0,1,0,0,0,59855836.09090909,Comedy,Mid-size Studio,August,20.0,10.69,9.88
The Flowers of War,2011,12,94000000.0,95311434.0,17.998665195297654,65572383.369054586,0,0.48091808,25.0,1,0.0,18.358805350872576,0,0,0,0,0,0,0,0,135129188.5,Drama,Mid-size Studio,December,94.0,95.31,65.57
Miracles from Heaven,2016,3,16000000.0,77000000.0,16.468792860992377,14200571.817129793,0,0.08069666,40.0,1,0.0,16.588099342704055,0,0,0,0,0,0,0,0,24107057.0,Drama,Mid-size Studio,March,16.0,77.0,14.2
Get Rich or Die Tryin',2005,11,40000000.0,46442528.0,17.689238601587242,48121449.960968435,0,0.126978,25.0,0,0.0,17.50439003707821,1,0,0,0,0,0,0,0,40910344.5,Drama,Major Studio,November,40.0,46.44,48.12
We Are Marshall,2006,12,65000000.0,43545364.0,17.517710018287143,40536363.50740128,0,0.22826248,25.0,0,1.0,17.989897843244528,1,0,0,0,0,0,0,0,220841378.0,Drama,Major Studio,December,65.0,43.55,40.54
Snow Dogs,2002,1,33000000.0,,17.920791051365825,60659755.82310751,0,0.3550976,20.0,0,,17.312018149733785,1,0,0,0,1,0,0,0,97918663.0,Adventure,Major Studio,January,33.0,,60.66
Little Boy,2015,4,20000000.0,6420319.0,16.62319097840861,16571433.84194702,0,0.064103566,40.0,0,1.0,16.811242881518265,0,0,0,0,1,0,0,0,51751835.0,Comedy,Mid-size Studio,April,20.0,6.42,16.57
Ice Princess,2005,3,25000000.0,27645491.0,17.60076855275068,44047031.99783194,0,0.109784395,25.0,0,0.0,17.034386422832473,1,0,0,0,1,0,0,0,51751835.0,Drama,Major Studio,March,25.0,27.65,44.05
"Sex, Lies, and Videotape",1989,8,1200000.0,,17.14509308664537,27926679.68111819,0,0.03529663,25.0,0,,13.997832948091215,0,0,0,0,0,0,0,0,107648581.0,Drama,Mid-size Studio,August,1.2,,27.93
Teenage Mutant Ninja Turtles III,1993,3,21000000.0,42000000.0,17.273618329820263,31756827.461115964,0,0.16150358,15.0,0,0.0,16.860033043306743,1,0,1,0,1,0,0,0,51751835.0,Action,Major Studio,March,21.0,42.0,31.76
High Crimes,2002,4,42000000.0,63781810.0,17.85100391311613,56570821.86170911,0,0.4194198,25.0,1,0.0,17.553180200057167,1,0,0,0,0,0,0,0,55495563.0,Drama,Major Studio,April,42.0,63.78,56.57
Danny Collins,2015,3,10000000.0,10835752.0,16.579322445159836,15860184.102963476,0,0.08142694,40.0,0,0.0,16.118095750958314,0,0,0,0,1,0,0,0,51751835.0,Comedy,Mid-size Studio,March,10.0,10.84,15.86
Pontypool,2009,3,1500000.0,32000.0,15.514199315646788,5466773.424040603,0,0.023927832,0.0,0,1.0,14.220976332738882,0,0,0,0,0,0,0,0,51751835.0,Horror,Mid-size Studio,March,1.5,0.03,5.47
Exorcist: The Beginning,2004,8,80000000.0,78000586.0,17.785417310999293,52979589.423327394,1,0.5912613,0.0,1,1.0,18.19753720513815,0,0,0,0,0,0,0,0,68107143.14285715,Horror,Mid-size Studio,August,80.0,78.0,52.98
Don Juan DeMarco,1994,10,25000000.0,22200000.0,17.01268494155162,24463307.520149812,0,0.06695374,25.0,0,1.0,17.034386422832473,1,0,0,0,1,0,0,0,51751835.0,Romance,Major Studio,October,25.0,22.2,24.46
Porky's,1981,11,4000000.0,125728258.0,17.85073989551202,56555888.1400641,0,0.13454732,0.0,1,0.0,15.201805169084134,0,0,0,0,1,1,0,0,21618067.333333332,Comedy,Mid-size Studio,November,4.0,125.73,56.56
Halloween 5: The Revenge of Michael Myers,1989,10,5000000.0,11642254.0,16.641644743395535,16880078.273113173,0,0.035233498,0.0,0,0.0,15.424948670398354,0,0,0,0,0,0,0,0,51751835.0,Horror,Mid-size Studio,October,5.0,11.64,16.88
Bringing Down the House,2003,3,20000000.0,132675402.0,17.150823016868763,28087156.935459994,0,0.15305574,15.0,1,0.0,16.811242881518265,0,0,0,0,1,0,0,0,105841053.0,Comedy,Mid-size Studio,March,20.0,132.68,28.09
Idle Hands,1999,4,25000000.0,4152230.0,16.16775479698903,10509127.275121754,0,0.07190079,0.0,0,1.0,17.034386422832473,0,0,0,0,1,0,0,0,51751835.0,Thriller,Mid-size Studio,April,25.0,4.15,10.51
Fever Pitch,2005,4,30000000.0,50451307.0,17.457845417427972,38180878.72185643,0,0.13523065,25.0,0,0.0,17.216707972959764,0,0,0,0,1,0,0,0,128776659.2,Comedy,Mid-size Studio,April,30.0,50.45,38.18
No Good Deed,2014,9,13200000.0,53830415.0,17.309624823551072,32921114.670394227,0,0.24343687,35.0,1,0.0,16.395727463314174,0,0,0,0,0,0,0,0,51751835.0,Crime,Mid-size Studio,September,13.2,53.83,32.92
The Good Girl,2002,1,8000000.0,16856124.0,16.228850589489976,11171210.09967769,0,0.062071655,45.0,0,0.0,15.894952224644102,0,0,0,0,1,0,0,0,53757625.5,Drama,Mid-size Studio,January,8.0,16.86,11.17
Two Brothers,2004,4,74500000.0,62172050.0,17.415608891082137,36601832.439126424,0,0.27965206,25.0,1,1.0,18.126309696772605,0,0,0,0,0,0,0,0,94564836.66666669,Adventure,Mid-size Studio,April,74.5,62.17,36.6
My Boss's Daughter,2003,8,14000000.0,,16.935744681036592,22651681.30386772,0,0.18786912,15.0,0,,16.454567959008102,0,0,0,0,1,0,0,0,132596515.5,Comedy,Mid-size Studio,August,14.0,,22.65
Love Happens,2009,9,18000000.0,36133014.0,16.877471211704027,21369413.13684477,0,0.046319507,60.0,0,0.0,16.705882371415992,1,0,0,0,0,0,0,0,51751835.0,Drama,Major Studio,September,18.0,36.13,21.37
Basic Instinct 2,2006,3,70000000.0,38629478.0,17.58400701633156,43314889.11107523,0,0.38724363,0.0,0,1.0,18.064005814299342,0,0,0,0,0,0,0,0,71120368.66666667,Crime,Mid-size Studio,March,70.0,38.63,43.31
I Am Wrath,2016,4,18000000.0,,16.954870236411853,23089076.690245252,0,0.109498814,40.0,0,,16.705882371415992,0,0,1,0,0,0,0,0,203814371.0,Action,Mid-size Studio,April,18.0,,23.09
Driven,2001,4,94000000.0,54744738.0,17.29434125045198,32421787.86111206,1,0.52856475,0.0,1,1.0,18.358805350872576,0,0,1,0,0,0,0,0,69768275.14285715,Action,Mid-size Studio,April,94.0,54.74,32.42
MacGruber,2010,5,10000000.0,6110000.0,16.445921205727092,13879467.304640116,0,0.046821237,15.0,0,1.0,16.118095750958314,0,0,1,0,1,1,0,0,51751835.0,Action,Mid-size Studio,May,10.0,6.11,13.88
Birth,2004,9,20000000.0,,17.21315602071098,29893630.45059772,0,0.06015335,60.0,0,,16.811242881518265,1,0,0,0,0,0,0,0,5380251.0,Drama,Major Studio,September,20.0,,29.89
Very Bad Things,1998,9,30000000.0,9898412.0,16.68270193618196,17587550.984807957,0,0.10423332,20.0,0,1.0,17.216707972959764,0,0,0,0,1,0,0,0,248785101.4,Comedy,Mid-size Studio,September,30.0,9.9,17.59
Hard Rain,1998,1,70000000.0,19870567.0,16.906192539697344,21992070.053410567,0,0.19299264,20.0,0,1.0,18.064005814299342,1,0,0,0,0,0,0,0,51751835.0,Thriller,Major Studio,January,70.0,19.87,21.99
The Sessions,2012,5,1000000.0,9138338.0,15.648044994341388,6249705.085841086,0,0.022336327,25.0,0,0.0,13.815511557963774,0,0,0,0,1,0,0,0,51751835.0,Drama,Mid-size Studio,May,1.0,9.14,6.25
The Birth of a Nation,2016,9,8500000.0,15861566.0,16.159352292435038,10421194.223220192,0,0.030580522,60.0,0,0.0,15.955576839107596,0,0,0,0,0,0,0,0,51751835.0,Drama,Mid-size Studio,September,8.5,15.86,10.42
3000 Miles to Graceland,2001,2,62000000.0,18720175.0,17.751888312930568,51232686.44337483,0,0.33197957,0.0,0,1.0,17.9426449591384,1,0,1,0,1,1,0,0,51751835.0,Action,Major Studio,February,62.0,18.72,51.23
Police Academy: Mission to Moscow,1994,6,,126247.0,16.493116022963275,14550209.560124353,0,0.07627499,0.0,0,,,1,0,0,0,1,0,0,0,51751835.0,Comedy,Major Studio,June,,0.13,14.55
Red Tails,2012,1,58000000.0,50365377.0,17.582602566287644,43254098.21064024,0,0.24309045,45.0,0,1.0,17.87595358575207,1,0,1,0,0,0,0,0,51751835.0,Drama,Major Studio,January,58.0,50.37,43.25
Imagine Me & You,2005,2,,2455831.0,14.278793753085145,1589282.355984342,0,0.05206526,25.0,0,,,0,0,0,0,1,0,0,0,51751835.0,Drama,Mid-size Studio,February,,2.46,1.59
Half Baked,1998,1,8000000.0,17460020.0,17.01912736454022,24621419.265843734,0,0.047742005,20.0,0,0.0,15.894952224644102,1,0,0,0,1,0,0,0,61141030.0,Comedy,Major Studio,January,8.0,17.46,24.62
The Three Burials of Melquiades Estrada,2005,11,15000000.0,12036149.0,16.393761353342807,13174072.842585208,0,0.08317065,40.0,0,1.0,16.52356082573315,0,0,0,0,0,0,0,0,3442853.0,Adventure,Mid-size Studio,November,15.0,12.04,13.17
World's Greatest Dad,2009,8,10000000.0,295750.0,15.068462398527805,3500660.114669645,0,0.037588127,15.0,0,1.0,16.118095750958314,0,0,0,0,1,0,0,0,51751835.0,Comedy,Mid-size Studio,August,10.0,0.3,3.5
In & Out,1997,9,35000000.0,,17.74043790921039,50649397.30950342,0,0.15099095,20.0,0,,17.370858648025116,1,0,0,0,1,0,0,0,54909139.5,Comedy,Major Studio,September,35.0,,50.65
Silent Running,1972,3,1000000.0,,17.11615093995058,27130005.926709432,0,0.021439036,25.0,0,,13.815511557963774,1,0,0,0,0,0,0,0,51751835.0,Adventure,Major Studio,March,1.0,,27.13
Nine 1/2 Weeks,1986,2,17000000.0,6735922.0,17.65129968010768,46329972.25438668,0,0.18012896,40.0,0,1.0,16.648723960844016,0,0,0,0,0,0,0,0,177401560.0,Drama,Mid-size Studio,February,17.0,6.74,46.33
Sorority Row,2009,9,12500000.0,27206120.0,16.86442900953159,21092518.500229273,0,0.053492263,35.0,0,0.0,16.341239282272525,0,0,0,0,0,0,0,0,51751835.0,Horror,Mid-size Studio,September,12.5,27.21,21.09
The Ice Storm,1997,9,18000000.0,8038061.0,16.030670474359805,9162873.288281685,0,0.0781751,60.0,0,1.0,16.705882371415992,0,0,0,0,0,0,0,0,230263606.33333337,Drama,Mid-size Studio,September,18.0,8.04,9.16
The Crying Game,1992,9,3705538.0,62548947.0,17.057464819702457,25583669.11298905,0,0.09601028,45.0,1,0.0,15.12533928521359,0,0,0,0,0,0,0,0,63259294.75,Romance,Mid-size Studio,September,3.71,62.55,25.58
Kicking & Screaming,2005,5,45000000.0,56070433.0,17.636915365251696,45668317.46569093,0,0.298969,0.0,1,0.0,17.622173069956816,1,0,0,0,1,0,0,0,131302319.0,Romance,Major Studio,May,45.0,56.07,45.67
To Die For,1995,5,20000000.0,21284514.0,16.85775599981459,20952236.48482594,0,0.07407605,40.0,0,0.0,16.811242881518265,0,0,0,0,1,0,0,0,92177142.75,Fantasy,Mid-size Studio,May,20.0,21.28,20.95
Nothing to Lose,1997,7,25000000.0,,17.214692304184695,29939590.83761661,0,0.10600101,0.0,0,,17.034386422832473,0,0,1,0,1,1,0,0,142582266.5,Action,Mid-size Studio,July,25.0,,29.94
The Class,2008,9,,28814580.0,16.167598160212272,10507481.28805662,0,0.0535734,45.0,0,,,0,0,0,0,0,0,0,0,51751835.0,Drama,Mid-size Studio,September,,28.81,10.51
Alone in the Dark,2005,1,20000000.0,10442808.0,16.323003029957082,12274112.756277077,0,0.10755381,35.0,0,1.0,16.811242881518265,0,0,1,0,0,0,0,0,2405420.0,Action,Mid-size Studio,January,20.0,10.44,12.27
Menace II Society,1993,5,3500000.0,27900000.0,16.594226068365614,16098328.525082923,0,0.030882798,25.0,0,0.0,15.068273812173889,1,0,1,0,0,0,0,0,115832935.0,Drama,Major Studio,May,3.5,27.9,16.1
The 51st State,2001,12,28.0,14.0,7.928344176952727,2773.8283737003653,0,0.045493674,0.0,0,1.0,3.367295829986474,0,0,1,0,1,0,0,0,82790340.0,Thriller,Mid-size Studio,December,0.0,0.0,0.0
Reindeer Games,2000,2,42000000.0,32168970.0,17.566511920894108,42563681.36096545,0,0.16578086,0.0,0,1.0,17.553180200057167,0,0,0,0,0,0,0,0,38009665.75,Thriller,Mid-size Studio,February,42.0,32.17,42.56
The Killer Inside Me,2010,2,13000000.0,,16.891418417239514,21669544.88232181,0,0.09902971,40.0,0,,16.380459992348886,0,0,0,0,0,0,0,0,18928871.0,Crime,Mid-size Studio,February,13.0,,21.67
Firestarter,1984,5,15000000.0,17080167.0,17.153079035646144,28150593.621437293,0,0.1378821,40.0,0,0.0,16.52356082573315,1,0,1,0,0,0,0,0,29887778.5,Fantasy,Major Studio,May,15.0,17.08,28.15
Zulu,2013,12,16000000.0,,15.41106194788947,4931046.252437295,0,0.06786292,40.0,0,,16.588099342704055,0,0,0,0,0,0,0,0,51751835.0,Crime,Mid-size Studio,December,16.0,,4.93
Beerfest,2006,8,17500000.0,19179969.0,16.953820785813104,23064858.553930193,0,0.109253965,15.0,0,0.0,16.677711496036597,0,0,0,0,1,0,0,0,44765897.666666664,Comedy,Mid-size Studio,August,17.5,19.18,23.06
Blood Ties,2013,8,25500000.0,2415472.0,15.329810006452258,4546234.139101,0,0.07888518,25.0,0,1.0,17.05418904934434,0,0,0,0,0,0,0,0,48531470.0,Thriller,Mid-size Studio,August,25.5,2.42,4.55
One Missed Call,2008,1,20000000.0,,17.182034039387286,28977609.5390066,0,0.07327281,35.0,0,,16.811242881518265,0,0,0,0,0,0,0,0,51751835.0,Horror,Mid-size Studio,January,20.0,,28.98
Halloween: The Curse of Michael Myers,1995,9,5000000.0,15116634.0,16.63338625255011,16741248.344858674,0,0.035181448,20.0,0,0.0,15.424948670398354,0,0,0,0,0,0,0,0,51751835.0,Horror,Mid-size Studio,September,5.0,15.12,16.74
The Age of Innocence,1993,9,34000000.0,32255440.0,17.274809957066896,31794692.31909453,0,0.16931912,45.0,0,1.0,17.341871111992198,1,0,0,0,0,0,0,0,120273784.875,Drama,Major Studio,September,34.0,32.26,31.79
A Hard Day's Night,1964,7,560000.0,12299668.0,16.331038908435843,12373143.4090919,0,0.045945723,0.0,0,0.0,13.235693848424024,0,0,0,0,1,0,0,0,133154665.0,Comedy,Mid-size Studio,July,0.56,12.3,12.37
Fortress,1992,9,8000000.0,6739141.0,16.40070810187864,13265908.430819895,0,0.024876256,20.0,0,1.0,15.894952224644102,1,0,1,0,0,0,0,0,51751835.0,Action,Major Studio,September,8.0,6.74,13.27
Beavis and Butt-Head Do America,1996,12,12000000.0,,17.48677996133025,39301763.000074685,0,0.11453563,15.0,0,,16.300417291085605,1,0,0,1,1,0,0,0,10848783.0,Animation,Major Studio,December,12.0,,39.3
The Rules of Attraction,2002,10,4000000.0,,16.387475464894532,13091521.809110798,0,0.032493487,25.0,0,,15.201805169084134,0,0,0,0,1,0,0,0,418961.0,Comedy,Mid-size Studio,October,4.0,,13.09
Cursed,2005,2,35000000.0,19294901.0,17.46992686388954,38644956.697908916,0,0.15697159,0.0,0,1.0,17.370858648025116,0,0,0,0,1,0,0,0,82833264.44444445,Horror,Mid-size Studio,February,35.0,19.29,38.64
Capitalism: A Love Story,2009,9,20000000.0,17436509.0,17.062424820854364,25710879.366924528,0,0.09955381,35.0,0,1.0,16.811242881518265,0,0,0,0,0,0,0,0,46480967.75,Documentary,Mid-size Studio,September,20.0,17.44,25.71
Samsara,2011,9,4000000.0,,16.559527714068984,15549322.861505926,0,0.020731058,45.0,0,,15.201805169084134,0,0,0,0,0,0,0,0,51751835.0,Drama,Mid-size Studio,September,4.0,,15.55
The Protector,2005,8,6000000.0,27165581.0,16.72290950763548,18309112.652385253,0,0.023550494,25.0,0,0.0,15.607270193858982,0,0,1,0,0,0,0,0,51751835.0,Action,Mid-size Studio,August,6.0,27.17,18.31
Young Sherlock Holmes,1985,12,18000000.0,,17.560235520150144,42297371.24207696,0,0.1733776,40.0,0,,16.705882371415992,1,0,1,0,0,1,0,0,67631903.0,Action,Major Studio,December,18.0,,42.3
Love the Coopers,2015,11,17000000.0,24000000.0,17.01934155084459,24626693.401662458,0,0.1764428,15.0,0,0.0,16.648723960844016,0,0,0,0,1,0,0,0,92542418.0,Comedy,Mid-size Studio,November,17.0,24.0,24.63
Prom Night,2008,4,,14796236.0,15.825970419715125,7466749.230767073,0,0.054289225,0.0,0,,,0,0,0,0,0,0,0,0,51751835.0,Crime,Mid-size Studio,April,,14.8,7.47
The World's Fastest Indian,2005,10,25000000.0,,16.967090678971637,23372966.534704253,0,0.059824824,25.0,0,,17.034386422832473,0,0,0,0,0,0,0,0,49694771.0,Drama,Mid-size Studio,October,25.0,,23.37
Buffalo '66,1998,1,1500000.0,2375097.0,14.605775174700057,2203978.558975823,0,0.031304132,75.0,0,0.0,14.220976332738882,0,1,0,0,1,0,0,0,51751835.0,Romance,Independent,January,1.5,2.38,2.2
Edtv,1999,3,80000000.0,,17.981458688516767,64453763.06514409,0,0.2851725,0.0,0,,18.19753720513815,1,0,0,0,1,0,0,0,309492681.0,Comedy,Major Studio,March,80.0,,64.45
Hollywood Homicide,2003,6,75000000.0,51142659.0,17.76520699360943,51919602.50141867,0,0.48507383,0.0,0,1.0,18.13299868483392,1,0,1,0,1,0,0,0,23842068.0,Action,Major Studio,June,75.0,51.14,51.92
The First Wives Club,1996,9,26000000.0,116400000.0,17.742511400773104,50754527.36503028,0,0.25460052,20.0,1,0.0,17.073607134447293,0,0,0,0,1,0,0,0,93230958.0,Comedy,Mid-size Studio,September,26.0,116.4,50.75
Bananas,1971,4,2000000.0,11833696.0,16.055650269258845,9394642.73359692,0,0.041360732,0.0,0,0.0,14.508658238524095,0,0,0,0,1,0,0,0,59751576.54545455,Comedy,Mid-size Studio,April,2.0,11.83,9.39
Nine,2009,12,80000000.0,53825515.0,17.369202329392294,34942076.82905074,1,0.5810736,25.0,1,1.0,18.19753720513815,0,0,0,0,0,1,0,0,431908967.0,Drama,Mid-size Studio,December,80.0,53.83,34.94
Rabbit Hole,2010,12,5000000.0,5129058.0,15.915779401460256,8168364.629374592,0,0.028852703,25.0,0,0.0,15.424948670398354,0,0,0,0,0,0,0,0,5179037.0,Drama,Mid-size Studio,December,5.0,5.13,8.17
Cat on a Hot Tin Roof,1958,2,3000000.0,17570324.0,16.49417951520513,14565691.827348713,0,0.036803316,25.0,0,0.0,14.914123179965662,0,0,0,0,0,0,0,0,11703775.5,Drama,Mid-size Studio,February,3.0,17.57,14.57
And So It Goes,2014,7,18000000.0,25312387.0,16.51214478741277,14829733.14940196,0,0.103290506,40.0,0,0.0,16.705882371415992,0,0,0,0,1,0,0,0,86498343.33333333,Comedy,Mid-size Studio,July,18.0,25.31,14.83
Freeheld,2015,10,7000000.0,573335.0,15.398696013206209,4870444.713773144,0,0.027097465,25.0,0,1.0,15.76142084987672,0,0,0,0,0,0,0,0,17895026.5,Romance,Mid-size Studio,October,7.0,0.57,4.87
The Muppet Movie,1979,5,,76657000.0,16.817803937595627,20131652.545700595,0,0.12798429,0.0,1,,,0,0,0,0,1,1,0,0,51751835.0,Adventure,Mid-size Studio,May,,76.66,20.13
Celeste & Jesse Forever,2012,8,,3094813.0,15.309504825111064,4454852.906123488,0,0.061173383,25.0,0,,,0,0,0,0,1,0,0,0,65663276.0,Comedy,Mid-size Studio,August,,3.09,4.45
Virtuosity,1995,8,30000000.0,24048000.0,17.128399356644362,27464348.96292798,0,0.14649428,0.0,0,1.0,17.216707972959764,1,0,1,0,0,0,0,0,32101000.0,Action,Major Studio,August,30.0,24.05,27.46
The Marine,2006,10,20000000.0,22165608.0,16.63523238515686,16772183.457525956,0,0.0633717,40.0,0,0.0,16.811242881518265,1,0,1,0,0,0,0,0,51751835.0,Action,Major Studio,October,20.0,22.17,16.77
Dolphin Tale,2011,9,37000000.0,95404397.0,17.62261569113869,45019922.36233152,0,0.49186546,45.0,1,0.0,17.426428497635523,0,0,0,0,0,0,0,0,37784516.0,Drama,Mid-size Studio,September,37.0,95.4,45.02
Weekend,2011,9,8000.0,469947.0,12.96251615494598,426135.9936724314,0,0.023704879,45.0,0,0.0,8.987321812850125,0,0,0,0,0,0,0,0,51751835.0,Drama,Mid-size Studio,September,0.01,0.47,0.43
Take the Lead,2006,3,30000000.0,34742066.0,17.246702594837235,30913469.792179286,0,0.084968716,0.0,0,0.0,17.216707972959764,1,0,0,0,0,0,0,0,51751835.0,Music,Major Studio,March,30.0,34.74,30.91
An Unfinished Life,2005,9,30000000.0,18618284.0,16.794846828209995,19674752.590706863,0,0.07625243,45.0,0,1.0,17.216707972959764,0,0,0,0,0,0,0,0,77646608.28571428,Drama,Mid-size Studio,September,30.0,18.62,19.67
Wonder Boys,2000,2,35000000.0,,17.170667115138883,28650088.216636017,0,0.12717102,25.0,0,,17.370858648025116,1,0,0,0,1,0,0,0,65989428.5,Comedy,Major Studio,February,35.0,,28.65
Twilight Zone: The Movie,1983,6,10000000.0,29450919.0,17.503554806719347,39966604.733122006,0,0.12645736,40.0,0,0.0,16.118095750958314,1,0,0,0,0,0,0,0,350690086.34615386,Drama,Major Studio,June,10.0,29.45,39.97
The Howling,1981,4,1000000.0,17985893.0,16.969760395058618,23435449.090362705,0,0.042965256,25.0,0,0.0,13.815511557963774,0,0,0,0,0,0,0,0,79440675.0,Drama,Mid-size Studio,April,1.0,17.99,23.44
Feast,2005,10,,658573.0,14.241855056368198,1531647.3346629865,0,0.03262215,0.0,0,,,0,0,1,0,1,1,0,0,51751835.0,Action,Mid-size Studio,October,,0.66,1.53
Our Kind of Traitor,2016,5,,9930095.0,14.75535517842242,2559582.6804902977,0,0.059290513,0.0,0,,,0,0,0,0,0,0,0,0,93246388.0,Thriller,Mid-size Studio,May,,9.93,2.56
Win a Date with Tad Hamilton!,2004,1,17000000.0,16980098.0,16.184909872151014,10690967.441875711,0,0.16028932,35.0,0,1.0,16.648723960844016,0,0,0,0,1,0,0,0,133961333.2,Comedy,Mid-size Studio,January,17.0,16.98,10.69
Spellbound,1945,12,1500000.0,7000000.0,16.14712087224938,10294504.582198722,0,0.044114534,25.0,0,0.0,14.220976332738882,0,0,0,0,0,0,0,0,12071428.57142857,Drama,Mid-size Studio,December,1.5,7.0,10.29
In the Land of Women,2007,4,10000000.0,17500000.0,16.843097643735323,20647351.1451924,0,0.04297645,40.0,0,0.0,16.118095750958314,0,0,0,0,1,0,0,0,51751835.0,Romance,Mid-size Studio,April,10.0,17.5,20.65
Keeping the Faith,2000,4,30000000.0,37036004.0,17.384433370188006,35478354.70978068,0,0.103118345,0.0,0,0.0,17.216707972959764,0,0,0,0,1,0,0,0,51751835.0,Comedy,Mid-size Studio,April,30.0,37.04,35.48
Blue Crush,2002,8,25000000.0,51842679.0,17.64762637089638,46160100.12431193,0,0.28076246,0.0,1,0.0,17.034386422832473,1,0,0,0,0,0,0,0,30681781.0,Adventure,Major Studio,August,25.0,51.84,46.16
Miracle,2004,2,28000000.0,64445708.0,17.730146991512257,50130841.30500026,0,0.41797498,25.0,1,0.0,17.147715103853763,0,0,0,0,0,1,0,0,14220975.75,Drama,Mid-size Studio,February,28.0,64.45,50.13
The Four Feathers,2002,9,35000000.0,29882645.0,17.38412258547447,35467330.29236358,0,0.10390557,45.0,0,1.0,17.370858648025116,1,0,0,0,0,0,0,0,78194102.5,War,Major Studio,September,35.0,29.88,35.47
Mongol: The Rise of Genghis Khan,2007,9,18000000.0,26527510.0,16.886266183523375,21558185.438694544,0,0.05242952,60.0,0,0.0,16.705882371415992,0,0,0,0,0,0,0,0,114178613.0,History,Mid-size Studio,September,18.0,26.53,21.56
Frenzy,1972,5,3500000.0,12600000.0,16.78187447181465,19421172.993655544,0,0.038673446,25.0,0,0.0,15.068273812173889,1,0,0,0,0,0,0,0,11271428.57142857,Crime,Major Studio,May,3.5,12.6,19.42
The Secret Life of Bees,2008,9,11000000.0,38105395.0,17.197848018638613,29439503.435165223,0,0.0748602,35.0,0,0.0,16.213405921671733,1,0,0,0,0,0,0,0,21173422.5,Adventure,Major Studio,September,11.0,38.11,29.44
American Heist,2014,9,10000000.0,,17.563679940783,42443312.38079034,0,0.045631357,35.0,0,,16.118095750958314,0,0,1,0,0,0,0,0,51751835.0,Action,Mid-size Studio,September,10.0,,42.44
Crossroads,2002,2,12000000.0,61141030.0,17.75273431828351,51276047.91062791,0,0.4972551,40.0,1,0.0,16.300417291085605,1,0,1,0,1,0,0,0,17460020.0,Action,Major Studio,February,12.0,61.14,51.28
Get on Up,2014,8,,31911598.0,15.483051935386932,5299122.223912576,0,0.16414009,25.0,0,,,0,0,0,0,0,0,0,0,124272124.0,Drama,Mid-size Studio,August,,31.91,5.3
"20,000 Leagues Under the Sea",1954,12,5000000.0,28200000.0,17.09774062376475,26635103.554073572,0,0.062316347,25.0,0,0.0,15.424948670398354,0,0,0,0,0,0,0,0,45498974.666666664,Adventure,Mid-size Studio,December,5.0,28.2,26.64
The Assassin,2015,8,15000000.0,632542.0,15.390217561685066,4829325.43612201,0,0.04959254,40.0,0,1.0,16.52356082573315,0,0,1,0,0,0,0,0,51751835.0,Action,Mid-size Studio,August,15.0,0.63,4.83
Wicker Park,2004,9,30000000.0,13001257.0,17.066346480230916,25811906.64981217,0,0.08281995,45.0,0,1.0,17.216707972959764,0,0,0,0,0,0,0,0,45268089.5,Drama,Mid-size Studio,September,30.0,13.0,25.81
Dressed to Kill,1980,6,6500000.0,31899000.0,17.022083412929604,24694309.055360086,0,0.05074719,0.0,0,0.0,15.687312888712007,0,0,0,0,0,0,0,0,80847431.9090909,Horror,Mid-size Studio,June,6.5,31.9,24.69
A Lonely Place to Die,2011,4,4000000.0,25345000.0,15.82252105742145,7441038.073106499,0,0.022909718,0.0,0,0.0,15.201805169084134,0,0,1,0,0,0,0,0,51751835.0,Adventure,Mid-size Studio,April,4.0,25.34,7.44
The Baader Meinhof Complex,2008,9,27000000.0,,17.160844829064175,28370056.37211723,0,0.098309666,45.0,0,,17.11134746100564,0,0,1,0,0,0,0,0,13555988.0,Action,Mid-size Studio,September,27.0,,28.37
Midnight in the Garden of Good and Evil,1997,11,35000000.0,25105255.0,17.13161138938374,27552707.182955265,0,0.15270464,25.0,0,1.0,17.370858648025116,1,0,0,0,0,0,0,0,130892296.4736842,Crime,Major Studio,November,35.0,25.11,27.55
The Skulls,2000,3,15000000.0,35007180.0,17.132838280437465,27586532.09963174,0,0.11685209,40.0,0,0.0,16.52356082573315,1,0,0,0,0,0,0,0,165006602.5,Crime,Major Studio,March,15.0,35.01,27.59
The Rocker,2008,8,15000000.0,8762890.0,16.526374846088544,15042269.75422586,0,0.1599144,15.0,0,1.0,16.52356082573315,0,0,0,0,1,0,0,0,128995394.0,Comedy,Mid-size Studio,August,15.0,8.76,15.04
By the Sea,2015,11,10000000.0,3727746.0,15.875497039679102,7845862.746978,0,0.066690266,40.0,0,1.0,16.118095750958314,0,0,0,0,0,0,0,0,81873407.0,Drama,Mid-size Studio,November,10.0,3.73,7.85
A Room with a View,1985,12,3000000.0,20966644.0,17.231696870802327,30453053.857098445,0,0.053376414,25.0,0,0.0,14.914123179965662,0,0,0,0,0,0,0,0,17226155.333333332,Drama,Mid-size Studio,December,3.0,20.97,30.45
"4 Months, 3 Weeks and 2 Days",2007,8,852510.0,1185783.0,14.316910293144458,1651029.6597545394,0,0.020929115,25.0,0,0.0,13.655941391282369,0,0,0,0,0,0,0,0,51751835.0,Drama,Mid-size Studio,August,0.85,1.19,1.65
Ask Me Anything,2014,4,950000.0,,14.67265215353657,2356414.469597398,0,0.026711093,25.0,0,,13.76421831620775,0,0,0,0,0,0,0,0,51751835.0,Drama,Mid-size Studio,April,0.95,,2.36
Rent,2005,11,40000000.0,31670620.0,17.518488181251268,40567919.68129172,0,0.1321596,25.0,0,1.0,17.50439003707821,1,0,0,0,0,0,0,0,461745110.375,Drama,Major Studio,November,40.0,31.67,40.57
Where the Heart Is,2000,4,15000000.0,33771174.0,17.275422087123168,31814160.76450748,0,0.10329755,40.0,0,0.0,16.52356082573315,1,0,0,0,1,0,0,0,51751835.0,Comedy,Major Studio,April,15.0,33.77,31.81
Stay Alive,2006,3,9000000.0,27105095.0,16.984605764285067,23785952.23714435,0,0.053589944,15.0,0,0.0,16.012735246411598,0,0,0,0,0,0,0,0,82973428.5,Horror,Mid-size Studio,March,9.0,27.11,23.79
Judgment at Nuremberg,1961,12,3000000.0,10000000.0,16.457013026785088,14034272.833949232,0,0.08273734,25.0,0,0.0,14.914123179965662,0,0,0,0,0,0,0,0,60000000.0,Drama,Mid-size Studio,December,3.0,10.0,14.03
Multiplicity,1996,7,45000000.0,,17.594098582013572,43754217.19533573,0,0.2774914,0.0,0,,17.622173069956816,0,0,0,0,1,0,0,0,62357900.0,Comedy,Mid-size Studio,July,45.0,,43.75
Deep Rising,1998,1,45000000.0,11203026.0,16.609721339798934,16349719.16382913,0,0.1139227,20.0,0,1.0,17.622173069956816,0,0,1,0,0,0,0,0,367741145.5,Adventure,Mid-size Studio,January,45.0,11.2,16.35
Saving Silverman,2001,2,22000000.0,19351569.0,16.923866848484032,22384219.989293884,0,0.14585549,15.0,0,1.0,16.906553056777135,1,0,0,0,1,1,0,0,194372852.0,Comedy,Major Studio,February,22.0,19.35,22.38
Two Lovers,2008,11,12000000.0,3148182.0,16.26089077409809,11534933.533386704,0,0.053659756,40.0,0,1.0,16.300417291085605,0,0,0,0,0,0,0,0,30397286.0,Drama,Mid-size Studio,November,12.0,3.15,11.53
Justin Bieber: Never Say Never,2011,2,13000000.0,98441954.0,18.153817535572696,76577780.62894066,1,0.50586194,15.0,1,0.0,16.380459992348886,0,0,0,0,0,1,0,0,254221531.0,Documentary,Mid-size Studio,February,13.0,98.44,76.58
The Wind That Shakes the Barley,2006,5,6500000.0,22889018.0,15.24701328644957,4184982.362749115,0,0.03471325,25.0,0,0.0,15.687312888712007,0,0,0,0,0,0,0,0,51751835.0,Drama,Mid-size Studio,May,6.5,22.89,4.18
Swimming Pool,2003,5,7800000.0,22441323.0,16.29704322549029,11959579.4386416,0,0.027278822,0.0,0,0.0,15.86963441986494,0,0,0,0,0,0,0,0,51751835.0,Thriller,Mid-size Studio,May,7.8,22.44,11.96
Employee of the Month,2006,10,12000000.0,38368909.0,16.308867818926764,12101836.020587526,0,0.07954253,15.0,0,0.0,16.300417291085605,0,0,0,0,1,0,0,0,51751835.0,Comedy,Mid-size Studio,October,12.0,38.37,12.1
Nine Queens,2000,8,1500000.0,,16.678730419264348,17517840.244881004,0,0.026177581,25.0,0,,14.220976332738882,0,0,0,0,0,0,0,0,51751835.0,Crime,Mid-size Studio,August,1.5,,17.52
Return to the Blue Lagoon,1991,8,11000000.0,2807854.0,16.233066149224005,11218402.408480557,0,0.07175998,40.0,0,1.0,16.213405921671733,0,0,0,0,0,0,0,0,51751835.0,Drama,Mid-size Studio,August,11.0,2.81,11.22
Antitrust,2001,1,30000000.0,18195610.0,16.988758865719166,23884943.13097156,0,0.11620533,45.0,0,1.0,17.216707972959764,0,0,1,0,0,0,0,0,82866394.33333333,Action,Mid-size Studio,January,30.0,18.2,23.88
Southland Tales,2006,5,17000000.0,374743.0,14.527857807123624,2038770.150522729,0,0.12208703,40.0,0,1.0,16.648723960844016,1,0,1,0,1,0,0,0,17302026.5,Action,Major Studio,May,17.0,0.37,2.04
Big Miracle,2012,2,40000000.0,24719215.0,17.09399419342432,26535503.678745516,0,0.10586242,25.0,0,1.0,17.50439003707821,1,0,0,0,0,1,0,0,95206575.33333331,Adventure,Major Studio,February,40.0,24.72,26.54
May,2002,1,500000.0,150277.0,13.413498759331356,668971.8526786636,0,0.024048366,45.0,0,1.0,13.122365377402328,0,0,0,0,0,0,0,0,51751835.0,Drama,Mid-size Studio,January,0.5,0.15,0.67
Ong Bak 2,2008,12,8500000.0,8936663.0,16.942781484054542,22811638.86514457,0,0.03687101,15.0,0,0.0,15.955576839107596,0,0,1,0,0,0,0,0,51751835.0,Adventure,Mid-size Studio,December,8.5,8.94,22.81
Chasing Liberty,2004,1,23000000.0,12.0,9.372814554113427,11763.179454595524,0,0.070286706,35.0,0,1.0,16.951004817371683,0,0,0,0,1,0,0,0,51751835.0,Comedy,Mid-size Studio,January,23.0,0.0,0.01
The Damned United,2009,3,10000000.0,,16.405604746248972,13331026.17064744,0,0.050692227,40.0,0,,16.118095750958314,0,0,0,0,0,0,0,0,428010659.5,Drama,Mid-size Studio,March,10.0,,13.33
The New Guy,2002,5,13000000.0,,17.576756364752733,43001963.76196625,0,0.15384722,15.0,0,,16.380459992348886,0,0,0,0,1,1,0,0,51751835.0,Comedy,Mid-size Studio,May,13.0,,43.0
The Producers,2005,12,45000000.0,38058335.0,17.144491312631434,27909879.185946483,0,0.20541947,0.0,0,1.0,17.622173069956816,0,0,0,0,1,1,0,0,51751835.0,Comedy,Mid-size Studio,December,45.0,38.06,27.91
Area 51,2015,5,5000000.0,,17.383195195661767,35434453.497797795,0,0.03725799,0.0,0,,15.424948670398354,0,0,0,0,0,0,0,0,193355800.0,Horror,Mid-size Studio,May,5.0,,35.43
The Believer,2001,1,1500000.0,416925.0,13.972915098736028,1170468.020579205,0,0.021522643,45.0,0,1.0,14.220976332738882,0,0,0,0,0,0,0,0,51751835.0,Drama,Mid-size Studio,January,1.5,0.42,1.17
The Great Debaters,2007,12,15000000.0,30226144.0,16.618552339084754,16494742.940864217,0,0.08409274,40.0,0,0.0,16.52356082573315,0,0,0,0,0,0,0,0,23367586.0,Drama,Mid-size Studio,December,15.0,30.23,16.49
Adam,2009,7,,2277396.0,13.901754096511125,1090070.7704760612,0,0.041280102,25.0,0,,,0,0,0,0,0,0,0,0,51751835.0,Drama,Mid-size Studio,July,,2.28,1.09
Pulse,2006,8,38000000.0,29907685.0,17.211681687007136,29849589.735552564,0,0.096165836,0.0,0,1.0,17.453096744006448,0,0,0,0,0,0,0,0,51751835.0,Horror,Mid-size Studio,August,38.0,29.91,29.85
Tin Cup,1996,8,45000000.0,53854588.0,18.03228233126227,67814209.90133819,0,0.27858332,25.0,1,0.0,17.622173069956816,1,0,0,0,1,0,0,0,22938091.666666668,Comedy,Major Studio,August,45.0,53.85,67.81
The Trouble with Harry,1955,10,1200000.0,7000000.0,16.35519282421519,12675641.851407804,0,0.041140944,0.0,0,0.0,13.997832948091215,1,0,0,0,1,0,0,0,12071428.57142857,Comedy,Major Studio,October,1.2,7.0,12.68
Marmaduke,2010,6,50000000.0,83761844.0,17.889564609110668,58794836.36567123,1,0.58159447,0.0,1,0.0,17.72753358339242,1,0,0,0,1,0,0,0,72823748.5,Family,Major Studio,June,50.0,83.76,58.79
Furry Vengeance,2010,4,35000000.0,39340177.0,17.46878623914113,38600902.43222663,0,0.1389658,0.0,0,0.0,17.370858648025116,0,0,0,0,1,1,0,0,72299489.0,Comedy,Mid-size Studio,April,35.0,39.34,38.6
Misconduct,2016,2,11000000.0,,16.624037530304353,16585468.361163944,0,0.08927767,40.0,0,,16.213405921671733,0,0,0,0,0,0,0,0,51751835.0,Drama,Mid-size Studio,February,11.0,,16.59
Rob Roy,1995,4,28000000.0,31596911.0,17.73202101954501,50224875.9930854,0,0.158899,0.0,0,0.0,17.147715103853763,0,0,0,0,0,0,0,0,73464557.66666667,Adventure,Mid-size Studio,April,28.0,31.6,50.22
Demonic,2015,2,3000000.0,3387000.0,16.163405596791737,10463520.22134801,0,0.039698973,0.0,0,0.0,14.914123179965662,0,0,0,0,0,0,0,0,51751835.0,Thriller,Mid-size Studio,February,3.0,3.39,10.46
Shadow of the Vampire,2000,5,8000000.0,8279017.0,16.150895304331346,10333433.916183006,0,0.034574986,25.0,0,0.0,15.894952224644102,0,0,0,0,0,0,0,0,13000000.0,Drama,Mid-size Studio,May,8.0,8.28,10.33
Heavy Metal,1981,8,9300000.0,,17.189810004810212,29203816.78665234,0,0.0626218,15.0,0,,16.04552506565036,0,0,0,1,0,0,0,0,51751835.0,Animation,Mid-size Studio,August,9.3,,29.2
Micmacs,2009,10,33000000.0,14000000.0,16.763850778154396,19074267.35463083,0,0.09981251,0.0,0,1.0,17.312018149733785,0,0,1,0,1,0,0,0,115138914.33333331,Action,Mid-size Studio,October,33.0,14.0,19.07
Dracula 2000,2000,12,28000000.0,33000337.0,17.160719295217028,28366495.193200458,0,0.11126509,0.0,0,0.0,17.147715103853763,0,0,0,0,0,0,0,0,64833059.5,Thriller,Mid-size Studio,December,28.0,33.0,28.37
The Rugrats Movie,1998,11,30000000.0,100491683.0,17.45714380630132,38154099.98704591,0,0.16379277,0.0,1,0.0,17.216707972959764,0,0,0,1,0,1,0,0,51751835.0,Animation,Mid-size Studio,November,30.0,100.49,38.15
The Island of Dr. Moreau,1996,8,40000000.0,49627779.0,17.651060211060734,46318878.98814639,0,0.15524648,0.0,0,0.0,17.50439003707821,1,0,0,0,0,0,0,0,33644963.5,Fantasy,Major Studio,August,40.0,49.63,46.32
Tora! Tora! Tora!,1970,1,25485000.0,29548291.0,17.450552923482842,37903457.662809126,0,0.33770564,45.0,0,0.0,17.053600640995047,1,0,1,0,0,0,0,0,45049544.333333336,History,Major Studio,January,25.48,29.55,37.9
Everyone Says I Love You,1996,12,20000000.0,,17.246129412239892,30895755.80585707,0,0.118622914,15.0,0,,16.811242881518265,0,0,0,0,1,0,0,0,36674620.0,Music,Mid-size Studio,December,20.0,,30.9
Spy Hard,1996,5,18000000.0,,17.384544183028435,35482286.384986654,0,0.07167463,15.0,0,,16.705882371415992,0,0,1,0,1,0,0,0,51751835.0,Action,Mid-size Studio,May,18.0,,35.48
My Soul to Take,2010,10,25000000.0,19829957.0,16.702924690030414,17946840.38545593,0,0.08146658,25.0,0,1.0,17.034386422832473,0,0,0,0,0,0,0,0,82773813.77777778,Drama,Mid-size Studio,October,25.0,19.83,17.95
Cleopatra,1963,6,31115000.0,71000000.0,18.10593206328273,72997229.73694216,0,0.46015736,25.0,1,0.0,17.253200608124295,1,0,0,0,0,0,0,0,51751835.0,Drama,Major Studio,June,31.12,71.0,73.0
Boat Trip,2002,10,20000000.0,8586376.0,16.75514805395205,18908989.48477976,0,0.06616724,15.0,0,1.0,16.811242881518265,0,0,0,0,1,0,0,0,51751835.0,Comedy,Mid-size Studio,October,20.0,8.59,18.91
Barbarella,1968,10,9000000.0,2500000.0,16.333888511608126,12408452.24484334,0,0.062412996,15.0,0,1.0,16.012735246411598,1,0,0,0,0,0,0,0,51751835.0,Science Fiction,Major Studio,October,9.0,2.5,12.41
Silverado,1985,7,26000000.0,,17.43476169491133,37309616.563788995,0,0.19697098,25.0,0,,17.073607134447293,1,0,1,0,0,0,0,0,50383718.0,Action,Major Studio,July,26.0,,37.31
Instinct,1999,6,80000000.0,,17.755085758128047,51396762.32582785,0,0.37273046,25.0,0,,18.19753720513815,0,0,0,0,0,0,0,0,153450391.5,Drama,Mid-size Studio,June,80.0,,51.4
Crocodile Dundee in Los Angeles,2001,4,21150000.0,39438674.0,17.197632720912807,29433165.859068833,0,0.08119335,15.0,0,0.0,16.867150510737883,0,0,0,0,1,0,0,0,12367807.5,Adventure,Mid-size Studio,April,21.15,39.44,29.43
Dragon Blade,2015,2,65000000.0,121545703.0,16.93100907165742,22544665.377502646,0,0.3360792,25.0,1,0.0,17.989897843244528,0,0,1,0,0,0,0,0,51751835.0,Action,Mid-size Studio,February,65.0,121.55,22.54
Captain Corelli's Mandolin,2001,8,57000000.0,62112895.0,17.617147264659526,44774406.12688821,1,0.524847,25.0,1,0.0,17.858561843342684,1,0,0,0,0,0,0,0,139442146.0,Drama,Major Studio,August,57.0,62.11,44.77
Over Her Dead Body,2008,2,10000000.0,,17.506545842978475,40086325.25498039,0,0.04676006,15.0,0,,16.118095750958314,0,0,0,0,1,0,0,0,51751835.0,Comedy,Mid-size Studio,February,10.0,,40.09
Get Carter,2000,10,63600000.0,19412993.0,17.044277367875644,25248500.56276095,0,0.23200339,25.0,0,1.0,17.968124044033623,1,0,1,0,0,0,0,0,67192859.0,Action,Major Studio,October,63.6,19.41,25.25
Ordinary People,1980,9,6000000.0,,17.61459628454716,44660333.065680735,0,0.054481573,45.0,0,,15.607270193858982,1,0,0,0,0,0,0,0,51337649.5,Drama,Major Studio,September,6.0,,44.66
Far from Heaven,2002,9,13500000.0,29027914.0,17.208717540490696,29761242.17739632,0,0.105502434,60.0,0,0.0,16.41820031748273,0,0,0,0,0,0,0,0,2527454.5,Drama,Mid-size Studio,September,13.5,29.03,29.76
Glory Road,2006,1,,42647449.0,16.57731045140492,15828305.590022976,0,0.076904744,45.0,0,,,1,0,0,0,0,0,0,0,51751835.0,Drama,Major Studio,January,,42.65,15.83
Straw Dogs,2011,9,25000000.0,10324441.0,16.314136203051827,12165761.390474215,0,0.12655143,45.0,0,1.0,17.034386422832473,0,0,0,0,0,0,0,0,27642707.0,Drama,Mid-size Studio,September,25.0,10.32,12.17
Pathology,2008,4,8000000.0,,17.137089528342266,27704058.93151495,0,0.026678095,0.0,0,,15.894952224644102,0,0,0,0,0,0,0,0,51751835.0,Crime,Mid-size Studio,April,8.0,,27.7
Repo Man,1984,2,1500000.0,2300000.0,14.9461704253062,3097698.896862204,0,0.020265883,0.0,0,0.0,14.220976332738882,0,0,0,0,1,0,0,0,51751835.0,Comedy,Mid-size Studio,February,1.5,2.3,3.1
Transamerica,2005,12,1000000.0,13350369.0,15.66001452642922,6324960.6317262305,0,0.020590767,25.0,0,0.0,13.815511557963774,0,0,0,0,0,0,0,0,51751835.0,Drama,Mid-size Studio,December,1.0,13.35,6.32
Agent Cody Banks 2: Destination London,2004,12,26000000.0,28818995.0,17.33190037691901,33662679.45898656,0,0.07217416,0.0,0,0.0,17.073607134447293,0,0,0,0,1,0,0,0,51751835.0,Comedy,Mid-size Studio,December,26.0,28.82,33.66
1941,1979,12,35000000.0,31755742.0,17.907713772206314,59871655.58419531,0,0.16375327,0.0,0,1.0,17.370858648025116,1,0,1,0,1,0,0,0,350601439.3076923,Action,Major Studio,December,35.0,31.76,59.87
The Best Years of Our Lives,1946,12,2100000.0,23650000.0,16.96360166248142,23291559.96256842,0,0.069586866,25.0,0,0.0,14.557448378884017,0,0,0,0,0,0,0,0,51751835.0,Drama,Mid-size Studio,December,2.1,23.65,23.29
Shin Godzilla,2016,7,15000000.0,77000000.0,15.790239711109196,7204667.027859295,0,0.075546086,40.0,1,0.0,16.52356082573315,0,0,1,0,0,0,0,0,51751835.0,Action,Mid-size Studio,July,15.0,77.0,7.2
W.,2008,10,25100000.0,29506464.0,17.226546202718545,30296603.53710462,0,0.0982358,25.0,0,0.0,17.038378443942648,0,0,0,0,0,0,0,0,104045179.25,Drama,Mid-size Studio,October,25.1,29.51,30.3
The Tigger Movie,2000,2,30000000.0,45554533.0,17.80121990752481,53823454.58429925,0,0.12481749,0.0,0,0.0,17.216707972959764,1,0,0,1,0,0,0,0,51751835.0,Animation,Major Studio,February,30.0,45.55,53.82
Ernest & Celestine,2012,12,12516654.0,8109160.0,16.67635319194596,17476245.813412126,0,0.11881254,40.0,0,1.0,16.342570715415327,0,0,0,1,1,0,0,0,51751835.0,Animation,Mid-size Studio,December,12.52,8.11,17.48
Femme Fatale,2002,11,35000000.0,16838910.0,17.13224939715423,27570291.633785695,0,0.107001714,0.0,0,1.0,17.370858648025116,0,0,0,0,0,0,0,0,82216531.0,Thriller,Mid-size Studio,November,35.0,16.84,27.57
Narc,2002,1,6500000.0,12633747.0,16.548067215325165,15372137.112787738,0,0.040851705,45.0,0,0.0,15.687312888712007,1,0,1,0,0,0,0,0,67191113.0,Action,Major Studio,January,6.5,12.63,15.37
The Adventures of Pluto Nash,2002,8,100000000.0,7103973.0,17.318497831876016,33214523.78957003,0,0.3142646,0.0,0,1.0,18.420680753952364,1,0,1,0,1,0,0,0,48572000.0,Action,Major Studio,August,100.0,7.1,33.21
Sea of Love,1989,9,19000000.0,110879513.0,17.55452736882431,42056619.21882582,0,0.2893036,60.0,1,0.0,16.759949589762293,0,0,0,0,0,0,0,0,54249294.0,Drama,Mid-size Studio,September,19.0,110.88,42.06
Ravenous,1999,3,12000000.0,,17.08877405487635,26397345.583812814,0,0.067519605,40.0,0,,16.300417291085605,1,0,0,0,1,0,0,0,51751835.0,Comedy,Major Studio,March,12.0,,26.4
Miss Potter,2006,12,30000000.0,35078241.0,17.288573739574183,32235333.04811437,0,0.14059216,25.0,0,0.0,17.216707972959764,0,0,0,0,0,0,0,0,254134910.0,Drama,Mid-size Studio,December,30.0,35.08,32.24
Radio,2003,10,32000000.0,52277485.0,17.481656999647466,39100936.42168935,0,0.25097707,25.0,1,0.0,17.281246492014,0,0,0,0,0,0,0,0,19693891.0,Drama,Mid-size Studio,October,32.0,52.28,39.1
I Don't Know How She Does It,2011,9,24000000.0,30551495.0,16.888067044846814,21597043.721543025,0,0.06068266,20.0,0,0.0,16.993564429978885,0,0,0,0,1,0,0,0,1151330.0,Romance,Mid-size Studio,September,24.0,30.55,21.6
Must Love Dogs,2005,7,30000000.0,58405313.0,17.722891216302713,49768419.59740212,0,0.08101901,0.0,1,0.0,17.216707972959764,1,0,0,0,1,0,0,0,51751835.0,Comedy,Major Studio,July,30.0,58.41,49.77
Shortbus,2006,5,2000000.0,5179037.0,16.07016133029895,9531962.903320216,0,0.030831773,25.0,0,0.0,14.508658238524095,0,0,0,0,1,0,0,0,5129058.0,Romance,Mid-size Studio,May,2.0,5.18,9.53
"It's a Mad, Mad, Mad, Mad World",1963,11,9400000.0,60000000.0,17.53390139919486,41198045.54316642,0,0.3967252,15.0,1,0.0,16.056220353623207,0,0,1,0,1,0,0,0,10000000.0,Action,Mid-size Studio,November,9.4,60.0,41.2
The Apparition,2012,8,17000000.0,9627492.0,16.695312051194986,17810736.276758026,0,0.09670879,15.0,0,1.0,16.648723960844016,1,0,0,0,0,0,0,0,51751835.0,Horror,Major Studio,August,17.0,9.63,17.81
The Three Stooges,2012,4,30000000.0,54819301.0,17.72295444106827,49771566.2936001,0,0.15818138,0.0,1,0.0,17.216707972959764,0,0,0,0,1,1,0,0,128339859.8,Comedy,Mid-size Studio,April,30.0,54.82,49.77
Desire,2011,9,1344000.0,,16.965669406246665,23339770.7691516,0,0.04282448,45.0,0,,14.111161544112576,0,0,0,0,0,0,0,0,51751835.0,Drama,Mid-size Studio,September,1.34,,23.34
Stargate: The Ark of Truth,2008,3,7000000.0,8900000.0,15.449075371887885,5122100.550527896,0,0.026256979,0.0,0,0.0,15.76142084987672,0,0,0,0,0,0,0,0,51751835.0,Adventure,Mid-size Studio,March,7.0,8.9,5.12
Welcome to the Rileys,2010,10,,42145.0,12.145972899329609,188333.12016699807,0,0.046176493,25.0,0,,,0,0,0,0,0,0,0,0,51751835.0,Drama,Mid-size Studio,October,,0.04,0.19
Firefox,1982,6,18000000.0,70687344.0,17.446995355209207,37768853.095245,1,0.52542573,15.0,1,0.0,16.705882371415992,0,0,1,0,0,0,0,0,128493239.15789472,Science Fiction,Mid-size Studio,June,18.0,70.69,37.77
The Texas Chainsaw Massacre 2,1986,8,4700000.0,8025872.0,16.066590362975475,9497985.274300722,0,0.051083267,0.0,0,0.0,15.363073279446224,0,0,0,0,0,0,0,0,52647887.666666664,Horror,Mid-size Studio,August,4.7,8.03,9.5
Beyond the Lights,2014,9,7000000.0,14618727.0,16.38667889575035,13081097.65832034,0,0.032708433,45.0,0,0.0,15.76142084987672,0,0,0,0,0,0,0,0,32916756.5,Romance,Mid-size Studio,September,7.0,14.62,13.08
Dylan Dog: Dead of Night,2011,3,20000000.0,4634062.0,16.657613416541526,17151794.441131156,0,0.0892826,15.0,0,1.0,16.811242881518265,0,0,1,0,1,0,0,0,95608995.0,Action,Mid-size Studio,March,20.0,4.63,17.15
Envy,2004,4,40000000.0,,17.181520423922112,28962730.011594787,0,0.14358573,0.0,0,,17.50439003707821,1,0,0,0,1,0,0,0,67631903.0,Comedy,Major Studio,April,40.0,,28.96
Undisputed,2002,8,20000000.0,12398628.0,16.83597879685599,20500887.750585496,0,0.0989513,40.0,0,1.0,16.811242881518265,0,0,1,0,0,0,0,0,13371033.0,Action,Mid-size Studio,August,20.0,12.4,20.5
Quartet,2012,9,11000000.0,59520298.0,16.79321894342591,19642750.4137016,0,0.13242035,60.0,1,0.0,16.213405921671733,0,0,0,0,1,0,0,0,51751835.0,Drama,Mid-size Studio,September,11.0,59.52,19.64
Find Me Guilty,2006,3,13000000.0,2636637.0,16.86417297369164,21087118.75057659,0,0.1785765,40.0,0,1.0,16.380459992348886,0,0,1,0,1,0,0,0,24929045.0,Drama,Mid-size Studio,March,13.0,2.64,21.09
The Shadow,1994,7,25000000.0,48063435.0,16.784149864226396,19465414.099438246,0,0.1769783,0.0,0,0.0,17.034386422832473,1,0,1,0,0,0,1,0,51462815.666666664,Adventure,Major Studio,July,25.0,48.06,19.47
The Prophecy,1995,9,8.0,16.0,8.408308103225387,4483.167341667977,0,0.031291004,20.0,0,0.0,2.1972245773362196,0,0,0,0,0,0,0,0,51751835.0,Fantasy,Mid-size Studio,September,0.0,0.0,0.0
Touching the Void,2003,9,,13885802.0,16.730400861820428,18446787.750163272,0,0.056454692,20.0,0,,,0,0,1,0,0,0,0,0,67906082.0,Documentary,Mid-size Studio,September,,13.89,18.45
Tank Girl,1995,3,25000000.0,4064495.0,15.936204424152123,8336919.18827492,0,0.077802755,0.0,0,1.0,17.034386422832473,0,0,1,0,1,0,0,0,34872033.0,Action,Mid-size Studio,March,25.0,4.06,8.34
The Return of the Pink Panther,1975,5,5000000.0,41833347.0,17.409822152507328,36390638.848047055,0,0.041726578,0.0,0,0.0,15.424948670398354,0,0,0,0,1,0,0,0,51751835.0,Comedy,Mid-size Studio,May,5.0,41.83,36.39
Antwone Fisher,2002,12,12500000.0,23367586.0,17.369982251333404,34969339.55223364,0,0.16341701,40.0,0,0.0,16.341239282272525,0,0,0,0,0,0,0,0,30226144.0,Drama,Mid-size Studio,December,12.5,23.37,34.97
Barbershop,2002,4,12000000.0,75781642.0,17.23693088094476,30612863.312413923,0,0.3633033,40.0,1,0.0,16.300417291085605,0,0,0,0,1,0,0,0,146824966.6,Comedy,Mid-size Studio,April,12.0,75.78,30.61
The Shaggy Dog,2006,3,50000000.0,61112916.0,17.209839676283796,29794657.078134593,0,0.41908398,0.0,1,0.0,17.72753358339242,1,0,0,0,1,0,0,0,31322373.75,Comedy,Major Studio,March,50.0,61.11,29.79
Your Sister's Sister,2011,9,125000.0,3200000.0,14.73410481592089,2505764.4530925383,0,0.02404069,45.0,0,0.0,11.736077016252436,0,0,0,0,1,0,0,0,51751835.0,Drama,Mid-size Studio,September,0.12,3.2,2.51
Body Double,1984,10,10000000.0,8801940.0,16.80063730596708,19789009.294953644,0,0.09334674,15.0,0,1.0,16.118095750958314,0,0,0,0,0,0,0,0,82947164.63636364,Crime,Mid-size Studio,October,10.0,8.8,19.79
Pokémon: Spell of the Unknown,2000,7,16000000.0,68411275.0,17.147261491359416,27987301.729969367,0,0.21289954,15.0,1,0.0,16.588099342704055,0,0,1,1,0,0,0,0,51751835.0,Adventure,Mid-size Studio,July,16.0,68.41,27.99
The Conspirator,2010,9,25000000.0,15478800.0,16.555393446249326,15485170.495154971,0,0.092952356,45.0,0,1.0,17.034386422832473,0,0,0,0,0,0,0,0,96519620.66666669,Crime,Mid-size Studio,September,25.0,15.48,15.49
Never Back Down 2: The Beatdown,2011,9,3000000.0,,15.321307614346832,4507744.1258096015,0,0.023771385,75.0,0,,14.914123179965662,0,1,1,0,0,0,0,0,51751835.0,Drama,Independent,September,3.0,,4.51
The Phantom,1996,6,45000000.0,17300889.0,17.09390239680105,26533067.92081813,0,0.15433109,0.0,0,1.0,17.622173069956816,1,0,1,0,0,0,1,0,23436700.0,Adventure,Major Studio,June,45.0,17.3,26.53
Cutthroat Island,1995,12,98000000.0,10017322.0,17.287079805892784,32187211.55096139,0,0.18366343,0.0,0,1.0,18.400478046838927,0,0,1,0,0,0,0,0,72963090.57142857,Action,Mid-size Studio,December,98.0,10.02,32.19
The Matador,2005,5,10000000.0,17297244.0,15.679599394232367,6450055.150464077,0,0.04681484,40.0,0,0.0,16.118095750958314,0,0,1,0,1,0,0,0,523511.0,Action,Mid-size Studio,May,10.0,17.3,6.45
Peggy Sue Got Married,1986,10,18000000.0,41382841.0,17.560779803407087,42320399.25991478,0,0.14355008,40.0,0,0.0,16.705882371415992,0,0,0,0,1,0,0,0,93851280.44444443,Comedy,Mid-size Studio,October,18.0,41.38,42.32
The Warrior's Way,2010,12,42000000.0,11087569.0,16.228347247582974,11165588.575872192,0,0.14119102,25.0,0,1.0,17.553180200057167,0,0,1,0,0,0,0,0,51751835.0,Adventure,Mid-size Studio,December,42.0,11.09,11.17
Serial Mom,1994,4,13000000.0,7820688.0,16.219837195501004,11070971.994093155,0,0.065297976,15.0,0,1.0,16.380459992348886,0,0,0,0,1,0,0,0,6000000.0,Comedy,Mid-size Studio,April,13.0,7.82,11.07
Autumn in New York,2000,8,65000000.0,,17.467719995416594,38559766.39559822,0,0.21937728,25.0,0,,17.989897843244528,0,0,0,0,0,0,0,0,51751835.0,Drama,Mid-size Studio,August,65.0,,38.56
Fido,2006,9,8000000.0,426224.0,15.623916999704743,6100716.8326564,0,0.030036874,45.0,0,1.0,15.894952224644102,0,0,0,0,1,0,0,0,51751835.0,Romance,Mid-size Studio,September,8.0,0.43,6.1
Lifeforce,1985,6,25000000.0,,17.02412599023982,24744800.64170018,0,0.1638651,0.0,0,,17.034386422832473,0,0,0,0,0,0,0,0,19442436.0,Fantasy,Mid-size Studio,June,25.0,,24.74
Baahubali: The Beginning,2015,7,40000000.0,100000000.0,17.863314165675103,57271527.05872616,0,0.4442256,25.0,1,0.0,17.50439003707821,0,0,1,0,0,0,0,0,51751835.0,Action,Mid-size Studio,July,40.0,100.0,57.27
White Fang,1991,1,14000000.0,34793160.0,17.53382841141271,41195038.69885308,0,0.13714775,60.0,0,0.0,16.454567959008102,1,0,1,0,0,0,0,0,120333438.0,Action,Major Studio,January,14.0,34.79,41.2
Impostor,2001,12,40000000.0,,17.000462628019235,24166129.096799135,0,0.13454518,0.0,0,,17.50439003707821,0,0,1,0,0,0,0,0,43058898.0,Action,Mid-size Studio,December,40.0,,24.17
Next Friday,2000,1,11000000.0,59827328.0,17.135062076757208,27647947.192432337,0,0.13378796,35.0,1,0.0,16.213405921671733,1,0,0,0,1,0,0,0,174610447.33333334,Comedy,Major Studio,January,11.0,59.83,27.65
Universal Soldier: The Return,1999,8,45000000.0,10667893.0,16.9337157347235,22605768.849275023,0,0.13007662,0.0,0,1.0,17.622173069956816,0,0,1,0,0,0,0,0,51751835.0,Action,Mid-size Studio,August,45.0,10.67,22.61
The Borrowers,1997,12,29000000.0,,17.876578322433474,58036246.049085334,0,0.23836446,0.0,0,,17.182806422433504,0,0,1,0,1,0,0,0,106655361.0,Adventure,Mid-size Studio,December,29.0,,58.04
54,1998,8,13000000.0,16757163.0,16.917882033414944,22250654.646814737,0,0.10492052,40.0,0,0.0,16.380459992348886,0,0,0,0,0,0,0,0,51751835.0,Music,Mid-size Studio,August,13.0,16.76,22.25
Zoom,2006,8,35000000.0,12506188.0,17.629920003459745,45349965.84618376,0,0.31536105,0.0,0,1.0,17.370858648025116,1,0,0,0,1,0,1,0,200804534.0,Family,Major Studio,August,35.0,12.51,45.35
Cedar Rapids,2011,2,,6861102.0,16.021910973815324,9082961.590206267,0,0.10318792,0.0,0,,,0,0,0,0,1,1,0,0,58755136.5,Comedy,Mid-size Studio,February,,6.86,9.08
The Art of War,2000,8,40000000.0,30199105.0,17.177821643277326,28855801.09791475,0,0.17476393,0.0,0,1.0,17.50439003707821,1,0,1,0,0,0,0,0,10959475.0,Crime,Major Studio,August,40.0,30.2,28.86
The Perfect Host,2010,7,,14870.0,12.322745788670089,224749.4127169448,0,0.06972055,0.0,0,,,0,0,0,0,1,0,0,0,51751835.0,Comedy,Mid-size Studio,July,,0.01,0.22
Fun Size,2012,10,14000000.0,11417362.0,16.78163129396976,19416450.768612053,0,0.07053319,15.0,0,1.0,16.454567959008102,1,0,0,0,1,0,0,0,51751835.0,Comedy,Major Studio,October,14.0,11.42,19.42
Imagine That,2009,6,55000000.0,,17.70034299865707,48658787.54347954,0,0.25672337,0.0,0,,17.822843761378564,1,0,0,0,1,0,0,0,343397247.0,Comedy,Major Studio,June,55.0,,48.66
Prom,2011,4,8000000.0,10130000.0,16.954048702594584,23070116.021594804,0,0.03774182,0.0,0,0.0,15.894952224644102,1,0,0,0,1,0,0,0,13620075.0,Comedy,Major Studio,April,8.0,10.13,23.07
The Indian in the Cupboard,1995,7,45000000.0,,17.6707723726537,47240982.70578094,0,0.16889116,0.0,0,,17.622173069956816,1,0,0,0,0,0,0,0,54909139.5,Adventure,Major Studio,July,45.0,,47.24
Boomerang,1992,6,40000000.0,70100000.0,17.42128024217301,36810004.03626385,0,0.26051393,0.0,1,0.0,17.50439003707821,1,0,0,0,1,0,0,0,15315092.5,Comedy,Major Studio,June,40.0,70.1,36.81
Fiddler on the Roof,1971,11,9000000.0,83304330.0,17.98289556192186,64546441.53225444,0,0.31506905,40.0,1,0.0,16.012735246411598,0,0,0,0,0,0,0,0,36978126.0,Drama,Mid-size Studio,November,9.0,83.3,64.55
The Flintstones in Viva Rock Vegas,2000,4,83000000.0,59468275.0,17.550760325209307,41898488.12652079,1,0.57041734,0.0,1,1.0,18.234351177809064,1,0,0,0,1,0,0,0,153654700.75,Science Fiction,Major Studio,April,83.0,59.47,41.9
He Got Game,1998,5,25000000.0,21567853.0,16.909495621391756,22064831.763511017,0,0.14355794,25.0,0,1.0,17.034386422832473,0,0,0,0,0,0,0,0,39881364.75,Drama,Mid-size Studio,May,25.0,21.57,22.06
From Here to Eternity,1953,8,1650000.0,30500000.0,16.835290709061358,20486786.19136888,0,0.045936074,25.0,0,0.0,14.316286451937186,0,0,0,0,0,0,0,0,16383333.333333334,War,Mid-size Studio,August,1.65,30.5,20.49
Exorcist II: The Heretic,1977,6,14000000.0,30749142.0,17.20443837655074,29634161.033225916,0,0.2202337,15.0,0,0.0,16.454567959008102,1,0,0,0,0,0,0,0,15604231.0,Horror,Major Studio,June,14.0,30.75,29.63
Cyrus,2010,6,7000000.0,,17.36989189802439,34966180.09933642,0,0.037600677,25.0,0,,15.76142084987672,0,0,0,0,1,0,0,0,4417580.0,Comedy,Mid-size Studio,June,7.0,,34.97
Walking With Dinosaurs,2013,12,80000000.0,126546518.0,17.793932161659335,53432628.76778215,1,0.6252874,0.0,1,0.0,18.19753720513815,0,0,0,1,0,0,0,0,51751835.0,Animation,Mid-size Studio,December,80.0,126.55,53.43
Tae Guk Gi: The Brotherhood of War,2004,2,,15.0,16.121039836719895,10029484.241330868,0,0.1833137,25.0,0,,,0,0,1,0,0,0,0,0,51751835.0,Action,Mid-size Studio,February,,0.0,10.03
The Man,2005,9,,12382362.0,16.45795940271802,14047560.819665063,0,0.10956547,20.0,0,,,1,0,1,0,1,0,0,0,79938029.0,Action,Major Studio,September,,12.38,14.05
Albert Nobbs,2011,12,8000000.0,5634828.0,15.485353453151786,5311332.295609309,0,0.034197323,25.0,0,1.0,15.894952224644102,0,0,0,0,0,0,0,0,51751835.0,Drama,Mid-size Studio,December,8.0,5.63,5.31
Death to Smoochy,2002,3,55000000.0,,17.661484125969817,46804228.276921496,0,0.2766973,25.0,0,,17.822843761378564,1,0,0,0,1,1,0,0,19322135.0,Comedy,Major Studio,March,55.0,,46.8
Spun,2002,6,2000000.0,,16.758665391165927,18975615.885758623,0,0.023216931,25.0,0,,14.508658238524095,0,0,0,0,1,0,0,0,51751835.0,Comedy,Mid-size Studio,June,2.0,,18.98
Shark Night,2011,9,28000000.0,10126458.0,16.914804310964982,22182278.579656266,0,0.097195655,20.0,0,1.0,17.147715103853763,0,0,0,0,0,1,0,0,98759561.25,Horror,Mid-size Studio,September,28.0,10.13,22.18
Coriolanus,2011,2,7700000.0,1072602.0,13.976785228530549,1175006.6645149246,0,0.03605779,25.0,0,1.0,15.856731016694036,0,0,0,0,0,0,0,0,51751835.0,Drama,Mid-size Studio,February,7.7,1.07,1.18
Hoodwinked Too! Hood VS. Evil,2011,4,30000000.0,13521829.0,17.21663538279418,29997822.373998027,0,0.15039933,0.0,0,1.0,17.216707972959764,0,0,0,1,1,1,0,0,51751835.0,Comedy,Mid-size Studio,April,30.0,13.52,30.0
Capricorn One,1977,12,5000000.0,,17.529357823136298,41011283.68986981,0,0.05850617,25.0,0,,15.424948670398354,0,0,1,0,0,0,0,0,33956608.0,Drama,Mid-size Studio,December,5.0,,41.01
The Black Hole,1979,12,20000000.0,35841901.0,17.49547929277953,39645153.54011475,0,0.16443557,15.0,0,0.0,16.811242881518265,0,0,1,0,0,0,0,0,51751835.0,Adventure,Mid-size Studio,December,20.0,35.84,39.65
Hearts in Atlantis,2001,9,31000000.0,24185781.0,17.318590865115585,33217613.988155313,0,0.087933235,45.0,0,1.0,17.249497794707484,0,0,0,0,0,0,0,0,95979094.0,Drama,Mid-size Studio,September,31.0,24.19,33.22
My Stepmother is an Alien,1988,12,20000000.0,13854000.0,16.885763098746832,21547342.57095689,0,0.11387683,15.0,0,1.0,16.811242881518265,0,0,0,0,1,0,0,0,5872853.0,Comedy,Mid-size Studio,December,20.0,13.85,21.55
The Verdict,1982,12,16000000.0,53977250.0,17.6487389698404,46211486.38492764,1,0.5056544,40.0,1,0.0,16.588099342704055,1,0,0,0,0,0,0,0,12093891.75,Drama,Major Studio,December,16.0,53.98,46.21
Butterfly on a Wheel,2007,7,20000000.0,,16.355464292319176,12679083.351247055,0,0.045744427,40.0,0,,16.811242881518265,0,0,0,0,0,0,0,0,51751835.0,Crime,Mid-size Studio,July,20.0,,12.68
Leatherheads,2008,3,58000000.0,41299492.0,17.385984596507576,35533432.37685169,0,0.19700652,25.0,0,1.0,17.87595358575207,1,0,0,0,1,0,0,0,79647725.25,Comedy,Major Studio,March,58.0,41.3,35.53
Georgia Rule,2007,5,20000000.0,,16.957724143643865,23155064.893362675,0,0.12895896,40.0,0,,16.811242881518265,1,0,0,0,1,0,0,0,165335153.0,Comedy,Major Studio,May,20.0,,23.16
The Relic,1997,1,60000000.0,33956608.0,17.142071959348176,27842436.941887036,0,0.20668723,20.0,0,1.0,17.909855136853043,1,0,0,0,0,0,0,0,86669769.75,Horror,Major Studio,January,60.0,33.96,27.84
When the Game Stands Tall,2014,8,15000000.0,30127963.0,16.279433247862276,11750815.057704035,0,0.094470516,40.0,0,0.0,16.52356082573315,0,0,0,0,0,0,0,0,83854041.0,Drama,Mid-size Studio,August,15.0,30.13,11.75
Detention,2011,3,10000000.0,,16.99192889685412,23960779.2855018,0,0.03968547,15.0,0,,16.118095750958314,0,0,0,0,1,0,0,0,46546197.0,Horror,Mid-size Studio,March,10.0,,23.96
Mr. Church,2016,9,8000000.0,,16.120696074537978,10026037.076137269,0,0.03550352,45.0,0,,15.894952224644102,0,0,0,0,0,0,0,0,145793296.0,Drama,Mid-size Studio,September,8.0,,10.03
Waitress,2007,5,2000000.0,22179430.0,15.889724716874634,7958289.049760621,0,0.018982973,0.0,0,0.0,14.508658238524095,0,0,0,0,1,0,0,0,51751835.0,Comedy,Mid-size Studio,May,2.0,22.18,7.96
Creepshow 2,1987,5,3500000.0,14000000.0,16.843306480971677,20651663.531430166,0,0.021762881,0.0,0,0.0,15.068273812173889,0,0,0,0,0,0,0,0,51751835.0,Horror,Mid-size Studio,May,3.5,14.0,20.65
Barney's Version,2010,10,30000000.0,8454301.0,16.219187748927162,11063784.322869904,0,0.12319108,25.0,0,1.0,17.216707972959764,0,0,0,0,1,0,0,0,51751835.0,Comedy,Mid-size Studio,October,30.0,8.45,11.06
Krull,1983,7,27000000.0,16519460.0,17.3273340375034,33509314.658727743,0,0.109723866,0.0,0,1.0,17.11134746100564,0,0,1,0,0,0,0,0,51751835.0,Fantasy,Mid-size Studio,July,27.0,16.52,33.51
Dragon Hunters,2008,3,15000000.0,,17.548443987502008,41801549.3910454,0,0.10513891,15.0,0,,16.52356082573315,0,0,0,1,0,0,0,0,51751835.0,Animation,Mid-size Studio,March,15.0,,41.8
Man of the Year,2006,10,20000000.0,41237648.0,17.124025763121892,27344493.350748792,0,0.08294889,40.0,0,0.0,16.811242881518265,1,0,0,0,1,0,0,0,133501822.75,Comedy,Major Studio,October,20.0,41.24,27.34
Quills,2000,11,13500000.0,7060876.0,16.605143089319284,16275037.136607325,0,0.1339967,40.0,0,1.0,16.41820031748273,0,0,0,0,0,0,0,0,21500000.0,Drama,Mid-size Studio,November,13.5,7.06,16.28
Friends with Money,2006,9,6500000.0,13368437.0,16.865497086601707,21115058.971996132,0,0.029361304,45.0,0,0.0,15.687312888712007,0,0,0,0,1,0,0,0,14737901.5,Comedy,Mid-size Studio,September,6.5,13.37,21.12
Mr. Nice Guy,1997,1,12716953.0,18814720.0,16.703851759478443,17963486.068452884,0,0.122872636,35.0,0,0.0,16.358446621791025,0,0,1,0,1,0,0,0,51751835.0,Crime,Mid-size Studio,January,12.72,18.81,17.96
Choke,2008,9,3000000.0,3830137.0,14.886510731863863,2918295.84514332,0,0.021290815,45.0,0,0.0,14.914123179965662,0,0,0,0,1,0,0,0,51751835.0,Comedy,Mid-size Studio,September,3.0,3.83,2.92
What Just Happened,2008,10,25000000.0,6673422.0,15.491613175804195,5344684.046404437,0,0.060964584,25.0,0,1.0,17.034386422832473,0,0,0,0,1,0,0,0,137822351.0,Comedy,Mid-size Studio,October,25.0,6.67,5.34
The Replacement Killers,1998,2,30000000.0,19204929.0,16.93257728939916,22580048.059921168,0,0.099297404,25.0,0,1.0,17.216707972959764,0,0,1,0,0,0,0,0,108686884.42857143,Action,Mid-size Studio,February,30.0,19.2,22.58
The Conformist,1970,10,750000.0,,17.20082684302203,29527329.29277265,0,0.02332379,25.0,0,,13.527829818844936,1,0,0,0,0,0,0,0,43984230.0,Drama,Major Studio,October,0.75,,29.53
Radio Days,1987,1,16000000.0,,16.76459613368892,19088489.76583394,0,0.083022185,60.0,0,,16.588099342704055,0,0,0,0,1,0,0,0,36674620.0,Comedy,Mid-size Studio,January,16.0,,19.09
Pierrot le Fou,1965,8,300000.0,,16.167849586330806,10510123.47568745,0,0.022045687,25.0,0,,12.611541086966117,0,0,0,0,0,0,0,0,51751835.0,Drama,Mid-size Studio,August,0.3,,10.51
Bandslam,2009,8,20000000.0,5210988.0,16.438040674056733,13770519.561995031,0,0.11612127,40.0,0,1.0,16.811242881518265,0,0,0,0,1,0,0,0,51751835.0,Comedy,Mid-size Studio,August,20.0,5.21,13.77
Central Station,1998,1,2900000.0,5596708.0,15.982588891883584,8732731.60389301,0,0.026412647,45.0,0,0.0,14.88022163978423,0,0,0,0,0,0,0,0,17128705.5,Drama,Mid-size Studio,January,2.9,5.6,8.73
Cry_Wolf,2005,9,1000000.0,10047674.0,17.049250570578543,25374379.229596466,0,0.026149904,20.0,0,0.0,13.815511557963774,1,0,0,0,0,0,0,0,51163715.5,Horror,Major Studio,September,1.0,10.05,25.37
Silent House,2011,1,2000000.0,13101672.0,16.383711058477772,13042332.638744596,0,0.0313546,20.0,0,0.0,14.508658238524095,0,0,0,0,0,0,0,0,54667954.0,Horror,Mid-size Studio,January,2.0,13.1,13.04
Memoirs of an Invisible Man,1992,2,40000000.0,14358033.0,16.896993950765026,21790701.604692902,0,0.11735323,0.0,0,1.0,17.50439003707821,1,0,0,0,1,0,0,0,30193743.25,Comedy,Major Studio,February,40.0,14.36,21.79
The Man Who Knew Too Little,1997,11,20000000.0,13801755.0,16.676016294193435,17470359.09680458,0,0.07645366,15.0,0,1.0,16.811242881518265,1,0,1,0,1,0,0,0,143306331.5,Comedy,Major Studio,November,20.0,13.8,17.47
North Country,2005,2,35000000.0,25224242.0,17.564746767122838,42488616.18680495,0,0.1340511,25.0,0,1.0,17.370858648025116,1,0,0,0,0,0,0,0,43555029.5,Drama,Major Studio,February,35.0,25.22,42.49
Bully,2001,6,,480811.0,14.760844035447386,2573670.4969919645,0,0.08042191,25.0,0,,,0,0,0,0,0,0,0,0,7412216.0,Crime,Mid-size Studio,June,,0.48,2.57
Life or Something Like It,2002,4,40000000.0,16872671.0,17.19966764392477,29493121.069054417,0,0.10906671,25.0,0,1.0,17.50439003707821,0,0,0,0,1,0,0,0,53624812.25,Comedy,Mid-size Studio,April,40.0,16.87,29.49
Death Race 2000,1975,4,300000.0,8000000.0,16.053200895138012,9371659.894637229,0,0.026982253,0.0,0,0.0,12.611541086966117,0,0,1,0,1,0,0,0,51751835.0,Action,Mid-size Studio,April,0.3,8.0,9.37
Alpha and Omega,2010,9,20000000.0,39300000.0,17.75934897890958,51616345.809198454,0,0.10843511,35.0,0,0.0,16.811242881518265,0,0,0,1,0,0,0,0,51751835.0,Family,Mid-size Studio,September,20.0,39.3,51.62
Poltergeist III,1988,6,10500000.0,14144000.0,17.092876767448498,26505868.777024075,0,0.05399802,15.0,0,0.0,16.166885910365842,0,0,0,0,0,0,0,0,51751835.0,Horror,Mid-size Studio,June,10.5,14.14,26.51
Spice World,1997,12,25000000.0,100000000.0,17.580356644420686,43157061.89217118,0,0.21405119,25.0,1,0.0,17.034386422832473,0,0,0,0,1,0,0,0,51751835.0,Adventure,Mid-size Studio,December,25.0,100.0,43.16
Racing Stripes,2005,1,30000000.0,93772522.0,17.270280904028947,31651018.06647314,0,0.25435463,20.0,1,0.0,17.216707972959764,0,0,0,0,1,0,0,0,38172500.0,Comedy,Mid-size Studio,January,30.0,93.77,31.65
The Astronaut Farmer,2006,10,13000000.0,11130889.0,16.104331074738827,9863296.224037364,0,0.08395353,40.0,0,1.0,16.380459992348886,0,0,0,0,1,0,0,0,4842699.0,Adventure,Mid-size Studio,October,13.0,11.13,9.86
D-Tox,2002,1,55000000.0,6416302.0,17.696302431878284,48462575.130623065,0,0.3336457,20.0,0,1.0,17.822843761378564,1,0,1,0,0,0,0,0,125586134.0,Action,Major Studio,January,55.0,6.42,48.46
Hardball,2001,9,32000000.0,40222729.0,17.445645752204243,37717914.51742459,0,0.095588,20.0,0,0.0,17.281246492014,1,0,0,0,1,0,0,0,36544920.5,Comedy,Major Studio,September,32.0,40.22,37.72
Underdogs,2013,7,22000000.0,24000000.0,16.1388003146039,10209203.921726717,0,0.08463733,15.0,0,0.0,16.906553056777135,0,0,0,1,0,0,0,0,33965843.0,Animation,Mid-size Studio,July,22.0,24.0,10.21
Can't Hardly Wait,1998,6,10000000.0,25605015.0,17.332395449899842,33679349.06854039,0,0.05589397,40.0,0,0.0,16.118095750958314,1,0,0,0,1,0,0,0,51751835.0,Comedy,Major Studio,June,10.0,25.61,33.68
Moms' Night Out,2014,3,5000000.0,10429707.0,16.419834135193152,13522074.568724783,0,0.025711272,0.0,0,0.0,15.424948670398354,0,0,0,0,1,1,0,0,51751835.0,Comedy,Mid-size Studio,March,5.0,10.43,13.52
Thunder and the House of Magic,2013,12,34000000.0,,17.564845544373924,42492813.302899495,0,0.19791497,0.0,0,,17.341871111992198,0,0,0,1,0,0,0,0,51751835.0,Family,Mid-size Studio,December,34.0,,42.49
Absentia,2011,3,70000.0,,16.279356024490635,11749907.65510533,0,0.025124729,0.0,0,,11.156264806643742,0,0,0,0,0,0,0,0,44030246.0,Mystery,Mid-size Studio,March,0.07,,11.75
Return to Oz,1985,6,25000000.0,11137801.0,16.824785157075368,20272687.763691496,0,0.08868776,0.0,0,1.0,17.034386422832473,0,0,0,0,0,0,0,0,51751835.0,Adventure,Mid-size Studio,June,25.0,11.14,20.27
American Splendor,2003,8,,6003587.0,15.047064896691618,3426550.4207871896,0,0.054900352,55.00000000000001,0,,,0,1,0,0,1,0,0,0,453079.0,Comedy,Independent,August,,6.0,3.43
Evita,1996,12,55000000.0,141047179.0,18.298257229168765,88477356.4453899,1,0.5736742,25.0,1,0.0,17.822843761378564,0,0,0,0,0,0,0,0,19477805.5,History,Mid-size Studio,December,55.0,141.05,88.48
Torn Curtain,1966,7,3000000.0,13000000.0,16.45839816416284,14053725.700542366,0,0.046343125,0.0,0,0.0,14.914123179965662,1,0,0,0,0,0,0,0,11214285.714285716,Mystery,Major Studio,July,3.0,13.0,14.05
Man of the House,2005,2,40000000.0,,17.33910192664209,33905977.937669024,0,0.11343049,0.0,0,,17.50439003707821,0,0,1,0,1,0,0,0,40485039.0,Comedy,Mid-size Studio,February,40.0,,33.91
Life as a House,2001,10,18000000.0,,17.534826745136336,41236185.63199854,0,0.14217983,40.0,0,,16.705882371415992,1,0,0,0,0,0,0,0,110627965.0,Drama,Major Studio,October,18.0,,41.24
The Messenger,2009,11,6500000.0,1521261.0,15.15189504938058,3805259.6518178494,0,0.022709511,25.0,0,1.0,15.687312888712007,0,0,0,0,0,0,0,0,51751835.0,Drama,Mid-size Studio,November,6.5,1.52,3.81
Cats & Dogs 2 : The Revenge of Kitty Galore,2010,7,85000000.0,112483764.0,17.90027958269283,59428208.719015546,1,0.5082352,0.0,1,0.0,18.258161826219297,1,0,0,0,1,1,0,0,413091796.0,Comedy,Major Studio,July,85.0,112.48,59.43
Black Christmas,2006,12,9000000.0,21510851.0,16.932905973657217,22587470.98642606,0,0.056778193,15.0,0,0.0,16.012735246411598,0,0,0,0,0,0,0,0,51751835.0,Horror,Mid-size Studio,December,9.0,21.51,22.59
Nurse 3-D,2013,9,10.0,10000000.0,11.7510939251528,126891.2937810418,0,0.02331204,20.0,0,0.0,2.3978952727983707,0,0,0,0,0,0,0,0,15843608.0,Horror,Mid-size Studio,September,0.0,10.0,0.13
Torque,2004,1,40000000.0,46546197.0,17.52636086682277,40888558.653935365,0,0.1061554,20.0,0,0.0,17.50439003707821,1,0,1,0,0,0,0,0,51751835.0,Action,Major Studio,January,40.0,46.55,40.89
Last Holiday,2006,1,45000000.0,38399961.0,17.5244380003774,40810010.95714454,0,0.17220688,45.0,0,1.0,17.622173069956816,1,0,0,0,1,0,0,0,51884521.25,Adventure,Major Studio,January,45.0,38.4,40.81
Dying of the Light,2014,12,15000000.0,,17.221168810076524,30134124.048318285,0,0.09168033,40.0,0,,16.52356082573315,0,0,0,0,0,0,0,0,1059445.5,Thriller,Mid-size Studio,December,15.0,,30.13
Loose Cannons,2010,2,7000000.0,8220215.0,16.433138101152597,13703173.79965591,0,0.028062345,25.0,0,0.0,15.76142084987672,0,0,0,0,1,0,0,0,51751835.0,Comedy,Mid-size Studio,February,7.0,8.22,13.7
Someone Like You...,2001,3,23000000.0,,16.83887742561575,20560398.424326144,0,0.06786304,15.0,0,,16.951004817371683,0,0,0,0,1,0,0,0,51751835.0,Comedy,Mid-size Studio,March,23.0,,20.56
BloodRayne,2005,10,25000000.0,2405420.0,16.304904467903178,12053967.115742205,0,0.11041263,0.0,0,1.0,17.034386422832473,0,0,1,0,0,0,0,0,10442808.0,Action,Mid-size Studio,October,25.0,2.41,12.05
The Veil,2016,4,4000000.0,,17.722974961357984,49772587.63105946,0,0.029352697,0.0,0,,15.201805169084134,0,0,0,0,0,0,0,0,41480851.0,Horror,Mid-size Studio,April,4.0,,49.77
La Bamba,1987,7,6500000.0,54215416.0,16.684431152396485,17617989.975086793,0,0.0433788,25.0,1,0.0,15.687312888712007,0,0,0,0,0,0,0,0,51751835.0,Drama,Mid-size Studio,July,6.5,54.22,17.62
Code 46,2003,9,7500000.0,,16.91146228504506,22108268.56691424,0,0.02190396,45.0,0,,15.830413711839864,0,0,0,0,0,0,0,0,18928871.0,Drama,Mid-size Studio,September,7.5,,22.11
Pushing Tin,1999,4,33000000.0,,17.435522714247035,37338020.71084452,0,0.1256748,25.0,0,,17.312018149733785,0,0,0,0,1,0,0,0,254700832.0,Comedy,Mid-size Studio,April,33.0,,37.34
Soul Kitchen,2009,9,5000000.0,17872796.0,16.671799996444136,17396853.92558575,0,0.022168972,45.0,0,0.0,15.424948670398354,0,0,0,0,1,0,0,0,51751835.0,Drama,Mid-size Studio,September,5.0,17.87,17.4
Survival of the Dead,2010,5,4000000.0,,16.20766715596779,10937054.359410832,0,0.026041774,0.0,0,,15.201805169084134,0,0,0,0,0,0,0,0,30000000.0,Horror,Mid-size Studio,May,4.0,,10.94
Drumline,2002,12,20000000.0,57588485.0,17.521854710892743,40704722.93565855,0,0.34376308,40.0,1,0.0,16.811242881518265,0,0,0,0,1,0,0,0,21800302.0,Drama,Mid-size Studio,December,20.0,57.59,40.7
Velvet Goldmine,1998,10,,1053788.0,15.49379224928192,5356343.206305416,0,0.09703446,25.0,0,,,0,0,0,0,0,0,0,0,16514517.5,Drama,Mid-size Studio,October,,1.05,5.36
Orgazmo,1997,9,1000000.0,,16.879875731738448,21420858.146752447,0,0.02019204,20.0,0,,13.815511557963774,0,0,0,0,1,0,1,0,50907422.0,Comedy,Mid-size Studio,September,1.0,,21.42
Bound by Honor,1993,2,35000000.0,,17.26566041750275,31505112.29673487,0,0.16290417,25.0,0,,17.370858648025116,0,0,1,0,0,0,0,0,124731534.0,Action,Mid-size Studio,February,35.0,,31.51
Black or White,2014,9,9000000.0,21571189.0,16.71291665734727,18127063.53046232,0,0.055036962,60.0,0,0.0,16.012735246411598,0,0,0,0,0,0,0,0,22222308.0,Drama,Mid-size Studio,September,9.0,21.57,18.13
Beauty Shop,2005,6,25000000.0,36351350.0,17.44301167197022,37618693.23746727,0,0.1291382,0.0,0,0.0,17.034386422832473,0,0,0,0,1,0,0,0,62646763.0,Comedy,Mid-size Studio,June,25.0,36.35,37.62
Kung Fu Jungle,2014,10,25000000.0,,17.368741546784474,34925979.83619798,0,0.063881546,0.0,0,,17.034386422832473,0,0,1,0,0,0,0,0,5837674.0,Crime,Mid-size Studio,October,25.0,,34.93
Medicine Man,1992,2,40000000.0,,17.502599101473077,39928426.68473374,0,0.09759382,0.0,0,,17.50439003707821,0,0,0,0,0,0,0,0,130801835.0,Adventure,Mid-size Studio,February,40.0,,39.93
Selena,1997,3,20000000.0,60000000.0,17.402584578384097,36128209.71546099,0,0.1922166,40.0,1,0.0,16.811242881518265,0,0,0,0,0,0,0,0,51751835.0,Drama,Mid-size Studio,March,20.0,60.0,36.13
Godsend,2004,4,25000000.0,30114487.0,16.99814263518503,24110128.83336684,0,0.058516506,25.0,0,0.0,17.034386422832473,0,0,0,0,0,0,0,0,51751835.0,Drama,Mid-size Studio,April,25.0,30.11,24.11
City Island,2009,3,6000000.0,6670712.0,16.35100468312005,12622665.484360522,0,0.027260205,25.0,0,0.0,15.607270193858982,0,0,0,0,1,0,0,0,51751835.0,Drama,Mid-size Studio,March,6.0,6.67,12.62
Mr. Holland's Opus,1995,12,,106269971.0,17.472193544617884,38732651.829656,0,0.40784556,25.0,1,,,0,0,0,0,0,0,0,0,31275487.25,Music,Mid-size Studio,December,,106.27,38.73
Domestic Disturbance,2001,10,75000000.0,54249294.0,17.500181601465986,39832016.29353777,0,0.4779253,0.0,1,1.0,18.13299868483392,1,0,0,0,0,0,0,0,110879513.0,Mystery,Major Studio,October,75.0,54.25,39.83
Hollywood Ending,2002,5,16000000.0,,17.56430131161674,42469693.61322788,0,0.12336019,40.0,0,,16.588099342704055,0,0,0,0,1,0,0,0,36674620.0,Comedy,Mid-size Studio,May,16.0,,42.47
The Lost Weekend,1945,11,1250000.0,11000000.0,16.569714285812783,15708526.658375436,0,0.045328908,25.0,0,0.0,14.038654909278163,0,0,0,0,0,0,0,0,25000000.0,Drama,Mid-size Studio,November,1.25,11.0,15.71
Children of Heaven,1997,8,180000.0,900000.0,15.55805920818109,5711881.477834495,0,0.025314923,25.0,0,0.0,12.100717685412471,0,0,0,0,1,0,0,0,51751835.0,Drama,Mid-size Studio,August,0.18,0.9,5.71
Antiviral,2012,9,2400000.0,,16.283733676347115,11801457.415671105,0,0.018609937,20.0,0,,14.690979711984754,0,0,0,0,0,0,0,0,51751835.0,Science Fiction,Mid-size Studio,September,2.4,,11.8
Undercover Brother,2002,5,25000000.0,41604473.0,17.20344792529206,29604824.370805547,0,0.12380219,0.0,0,0.0,17.034386422832473,1,0,1,0,1,1,0,0,57057126.0,Action,Major Studio,May,25.0,41.6,29.6
Street Fighter: The Legend of Chun-Li,2009,2,50000000.0,12764201.0,17.031141392949667,24919005.7351636,0,0.21817112,0.0,0,1.0,17.72753358339242,1,0,1,0,0,0,0,0,70868059.5,Action,Major Studio,February,50.0,12.76,24.92
Little Black Book,2004,8,35000000.0,22034832.0,16.680234908079374,17544215.476743,0,0.11790006,25.0,0,1.0,17.370858648025116,0,0,0,0,1,0,0,0,51751835.0,Comedy,Mid-size Studio,August,35.0,22.03,17.54
Oceans,2009,10,,19406406.0,16.23607839131702,11252245.902252056,0,0.09354919,0.0,0,,,0,0,0,0,0,1,0,0,20217080.0,Documentary,Mid-size Studio,October,,19.41,11.25
Brokedown Palace,1999,8,25000000.0,13000000.0,17.109400412171585,26947480.824824546,0,0.05301632,25.0,0,1.0,17.034386422832473,1,0,0,0,0,0,0,0,51751835.0,Drama,Major Studio,August,25.0,13.0,26.95
Killing Zoe,1993,10,1500000.0,418961.0,15.373103502809553,4747379.274976447,0,0.018686619,25.0,0,1.0,14.220976332738882,0,0,1,0,0,0,0,0,51751835.0,Action,Mid-size Studio,October,1.5,0.42,4.75
Vampire in Brooklyn,1995,10,14000000.0,19800000.0,17.108332449434904,26918717.280318953,0,0.08982159,15.0,0,0.0,16.454567959008102,1,0,0,0,1,0,0,0,82777142.33333333,Comedy,Major Studio,October,14.0,19.8,26.92
Shattered Glass,2003,11,6000000.0,2944752.0,16.17678255517776,10604430.684760852,0,0.028071158,25.0,0,1.0,15.607270193858982,0,0,0,0,0,0,0,0,34854990.0,Drama,Mid-size Studio,November,6.0,2.94,10.6
Nurse Betty,2000,9,24000000.0,,17.113002763218006,27044730.172152173,0,0.052605525,20.0,0,,16.993564429978885,0,0,0,0,1,0,0,0,27640028.0,Comedy,Mid-size Studio,September,24.0,,27.04
School for Scoundrels,2006,9,20000000.0,17807569.0,16.839224002813726,20567525.42490452,0,0.07627613,60.0,0,1.0,16.811242881518265,0,0,0,0,1,0,0,0,217097634.33333337,Comedy,Mid-size Studio,September,20.0,17.81,20.57
Whale Rider,2003,1,8000000.0,41400000.0,17.22050585088014,30114152.973727796,0,0.032420456,45.0,0,0.0,15.894952224644102,0,0,0,0,0,0,0,0,35467150.5,Drama,Mid-size Studio,January,8.0,41.4,30.11
A Sound of Thunder,2005,5,80000000.0,5989640.0,16.107952228650795,9899077.486996025,0,0.23620571,0.0,0,1.0,18.19753720513815,0,0,1,0,0,0,0,0,93661511.75,Thriller,Mid-size Studio,May,80.0,5.99,9.9
Holy Man,1998,10,60000000.0,,17.504740825723466,40014034.00750237,0,0.23596066,25.0,0,,17.909855136853043,0,0,0,0,1,0,0,0,40485039.0,Drama,Mid-size Studio,October,60.0,,40.01
The Watcher,2000,9,33000000.0,,17.748019083409826,51034838.42322287,0,0.07784147,20.0,0,,17.312018149733785,1,0,0,0,0,0,0,0,51751835.0,Mystery,Major Studio,September,33.0,,51.03
"For a Good Time, Call...",2012,8,850000.0,1243961.0,14.970288022712351,3173316.1640128377,0,0.026354074,0.0,0,0.0,13.652992804936396,0,0,0,0,1,0,0,0,51751835.0,Comedy,Mid-size Studio,August,0.85,1.24,3.17
Bride & Prejudice,2004,2,7000000.0,,16.25490752729184,11466123.232964244,0,0.038230777,55.00000000000001,0,,15.76142084987672,0,1,0,0,1,0,0,0,76578641.0,Drama,Independent,February,7.0,,11.47
Criminal Activities,2015,11,7000000.0,,16.420814850132412,13535342.375149405,0,0.027686512,25.0,0,,15.76142084987672,0,0,0,0,0,0,0,0,51751835.0,Thriller,Mid-size Studio,November,7.0,,13.54
The Rookie,2002,3,20000000.0,75597042.0,17.517328045801666,40520882.68830985,0,0.14947207,40.0,1,0.0,16.811242881518265,1,0,0,0,0,0,0,0,149190950.0,Drama,Major Studio,March,20.0,75.6,40.52
Highlander: The Final Dimension,1994,11,26000000.0,36800000.0,17.127907981005787,27450856.965517797,0,0.049644865,0.0,0,0.0,17.073607134447293,0,0,1,0,0,0,0,0,51751835.0,Action,Mid-size Studio,November,26.0,36.8,27.45
Pink Flamingos,1972,3,12000.0,6000000.0,14.86223490684947,2848304.764407833,0,0.02156686,0.0,0,0.0,9.39274525863144,0,0,0,0,1,0,0,0,7820688.0,Horror,Mid-size Studio,March,0.01,6.0,2.85
The Best Man Holiday,2013,11,17000000.0,71625195.0,17.63233880768924,45459791.30739833,0,0.33140212,15.0,1,0.0,16.648723960844016,0,0,0,0,1,0,0,0,49551945.5,Comedy,Mid-size Studio,November,17.0,71.63,45.46
Beyond Borders,2003,10,35000000.0,,17.32888317622507,33561265.466265626,0,0.088511586,25.0,0,,17.370858648025116,0,0,0,0,0,0,0,0,219851172.0,Drama,Mid-size Studio,October,35.0,,33.56
The Postman Always Rings Twice,1981,3,12000000.0,,17.751627131274002,51219307.1524868,0,0.13174692,40.0,0,,16.300417291085605,0,0,0,0,0,0,0,0,51751835.0,Romance,Mid-size Studio,March,12.0,,51.22
Exit Wounds,2001,3,50000000.0,79958599.0,17.733192483445897,50283747.099364735,1,0.51035416,0.0,1,0.0,17.72753358339242,1,0,1,0,0,0,0,0,54069460.0,Action,Major Studio,March,50.0,79.96,50.28
The Greatest Game Ever Played,2005,9,25000000.0,15431177.0,16.940480130423904,22759201.576435793,0,0.12137887,45.0,0,1.0,17.034386422832473,1,0,0,0,0,0,0,0,13110448.0,Drama,Major Studio,September,25.0,15.43,22.76
Supernova,2000,1,90000000.0,14828081.0,16.69202759811514,17752333.708604574,0,0.19027781,20.0,0,1.0,18.31532023940565,0,0,0,0,0,0,0,0,12561215.333333334,Horror,Mid-size Studio,January,90.0,14.83,17.75
Hands of Stone,2016,8,20000000.0,,16.034537596945306,9198375.848522294,0,0.062544495,40.0,0,,16.811242881518265,0,0,0,0,0,0,0,0,51751835.0,Drama,Mid-size Studio,August,20.0,,9.2
A Civil Action,1998,3,70000000.0,56702901.0,17.780800361091945,52735549.10270035,1,0.5054225,25.0,1,1.0,18.064005814299342,1,0,0,0,0,0,0,0,9450897.0,Drama,Major Studio,March,70.0,56.7,52.74
Quest for Fire,1981,12,12000000.0,55260558.0,17.545430528447056,41675771.738592885,0,0.09799255,40.0,1,0.0,16.300417291085605,0,0,0,0,0,0,0,0,96868667.33333331,Adventure,Mid-size Studio,December,12.0,55.26,41.68
The Big Hit,1998,4,13000000.0,27007143.0,16.838304723893128,20548626.819289036,0,0.06296273,15.0,0,0.0,16.380459992348886,0,0,1,0,1,0,0,0,51751835.0,Action,Mid-size Studio,April,13.0,27.01,20.55
Deck the Halls,2006,11,,47231070.0,16.288655190181814,11859681.61461166,0,0.108513184,0.0,0,,,0,0,0,0,1,0,0,0,110937238.0,Comedy,Mid-size Studio,November,,47.23,11.86
The Sweeney,2012,9,3730500.0,6294161.0,15.4987299909366,5382856.855114038,0,0.02260917,45.0,0,0.0,15.132053098954252,0,0,1,0,0,0,0,0,51751835.0,Action,Mid-size Studio,September,3.73,6.29,5.38
The Bounty,1984,5,25000000.0,8613462.0,17.073420333317355,25995143.62403716,0,0.13271663,25.0,0,1.0,17.034386422832473,0,0,1,0,0,0,0,0,84689504.8,Action,Mid-size Studio,May,25.0,8.61,26.0
Soul Plane,2004,5,16000000.0,14822346.0,16.305354224559807,12059389.687468505,0,0.04858083,15.0,0,1.0,16.588099342704055,0,0,0,0,1,0,0,0,51751835.0,Romance,Mid-size Studio,May,16.0,14.82,12.06
The Wraith,1986,11,2700000.0,3500000.0,15.387100204571771,4814294.1421323065,0,0.01955669,0.0,0,0.0,14.80876270134486,0,0,1,0,0,0,0,0,51751835.0,Romance,Mid-size Studio,November,2.7,3.5,4.81
The Scarlet Letter,1995,10,50000000.0,10382407.0,17.592785604197335,43696806.57516137,0,0.21544056,25.0,0,1.0,17.72753358339242,0,0,0,0,0,0,0,0,51751835.0,Drama,Mid-size Studio,October,50.0,10.38,43.7
Brother,2000,9,12000000.0,15250000.0,16.881968334030947,21465730.419245817,0,0.047605857,60.0,0,0.0,16.300417291085605,0,0,0,0,0,0,0,0,51751835.0,Crime,Mid-size Studio,September,12.0,15.25,21.47
CJ7,2008,1,,47301471.0,16.940444770850956,22758396.834979795,0,0.12484773,45.0,0,,,0,0,0,0,1,0,0,0,71845602.5,Comedy,Mid-size Studio,January,,47.3,22.76
Bright Star,2009,11,8500000.0,4440055.0,15.93731212685899,8346159.133946027,0,0.030142924,40.0,0,1.0,15.955576839107596,0,0,0,0,0,1,0,0,58350011.5,Drama,Mid-size Studio,November,8.5,4.44,8.35
My Name Is Bruce,2007,10,1500000.0,173066.0,13.307844713350107,601897.8659096636,0,0.022259625,0.0,0,1.0,14.220976332738882,0,0,0,0,1,0,0,0,51751835.0,Comedy,Mid-size Studio,October,1.5,0.17,0.6
Club Dread,2004,2,8500000.0,5001655.0,16.630238217335563,16688629.169349488,0,0.037150335,15.0,0,1.0,15.955576839107596,0,0,0,0,1,0,0,0,49492002.333333336,Comedy,Mid-size Studio,February,8.5,5.0,16.69
Mean Creek,2004,1,500000.0,603943.0,13.6308665040507,831399.1648250871,0,0.019273061,45.0,0,0.0,13.122365377402328,0,0,0,0,0,0,0,0,51751835.0,Crime,Mid-size Studio,January,0.5,0.6,0.83
Curious George,2006,2,50000000.0,69834815.0,17.852509239177955,56656043.5228027,0,0.47010761,0.0,1,0.0,17.72753358339242,1,0,0,1,1,0,0,0,51751835.0,Adventure,Major Studio,February,50.0,69.83,56.66
The Alamo,2004,4,145000000.0,25819961.0,17.026001830154016,24791261.49122274,0,0.36264622,25.0,0,1.0,18.7922443072814,0,0,0,0,0,0,0,0,165783310.33333334,Western,Mid-size Studio,April,145.0,25.82,24.79
Air Bud,1997,8,3000000.0,23144499.0,17.07522953659929,26042216.694542184,0,0.030998738,25.0,0,0.0,14.914123179965662,1,0,0,0,1,0,0,0,73914465.0,Comedy,Major Studio,August,3.0,23.14,26.04
We're No Angels,1989,12,20000000.0,,17.290789014423954,32306822.32787107,0,0.1568739,40.0,0,,16.811242881518265,1,0,0,0,1,0,0,0,16900000.0,Comedy,Major Studio,December,20.0,,32.31
Rudderless,2014,10,5000000.0,,16.942872593132016,22813717.307289377,0,0.025340062,25.0,0,,15.424948670398354,0,0,0,0,1,0,0,0,51751835.0,Music,Mid-size Studio,October,5.0,,22.81
The Limey,1999,5,10000000.0,3193102.0,15.85272361272252,7669204.731165755,0,0.040316124,40.0,0,1.0,16.118095750958314,0,0,1,0,0,0,0,0,162436257.0,Action,Mid-size Studio,May,10.0,3.19,7.67
FearDotCom,2002,8,40000000.0,18902015.0,16.80072752560241,19790794.73278561,0,0.10091816,0.0,0,1.0,17.50439003707821,0,0,0,0,0,0,0,0,40846082.0,Horror,Mid-size Studio,August,40.0,18.9,19.79
Highlander: Endgame,2000,9,25000000.0,15843608.0,16.5916959959559,16057650.067130538,0,0.045011092,20.0,0,1.0,17.034386422832473,0,0,1,0,0,0,0,0,10000000.0,Action,Mid-size Studio,September,25.0,15.84,16.06
Salton Sea,2002,1,18000000.0,676698.0,15.779672059943252,7128931.487573891,0,0.06499091,60.0,0,1.0,16.705882371415992,0,0,0,0,0,0,0,0,146773177.66666666,Drama,Mid-size Studio,January,18.0,0.68,7.13
On Deadly Ground,1994,2,50000000.0,49000000.0,17.194359282626205,29336975.72590172,0,0.1492472,0.0,0,1.0,17.72753358339242,1,0,1,0,0,0,0,0,51751835.0,Action,Major Studio,February,50.0,49.0,29.34
Gigli,2003,8,54000000.0,7266209.0,16.417142413416414,13485725.845721029,0,0.15260707,25.0,0,1.0,17.804494623047066,0,0,0,0,0,0,0,0,165904728.0,Drama,Mid-size Studio,August,54.0,7.27,13.49
Laws of Attraction,2004,4,28000000.0,30016165.0,17.311678352435816,32988788.59373791,0,0.060214747,0.0,0,0.0,17.147715103853763,1,0,1,0,1,0,0,0,78926209.33333333,Action,Major Studio,April,28.0,30.02,32.99
Disturbing Behavior,1998,7,15000000.0,17507368.0,16.45400692006292,13992147.657147462,0,0.050438877,15.0,0,0.0,16.52356082573315,1,0,0,0,0,0,0,0,51751835.0,Mystery,Major Studio,July,15.0,17.51,13.99
Happily N'Ever After,2006,9,47000000.0,38085778.0,17.37989020800609,35317536.374345005,0,0.15007041,20.0,0,1.0,17.665658180950928,0,0,0,1,1,0,0,0,51751835.0,Animation,Mid-size Studio,September,47.0,38.09,35.32
Dragon Wars: D-War,2007,2,70000000.0,53587404.0,17.60516536282646,44241124.81827696,0,0.4459564,25.0,1,1.0,18.064005814299342,0,0,1,0,0,0,0,0,16700000.0,Fantasy,Mid-size Studio,February,70.0,53.59,44.24
Oliver!,1968,9,10000000.0,37402877.0,17.552351086835593,41965191.67587971,0,0.11704458,60.0,0,0.0,16.118095750958314,0,0,0,0,0,0,0,0,14400000.0,Drama,Mid-size Studio,September,10.0,37.4,41.97
Secretariat,2010,8,35000000.0,60251371.0,17.584274510547925,43326477.14345907,0,0.251276,25.0,1,0.0,17.370858648025116,1,0,0,0,0,0,0,0,107996873.0,Drama,Major Studio,August,35.0,60.25,43.33
Boys and Girls,2000,6,16000000.0,20627372.0,16.904178820423866,21947828.75579358,0,0.07026487,40.0,0,0.0,16.588099342704055,0,0,0,0,1,0,0,0,54044577.5,Comedy,Mid-size Studio,June,16.0,20.63,21.95
The Death and Life of Bobby Z,2007,7,22000000.0,413454.0,15.633090938892249,6156941.955652494,0,0.05493499,40.0,0,1.0,16.906553056777135,0,0,1,0,0,0,0,0,56359980.0,Drama,Mid-size Studio,July,22.0,0.41,6.16
The Sweet Hereafter,1997,5,5000000.0,3263585.0,15.45381128144892,5146415.892416658,0,0.019222915,25.0,0,1.0,15.424948670398354,0,0,0,0,0,0,0,0,8459458.0,Drama,Mid-size Studio,May,5.0,3.26,5.15
Birthday Girl,2001,9,13000000.0,,16.949927785915715,22975241.610611085,0,0.028663408,35.0,0,,16.380459992348886,0,0,0,0,1,0,0,0,51751835.0,Comedy,Mid-size Studio,September,13.0,,22.98
Riding in Cars with Boys,2001,10,48000000.0,35743308.0,17.474809717291645,38834115.80333757,0,0.12898402,25.0,0,1.0,17.6867115897055,1,0,0,0,1,0,0,0,94486627.66666669,Comedy,Major Studio,October,48.0,35.74,38.83
Yoga Hosers,2016,7,5000000.0,,17.469451584919142,38626593.92626842,0,0.0242284,0.0,0,,15.424948670398354,0,0,0,0,1,0,0,0,26888376.0,Comedy,Mid-size Studio,July,5.0,,38.63
Mirrormask,2005,1,4000000.0,866999.0,14.391451548069352,1778802.5761932556,0,0.019802822,20.0,0,1.0,15.201805169084134,0,0,0,0,0,0,0,0,51751835.0,Fantasy,Mid-size Studio,January,4.0,0.87,1.78
Somewhere in Time,1980,10,5100000.0,,17.19877797170926,29466893.526488826,0,0.023682633,25.0,0,,15.444751293772969,0,0,0,0,0,0,0,0,187884007.0,Science Fiction,Mid-size Studio,October,5.1,,29.47
Steamboy,2004,7,20000000.0,,16.332734046176142,12394135.38026052,0,0.047774337,15.0,0,,16.811242881518265,0,0,0,1,0,0,0,0,553171.0,Animation,Mid-size Studio,July,20.0,,12.39
The Lady from Shanghai,1947,12,2300000.0,,16.69380069067581,17783838.163114127,0,0.017945668,25.0,0,,14.648420115681892,0,0,0,0,0,0,0,0,51751835.0,Crime,Mid-size Studio,December,2.3,,17.78
Ink,2009,1,250000.0,,16.230835914917304,11193410.619464155,0,0.019429453,20.0,0,,12.429220196836384,0,0,1,0,0,0,0,0,51751835.0,Action,Mid-size Studio,January,0.25,,11.19
Maximum Risk,1996,9,25000000.0,51702483.0,17.547898127740886,41778737.83325659,0,0.041165553,20.0,0,0.0,17.034386422832473,1,0,1,0,0,0,0,0,51751835.0,Action,Major Studio,September,25.0,51.7,41.78
My Life in Ruins,2009,2,17000000.0,20455276.0,16.682189942764552,17578548.578746386,0,0.07571434,15.0,0,0.0,16.648723960844016,0,0,0,0,1,0,0,0,95676289.4,Comedy,Mid-size Studio,February,17.0,20.46,17.58
Forsaken,2015,9,11000000.0,,16.7859107366647,19499720.40803925,0,0.02792352,60.0,0,,16.213405921671733,0,0,0,0,0,0,0,0,51751835.0,Western,Mid-size Studio,September,11.0,,19.5
The Glimmer Man,1996,10,45000000.0,,17.52241246035567,40727432.306053154,0,0.065091014,25.0,0,,17.622173069956816,1,0,1,0,0,0,0,0,51751835.0,Action,Major Studio,October,45.0,,40.73
Like Mike,2002,7,30000000.0,,17.652011277693923,46362952.28438838,0,0.07206137,25.0,0,,17.216707972959764,1,0,0,0,1,0,0,0,40237232.5,Comedy,Major Studio,July,30.0,,46.36
Rugrats in Paris: The Movie,2000,9,30.0,103.0,7.545273431024603,1890.7799380318745,0,0.022512427,20.0,0,0.0,3.4339872044851463,1,0,0,1,1,0,0,0,51751835.0,Adventure,Major Studio,September,0.0,0.0,0.0
Friday After Next,2002,11,20000000.0,33526835.0,16.892963682927498,21703055.973149084,0,0.049896806,15.0,0,0.0,16.811242881518265,1,0,0,0,1,0,0,0,9069.0,Comedy,Major Studio,November,20.0,33.53,21.7
Fireproof,2008,9,500000.0,33456317.0,16.052896305730584,9368805.820681129,0,0.01922416,45.0,0,0.0,13.122365377402328,0,0,0,0,0,0,0,0,22350276.0,Drama,Mid-size Studio,September,0.5,33.46,9.37
Get Low,2010,1,7500000.0,,15.821158186476774,7430903.804574253,0,0.02095275,45.0,0,,15.830413711839864,0,0,0,0,1,0,0,0,51751835.0,Comedy,Mid-size Studio,January,7.5,,7.43
Urban Legends: Final Cut,2000,9,14000000.0,38574362.0,17.20188473499361,29558582.54680012,0,0.02801439,35.0,0,0.0,16.454567959008102,0,0,0,0,0,1,0,0,51751835.0,Horror,Mid-size Studio,September,14.0,38.57,29.56
Detroit Rock City,1999,8,6500000.0,4217115.0,15.912013736947117,8137663.146814894,0,0.019559886,0.0,0,1.0,15.687312888712007,1,0,0,0,1,0,0,0,51751835.0,Comedy,Major Studio,August,6.5,4.22,8.14
Post Grad,2009,8,15000000.0,6405245.0,16.334346595807364,12414137.663312549,0,0.038284786,15.0,0,1.0,16.52356082573315,0,0,0,0,1,0,0,0,367275019.0,Comedy,Mid-size Studio,August,15.0,6.41,12.41
Repo! The Genetic Opera,2008,7,,188126.0,13.567823421871829,780603.1279354786,0,0.059464484,0.0,0,,,0,0,0,0,1,0,0,0,152051513.66666666,Horror,Mid-size Studio,July,,0.19,0.78
The Way of the Gun,2000,9,8500000.0,19125401.0,16.229261745548104,11175804.155170102,0,0.027353505,90.0,0,0.0,15.955576839107596,0,1,1,0,0,0,0,0,450335367.0,Action,Independent,September,8.5,19.13,11.18
Space Chimps,2008,7,37000000.0,63800345.0,17.527376409054895,40930103.80493183,0,0.24391739,0.0,1,0.0,17.426428497635523,0,0,0,1,0,1,0,0,51751835.0,Animation,Mid-size Studio,July,37.0,63.8,40.93
Kickboxer: Vengeance,2016,7,17000000.0,,17.58800698751473,43488494.399927706,0,0.04467405,40.0,0,,16.648723960844016,0,0,1,0,0,0,0,0,44434439.0,Action,Mid-size Studio,July,17.0,,43.49
The Red Violin,1998,9,18000000.0,9495408.0,16.87269245819895,21267537.587080393,0,0.063462935,60.0,0,1.0,16.705882371415992,0,0,0,0,0,0,0,0,51751835.0,Drama,Mid-size Studio,September,18.0,9.5,21.27
Just Wright,2010,5,,21520719.0,16.0491861161019,9334110.174295835,0,0.033611707,25.0,0,,,0,0,0,0,1,0,0,0,44352417.0,Comedy,Mid-size Studio,May,,21.52,9.33
New in Town,2009,1,8000000.0,29010817.0,16.13450625212386,10165458.946966384,0,0.025308006,20.0,0,0.0,15.894952224644102,0,0,0,0,1,0,0,0,51751835.0,Comedy,Mid-size Studio,January,8.0,29.01,10.17
Hustle & Flow,2005,7,8000000.0,23563727.0,16.460211440713067,14079232.111711685,0,0.022859178,25.0,0,0.0,15.894952224644102,0,0,0,0,0,0,0,0,10903846.0,Drama,Mid-size Studio,July,8.0,23.56,14.08
Sorcerer,1977,6,22000000.0,12000000.0,16.835771995394033,20496648.575169407,0,0.09436627,15.0,0,1.0,16.906553056777135,1,0,1,0,0,0,0,0,106043117.8,Action,Major Studio,June,22.0,12.0,20.5
Suspect Zero,2004,8,27000000.0,13000000.0,16.809199469305334,19959173.480608195,0,0.038290195,0.0,0,1.0,17.11134746100564,1,0,0,0,0,0,0,0,8279017.0,Crime,Major Studio,August,27.0,13.0,19.96
Saints and Soldiers,2003,9,780000.0,,16.027477517474104,9133663.283689007,0,0.014672269,45.0,0,,13.567050480716237,0,0,1,0,0,0,0,0,51751835.0,Action,Mid-size Studio,September,0.78,,9.13
Knockaround Guys,2001,9,15000000.0,12000000.0,16.8044131578915,19863870.911806066,0,0.03317665,35.0,0,1.0,16.52356082573315,0,0,0,0,0,0,0,0,5024782.0,Crime,Mid-size Studio,September,15.0,12.0,19.86
Michael Collins,1996,10,28000000.0,16900000.0,17.142719632153746,27860475.57271752,0,0.062459838,25.0,0,1.0,17.147715103853763,1,0,0,0,0,0,0,0,74671531.5,Drama,Major Studio,October,28.0,16.9,27.86
Rang De Basanti,2006,1,2200000.0,11502151.0,16.397498180629466,13223394.176456671,0,0.023687772,45.0,0,0.0,14.603968372873895,0,0,0,0,0,0,0,0,51751835.0,Drama,Mid-size Studio,January,2.2,11.5,13.22
Another Year,2010,11,8000000.0,18124262.0,17.07883865715908,26136376.01180195,0,0.026579639,25.0,0,0.0,15.894952224644102,0,0,0,0,1,0,0,0,5405500.0,Comedy,Mid-size Studio,November,8.0,18.12,26.14
Le Havre,2011,5,3850000.0,,16.67540552008303,17459691.911110025,0,0.013622629,55.00000000000001,0,,15.163583966004191,0,1,0,0,1,0,0,0,51751835.0,Drama,Independent,May,3.85,,17.46
The Beastmaster,1982,8,,14056528.0,15.878222589527148,7867276.208193306,0,0.0658464,0.0,0,,,0,0,1,0,0,0,0,0,7282851.0,Action,Mid-size Studio,August,,14.06,7.87
Human Traffic,1999,6,600000.0,4000000.0,15.403079674621264,4891841.963607004,0,0.01433024,25.0,0,0.0,13.304686600863562,0,0,0,0,1,0,0,0,51751835.0,Comedy,Mid-size Studio,June,0.6,4.0,4.89
The Bad News Bears,1976,4,35000000.0,35323292.0,17.621420993794164,44966169.29515653,0,0.10966012,0.0,0,0.0,17.370858648025116,1,0,0,0,1,0,0,0,44081497.5,Comedy,Major Studio,April,35.0,35.32,44.97
Stan Helsing,2009,10,108.0,,15.04097315844539,3405740.215959105,0,0.016997017,0.0,0,,4.6913478822291435,0,0,0,0,1,1,0,0,51751835.0,Comedy,Mid-size Studio,October,0.0,,3.41
GirlHouse,2014,10,3150000.0,,16.861349284578424,21027659.26716273,0,0.01594362,0.0,0,,14.962913328262085,0,0,0,0,0,0,0,0,51751835.0,Horror,Mid-size Studio,October,3.15,,21.03
Ballistic: Ecks vs. Sever,2002,9,70000000.0,19924033.0,17.018359137632643,24602511.69187616,0,0.14542834,20.0,0,1.0,18.064005814299342,0,0,1,0,0,0,0,0,51751835.0,Action,Mid-size Studio,September,70.0,19.92,24.6
Crazy/Beautiful,2001,6,13000000.0,16929123.0,16.75752589490765,18954005.556102052,0,0.035416625,40.0,0,0.0,16.380459992348886,0,0,0,0,0,0,0,0,48138559.0,Drama,Mid-size Studio,June,13.0,16.93,18.95
Dolphin Tale 2,2014,9,36000000.0,52424533.0,17.5576719091642,42189076.10653072,0,0.2617849,45.0,1,0.0,17.399029524198163,0,0,0,0,0,0,0,0,59274448.0,Family,Mid-size Studio,September,36.0,52.42,42.19
The Women,2008,9,16000000.0,50007546.0,16.874775148003696,21311877.429909658,0,0.04706264,60.0,0,0.0,16.588099342704055,1,0,0,0,1,0,0,0,51751835.0,Comedy,Major Studio,September,16.0,50.01,21.31
A Mighty Heart,2007,1,16000000.0,18928871.0,16.10420455295987,9862048.38106753,0,0.02582078,60.0,0,0.0,16.588099342704055,0,0,0,0,0,0,0,0,51751835.0,Drama,Mid-size Studio,January,16.0,18.93,9.86
All the King's Men,2006,9,55000000.0,9450897.0,16.46345172307519,14124926.794292089,0,0.081235215,45.0,0,1.0,17.822843761378564,0,0,0,0,0,0,0,0,56702901.0,Drama,Mid-size Studio,September,55.0,9.45,14.12
Igby Goes Down,2002,9,9000000.0,4777465.0,15.82647593162222,7470524.716112041,0,0.01807844,60.0,0,1.0,16.012735246411598,0,0,0,0,1,0,0,0,66944169.333333336,Comedy,Mid-size Studio,September,9.0,4.78,7.47
Howards End,1992,3,,25966555.0,16.773001853522373,19249618.524127994,0,0.03235588,25.0,0,,,0,0,0,0,0,0,0,0,15559518.333333334,Drama,Mid-size Studio,March,,25.97,19.25
Kevin Hart: Let Me Explain,2013,7,,32230907.0,16.38433626455318,13050489.334515229,0,0.024254791,0.0,0,,,0,0,0,0,1,1,0,0,51751835.0,Comedy,Mid-size Studio,July,,32.23,13.05
Showdown in Little Tokyo,1991,8,8000000.0,2275557.0,16.774233725584992,19273346.204368416,0,0.018949773,0.0,0,1.0,15.894952224644102,1,0,1,0,0,0,0,0,37290083.5,Action,Major Studio,August,8.0,2.28,19.27
Warlock,1989,6,7000000.0,,17.343559454783243,34057452.14239175,0,0.019128786,0.0,0,,15.76142084987672,0,0,0,0,1,0,0,0,36690067.0,Adventure,Mid-size Studio,June,7.0,,34.06
American Dreamz,2006,3,17000000.0,7314027.0,16.489342576675867,14495408.58140554,0,0.03936943,40.0,0,1.0,16.648723960844016,1,0,0,0,1,0,0,0,118940085.33333331,Comedy,Major Studio,March,17.0,7.31,14.5
Freeway,1996,8,3000000.0,,16.80789492124411,19933152.754570007,0,0.012132959,25.0,0,,14.914123179965662,0,0,0,0,1,0,0,0,51751835.0,Comedy,Mid-size Studio,August,3.0,,19.93
Point Blank,1967,8,2500000.0,3200000.0,15.433322919459624,5042047.064251842,0,0.014695691,25.0,0,0.0,14.731801689838347,0,0,1,0,0,0,0,0,29378802.0,Action,Mid-size Studio,August,2.5,3.2,5.04
Accidental Love,2015,2,26000000.0,,17.33915460170224,33907763.98418865,0,0.06482083,0.0,0,,17.073607134447293,0,0,0,0,1,0,0,0,104567029.5,Romance,Mid-size Studio,February,26.0,,33.91
Primary Colors,1998,3,65000000.0,,17.292257531022283,32354300.28672031,0,0.1506728,25.0,0,,17.989897843244528,1,0,0,0,1,0,0,0,115505027.0,Comedy,Major Studio,March,65.0,,32.35
The Wackness,2008,7,6000000.0,2899975.0,15.686881629440364,6497197.418666089,0,0.018709484,25.0,0,1.0,15.607270193858982,0,0,0,0,0,0,0,0,78084222.5,Drama,Mid-size Studio,July,6.0,2.9,6.5
Phantasm II,1988,7,3000000.0,7282851.0,16.014497920182844,9015878.05550876,0,0.013205823,0.0,0,0.0,14.914123179965662,1,0,1,0,0,0,0,0,14056528.0,Action,Major Studio,July,3.0,7.28,9.02
Basquiat,1996,8,2962051.0,3011195.0,16.31466231521187,12172163.630004384,0,0.013616127,25.0,0,0.0,14.901392829361386,0,0,0,0,0,0,0,0,19777647.0,Drama,Mid-size Studio,August,2.96,3.01,12.17
Tsotsi,2005,8,3000000.0,9879971.0,15.783611600287632,7157071.597876483,0,0.014641288,25.0,0,0.0,14.914123179965662,0,0,0,0,0,0,0,0,174449575.0,Crime,Mid-size Studio,August,3.0,9.88,7.16
Casino Jack,2010,9,12500000.0,1083683.0,15.764540932088964,7021874.686269867,0,0.031293042,60.0,0,1.0,16.341239282272525,0,0,0,0,1,1,0,0,51751835.0,Crime,Mid-size Studio,September,12.5,1.08,7.02
Made in Dagenham,2010,9,7200000.0,,16.522019350339946,14976895.679506175,0,0.016344251,45.0,0,,15.789591722875162,0,0,0,0,1,1,0,0,42886719.0,Comedy,Mid-size Studio,September,7.2,,14.98
Buffalo Soldiers,2001,9,15000000.0,,15.789890404950352,7202150.832431601,0,0.02402565,60.0,0,,16.52356082573315,0,0,0,0,1,0,0,0,382174.0,Drama,Mid-size Studio,September,15.0,,7.2
The Names of Love,2010,11,4600000.0,,17.042020570012152,25191584.04707021,0,0.014950673,25.0,0,,15.341567078850604,0,0,0,0,1,0,0,0,51751835.0,Drama,Mid-size Studio,November,4.6,,25.19
The Brave Little Toaster,1987,7,2000000.0,,16.792426763190946,19627195.976043835,0,0.018485727,0.0,0,,14.508658238524095,0,0,0,1,1,0,0,0,51751835.0,Fantasy,Mid-size Studio,July,2.0,,19.63
Stitches,2012,5,100000.0,95000.0,13.556449770013565,771775.1069298026,0,0.01405927,0.0,0,1.0,11.51293546492023,0,0,0,0,0,0,0,0,51751835.0,Horror,Mid-size Studio,May,0.1,0.1,0.77
The Tailor of Panama,2001,2,21000000.0,28008462.0,17.073012244489856,25984537.460222553,0,0.032929756,40.0,0,0.0,16.860033043306743,1,0,0,0,0,0,0,0,16974571.0,Drama,Major Studio,February,21.0,28.01,25.98
Muppets from Space,1999,7,24000000.0,16290976.0,17.16308874461691,28433787.862386137,0,0.06652569,0.0,0,1.0,16.993564429978885,1,0,0,0,1,0,0,0,176078750.25,Fantasy,Major Studio,July,24.0,16.29,28.43
Womb,2010,7,3100000.0,,14.711338132046924,2449360.979428722,0,0.01531189,0.0,0,,14.946912992035967,0,0,0,0,0,0,0,0,51751835.0,Romance,Mid-size Studio,July,3.1,,2.45
Captive,2015,9,2000000.0,2801508.0,15.024160665411117,3348959.862591543,0,0.01269943,45.0,0,0.0,14.508658238524095,0,0,0,0,0,0,0,0,51751835.0,Crime,Mid-size Studio,September,2.0,2.8,3.35
City By The Sea,2002,9,40000000.0,22433915.0,16.982803977480618,23743133.60707573,0,0.03490165,45.0,0,1.0,17.50439003707821,0,0,0,0,0,0,0,0,76518889.66666667,Crime,Mid-size Studio,September,40.0,22.43,23.74
Banshee Chapter,2013,8,950000.0,,16.491550512593275,14527448.87529939,0,0.013100128,0.0,0,,13.76421831620775,0,0,0,0,0,0,0,0,51751835.0,Horror,Mid-size Studio,August,0.95,,14.53
The Son of No One,2011,11,15000000.0,,16.07696199741002,9597007.53951282,0,0.023624012,40.0,0,,16.52356082573315,0,0,0,0,0,0,0,0,51751835.0,Drama,Mid-size Studio,November,15.0,,9.6
The Order,2003,9,35000000.0,11560806.0,16.67672301396503,17482710.109540287,0,0.059592552,45.0,0,1.0,17.370858648025116,1,0,0,0,0,0,0,0,104276700.25,Drama,Major Studio,September,35.0,11.56,17.48
Vamps,2012,8,16000000.0,,17.744084983701775,50834456.695640154,0,0.02640211,15.0,0,,16.588099342704055,0,0,0,0,1,0,0,0,27092880.0,Comedy,Mid-size Studio,August,16.0,,50.83
Thunderbirds,2004,7,57000000.0,28283637.0,16.662584238980642,17237265.224833883,0,0.0822599,0.0,0,1.0,17.858561843342684,0,0,1,0,1,0,0,0,102264427.66666669,Action,Mid-size Studio,July,57.0,28.28,17.24
Force 10 from Navarone,1978,11,5000000.0,7230000.0,16.431682245951173,13683238.476340974,0,0.04114895,0.0,0,0.0,15.424948670398354,0,0,1,0,0,0,0,0,125062611.25,Action,Mid-size Studio,November,5.0,7.23,13.68
Kundun,1997,12,28000000.0,5684789.0,16.748136282414443,18776867.70866119,0,0.056328483,25.0,0,1.0,17.147715103853763,0,0,0,0,0,0,0,0,121934450.5625,Drama,Mid-size Studio,December,28.0,5.68,18.78
Daddy Day Camp,2007,8,6000000.0,18197398.0,16.953716489187794,23062453.09235842,0,0.014476833,0.0,0,0.0,15.607270193858982,0,0,0,0,1,0,0,0,51751835.0,Comedy,Mid-size Studio,August,6.0,18.2,23.06
The Great Raid,2005,8,80000000.0,10166502.0,16.645944751600876,16952819.033345517,0,0.10308644,25.0,0,1.0,18.19753720513815,0,0,1,0,0,0,0,0,20663862.333333332,Action,Mid-size Studio,August,80.0,10.17,16.95
Of Gods and Men,2010,5,4000000.0,41424067.0,16.866213446719623,21130190.377968285,0,0.01568653,25.0,0,0.0,15.201805169084134,0,0,0,0,0,0,0,0,51751835.0,Drama,Mid-size Studio,May,4.0,41.42,21.13
Roger & Me,1989,9,160000.0,6706368.0,15.99221660401633,8817213.872442361,0,0.026795369,45.0,0,0.0,11.982935344196433,1,0,0,0,0,0,0,0,49163503.0,Documentary,Major Studio,September,0.16,6.71,8.82
Jawbreaker,1999,1,3000000.0,3076820.0,15.438290145521703,5067154.361991318,0,0.015456724,20.0,0,0.0,14.914123179965662,0,0,0,0,1,0,0,0,51751835.0,Comedy,Mid-size Studio,January,3.0,3.08,5.07
D.E.B.S.,2004,1,3500000.0,,16.094823962753118,9769969.091478448,0,0.019020025,20.0,0,,15.068273812173889,0,0,1,0,0,0,0,0,66002004.0,Action,Mid-size Studio,January,3.5,,9.77
Things We Lost in the Fire,2007,9,16000000.0,2849142.0,15.653247918803888,6282306.57251016,0,0.0262817,60.0,0,1.0,16.588099342704055,0,0,0,0,0,0,0,0,51751835.0,Drama,Mid-size Studio,September,16.0,2.85,6.28
Miracle at St. Anna,2008,9,45000000.0,9323833.0,17.160619794704168,28363672.85269568,0,0.08623807,45.0,0,1.0,17.622173069956816,0,0,0,0,0,0,0,0,41411867.25,Drama,Mid-size Studio,September,45.0,9.32,28.36
Gettysburg,1993,10,,25000000.0,16.244049491983404,11342297.121892326,0,0.024219317,25.0,0,,,0,0,0,0,0,0,0,0,12923936.0,War,Mid-size Studio,October,,25.0,11.34
Center Stage,2000,5,18000000.0,17200925.0,17.071693144779722,25950283.859995615,0,0.07276698,40.0,0,1.0,16.705882371415992,1,0,0,0,0,0,0,0,30153920.5,Drama,Major Studio,May,18.0,17.2,25.95
UHF,1989,7,5000000.0,,16.855943962089782,20914304.617450684,0,0.013871042,0.0,0,,15.424948670398354,0,0,0,0,1,0,0,0,51751835.0,Comedy,Mid-size Studio,July,5.0,,20.91
The Cooler,2003,1,32000000.0,,16.95197805378294,23022395.334641997,0,0.0379965,45.0,0,,17.281246492014,0,0,0,0,0,0,0,0,9500000.0,Drama,Mid-size Studio,January,32.0,,23.02
Clockstoppers,2002,3,26000000.0,38793283.0,17.172221083386383,28694644.155857883,0,0.026586337,0.0,0,0.0,17.073607134447293,1,0,0,0,0,0,0,0,98761212.33333331,Adventure,Major Studio,March,26.0,38.79,28.69
The Juror,1996,2,44000000.0,,17.348211535519585,34216259.269466035,0,0.06935939,25.0,0,,17.599700214609808,0,0,0,0,0,0,0,0,51751835.0,Drama,Mid-size Studio,February,44.0,,34.22
Extraordinary Measures,2010,1,31000000.0,15134293.0,16.62389360590778,16583081.479263676,0,0.05557076,45.0,0,1.0,17.249497794707484,0,0,0,0,0,0,0,0,170000000.0,Drama,Mid-size Studio,January,31.0,15.13,16.58
In the Cut,2003,9,12000000.0,23.0,16.9280257788209,22477508.26027863,0,0.04329548,35.0,0,1.0,16.300417291085605,0,0,0,0,0,0,0,0,60570027.5,Mystery,Mid-size Studio,September,12.0,0.0,22.48
In the Bedroom,2001,11,1700000.0,,16.82693493168871,20316316.354355633,0,0.016684555,25.0,0,,14.346139397261563,0,0,0,0,0,0,0,0,14821658.0,Drama,Mid-size Studio,November,1.7,,20.32
Moby Dick,1956,6,4500000.0,10400000.0,16.24268424972043,11326822.702706149,0,0.017931571,25.0,0,0.0,15.319588176962746,1,0,0,0,0,0,0,0,8200000.0,Adventure,Major Studio,June,4.5,10.4,11.33
A Man for All Seasons,1966,12,3900000.0,28350000.0,17.154880455583356,28201350.36721368,0,0.018910581,25.0,0,0.0,15.1764873675101,0,0,0,0,0,0,0,0,17100000.0,Drama,Mid-size Studio,December,3.9,28.35,28.2
For Love of the Game,1999,9,50000000.0,,17.16042716351768,28358209.65075675,0,0.089217134,45.0,0,,17.72753358339242,1,0,0,0,0,0,0,0,291339720.0,Drama,Major Studio,September,50.0,,28.36
Angel Eyes,2001,5,53000000.0,29700000.0,17.04239190595914,25200940.32521346,0,0.08157156,25.0,0,1.0,17.78580249038432,0,0,0,0,0,0,0,0,118880016.0,Drama,Mid-size Studio,May,53.0,29.7,25.2
Battle of the Year,2013,9,20000000.0,16549477.0,16.403177632808262,13298709.489413254,0,0.044319328,60.0,0,1.0,16.811242881518265,0,0,0,0,0,0,0,0,51751835.0,Music,Mid-size Studio,September,20.0,16.55,13.3
Love & Basketball,2000,4,20000000.0,27728118.0,17.247440402797164,30936286.413106028,0,0.038749773,40.0,0,0.0,16.811242881518265,0,0,1,0,1,0,0,0,26362061.0,Action,Mid-size Studio,April,20.0,27.73,30.94
The Greatest Movie Ever Sold,2011,4,,621951.0,13.463764957158048,703458.0586320745,0,0.023710622,0.0,0,,,0,0,0,0,1,1,0,0,28575078.0,Comedy,Mid-size Studio,April,,0.62,0.7
The Life Before Her Eyes,2007,9,8000000.0,,16.806102731969712,19897460.763161633,0,0.01593617,45.0,0,,15.894952224644102,0,0,0,0,0,0,0,0,16942795.0,Thriller,Mid-size Studio,September,8.0,,19.9
Return of the Living Dead 3,1993,10,2000000.0,54207.0,16.101597819288557,9836374.122393202,0,0.013654793,0.0,0,1.0,14.508658238524095,0,0,0,0,1,0,0,0,51751835.0,Comedy,Mid-size Studio,October,2.0,0.05,9.84
Stomp the Yard,2007,5,13000000.0,75511123.0,17.729769695617797,50111930.71168173,0,0.10625779,40.0,1,0.0,16.380459992348886,0,0,0,0,0,0,0,0,23580000.0,Drama,Mid-size Studio,May,13.0,75.51,50.11
The Adventures of Rocky & Bullwinkle,2000,6,76000000.0,35134820.0,16.709673645708435,18068372.46854895,0,0.08478314,0.0,0,1.0,18.1462439114085,1,0,1,1,1,0,0,0,51751835.0,Action,Major Studio,June,76.0,35.13,18.07
Escape from Tomorrow,2013,10,650.0,,16.329327469135,12351985.633763565,0,0.011119973,0.0,0,,6.478509642208569,0,0,0,0,0,0,0,0,51751835.0,Horror,Mid-size Studio,October,0.0,,12.35
Hoop Dreams,1994,9,700000.0,7830611.0,15.868070253913448,7787809.04084136,0,0.014227862,20.0,0,0.0,13.45883704259595,0,0,0,0,0,0,0,0,589304.0,Documentary,Mid-size Studio,September,0.7,7.83,7.79
Song One,2014,1,6000000.0,32251.0,13.12088966723016,499262.6876017141,0,0.016852174,45.0,0,1.0,15.607270193858982,0,0,0,0,0,0,0,0,51751835.0,Drama,Mid-size Studio,January,6.0,0.03,0.5
Plastic,2014,4,10.0,,11.662731697666576,116159.91390493496,0,0.014155628,25.0,0,,2.3978952727983707,0,0,1,0,1,0,0,0,25345000.0,Drama,Mid-size Studio,April,0.0,,0.12
Subway,1985,4,2000000.0,390659.0,14.994854543225864,3252238.985563819,0,0.036171257,0.0,0,1.0,14.508658238524095,0,0,1,0,0,0,0,0,141346889.5,Action,Mid-size Studio,April,2.0,0.39,3.25
The Good German,2006,12,32000000.0,5914908.0,16.335084248330507,12423298.362311158,0,0.042025764,25.0,0,1.0,17.281246492014,1,0,0,0,0,0,0,0,162226887.30769232,War,Major Studio,December,32.0,5.91,12.42
White Squall,1996,2,38000000.0,10300000.0,17.10869840963744,26928570.26270259,0,0.065184385,25.0,0,1.0,17.453096744006448,0,0,1,0,0,0,0,0,211950533.13333333,Action,Mid-size Studio,February,38.0,10.3,26.93
"War, Inc.",2008,4,5000000.0,1296184.0,15.016336258272723,3322858.476411633,0,0.014975363,30.0,0,1.0,15.424948670398354,0,1,1,0,1,0,0,0,51751835.0,Action,Independent,April,5.0,1.3,3.32
Family Plot,1976,4,2000000.0,7900000.0,15.684700418768555,6483041.10470259,0,0.028458405,0.0,0,0.0,14.508658238524095,1,0,0,0,1,0,0,0,11942857.142857144,Comedy,Major Studio,April,2.0,7.9,6.48
Margaret,2011,9,14000000.0,46495.0,13.50901344215792,736019.6410023537,0,0.025080452,60.0,0,1.0,16.454567959008102,0,0,0,0,0,0,0,0,51751835.0,Drama,Mid-size Studio,September,14.0,0.05,0.74
Cadillac Records,2008,12,12000000.0,,17.113668091565756,27062729.785620864,0,0.040524364,40.0,0,,16.300417291085605,0,0,0,0,0,0,0,0,51751835.0,Drama,Mid-size Studio,December,12.0,,27.06
Drop Dead Gorgeous,1999,7,10000000.0,10571408.0,16.94759810599009,22921778.94874012,0,0.017061967,15.0,0,0.0,16.118095750958314,1,0,0,0,1,0,0,0,51751835.0,Comedy,Major Studio,July,10.0,10.57,22.92
Nighthawks,1981,3,5000000.0,19905359.0,16.73374508279235,18508581.155777182,0,0.014731452,0.0,0,0.0,15.424948670398354,1,0,1,0,0,0,0,0,51751835.0,Action,Major Studio,March,5.0,19.91,18.51
Things to Do in Denver When You're Dead,1995,12,8000000.0,529766.0,15.421454094031462,4982557.609304745,0,0.031228963,25.0,0,1.0,15.894952224644102,0,0,0,0,0,0,0,0,53350089.75,Drama,Mid-size Studio,December,8.0,0.53,4.98
Dark Blue,2002,12,15000000.0,9237470.0,16.0759730165439,9587520.973484632,0,0.028100189,40.0,0,1.0,16.52356082573315,0,0,1,0,0,0,0,0,37810464.333333336,Action,Mid-size Studio,December,15.0,9.24,9.59
Twixt,2011,9,7000000.0,,16.952483758809063,23034040.820523977,0,0.02279342,20.0,0,,15.76142084987672,0,0,0,0,0,0,0,0,46729805.0,Horror,Mid-size Studio,September,7.0,,23.03
20 Feet from Stardom,2013,6,1000000.0,,17.858210220884594,56979961.042817414,0,0.014883883,0.0,0,,13.815511557963774,0,0,0,0,0,0,0,0,51751835.0,Documentary,Mid-size Studio,June,1.0,,56.98
Baggage Claim,2013,9,8500000.0,22456509.0,16.878039506824482,21381560.722005486,0,0.014434144,35.0,0,0.0,15.955576839107596,0,0,0,0,1,0,0,0,51751835.0,Comedy,Mid-size Studio,September,8.5,22.46,21.38
Serving Sara,2002,8,29000000.0,16930185.0,16.96403250866703,23301597.204864606,0,0.024939356,0.0,0,1.0,17.182806422433504,1,0,0,0,1,0,0,0,41900000.0,Comedy,Major Studio,August,29.0,16.93,23.3
Katy Perry: Part of Me,2012,6,12000000.0,32726956.0,16.986951430137587,23841811.62353774,0,0.026728801,15.0,0,0.0,16.300417291085605,1,0,0,0,0,0,0,0,51751835.0,Documentary,Major Studio,June,12.0,32.73,23.84
All That Jazz,1979,12,,37823676.0,17.1705360828002,28646334.37438523,0,0.05965304,25.0,0,,,1,0,0,0,0,0,0,0,20000000.0,Drama,Major Studio,December,,37.82,28.65
Ondine,2009,9,12000000.0,1644755.0,14.833532839234834,2767714.58466291,0,0.053177487,60.0,0,1.0,16.300417291085605,0,0,0,0,0,0,0,0,78485342.75,Drama,Mid-size Studio,September,12.0,1.64,2.77
Nine Dead,2010,1,2000000.0,,16.684756173895988,17623717.131605823,0,0.01456331,45.0,0,,14.508658238524095,0,0,0,0,0,0,0,0,51751835.0,Crime,Mid-size Studio,January,2.0,,17.62
Flipper,1996,5,25530000.0,20080020.0,16.98027090832238,23683066.7139978,0,0.021509651,0.0,0,1.0,17.05536482838727,1,0,0,0,0,0,0,0,51751835.0,Adventure,Major Studio,May,25.53,20.08,23.68
High Anxiety,1977,12,3400000.0,31063038.0,16.850750195682753,20805962.195670303,0,0.044189274,0.0,0,0.0,15.039286283703994,1,0,0,0,1,0,0,0,68891430.75,Comedy,Major Studio,December,3.4,31.06,20.81
Solitary Man,2009,9,15000000.0,5024782.0,15.58236196075243,5852396.47917455,0,0.02250042,60.0,0,1.0,16.52356082573315,0,0,0,0,1,0,0,0,12000000.0,Comedy,Mid-size Studio,September,15.0,5.02,5.85
Metallica: Through the Never,2013,9,18000000.0,7972967.0,16.213162065656,10997317.910618208,0,0.040023606,35.0,0,1.0,16.705882371415992,0,0,0,0,0,0,0,0,74595517.0,Music,Mid-size Studio,September,18.0,7.97,11.0
Strangerland,2015,7,10000000.0,17472.0,12.380803629779177,238184.15914356796,0,0.01819116,40.0,0,1.0,16.118095750958314,0,0,0,0,0,0,0,0,51751835.0,Drama,Mid-size Studio,July,10.0,0.02,0.24
Son of God,2014,2,22000000.0,67800064.0,15.700954265740302,6589276.507142073,0,0.04382824,40.0,1,0.0,16.906553056777135,0,0,0,0,0,0,0,0,51751835.0,Drama,Mid-size Studio,February,22.0,67.8,6.59
A Guy Thing,2003,1,20000000.0,17432163.0,15.596414331826574,5935217.090333898,0,0.026241675,35.0,0,1.0,16.811242881518265,0,0,0,0,1,0,0,0,51751835.0,Comedy,Mid-size Studio,January,20.0,17.43,5.94
The Warlords,2007,12,40000000.0,,16.93253578544512,22579110.91805043,0,0.053824782,25.0,0,,17.50439003707821,0,0,1,0,0,0,0,0,51751835.0,Action,Mid-size Studio,December,40.0,,22.58
Red River,1948,8,3000000.0,9012000.0,16.028242137103156,9140649.733333375,0,0.015854264,25.0,0,0.0,14.914123179965662,0,0,0,0,0,0,0,0,51751835.0,Western,Mid-size Studio,August,3.0,9.01,9.14
Half Past Dead,2002,11,13000000.0,,16.940134470464226,22751335.99087824,0,0.025534282,15.0,0,,16.380459992348886,0,0,1,0,0,0,0,0,76432727.0,Crime,Mid-size Studio,November,13.0,,22.75
In Cold Blood,1967,12,3500000.0,13007551.0,16.675841854706245,17467311.8419368,0,0.017865205,25.0,0,0.0,15.068273812173889,0,0,0,0,0,0,0,0,13985162.0,Crime,Mid-size Studio,December,3.5,13.01,17.47
Stop-Loss,2008,3,25000000.0,11207130.0,16.28820837066681,11854383.660680426,0,0.030486919,25.0,0,1.0,17.034386422832473,1,0,0,0,0,0,0,0,46967447.5,Drama,Major Studio,March,25.0,11.21,11.85
Wolves,2014,8,18000000.0,,17.57447354342189,42903909.9218206,0,0.019932998,15.0,0,,16.705882371415992,0,0,1,0,0,0,0,0,51751835.0,Horror,Mid-size Studio,August,18.0,,42.9
Harley Davidson and the Marlboro Man,1991,8,23000000.0,7434726.0,17.081287551831554,26200459.68127609,0,0.025639579,15.0,0,1.0,16.951004817371683,0,0,1,0,0,0,0,0,28369781.5,Action,Mid-size Studio,August,23.0,7.43,26.2
Willard,2003,3,22000000.0,,17.291715735058474,32336775.604700994,0,0.02114015,15.0,0,,16.906553056777135,1,0,0,0,0,0,0,0,21510851.0,Horror,Major Studio,March,22.0,,32.34
Factory Girl,2006,12,7000000.0,,16.66781541294476,17327672.625373896,0,0.013139566,25.0,0,,15.76142084987672,0,0,0,0,0,0,0,0,1083683.0,Drama,Mid-size Studio,December,7.0,,17.33
A Prairie Home Companion,2006,6,10000000.0,,16.413357829717935,13434784.440547476,0,0.02412208,40.0,0,,16.118095750958314,0,0,0,0,1,0,0,0,87754044.0,Drama,Mid-size Studio,June,10.0,,13.43
Lucky You,2007,5,,5761917.0,15.821651078000052,7434567.337350668,0,0.05648363,25.0,0,,,1,0,0,0,0,0,0,0,114154360.33333331,Drama,Major Studio,May,,5.76,7.43
Akeelah and the Bee,2006,4,8000000.0,18948425.0,16.005005463402277,8930700.12673045,0,0.0134081375,25.0,0,0.0,15.894952224644102,0,0,0,0,0,0,0,0,51751835.0,Drama,Mid-size Studio,April,8.0,18.95,8.93
The Quiet American,2002,11,30000000.0,27674124.0,17.026493801636423,24803461.08606162,0,0.034241937,25.0,0,1.0,17.216707972959764,0,0,1,0,0,0,0,0,146871108.14285713,Drama,Mid-size Studio,November,30.0,27.67,24.8
Renaissance Man,1994,6,40000000.0,24332324.0,16.87716188500064,21362804.028656017,0,0.054326512,0.0,0,1.0,17.50439003707821,0,0,0,0,1,0,0,0,98290289.0,Comedy,Mid-size Studio,June,40.0,24.33,21.36
Gods and Monsters,1998,1,10000000.0,6451628.0,15.787536258972104,7185215.857183635,0,0.024755841,60.0,0,1.0,16.118095750958314,0,0,0,0,0,0,0,0,330830896.0,Drama,Mid-size Studio,January,10.0,6.45,7.19
Mad City,1997,11,50000000.0,10541523.0,16.314068801412102,12164941.42577438,0,0.06871567,25.0,0,1.0,17.72753358339242,1,0,1,0,0,0,0,0,51751835.0,Action,Major Studio,November,50.0,10.54,12.16
Hoffa,1992,12,35000000.0,,17.264937222088292,31482336.180050924,0,0.04781466,25.0,0,,17.370858648025116,1,0,0,0,0,0,0,0,19322135.0,Crime,Major Studio,December,35.0,,31.48
Kiss of Death,1995,4,40000000.0,,17.50077994954949,39855856.83650775,0,0.055499863,25.0,0,,17.50439003707821,1,0,1,0,0,0,0,0,56714147.0,Action,Major Studio,April,40.0,,39.86
Love in the Time of Cholera,2007,10,45000000.0,4607608.0,15.96679050351307,8595852.583589284,0,0.06520925,25.0,0,1.0,17.622173069956816,1,0,0,0,0,0,0,0,381932877.0,Drama,Major Studio,October,45.0,4.61,8.6
Country Strong,2010,12,15000000.0,20529194.0,16.242183895165187,11321156.692495288,0,0.03319458,40.0,0,0.0,16.52356082573315,0,0,0,0,0,0,0,0,34077920.0,Drama,Mid-size Studio,December,15.0,20.53,11.32
Vera Drake,2004,10,11000000.0,,16.9192239152392,22280532.438954815,0,0.021710495,40.0,0,,16.213405921671733,0,0,0,0,0,0,0,0,11764881.0,Crime,Mid-size Studio,October,11.0,,22.28
Extreme Measures,1996,9,38000000.0,17380126.0,16.939209501776965,22730301.446215633,0,0.06870475,45.0,0,1.0,17.453096744006448,1,0,0,0,0,0,0,0,224125647.75,Drama,Major Studio,September,38.0,17.38,22.73
You Kill Me,2007,2,4000000.0,2426851.0,14.697545105510365,2415808.789703992,0,0.01795125,0.0,0,1.0,15.201805169084134,0,0,0,0,1,0,0,0,23243746.0,Comedy,Mid-size Studio,February,4.0,2.43,2.42
My Favorite Martian,1999,2,65000000.0,36850101.0,17.222171688319392,30164360.06568491,0,0.13636705,25.0,0,1.0,17.989897843244528,1,0,0,0,1,0,0,0,92397324.4,Comedy,Major Studio,February,65.0,36.85,30.16
Big Trouble,2002,4,40000000.0,8493890.0,16.233972679532542,11228576.842203235,0,0.048983052,0.0,0,1.0,17.50439003707821,0,0,1,0,1,0,0,0,363990807.8333333,Action,Mid-size Studio,April,40.0,8.49,11.23
Yeh Jawaani Hai Deewani,2013,5,7700000.0,46000000.0,17.167349736424605,28555202.493463844,0,0.016951568,0.0,0,0.0,15.856731016694036,0,0,0,0,0,0,0,0,51751835.0,Romance,Mid-size Studio,May,7.7,46.0,28.56
Glee: The Concert Movie,2011,8,9000000.0,18663238.0,17.144995330735654,27923949.8164752,0,0.02197289,15.0,0,0.0,16.012735246411598,1,0,0,0,0,1,0,0,51751835.0,Documentary,Major Studio,August,9.0,18.66,27.92
You Can't Take It With You,1938,8,1644736.0,7433101.0,15.955502953419456,8499371.994777506,0,0.038355377,0.0,0,0.0,14.31309105098024,1,0,0,0,1,0,0,0,7186031.0,Comedy,Major Studio,August,1.64,7.43,8.5
Niagara,1953,1,1250000.0,8500000.0,15.840803846970088,7578332.260558218,0,0.015327613,45.0,0,0.0,14.038654909278163,1,0,0,0,0,0,0,0,51751835.0,Crime,Major Studio,January,1.25,8.5,7.58
Running with Scissors,2006,10,12000000.0,6754898.0,16.205011790762796,10908051.007451966,0,0.034412123,40.0,0,1.0,16.300417291085605,0,0,0,0,1,0,0,0,204594016.0,Drama,Mid-size Studio,October,12.0,6.75,10.91
Monkeybone,2001,2,75000000.0,5409517.0,16.235872266460195,11249926.773493636,0,0.07870741,0.0,0,1.0,18.13299868483392,1,0,1,1,1,1,0,0,124596398.0,Adventure,Major Studio,February,75.0,5.41,11.25
Code Name: The Cleaner,2007,1,20000000.0,10337477.0,16.264626129359314,11578101.184848122,0,0.09935656,35.0,0,1.0,16.811242881518265,1,0,1,0,1,0,0,0,80449250.25,Action,Major Studio,January,20.0,10.34,11.58
Manderlay,2005,5,14200000.0,674918.0,14.67313621005104,2357555.3839674927,0,0.027457738,40.0,0,1.0,16.468752592994022,0,0,0,0,0,1,0,0,30924588.5,Drama,Mid-size Studio,May,14.2,0.67,2.36
Renaissance,2006,3,18000000.0,1831348.0,14.850852676413345,2816068.50016925,0,0.019829582,15.0,0,1.0,16.705882371415992,0,0,1,1,0,0,0,0,51751835.0,Action,Mid-size Studio,March,18.0,1.83,2.82
Courageous,2011,9,1000000.0,34522221.0,16.574756073452086,15787925.707335817,0,0.0139379,45.0,0,0.0,13.815511557963774,0,0,0,0,0,0,0,0,21817324.0,Drama,Mid-size Studio,September,1.0,34.52,15.79
Topaz,1969,12,4000000.0,6000000.0,16.222941019487585,11105387.72818822,0,0.031925254,25.0,0,0.0,15.201805169084134,1,0,1,0,0,0,0,0,12214285.714285716,Action,Major Studio,December,4.0,6.0,11.11
Lone Star,1996,6,5000000.0,13269963.0,16.819125563933788,20158276.658946615,0,0.015556276,25.0,0,0.0,15.424948670398354,0,0,0,0,0,0,0,0,1997807.0,Drama,Mid-size Studio,June,5.0,13.27,20.16
Beyond the Black Rainbow,2010,12,1100000.0,,16.33801948669723,12459817.276880862,0,0.013339274,0.0,0,,13.910821646859096,0,0,0,0,0,1,0,0,51751835.0,Fantasy,Mid-size Studio,December,1.1,,12.46
Madea's Family Reunion,2006,2,6000000.0,57231524.0,16.59131601162603,16051549.57047051,0,0.052992288,25.0,1,0.0,15.607270193858982,0,0,0,0,1,0,0,0,60691413.25,Drama,Mid-size Studio,February,6.0,57.23,16.05
Meek's Cutoff,2010,9,,876302.0,14.032113657432776,1241850.1129436295,0,0.023484731,45.0,0,,,0,0,0,0,0,0,0,0,51751835.0,Drama,Mid-size Studio,September,,0.88,1.24
The Barbarian Invasions,2003,5,8000000.0,3432342.0,15.758687870461292,6980895.25968143,0,0.013540675,25.0,0,1.0,15.894952224644102,0,0,0,0,1,0,0,0,51751835.0,Comedy,Mid-size Studio,May,8.0,3.43,6.98
My Life Without Me,2003,3,,9726954.0,16.484569991732958,14426392.830663286,0,0.0261977,25.0,0,,,0,0,0,0,0,0,0,0,4857367.0,Drama,Mid-size Studio,March,,9.73,14.43
The Little Vampire,2000,10,22000000.0,13555988.0,16.553552608853135,15456691.03345164,0,0.020516118,15.0,0,1.0,16.906553056777135,1,0,0,0,0,0,0,0,51751835.0,Family,Major Studio,October,22.0,13.56,15.46
Arn: The Knight Templar,2007,12,25000000.0,,16.60234717101398,16229597.012599988,0,0.025696697,25.0,0,,17.034386422832473,0,0,1,0,0,0,0,0,51751835.0,Action,Mid-size Studio,December,25.0,,16.23
Let's Kill Ward's Wife,2014,12,5000000.0,,15.446324901634387,5108031.719397875,0,0.015298322,0.0,0,,15.424948670398354,0,0,0,0,1,0,0,0,51751835.0,Comedy,Mid-size Studio,December,5.0,,5.11
Catch That Kid,2004,2,18000000.0,16702864.0,16.90501565683831,21966203.18607511,0,0.02572097,15.0,0,1.0,16.705882371415992,0,0,1,0,0,0,0,0,51751835.0,Family,Mid-size Studio,February,18.0,16.7,21.97
The Rage: Carrie 2,1999,3,21000000.0,17762705.0,16.79547158608916,19687048.38858166,0,0.020640455,15.0,0,1.0,16.860033043306743,0,0,0,0,0,0,0,0,51751835.0,Horror,Mid-size Studio,March,21.0,17.76,19.69
Redbelt,2008,4,7000000.0,,15.623845597707206,6100281.244767843,0,0.012923727,25.0,0,,15.76142084987672,0,0,0,0,0,0,0,0,13835130.0,Drama,Mid-size Studio,April,7.0,,6.1
The Big Bounce,2004,1,50000000.0,6808550.0,16.111162055716857,9930902.866710544,0,0.08787256,20.0,0,1.0,17.72753358339242,0,0,0,0,1,0,0,0,28084357.0,Comedy,Mid-size Studio,January,50.0,6.81,9.93
O,2001,8,,16017403.0,16.213981471921773,11006332.87559526,0,0.015776511,25.0,0,,,0,0,0,0,0,0,0,0,51751835.0,Drama,Mid-size Studio,August,,16.02,11.01
Veronika Decides to Die,2009,5,9000000.0,,16.598840863318294,16172790.696600948,0,0.015671613,40.0,0,,16.012735246411598,0,0,0,0,0,0,0,0,51751835.0,Drama,Mid-size Studio,May,9.0,,16.17
Get Over It,2001,3,10000000.0,,17.731084248071593,50177848.791371986,0,0.01785986,15.0,0,,16.118095750958314,0,0,0,0,1,0,0,0,27388767.0,Comedy,Mid-size Studio,March,10.0,,50.18
The Story of Us,1999,10,50000000.0,58900031.0,17.26661187278542,31535102.268007964,0,0.18599088,25.0,1,0.0,17.72753358339242,1,0,0,0,1,0,0,0,82766382.8888889,Comedy,Major Studio,October,50.0,58.9,31.54
Baby Geniuses,1999,3,12000000.0,36450736.0,17.421213094745937,36807532.422117256,0,0.02244314,15.0,0,0.0,16.300417291085605,0,0,0,0,1,0,0,0,51377241.333333336,Science Fiction,Mid-size Studio,March,12.0,36.45,36.81
Shopgirl,2005,10,10284523.0,11588205.0,16.683618710843046,17603682.200033017,0,0.016483737,40.0,0,0.0,16.14615079900646,0,0,0,0,1,0,0,0,14961282.0,Comedy,Mid-size Studio,October,10.28,11.59,17.6
The Canyons,2013,7,250000.0,56825.0,12.644170405971396,309950.2809768174,0,0.029344818,25.0,0,1.0,12.429220196836384,0,0,0,0,0,0,0,0,2062066.0,Thriller,Mid-size Studio,July,0.25,0.06,0.31
Virgin Territory,2007,12,38000000.0,5410749.0,15.850521854496458,7652337.569879316,0,0.044921987,0.0,0,1.0,17.453096744006448,0,0,1,0,1,0,0,0,51751835.0,Adventure,Mid-size Studio,December,38.0,5.41,7.65
Mary Reilly,1996,2,47000000.0,12379402.0,16.926650254694138,22446611.158707567,0,0.0761669,25.0,0,1.0,17.665658180950928,0,0,0,0,0,0,0,0,52290248.571428575,Drama,Mid-size Studio,February,47.0,12.38,22.45
Barbershop 2:  Back in Business,2004,1,18000000.0,65070412.0,17.02498047964517,24765953.848849073,0,0.09602458,60.0,1,0.0,16.705882371415992,0,0,0,0,1,0,0,0,53294119.0,Comedy,Mid-size Studio,January,18.0,65.07,24.77
A Mighty Wind,2003,4,6000000.0,18750246.0,16.24034941405988,11300407.280639255,0,0.015620367,0.0,0,0.0,15.607270193858982,0,0,0,0,1,0,0,0,5542025.0,Comedy,Mid-size Studio,April,6.0,18.75,11.3
Tomcats,2001,3,11000000.0,23430766.0,17.12262033732804,27306089.686140135,0,0.018518094,15.0,0,0.0,16.213405921671733,1,0,0,0,1,0,0,0,51751835.0,Comedy,Major Studio,March,11.0,23.43,27.31
Drive Hard,2014,5,12000000.0,,16.904532702675077,21955597.077651303,0,0.020639073,15.0,0,,16.300417291085605,0,0,1,0,1,0,0,0,51751835.0,Action,Mid-size Studio,May,12.0,,21.96
Into the Grizzly Maze,2015,2,10000000.0,,17.391054361491218,35714035.95515244,0,0.022205094,15.0,0,,16.118095750958314,0,0,1,0,0,0,0,0,113857533.0,Action,Mid-size Studio,February,10.0,,35.71
They,2002,11,17000000.0,,17.166177344895384,28521744.23169666,0,0.016363904,15.0,0,,16.648723960844016,0,0,0,0,0,0,0,0,51751835.0,Horror,Mid-size Studio,November,17.0,,28.52
The First Great Train Robbery,1979,1,6000000.0,,16.42839007542706,13638264.989476504,0,0.017894939,45.0,0,,15.607270193858982,0,0,0,0,0,0,0,0,51751835.0,Thriller,Mid-size Studio,January,6.0,,13.64
Head Over Heels,2001,2,14000000.0,10424470.0,16.324219737216364,12289055.848426484,0,0.070897385,15.0,0,1.0,16.454567959008102,0,0,0,0,1,0,0,0,138465811.0,Comedy,Mid-size Studio,February,14.0,10.42,12.29
The Quiet,2005,9,900000.0,381420.0,13.425823721999802,677267.9375647939,0,0.011272662,45.0,0,1.0,13.71015115341694,0,0,0,0,0,0,0,0,51751835.0,Drama,Mid-size Studio,September,0.9,0.38,0.68
The Adventurer: The Curse of the Midas Box,2013,12,25000000.0,6399.0,12.488328825626622,265222.6803230252,0,0.025035806,0.0,0,1.0,17.034386422832473,0,0,0,0,0,0,0,0,51751835.0,Fantasy,Mid-size Studio,December,25.0,0.01,0.27
Fur: An Imaginary Portrait of Diane Arbus,2006,8,16800000.0,2281089.0,16.378478707784083,12974268.797510752,0,0.025736503,40.0,0,1.0,16.636889503897294,0,0,0,0,0,0,0,0,9304609.0,Drama,Mid-size Studio,August,16.8,2.28,12.97
The Hit List,2011,4,6000000.0,,17.245239058080777,30868259.882657178,0,0.012407326,0.0,0,,15.607270193858982,0,0,1,0,0,0,0,0,51751835.0,Action,Mid-size Studio,April,6.0,,30.87
Wonderland,2003,10,5000000.0,2466444.0,15.795381265201366,7241805.611443901,0,0.01454222,25.0,0,1.0,15.424948670398354,0,0,0,0,0,0,0,0,51751835.0,Crime,Mid-size Studio,October,5.0,2.47,7.24
Ca$h,2010,1,7000000.0,46488.0,13.201784156126772,541328.8932202578,0,0.015908804,20.0,0,1.0,15.76142084987672,0,0,0,0,1,0,0,0,51751835.0,Crime,Mid-size Studio,January,7.0,0.05,0.54
The Spanish Prisoner,1997,9,10000000.0,13835130.0,16.515040854778277,14872743.30860919,0,0.013349865,60.0,0,0.0,16.118095750958314,0,0,0,0,0,0,0,0,51751835.0,Crime,Mid-size Studio,September,10.0,13.84,14.87
Shade,2003,5,6800000.0,,16.787660073480545,19533861.84232444,0,0.011917027,0.0,0,,15.732433317205148,0,0,1,0,0,0,0,0,51751835.0,Action,Mid-size Studio,May,6.8,,19.53
Vanity Fair,2004,9,23000000.0,16123851.0,16.100100930469363,9821661.177020054,0,0.03074877,60.0,0,1.0,16.951004817371683,0,0,0,0,0,0,0,0,9026919.0,Drama,Mid-size Studio,September,23.0,16.12,9.82
Blackthorn,2011,8,,623528.0,13.208760719646431,545118.7202181246,0,0.017679773,25.0,0,,,0,0,1,0,0,0,0,0,51751835.0,Adventure,Mid-size Studio,August,,0.62,0.55
April Fool's Day,1986,3,5000000.0,,17.398865704118855,35994102.9600211,0,0.012821244,0.0,0,,15.424948670398354,1,0,0,0,0,0,0,0,51751835.0,Horror,Major Studio,March,5.0,,35.99
Wing Commander,1999,3,30000000.0,,17.02819844119159,24845778.106024623,0,0.01907367,0.0,0,,17.216707972959764,0,0,1,0,0,0,0,0,51751835.0,Action,Mid-size Studio,March,30.0,,24.85
God's Not Dead 2,2016,4,5000000.0,23507567.0,16.02330422237432,9095625.23450009,0,0.01699857,25.0,0,0.0,15.424948670398354,0,0,0,0,0,0,0,0,51751835.0,Drama,Mid-size Studio,April,5.0,23.51,9.1
The Misfits,1961,1,4000000.0,8200000.0,16.595420505644512,16117568.458154876,0,0.018165682,45.0,0,0.0,15.201805169084134,0,0,1,0,0,0,0,0,10400000.0,Drama,Mid-size Studio,January,4.0,8.2,16.12
Khumba,2013,7,20000000.0,27187375.0,16.94435638952614,22847593.346607484,0,0.026051436,15.0,0,0.0,16.811242881518265,0,0,0,1,0,0,0,0,51751835.0,Animation,Mid-size Studio,July,20.0,27.19,22.85
Digimon: The Movie,2000,3,5500000.0,,17.302568044889764,32689615.42398093,0,0.013555459,0.0,0,,15.520258832020865,0,0,0,1,0,0,0,0,51751835.0,Fantasy,Mid-size Studio,March,5.5,,32.69
Reno 911!: Miami,2007,2,10000000.0,20342161.0,16.564841786366664,15632173.033618646,0,0.018459871,15.0,0,0.0,16.118095750958314,1,0,1,0,1,0,0,0,51751835.0,Action,Major Studio,February,10.0,20.34,15.63
Josie and the Pussycats,2001,4,22000000.0,,17.329210122323012,33572239.98531911,0,0.03595747,15.0,0,,16.906553056777135,1,0,0,0,1,0,0,0,25605015.0,Comedy,Major Studio,April,22.0,,33.57
How Green Was My Valley,1941,10,1250000.0,6000000.0,16.331472353610213,12378507.651296264,0,0.019415848,25.0,0,0.0,14.038654909278163,1,0,0,0,0,0,0,0,6666666.666666667,Drama,Major Studio,October,1.25,6.0,12.38
The Train,1964,9,5800000.0,6800000.0,16.53656454803519,15196329.588709112,0,0.035634115,45.0,0,0.0,15.573368647930426,0,0,1,0,0,0,0,0,44351908.25,Action,Mid-size Studio,September,5.8,6.8,15.2
The Object of My Affection,1998,4,15000000.0,46905889.0,17.224476576302653,30233965.72483657,0,0.034274198,40.0,0,0.0,16.52356082573315,1,0,0,0,1,0,0,0,15301438.5,Comedy,Major Studio,April,15.0,46.91,30.23
Catch-22,1970,6,18000000.0,24911670.0,16.87108098478583,21233293.113524772,0,0.1319331,40.0,0,0.0,16.705882371415992,1,0,0,0,1,0,0,0,117252718.5,War,Major Studio,June,18.0,24.91,21.23
Forbidden Kingdom,2014,1,26000000.0,,17.54986309801787,41860912.52224403,0,0.03795874,20.0,0,,17.073607134447293,1,0,0,0,0,0,0,0,51751835.0,Thriller,Major Studio,January,26.0,,41.86
Salvador,1986,4,4500000.0,,17.290174639797794,32286979.931323208,0,0.030950809,25.0,0,,15.319588176962746,0,0,0,0,0,0,0,0,100230832.0,Drama,Mid-size Studio,April,4.5,,32.29
Nixon,1995,12,44000000.0,13681765.0,16.447511971173434,13901563.853786483,0,0.052959636,25.0,0,1.0,17.599700214609808,0,0,0,0,0,0,0,0,105363904.16666669,History,Mid-size Studio,December,44.0,13.68,13.9
The Adventures of Ford Fairlane,1990,7,49000000.0,20423389.0,16.864918109286073,21102837.369610775,0,0.08901926,0.0,0,1.0,17.707330876483063,1,0,1,0,1,0,0,0,72219800.07142857,Action,Major Studio,July,49.0,20.42,21.1
Bless the Child,2000,8,40000000.0,,16.830702340551987,20393000.588155977,0,0.05198167,25.0,0,,17.50439003707821,1,0,0,0,0,0,0,0,203814371.0,Drama,Major Studio,August,40.0,,20.39
The Express,2008,10,40000000.0,9793496.0,16.75575290864813,18920430.13608969,0,0.080109335,25.0,0,1.0,17.50439003707821,0,0,0,0,0,0,0,0,51034157.25,Drama,Mid-size Studio,October,40.0,9.79,18.92
Henry V,1989,10,9000000.0,,17.429271236070516,37105330.96820021,0,0.059896737,40.0,0,,16.012735246411598,0,0,1,0,0,0,0,0,449326618.0,War,Mid-size Studio,October,9.0,,37.11
She's the One,1996,8,3500000.0,9482579.0,16.38207583139973,13021022.889505643,0,0.013302779,0.0,0,0.0,15.068273812173889,0,0,0,0,1,0,0,0,51751835.0,Comedy,Mid-size Studio,August,3.5,9.48,13.02
Swimfan,2002,9,8500000.0,34411240.0,16.948769676115894,22948649.158452384,0,0.01635208,60.0,0,0.0,15.955576839107596,1,0,0,0,0,0,0,0,122644820.0,Drama,Major Studio,September,8.5,34.41,22.95
Down to You,2000,1,9000000.0,,16.91170971646676,22113739.524299946,0,0.017723827,60.0,0,,16.012735246411598,0,0,0,0,1,0,0,0,51751835.0,Comedy,Mid-size Studio,January,9.0,,22.11
My Dog Skip,2000,1,7000000.0,,17.33646146498865,33816568.59338132,0,0.016573893,45.0,0,,15.76142084987672,1,0,0,0,1,0,0,0,74541707.0,Comedy,Major Studio,January,7.0,,33.82
Let's Go to Prison,2006,11,4000000.0,4630045.0,15.50265191361199,5404009.459721044,0,0.013443456,0.0,0,0.0,15.201805169084134,1,0,0,0,1,0,0,0,51751835.0,Comedy,Major Studio,November,4.0,4.63,5.4
Ripley's Game,2002,9,30000000.0,,17.921272580332232,60688972.28683531,0,0.019947853,20.0,0,,17.216707972959764,0,0,0,0,0,0,0,0,51751835.0,Crime,Mid-size Studio,September,30.0,,60.69
"Mystery, Alaska",1999,10,28000000.0,8888143.0,16.636887551324484,16799967.196806855,0,0.0641005,25.0,0,1.0,17.147715103853763,0,0,0,0,1,0,0,0,244808870.42857143,Drama,Mid-size Studio,October,28.0,8.89,16.8
Strange Wilderness,2008,2,,6575282.0,16.1242071089919,10061300.710951691,0,0.028118651,0.0,0,,,1,0,0,0,1,0,0,0,70442940.0,Comedy,Major Studio,February,,6.58,10.06
The Last Dragon,1985,3,10000000.0,25754284.0,16.9759932503278,23581975.022047877,0,0.018630875,15.0,0,0.0,16.118095750958314,0,0,1,0,1,0,0,0,6804016.0,Action,Mid-size Studio,March,10.0,25.75,23.58
Zambezia,2012,6,20000000.0,,17.119260690050343,27214504.785527855,0,0.027518036,15.0,0,,16.811242881518265,0,0,0,1,1,0,0,0,51751835.0,Comedy,Mid-size Studio,June,20.0,,27.21
Gerry,2002,1,3500000.0,,17.168878724136725,28598896.443966836,0,0.030909307,45.0,0,,15.068273812173889,0,0,0,0,0,0,0,0,54586584.0,Mystery,Mid-size Studio,January,3.5,,28.6
Gossip,2000,4,14000000.0,5108820.0,16.935516368839814,22646510.238851264,0,0.01801125,40.0,0,1.0,16.454567959008102,1,0,0,0,0,0,0,0,24599019.5,Drama,Major Studio,April,14.0,5.11,22.65
Alex & Emma,2003,6,30000000.0,15368897.0,16.585762147655664,15962648.542711727,0,0.03835667,0.0,0,1.0,17.216707972959764,0,0,0,0,1,0,0,0,87603175.55555555,Comedy,Mid-size Studio,June,30.0,15.37,15.96
The Cotton Club,1984,12,58000000.0,25928721.0,17.214367570167738,29929870.01211992,0,0.09947782,25.0,0,1.0,17.87595358575207,0,0,0,0,0,0,0,0,95568404.8888889,Music,Mid-size Studio,December,58.0,25.93,29.93
Flame & Citron,2008,3,6500000.0,,17.183252532545637,29012940.07983354,0,0.014940902,25.0,0,,15.687312888712007,0,0,0,0,0,0,0,0,51751835.0,Crime,Mid-size Studio,March,6.5,,29.01
The Front Page,1974,12,4000000.0,,17.59837743797044,43941836.30381533,0,0.017944911,25.0,0,,15.201805169084134,0,0,0,0,1,0,0,0,25000000.0,Romance,Mid-size Studio,December,4.0,,43.94
Return to Me,2000,4,24000000.0,36609995.0,17.155621267082374,28222249.99298009,0,0.027355092,25.0,0,0.0,16.993564429978885,0,0,0,0,1,0,0,0,51751835.0,Romance,Mid-size Studio,April,24.0,36.61,28.22
Reds,1981,12,32000000.0,40382659.0,17.170618347981765,28648691.067301523,0,0.051112227,25.0,0,0.0,17.281246492014,0,0,0,0,0,0,0,0,66470805.0,Drama,Mid-size Studio,December,32.0,40.38,28.65
Dick,1999,8,13000000.0,27500000.0,17.330926638066906,33629916.75290632,0,0.020543974,15.0,0,0.0,16.380459992348886,1,0,0,0,1,0,0,0,24769466.0,Comedy,Major Studio,August,13.0,27.5,33.63
Hansel and Gretel Get Baked,2013,2,4500000.0,,17.4538166626697,38027366.759661935,0,0.013851104,0.0,0,,15.319588176962746,0,0,0,0,1,0,0,0,51751835.0,Horror,Mid-size Studio,February,4.5,,38.03
Dragonslayer,1981,6,18000000.0,14110013.0,16.423644063401323,13573690.970823556,0,0.035091896,15.0,0,1.0,16.705882371415992,1,0,0,0,0,0,0,0,51751835.0,Fantasy,Major Studio,June,18.0,14.11,13.57
Recess: School's Out,2001,1,10000000.0,44460850.0,17.09757219082504,26630617.702907216,0,0.018774778,35.0,0,0.0,16.118095750958314,0,0,0,1,1,0,0,0,51751835.0,Science Fiction,Mid-size Studio,January,10.0,44.46,26.63
Trade,2007,1,12000000.0,,17.43184930178357,37201114.36721589,0,0.047295865,60.0,0,,16.300417291085605,0,0,0,0,0,0,0,0,51751835.0,Drama,Mid-size Studio,January,12.0,,37.2
A Passage to India,1984,12,8000000.0,27187653.0,17.509658210103865,40211282.975274056,0,0.023324762,25.0,0,0.0,15.894952224644102,1,0,0,0,0,0,0,0,71717916.0,Drama,Major Studio,December,8.0,27.19,40.21
Lone Wolf McQuade,1983,4,5000000.0,12232628.0,16.341879240573334,12508002.039612792,0,0.014503477,25.0,0,0.0,15.424948670398354,0,0,1,0,0,0,0,0,51751835.0,Action,Mid-size Studio,April,5.0,12.23,12.51
Coal Miner's Daughter,1980,3,15000000.0,67182787.0,17.699530615493376,48619274.01513677,0,0.26226515,40.0,1,0.0,16.52356082573315,1,0,0,0,0,0,0,0,211674982.5,Drama,Major Studio,March,15.0,67.18,48.62
Thumbsucker,2005,1,,1919197.0,15.248140281127226,4189701.475432962,0,0.025744922,45.0,0,,,0,0,0,0,1,0,0,0,5332926.0,Comedy,Mid-size Studio,January,,1.92,4.19
The History Boys,2006,10,4000000.0,13401952.0,16.026342110949575,9123298.746763326,0,0.013208327,25.0,0,0.0,15.201805169084134,0,0,0,0,1,0,0,0,32053407.0,Comedy,Mid-size Studio,October,4.0,13.4,9.12
Winter in Wartime,2008,11,4000000.0,530048.0,14.389772529209289,1775818.4373542222,0,0.013332635,25.0,0,1.0,15.201805169084134,0,0,0,0,0,0,0,0,51751835.0,Drama,Mid-size Studio,November,4.0,0.53,1.78
Class of 1984,1982,8,4300000.0,,17.024041294547384,24742704.95234012,0,0.012896158,25.0,0,,15.274125813221904,0,0,1,0,0,0,0,0,17080167.0,Action,Mid-size Studio,August,4.3,,24.74
The Kentucky Fried Movie,1977,8,600000.0,,17.557069100482302,42163651.82832737,0,0.035738602,0.0,0,,13.304686600863562,0,0,0,0,1,0,0,0,117219439.5,Comedy,Mid-size Studio,August,0.6,,42.16
Mr. 3000,2004,6,30000000.0,21800302.0,16.712051895330834,18111394.70946393,0,0.031866416,25.0,0,1.0,17.216707972959764,0,0,0,0,1,0,0,0,57588485.0,Comedy,Mid-size Studio,June,30.0,21.8,18.11
Hud,1963,5,2500000.0,10000000.0,15.74333450029954,6874533.569885867,0,0.014754384,25.0,0,0.0,14.731801689838347,1,0,1,0,0,0,0,0,2200000.0,Action,Major Studio,May,2.5,10.0,6.87
Woodstock,1970,3,600000.0,34505110.0,16.64682088367467,16967678.45117377,0,0.01844765,25.0,0,0.0,13.304686600863562,1,0,0,0,0,0,0,0,51751835.0,History,Major Studio,March,0.6,34.51,16.97
Anywhere But Here,1999,11,23000000.0,18653615.0,17.32212138060037,33335096.55722284,0,0.119810775,40.0,0,1.0,16.951004817371683,1,0,0,0,1,0,0,0,56821107.75,Drama,Major Studio,November,23.0,18.65,33.34
Where the Truth Lies,2005,10,25000000.0,,17.13728724638947,27709537.06568938,0,0.025142455,25.0,0,,17.034386422832473,0,0,0,0,0,0,0,0,5861521.5,Drama,Mid-size Studio,October,25.0,,27.71
Set It Off,1996,11,9000000.0,41590886.0,17.150489967646966,28077804.08693299,0,0.04117358,40.0,0,0.0,16.012735246411598,1,0,1,0,0,0,0,0,102390932.71428572,Drama,Major Studio,November,9.0,41.59,28.08
Flirting with Disaster,1996,3,7000000.0,14702438.0,16.058406943274125,9420576.432814466,0,0.02540544,0.0,0,0.0,15.76142084987672,0,0,0,0,1,0,0,0,151932317.8,Comedy,Mid-size Studio,March,7.0,14.7,9.42
Bulworth,1998,5,30000000.0,29202884.0,17.03806862388153,25092224.72068701,0,0.03139261,25.0,0,1.0,17.216707972959764,1,0,0,0,1,0,0,0,72060692.5,Comedy,Major Studio,May,30.0,29.2,25.09
L!fe Happens,2011,6,930000.0,30905.0,12.36079205018965,233465.07353693128,0,0.011899813,0.0,0,1.0,13.742940940397675,0,0,0,0,1,0,0,0,51751835.0,Comedy,Mid-size Studio,June,0.93,0.03,0.23
What's the Worst That Could Happen?,2001,5,45000000.0,,16.681111843172488,17559607.363709178,0,0.040886074,0.0,0,,17.622173069956816,0,0,1,0,1,0,0,0,29000000.0,Action,Mid-size Studio,May,45.0,,17.56
Unaccompanied Minors,2006,12,26000000.0,,17.367787236619385,34892665.51628569,0,0.031923536,30.0,0,,17.073607134447293,0,1,0,0,1,0,0,0,229147509.0,Comedy,Independent,December,26.0,,34.89
Swing Vote,2008,8,21000000.0,17600000.0,15.950920395485197,8460512.232184784,0,0.032897897,40.0,0,1.0,16.860033043306743,0,0,0,0,1,0,0,0,51751835.0,Drama,Mid-size Studio,August,21.0,17.6,8.46
Shinjuku Incident,2009,3,15000000.0,,17.012978694821815,24470494.752612248,0,0.03642184,40.0,0,,16.52356082573315,0,0,1,0,0,0,0,0,51751835.0,Drama,Mid-size Studio,March,15.0,,24.47
Divine Secrets of the Ya-Ya Sisterhood,2002,6,27000000.0,,17.292543853863137,32363565.388520394,0,0.02871289,25.0,0,,17.11134746100564,0,0,0,0,1,0,0,0,51751835.0,Comedy,Mid-size Studio,June,27.0,,32.36
Pat Garrett & Billy the Kid,1973,5,4638783.0,11000000.0,15.96225960527284,8556993.74491386,0,0.016074734,25.0,0,0.0,15.349962820890848,0,0,0,0,0,0,0,0,1884504.6666666667,Western,Mid-size Studio,May,4.64,11.0,8.56
Raising Cain,1992,8,12000000.0,37170057.0,17.114451067619573,27083927.553366218,0,0.04757969,40.0,0,0.0,16.300417291085605,1,0,0,0,0,0,0,0,80368244.9090909,Drama,Major Studio,August,12.0,37.17,27.08
Knock Off,1998,9,33000000.0,,17.290295436242157,32290880.31939071,0,0.01941489,20.0,0,,17.312018149733785,0,0,1,0,0,0,0,0,51751835.0,Action,Mid-size Studio,September,33.0,,32.29
The Last Waltz,1978,5,,321952.0,14.264971966512336,1567466.7333808506,0,0.07827244,0.0,0,,,0,0,0,0,0,0,0,0,122269627.875,Documentary,Mid-size Studio,May,,0.32,1.57
New York Stories,1989,3,15000000.0,,17.80472066702859,54012207.75492109,0,0.12089954,40.0,0,,16.52356082573315,0,0,0,0,1,0,0,0,46729805.0,Comedy,Mid-size Studio,March,15.0,,54.01
Facing the Giants,2006,9,100000.0,10178331.0,16.327605942813644,12330739.656654073,0,0.012654448,45.0,0,0.0,11.51293546492023,0,0,0,0,0,1,0,0,33989269.0,Drama,Mid-size Studio,September,0.1,10.18,12.33
Wendy and Lucy,2008,5,200000.0,,17.074113775599717,26013176.007941715,0,0.013804936,25.0,0,,12.206077645517674,0,0,0,0,0,0,0,0,876302.0,Drama,Mid-size Studio,May,0.2,,26.01
Veer-Zaara,2004,11,7000000.0,29385320.0,17.240444807799992,30720623.89896359,0,0.016572587,25.0,0,0.0,15.76142084987672,0,0,0,0,0,0,0,0,51751835.0,Drama,Mid-size Studio,November,7.0,29.39,30.72
Pieces of April,2003,1,300000.0,,17.482729432251073,39142892.03507467,0,0.014500596,45.0,0,,12.611541086966117,0,0,0,0,1,0,0,0,51854875.0,Comedy,Mid-size Studio,January,0.3,,39.14
Random Hearts,1999,10,64000000.0,74608570.0,17.211486734510977,29843771.05053136,0,0.28969723,25.0,1,0.0,17.974393656948944,1,0,0,0,0,0,0,0,184723123.75,Drama,Major Studio,October,64.0,74.61,29.84
Quo Vadis,1951,11,8250000.0,30000000.0,17.26431384725915,31462716.99917738,0,0.024783526,40.0,0,0.0,15.925723879522977,0,0,0,0,0,0,0,0,51751835.0,Drama,Mid-size Studio,November,8.25,30.0,31.46
Paint Your Wagon,1969,10,20000000.0,31678778.0,16.48384090121233,14415878.51708343,0,0.07253746,40.0,0,0.0,16.811242881518265,1,0,1,0,1,0,0,0,51751835.0,Drama,Major Studio,October,20.0,31.68,14.42
Eye for an Eye,1996,1,20000000.0,,17.273627119731792,31757106.602055397,0,0.026157549,60.0,0,,16.811242881518265,1,0,0,0,0,0,0,0,34573912.5,Drama,Major Studio,January,20.0,,31.76
Summer Catch,2001,8,34000000.0,19693891.0,16.93120414786114,22549063.73442715,0,0.028190985,25.0,0,1.0,17.341871111992198,1,0,0,0,1,0,0,0,52277485.0,Drama,Major Studio,August,34.0,19.69,22.55
Down in the Valley,2005,5,8000000.0,852872.0,15.360417647470614,4687535.085497384,0,0.014779866,25.0,0,1.0,15.894952224644102,0,0,0,0,0,0,0,0,51751835.0,Drama,Mid-size Studio,May,8.0,0.85,4.69
Stung,2015,7,2500000.0,,16.567174371302908,15668678.967333496,0,0.012235949,0.0,0,,14.731801689838347,0,0,0,0,1,0,0,0,51751835.0,Comedy,Mid-size Studio,July,2.5,,15.67
Pound of Flesh,2015,5,7500000.0,,17.26846565622475,31593615.739098743,0,0.012657593,0.0,0,,15.830413711839864,0,0,1,0,0,0,0,0,51751835.0,Action,Mid-size Studio,May,7.5,,31.59
Split Second,1992,5,7.0,5.0,7.379705508253464,1602.1175934102064,0,0.011839562,0.0,0,1.0,2.0794415416798357,0,0,1,0,0,0,0,0,51751835.0,Thriller,Mid-size Studio,May,0.0,0.0,0.0
Cure,1997,11,20000.0,99000.0,11.93397599533134,152355.1262564491,0,0.012222493,0.0,0,0.0,9.90353755128617,0,0,0,0,0,0,0,0,51751835.0,Crime,Mid-size Studio,November,0.02,0.1,0.15
Drive Me Crazy,1999,10,8000000.0,22593409.0,16.893442207691013,21713443.908598676,0,0.01641774,25.0,0,0.0,15.894952224644102,1,0,0,0,1,0,0,0,57881056.0,Drama,Major Studio,October,8.0,22.59,21.71
C.H.U.D.,1984,8,1250000.0,3412497.0,15.643154281150556,6219214.1877431525,0,0.010657501,0.0,0,0.0,14.038654909278163,0,0,0,0,0,0,0,0,51751835.0,Horror,Mid-size Studio,August,1.25,3.41,6.22
5 Days of War,2011,4,20000000.0,17479.0,15.448939444195725,5121404.36240182,0,0.06562043,40.0,0,1.0,16.811242881518265,0,0,0,0,0,0,0,0,73677365.07142857,War,Mid-size Studio,April,20.0,0.02,5.12
The Brown Bunny,2004,8,10000000.0,,17.378753249529257,35277404.61923913,0,0.013931754,40.0,0,,16.118095750958314,0,0,0,0,0,0,0,0,2375097.0,Drama,Mid-size Studio,August,10.0,,35.28
Three to Tango,1999,10,20000000.0,,17.40712551534619,36292638.69113462,0,0.021321915,15.0,0,,16.811242881518265,1,0,0,0,1,0,0,0,51751835.0,Comedy,Major Studio,October,20.0,,36.29
Snow White: A Tale of Terror,1997,7,26000000.0,,17.02885540405177,24862106.22302548,0,0.019253856,0.0,0,,17.073607134447293,0,0,0,0,0,0,0,0,51751835.0,Fantasy,Mid-size Studio,July,26.0,,24.86
The I Inside,2004,1,8800000.0,,16.901557575770276,21890373.459480032,0,0.014339598,35.0,0,,15.990262393084793,0,0,0,0,0,0,0,0,51751835.0,Thriller,Mid-size Studio,January,8.8,,21.89
Turbulence,1997,1,55000000.0,11466088.0,16.566208586467802,15653553.69888802,0,0.062405765,20.0,0,1.0,17.822843761378564,0,0,1,0,0,0,0,0,51751835.0,Action,Mid-size Studio,January,55.0,11.47,15.65
The Banger Sisters,2002,9,10000000.0,,16.93295068067514,22588480.82751434,0,0.016438313,60.0,0,,16.118095750958314,0,0,0,0,1,0,0,0,51751835.0,Comedy,Mid-size Studio,September,10.0,,22.59
Skin Trade,2014,11,9000000.0,,16.971918073691306,23486069.852299243,0,0.01603898,40.0,0,,16.012735246411598,0,0,1,0,0,0,0,0,51751835.0,Thriller,Mid-size Studio,November,9.0,,23.49
Because of Winn-Dixie,2005,2,14000000.0,32645546.0,16.76332395646023,19064221.262743194,0,0.14522442,40.0,0,0.0,16.454567959008102,1,0,0,0,1,0,0,0,53323125.0,Comedy,Major Studio,February,14.0,32.65,19.06
She Wore a Yellow Ribbon,1949,10,1600000.0,5400000.0,15.189977454156976,3952967.8183773225,0,0.016118929,25.0,0,0.0,14.285514812209817,0,0,0,0,0,0,0,0,6866666.666666667,Western,Mid-size Studio,October,1.6,5.4,3.95
Shadowlands,1993,12,22000000.0,,17.91794873353794,60487586.31100073,0,0.030570429,40.0,0,,16.906553056777135,0,0,0,0,0,0,0,0,64243944.5,Drama,Mid-size Studio,December,22.0,,60.49
Alatriste,2006,9,24000000.0,23321954.0,16.98285809248336,23744418.501635857,0,0.021098172,20.0,0,1.0,16.993564429978885,1,0,1,0,0,0,0,0,51751835.0,Action,Major Studio,September,24.0,23.32,23.74
All the Pretty Horses,2000,12,57000000.0,,17.259031107570287,31296945.89838935,0,0.093926325,25.0,0,,17.858561843342684,1,0,0,0,0,0,0,0,24475416.0,Drama,Major Studio,December,57.0,,31.3
Bottle Shock,2008,8,5000000.0,4040588.0,15.362256837882038,4696164.289861552,0,0.012281024,25.0,0,1.0,15.424948670398354,0,0,0,0,1,0,0,0,51751835.0,Comedy,Mid-size Studio,August,5.0,4.04,4.7
Smilla's Sense of Snow,1997,2,35000000.0,,17.39380756015024,35812499.27615045,0,0.041246317,25.0,0,,17.370858648025116,0,0,1,0,0,0,0,0,51751835.0,Action,Mid-size Studio,February,35.0,,35.81
Savage Grace,2007,5,4600000.0,,17.473514076794018,38783833.329956025,0,0.011586031,25.0,0,,15.341567078850604,0,0,0,0,0,0,0,0,51751835.0,Drama,Mid-size Studio,May,4.6,,38.78
The Contender,2000,10,9000000.0,,17.054557822869096,25509405.45938567,0,0.020616226,40.0,0,,16.012735246411598,0,0,0,0,0,0,0,0,18983574.0,Drama,Mid-size Studio,October,9.0,,25.51
The Hoax,2006,10,25000000.0,11772461.0,15.8891420075193,7953653.030553232,0,0.045564912,25.0,0,1.0,17.034386422832473,0,0,0,0,1,0,0,0,78624583.0,Comedy,Mid-size Studio,October,25.0,11.77,7.95
Slackers,2002,2,14000000.0,6413915.0,15.978609188985027,8698046.985652857,0,0.023874296,15.0,0,1.0,16.454567959008102,0,0,0,0,1,0,0,0,51751835.0,Comedy,Mid-size Studio,February,14.0,6.41,8.7
The Informers,2008,11,18000000.0,382174.0,14.725668384096805,2484713.6553449472,0,0.022646613,40.0,0,1.0,16.705882371415992,0,0,0,0,0,0,0,0,51751835.0,Drama,Mid-size Studio,November,18.0,0.38,2.48
Intolerance,1916,9,385907.0,8394751.0,15.802057074482487,7290312.261658299,0,0.014365285,45.0,0,0.0,12.863354278070094,0,0,0,0,0,0,0,0,51751835.0,Drama,Mid-size Studio,September,0.39,8.39,7.29
Infamous,2006,11,13000000.0,1151330.0,14.946511874427634,3098756.784367556,0,0.018183915,40.0,0,1.0,16.380459992348886,0,0,0,0,0,0,0,0,30551495.0,Drama,Mid-size Studio,November,13.0,1.15,3.1
The Good Guy,2009,4,3200000.0,,17.52570478408328,40861741.17390867,0,0.011466505,0.0,0,,14.978661680269909,0,0,0,0,1,0,0,0,51751835.0,Comedy,Mid-size Studio,April,3.2,,40.86
River's Edge,1986,8,19000000.0,,17.243411222952936,30811889.324817806,0,0.020742435,40.0,0,,16.759949589762293,0,0,0,0,0,0,0,0,51751835.0,Crime,Mid-size Studio,August,19.0,,30.81
Top Hat,1935,9,609000.0,3202000.0,14.990913823632908,3239448.039051321,0,0.015094659,20.0,0,0.0,13.31957518872681,0,0,0,0,1,0,0,0,51751835.0,Comedy,Mid-size Studio,September,0.61,3.2,3.24
Veronica Guerin,2003,7,17000000.0,1569918.0,15.01667780917799,3323993.595913382,0,0.047401547,40.0,0,1.0,16.648723960844016,0,0,0,0,0,0,0,0,119622223.25,Drama,Mid-size Studio,July,17.0,1.57,3.32
The Black Stallion,1979,10,2700000.0,37799643.0,17.090010973631173,26430017.15875628,0,0.017405601,0.0,0,0.0,14.80876270134486,0,0,0,0,0,0,0,0,51751835.0,Adventure,Mid-size Studio,October,2.7,37.8,26.43
Angela's Ashes,1999,12,25.0,13.0,7.500970608179396,1808.7981671483535,0,0.015481849,25.0,0,1.0,3.258096538021482,1,0,0,0,0,0,0,0,90001388.5,Drama,Major Studio,December,0.0,0.0,0.0
East Is East,1999,5,3800000.0,28200000.0,16.289310356432612,11867454.224303676,0,0.012137264,0.0,0,0.0,15.150511887854474,0,0,0,0,1,0,0,0,51751835.0,Comedy,Mid-size Studio,May,3.8,28.2,11.87
Tiny Furniture,2010,11,65000.0,416498.0,13.857843761041543,1043241.0323000908,0,0.013008932,25.0,0,0.0,11.082157933374816,0,0,0,0,1,0,0,0,51751835.0,Romance,Mid-size Studio,November,0.06,0.42,1.04
Summer Storm,2004,9,2700000.0,,16.88736763413726,21581943.79830961,0,0.011226936,45.0,0,,14.80876270134486,0,0,0,0,1,0,0,0,51751835.0,Comedy,Mid-size Studio,September,2.7,,21.58
Who Killed the Electric Car?,2006,8,1000000.0,1678874.0,14.52154578496639,2025941.9105061763,0,0.01085026,0.0,0,0.0,13.815511557963774,0,0,0,0,0,0,0,0,51751835.0,Documentary,Mid-size Studio,August,1.0,1.68,2.03
Space Battleship Yamato,2010,12,12000000.0,11212294.0,15.52393033737115,5520230.398380626,0,0.022416597,15.0,0,1.0,16.300417291085605,0,0,0,0,0,0,0,0,51751835.0,Science Fiction,Mid-size Studio,December,12.0,11.21,5.52
"The Goods: Live Hard, Sell Hard",2009,8,10000000.0,,18.045390208796096,68708961.60974242,0,0.014064235,15.0,0,,16.118095750958314,0,0,0,0,1,1,0,0,51751835.0,Comedy,Mid-size Studio,August,10.0,,68.71
The Wiz,1978,10,24000000.0,21049053.0,17.04389137537881,25238756.711249173,0,0.13377778,0.0,0,1.0,16.993564429978885,1,0,0,0,0,0,0,0,20325941.0,Adventure,Major Studio,October,24.0,21.05,25.24
Party Monster,2003,9,5000000.0,742898.0,14.599130487026011,2189382.35049387,0,0.011494933,45.0,0,1.0,15.424948670398354,0,0,0,0,1,0,0,0,653621.0,Comedy,Mid-size Studio,September,5.0,0.74,2.19
Cirque du Soleil: Worlds Away,2012,11,,34153101.0,15.105526135376651,3632842.145607834,0,0.06764701,0.0,0,,,0,0,0,0,0,0,0,0,643176586.5,Fantasy,Mid-size Studio,November,,34.15,3.63
Airlift,2016,1,4500000.0,32000000.0,17.00761424738115,24339575.532895178,0,0.016008576,45.0,0,0.0,15.319588176962746,0,0,1,0,0,0,0,0,51751835.0,Thriller,Mid-size Studio,January,4.5,32.0,24.34
Please Give,2010,1,3000000.0,,17.00922463455944,24378803.25229941,0,0.015132726,45.0,0,,14.914123179965662,0,0,0,0,1,0,0,0,13368437.0,Comedy,Mid-size Studio,January,3.0,,24.38
Invaders from Mars,1986,1,12000000.0,4884663.0,16.730887865544666,18455773.592876673,0,0.11161761,35.0,0,1.0,16.300417291085605,0,0,0,0,0,0,0,0,53694957.333333336,Science Fiction,Mid-size Studio,January,12.0,4.88,18.46
The Corruptor,1999,3,25000000.0,15156200.0,16.716076161700684,18184426.64154172,0,0.022112885,0.0,0,1.0,17.034386422832473,1,0,1,0,0,0,0,0,10725228.0,Action,Major Studio,March,25.0,15.16,18.18
Welcome Home Roscoe Jenkins,2008,2,35000000.0,43650785.0,17.077358363531243,26097715.121251337,0,0.14083937,25.0,0,0.0,17.370858648025116,1,0,0,0,1,0,0,0,56545548.0,Comedy,Major Studio,February,35.0,43.65,26.1
Bodyguards and Assassins,2009,12,23000000.0,5837674.0,15.999912206248224,8885329.409771506,0,0.032416075,40.0,0,1.0,16.951004817371683,0,0,1,0,0,0,0,0,51751835.0,Drama,Mid-size Studio,December,23.0,5.84,8.89
Reign of Assassins,2010,9,12000000.0,,15.865248452199124,7765864.361445578,0,0.050781827,60.0,0,,16.300417291085605,0,0,1,0,0,0,0,0,139042378.0,History,Mid-size Studio,September,12.0,,7.77
The Musketeer,2001,9,40000000.0,27053815.0,16.666670893255393,17307852.106389493,0,0.044828597,45.0,0,1.0,17.50439003707821,0,0,1,0,0,0,0,0,88395468.0,Action,Mid-size Studio,September,40.0,27.05,17.31
Auto Focus,2002,10,7000000.0,2062066.0,15.165489616168651,3857343.750125728,0,0.029024635,25.0,0,1.0,15.76142084987672,0,0,0,0,0,0,0,0,56825.0,Drama,Mid-size Studio,October,7.0,2.06,3.86
The Prince of Tides,1991,12,30000000.0,74787599.0,17.57037492800416,42728423.163064584,0,0.038937233,25.0,1,0.0,17.216707972959764,1,0,0,0,0,0,0,0,30400000.0,Drama,Major Studio,December,30.0,74.79,42.73
Jumping the Broom,2011,5,6600000.0,37710610.0,16.126472056778262,10084114.86066575,0,0.015766608,0.0,0,0.0,15.702580358511794,0,0,0,0,1,0,0,0,24637469.0,Comedy,Mid-size Studio,May,6.6,37.71,10.08
Latter Days,2003,7,850000.0,819939.0,14.22462639077585,1505485.0950733956,0,0.012659888,25.0,0,1.0,13.652992804936396,0,0,0,0,1,0,0,0,51751835.0,Drama,Mid-size Studio,July,0.85,0.82,1.51
Cheri,2009,2,23000000.0,9366227.0,14.318924412318704,1654358.3833613447,0,0.0745386,40.0,0,1.0,16.951004817371683,0,0,0,0,1,0,0,0,52720702.14285714,Drama,Mid-size Studio,February,23.0,9.37,1.65
Flawless,1999,11,,4488529.0,15.056940850344446,3460558.5386928767,0,0.051584486,25.0,0,,,0,0,0,0,1,0,0,0,119379005.66666669,Comedy,Mid-size Studio,November,,4.49,3.46
American Outlaws,2001,8,35000000.0,13678913.0,16.25527015117176,11470281.877387552,0,0.06866593,25.0,0,1.0,17.370858648025116,0,0,1,0,0,0,0,0,79613891.25,Action,Mid-size Studio,August,35.0,13.68,11.47
Baby Boy,2001,6,16000000.0,29381649.0,16.63738939189632,16808400.218292747,0,0.06285033,40.0,0,0.0,16.588099342704055,1,0,0,0,0,0,0,0,100504807.16666669,Crime,Major Studio,June,16.0,29.38,16.81
Heaven's Gate,1980,11,44000000.0,3484331.0,15.873154902599431,7827508.161442355,0,0.06254822,25.0,0,1.0,17.599700214609808,0,0,1,0,0,0,0,0,50000000.0,Action,Mid-size Studio,November,44.0,3.48,7.83
Made,2001,7,5000000.0,5476060.0,15.467188393417558,5215722.61580646,0,0.02468829,0.0,0,0.0,15.424948670398354,0,0,1,0,1,0,0,0,482675634.4,Action,Mid-size Studio,July,5.0,5.48,5.22
Zero Effect,1998,1,5000000.0,1980338.0,15.037955713703692,3395479.069042951,0,0.018028872,20.0,0,1.0,15.424948670398354,0,0,0,0,1,0,0,0,120194717.33333331,Comedy,Mid-size Studio,January,5.0,1.98,3.4
I Think I Love My Wife,2007,3,11000000.0,13196245.0,16.884951486141993,21529861.57017379,0,0.020868007,15.0,0,0.0,16.213405921671733,0,0,0,0,1,0,0,0,25434291.0,Comedy,Mid-size Studio,March,11.0,13.2,21.53
Loving Annabelle,2006,3,900000.0,,16.60271438657047,16235557.867858157,0,0.0132516585,25.0,0,,13.71015115341694,0,0,0,0,0,0,0,0,51751835.0,Drama,Mid-size Studio,March,0.9,,16.24
City of Life and Death,2009,4,12000000.0,10652498.0,16.781647386987533,19416763.240429766,0,0.025100056,40.0,0,1.0,16.300417291085605,0,0,0,0,0,1,0,0,51751835.0,Drama,Mid-size Studio,April,12.0,10.65,19.42
A LEGO Brickumentary,2015,7,650000.0,,17.660957394055647,46779581.48733835,0,0.010862518,0.0,0,,13.384729180332174,0,0,0,0,0,0,0,0,51751835.0,Documentary,Mid-size Studio,July,0.65,,46.78
The End of the Affair,1999,12,23000000.0,10827816.0,16.12506867476006,10069972.919391476,0,0.069380455,40.0,0,1.0,16.951004817371683,0,0,0,0,0,0,0,0,76189577.5,Drama,Mid-size Studio,December,23.0,10.83,10.07
Beyond the Sea,2004,12,23000000.0,,16.486892602323266,14459938.667632142,0,0.04176703,40.0,0,,16.951004817371683,0,0,0,0,0,0,0,0,51751835.0,Drama,Mid-size Studio,December,23.0,,14.46
Welcome to Mooseport,2004,2,30000000.0,14000000.0,16.484177979881125,14420738.621633342,0,0.05549809,0.0,0,1.0,17.216707972959764,1,0,0,0,1,0,0,0,96967344.6,Comedy,Major Studio,February,30.0,14.0,14.42
The Deep End of the Ocean,1999,3,38000000.0,28121100.0,17.513596069683867,40369941.547666885,0,0.04300385,25.0,0,1.0,17.453096744006448,0,0,0,0,0,0,0,0,51751835.0,Drama,Mid-size Studio,March,38.0,28.12,40.37
A Better Life,2011,6,10000000.0,1759252.0,14.953488315157632,3120450.669450537,0,0.03996846,40.0,0,1.0,16.118095750958314,0,0,0,0,0,0,0,0,361636332.5,Drama,Mid-size Studio,June,10.0,1.76,3.12
Corky Romano,2001,10,11000000.0,23978402.0,16.661673486392814,17221573.48674273,0,0.015799087,15.0,0,0.0,16.213405921671733,0,0,1,0,1,0,0,0,51751835.0,Action,Mid-size Studio,October,11.0,23.98,17.22
Play It to the Bone,1999,12,24000000.0,8434146.0,16.52303333559588,14992089.733890573,0,0.03525018,25.0,0,1.0,16.993564429978885,0,0,0,0,1,0,0,0,38078239.0,Comedy,Mid-size Studio,December,24.0,8.43,14.99
Out Cold,2001,11,24000000.0,14782676.0,17.087172777172125,26355109.92581087,0,0.020476386,0.0,0,1.0,16.993564429978885,1,0,0,0,1,0,0,0,51751835.0,Comedy,Major Studio,November,24.0,14.78,26.36
The Devil's Tomb,2009,5,10000000.0,,16.776403012986115,19315201.014779396,0,0.014995805,15.0,0,,16.118095750958314,0,0,1,0,0,0,0,0,51751835.0,Action,Mid-size Studio,May,10.0,,19.32
Beyond the Valley of the Dolls,1970,7,2090000.0,40000000.0,16.684565885769434,17620363.86635305,0,0.014181363,25.0,0,0.0,14.55267510240978,1,0,0,0,1,0,0,0,51751835.0,Comedy,Major Studio,July,2.09,40.0,17.62
Bloody Sunday,2002,1,,773228.0,14.128954853848423,1368128.2502088947,0,0.048696913,45.0,0,,,0,0,1,0,0,0,0,0,235496375.66666663,Action,Mid-size Studio,January,,0.77,1.37
Taxi to the Dark Side,2007,4,1000000.0,274661.0,13.143106133363462,510478.6910684368,0,0.013154427,0.0,0,1.0,13.815511557963774,0,0,0,0,0,0,0,0,51751835.0,Documentary,Mid-size Studio,April,1.0,0.27,0.51
Radio Flyer,1992,2,35000000.0,4651977.0,15.774098280847245,7089306.924562986,0,0.055341367,25.0,0,1.0,17.370858648025116,1,0,0,0,0,0,0,0,129950849.4,Drama,Major Studio,February,35.0,4.65,7.09
Switchback,1997,10,37000000.0,6482195.0,16.57682956276174,15820695.76702847,0,0.040756933,0.0,0,1.0,17.426428497635523,1,0,1,0,0,0,0,0,51751835.0,Action,Major Studio,October,37.0,6.48,15.82
Simon Birch,1998,9,20000000.0,18253415.0,16.850668600342512,20804264.595283397,0,0.03041312,60.0,0,1.0,16.811242881518265,0,0,0,0,1,0,0,0,228738393.0,Comedy,Mid-size Studio,September,20.0,18.25,20.8
It's All Gone Pete Tong,2004,9,2000000.0,120620.0,13.101621417916196,489734.83766785613,0,0.014528102,75.0,0,1.0,14.508658238524095,0,1,0,0,1,0,0,0,6928068.0,Drama,Independent,September,2.0,0.12,0.49
Paparazzi,2004,9,20000000.0,16605763.0,16.402228813446474,13286097.399657736,0,0.019185606,60.0,0,1.0,16.811242881518265,1,0,1,0,0,0,0,0,51751835.0,Action,Major Studio,September,20.0,16.61,13.29
Lucky Numbers,2000,10,65000000.0,,17.39506692656557,35857628.747552894,0,0.07932977,0.0,0,,17.989897843244528,1,0,1,0,1,0,0,0,190180997.0,Action,Major Studio,October,65.0,,35.86
The Children of Huang Shi,2008,7,40000000.0,7400000.0,16.067309288591183,9504816.075055566,0,0.06846882,25.0,0,1.0,17.50439003707821,0,0,0,0,0,1,0,0,214548272.5,Drama,Mid-size Studio,July,40.0,7.4,9.5
The Yellow Handkerchief,2008,12,15000000.0,317000.0,14.42313650464531,1836066.2988637004,0,0.02175991,40.0,0,1.0,16.52356082573315,0,0,0,0,0,0,0,0,51751835.0,Drama,Mid-size Studio,December,15.0,0.32,1.84
Simply Irresistible,1999,2,6000000.0,4398989.0,16.098124533236376,9802268.840862265,0,0.012835483,0.0,0,1.0,15.607270193858982,0,0,0,0,1,0,0,0,51751835.0,Comedy,Mid-size Studio,February,6.0,4.4,9.8
Amnesiac,2015,8,3000000.0,,17.122293127483942,27297156.326085176,0,0.011852613,25.0,0,,14.914123179965662,0,0,0,0,0,0,0,0,7986794.0,Thriller,Mid-size Studio,August,3.0,,27.3
Flicka,2006,10,15000000.0,21000000.0,16.885950794291443,21551387.29091944,0,0.017130997,40.0,0,0.0,16.52356082573315,1,0,0,0,0,0,0,0,1548955.0,Drama,Major Studio,October,15.0,21.0,21.55
#Horror,2015,11,1500000.0,,18.50156685474525,108424739.54574162,0,0.011373096,25.0,0,,14.220976332738882,0,0,0,0,0,0,0,0,51751835.0,Drama,Mid-size Studio,November,1.5,,108.42
Madea Goes to Jail,2009,2,,90508336.0,16.62048034304991,16526575.549423495,0,0.15608513,25.0,1,,,0,0,0,0,1,0,0,0,52372210.25,Comedy,Mid-size Studio,February,,90.51,16.53
Moonlight Mile,2002,9,21000000.0,10011050.0,15.878111899401208,7866405.426482686,0,0.027638441,60.0,0,1.0,16.860033043306743,0,0,0,0,0,0,0,0,185100713.0,Romance,Mid-size Studio,September,21.0,10.01,7.87
Gentlemen Broncos,2009,9,10000000.0,,16.497362283082573,14612124.900241451,0,0.018351778,65.0,0,,16.118095750958314,0,1,1,0,1,1,0,0,63158045.0,Action,Independent,September,10.0,,14.61
My Beautiful Laundrette,1985,9,860000.0,2451545.0,15.32976933541914,4546049.242781085,0,0.023039227,45.0,0,0.0,13.664688831019712,0,0,0,0,1,0,0,0,53708513.85714286,Romance,Mid-size Studio,September,0.86,2.45,4.55
Bucky Larson: Born to Be a Star,2011,9,10000000.0,,16.798919678183324,19755048.31556833,0,0.014440087,35.0,0,,16.118095750958314,1,0,0,0,1,0,0,0,51751835.0,Comedy,Major Studio,September,10.0,,19.76
Cecil B. Demented,2000,5,10000000.0,,15.670869068345958,6393989.151610939,0,0.013591672,15.0,0,,16.118095750958314,0,0,0,0,1,0,0,0,6910344.0,Thriller,Mid-size Studio,May,10.0,,6.39
Yentl,1983,11,12000000.0,30400000.0,16.889527485284095,21628607.962216616,0,0.03668441,40.0,0,0.0,16.300417291085605,0,0,0,0,0,0,0,0,74787599.0,Music,Mid-size Studio,November,12.0,30.4,21.63
The Nutcracker: The Untold Story,2010,11,90000000.0,16178959.0,16.71163729395136,18103887.256226342,0,0.14053102,0.0,0,1.0,18.31532023940565,0,0,1,0,0,0,0,0,63408614.0,Fantasy,Mid-size Studio,November,90.0,16.18,18.1
Small Apartments,2012,3,2000000.0,,16.50930161080741,14787629.478653124,0,0.011879992,0.0,0,,14.508658238524095,0,0,0,0,1,0,0,0,51751835.0,Comedy,Mid-size Studio,March,2.0,,14.79
The Namesake,2006,9,12000000.0,20138836.0,15.617068957302124,6059081.580945882,0,0.023727113,60.0,0,0.0,16.300417291085605,0,0,0,0,0,0,0,0,7688590.666666667,Drama,Mid-size Studio,September,12.0,20.14,6.06
The Other End of the Line,2008,10,14000000.0,,16.987084648178637,23844987.994680803,0,0.019843364,15.0,0,,16.454567959008102,0,0,0,0,1,0,0,0,51751835.0,Comedy,Mid-size Studio,October,14.0,,23.84
The Greatest Show on Earth,1952,1,4000000.0,36000000.0,16.067966133235526,9511061.314098146,0,0.02254749,45.0,0,0.0,15.201805169084134,1,0,1,0,0,0,0,0,51751835.0,Action,Major Studio,January,4.0,36.0,9.51
Action Jackson,1988,2,7000000.0,20256975.0,16.77550015353646,19297769.972193178,0,0.014887079,25.0,0,0.0,15.76142084987672,0,0,1,0,1,0,0,0,51751835.0,Action,Mid-size Studio,February,7.0,20.26,19.3
Welcome to Collinwood,2002,5,1200000.0,,17.092136016677085,26486241.803785007,0,0.015611042,0.0,0,,13.997832948091215,1,0,0,0,1,0,0,0,714766572.0,Comedy,Major Studio,May,1.2,,26.49
Edmond,2005,8,10000000.0,,17.45203613595188,37959718.25821166,0,0.014003416,40.0,0,,16.118095750958314,0,0,0,0,0,0,0,0,6739141.0,Drama,Mid-size Studio,August,10.0,,37.96
Swept Away,2002,10,10000000.0,598645.0,14.884792508785829,2913285.8655193155,0,0.03211047,15.0,0,1.0,16.118095750958314,0,0,0,0,1,0,0,0,179997207.33333334,Comedy,Mid-size Studio,October,10.0,0.6,2.91
Up Close & Personal,1996,3,60000000.0,,17.109883887384537,26960512.414309748,0,0.10517759,25.0,0,,17.909855136853043,0,0,0,0,0,0,0,0,45052725.0,Drama,Mid-size Studio,March,60.0,,26.96
Carlos,2010,5,18000000.0,871279.0,14.49146999158708,1965917.239491279,0,0.025654485,40.0,0,1.0,16.705882371415992,0,0,0,0,0,0,0,0,51751835.0,Crime,Mid-size Studio,May,18.0,0.87,1.97
The Long Riders,1980,5,10000000.0,15795189.0,15.872670195233066,7823715.029445277,0,0.027670734,40.0,0,0.0,16.118095750958314,0,0,0,0,0,0,0,0,12238846.0,Western,Mid-size Studio,May,10.0,15.8,7.82
Ready to Rumble,2000,4,24000000.0,12372410.0,16.895803772361237,21764782.20846185,0,0.07689938,25.0,0,1.0,16.993564429978885,1,0,1,0,1,0,0,0,43507500.25,Action,Major Studio,April,24.0,12.37,21.76
Ride with the Devil,1999,11,38000000.0,635096.0,14.817775020148526,2724443.2495171544,0,0.056860052,25.0,0,1.0,17.453096744006448,1,0,0,0,0,0,0,0,231497433.83333337,Drama,Major Studio,November,38.0,0.64,2.72
The Ice Pirates,1984,3,9000000.0,,16.089888704848867,9721870.55632513,0,0.016331915,15.0,0,,16.012735246411598,0,0,1,0,1,0,0,0,531826.0,Action,Mid-size Studio,March,9.0,,9.72
The Marine 4: Moving Target,2015,4,1950000.0,,17.71027306952169,49144379.75423689,0,0.011435872,0.0,0,,14.48334044336031,0,0,1,0,0,0,0,0,51751835.0,Thriller,Mid-size Studio,April,1.95,,49.14
Me and Orson Welles,2009,11,25000000.0,2336172.0,14.951075329406288,3112930.141147239,0,0.05899138,25.0,0,1.0,17.034386422832473,0,0,0,0,1,0,0,0,34355096.11111111,Comedy,Mid-size Studio,November,25.0,2.34,3.11
Winged Migration,2001,12,35866397.0,20217080.0,16.827452100742995,20326826.04239678,0,0.030623548,0.0,0,1.0,17.395311426289474,0,0,0,0,0,0,0,0,19406406.0,Documentary,Mid-size Studio,December,35.87,20.22,20.33
People I Know,2002,11,20000000.0,,16.167424182700206,10505653.381442,0,0.020993123,70.0,0,,16.811242881518265,0,1,0,0,0,0,0,0,51751835.0,Drama,Independent,November,20.0,,10.51
Tidal Wave,2009,6,16000000.0,11301649.0,16.281929489317843,11780184.573334588,0,0.025667744,40.0,0,1.0,16.588099342704055,0,0,1,0,0,0,0,0,51751835.0,Action,Mid-size Studio,June,16.0,11.3,11.78
All About the Benjamins,2002,3,14000000.0,25482931.0,16.97789959299701,23626973.226534095,0,0.02665884,15.0,0,0.0,16.454567959008102,1,0,1,0,1,0,0,0,57223890.0,Action,Major Studio,March,14.0,25.48,23.63
College,2008,8,7000000.0,6230276.0,16.263202337950858,11561628.1123235,0,0.012530923,0.0,0,1.0,15.76142084987672,0,0,0,0,1,0,0,0,51751835.0,Comedy,Mid-size Studio,August,7.0,6.23,11.56
Dudley Do-Right,1999,8,70000000.0,,17.048522986858128,25355923.958317395,0,0.073868066,0.0,0,,18.064005814299342,1,0,0,0,1,0,0,0,116400000.0,Comedy,Major Studio,August,70.0,,25.36
Gods and Generals,2003,2,56000000.0,12923936.0,16.318891264310604,12223748.09179964,0,0.10113343,25.0,0,1.0,17.840862266556567,0,0,0,0,0,0,0,0,25000000.0,Drama,Mid-size Studio,February,56.0,12.92,12.22
Steel,1997,8,16000000.0,1686429.0,15.764672491717462,7022798.542396275,0,0.015306485,15.0,0,1.0,16.588099342704055,1,0,1,0,0,0,1,0,51751835.0,Science Fiction,Major Studio,August,16.0,1.69,7.02
Snow Angels,2008,3,,414404.0,13.767046891654584,952690.9534914008,0,0.06428901,25.0,0,,,0,0,0,0,0,0,0,0,34411279.4,Drama,Mid-size Studio,March,,0.41,0.95
Kissing Jessica Stein,2001,4,1000000.0,10013424.0,16.06535647202556,9486273.022301292,0,0.013504856,0.0,0,0.0,13.815511557963774,0,0,0,0,1,0,0,0,124914842.0,Comedy,Mid-size Studio,April,1.0,10.01,9.49
The Ballad of Cable Hogue,1970,5,3716946.0,5000000.0,15.455762967976993,5156469.892870673,0,0.01806983,25.0,0,0.0,15.128413190366862,1,0,1,0,1,0,0,0,3884504.6666666665,Action,Major Studio,May,3.72,5.0,5.16
Gentleman's Agreement,1947,11,2000000.0,7800000.0,16.160283084134583,10430898.70095633,0,0.01617063,25.0,0,0.0,14.508658238524095,1,0,0,0,0,0,0,0,8800000.0,Drama,Major Studio,November,2.0,7.8,10.43
The Snow Queen,2012,10,7000000.0,12400000.0,16.465463947758078,14153377.9380907,0,0.013569941,0.0,0,0.0,15.76142084987672,0,0,0,1,0,0,0,0,51751835.0,Animation,Mid-size Studio,October,7.0,12.4,14.15
The Forsaken,2001,4,5000000.0,,17.597185212485957,43889478.942638546,0,0.011122353,0.0,0,,15.424948670398354,0,0,1,0,0,0,0,0,51751835.0,Action,Mid-size Studio,April,5.0,,43.89
Mo' Better Blues,1990,8,10000000.0,16153593.0,17.14140444033986,27823857.78698234,0,0.03674135,40.0,0,0.0,16.118095750958314,1,0,0,0,0,0,0,0,40558147.25,Drama,Major Studio,August,10.0,16.15,27.82
Say It Isn't So,2001,3,25000000.0,,17.815356887155737,54589759.53591093,0,0.020568214,0.0,0,,17.034386422832473,1,0,0,0,1,0,0,0,287553595.0,Comedy,Major Studio,March,25.0,,54.59
Poetic Justice,1993,7,14000000.0,27515786.0,16.65266457906442,17067122.679254543,0,0.056071155,40.0,0,0.0,16.454567959008102,1,0,0,0,0,0,0,0,100815784.33333331,Drama,Major Studio,July,14.0,27.52,17.07
The Mirror Has Two Faces,1996,11,42000000.0,,17.523352010792344,40765715.76560475,0,0.057531934,25.0,0,,17.553180200057167,0,0,0,0,1,0,0,0,52593799.5,Comedy,Mid-size Studio,November,42.0,,40.77
U.F.O.,2012,12,2500000.0,,16.576315349396932,15812562.644569611,0,0.012573152,0.0,0,,14.731801689838347,0,0,1,0,0,0,0,0,51751835.0,Action,Mid-size Studio,December,2.5,,15.81
Sorority Boys,2002,3,12000000.0,,17.698566286159092,48572411.62105026,0,0.017174818,15.0,0,,16.300417291085605,0,0,0,0,1,0,0,0,51751835.0,Comedy,Mid-size Studio,March,12.0,,48.57
To Write Love on Her Arms,2015,3,3400000.0,,15.842528450312752,7591413.155866925,0,0.017828938,25.0,0,,15.039286283703994,0,0,0,0,0,0,0,0,51751835.0,Drama,Mid-size Studio,March,3.4,,7.59
Fled,1996,7,25000000.0,17193231.0,16.95939213604933,23193719.596334267,0,0.018549455,0.0,0,1.0,17.034386422832473,0,0,1,0,1,0,0,0,51751835.0,Action,Mid-size Studio,July,25.0,17.19,23.19
An Ideal Husband,1999,4,14000000.0,18535191.0,16.37086122791168,12875813.026976664,0,0.021275528,40.0,0,0.0,16.454567959008102,0,0,0,0,1,0,0,0,160078586.0,Drama,Mid-size Studio,April,14.0,18.54,12.88
Exiled,2006,9,4500000.0,,16.959366879291128,23193133.805538956,0,0.012580394,20.0,0,,15.319588176962746,0,0,1,0,0,0,0,0,51751835.0,Action,Mid-size Studio,September,4.5,,23.19
Woman on Top,2000,9,8000000.0,,17.302618764685462,32691273.47669511,0,0.012199987,45.0,0,,15.894952224644102,0,0,0,0,1,0,0,0,51751835.0,Comedy,Mid-size Studio,September,8.0,,32.69
Mother and Child,2009,11,7000000.0,,17.05186613531913,25440834.434899166,0,0.01578708,25.0,0,,15.76142084987672,0,0,0,0,0,0,0,0,5634828.0,Drama,Mid-size Studio,November,7.0,,25.44
Harriet the Spy,1996,7,12000000.0,,17.621620970358457,44975162.374574155,0,0.019720146,40.0,0,,16.300417291085605,1,0,0,0,1,0,0,0,51751835.0,Comedy,Major Studio,July,12.0,,44.98
Talk Radio,1988,12,4000000.0,3468572.0,15.17337514854937,3887881.21088536,0,0.022534262,25.0,0,1.0,15.201805169084134,0,0,0,0,0,0,0,0,106215003.58333331,Drama,Mid-size Studio,December,4.0,3.47,3.89
The Nun's Story,1959,6,3500000.0,12800000.0,15.657328829025396,6307996.489166258,0,0.019249441,25.0,0,0.0,15.068273812173889,1,0,0,0,0,0,0,0,22283333.333333332,Drama,Major Studio,June,3.5,12.8,6.31
A Simple Wish,1997,7,28000000.0,8345056.0,16.531724082934886,15122950.019737294,0,0.026450943,0.0,0,1.0,17.147715103853763,1,0,0,0,1,0,0,0,57570615.5,Adventure,Major Studio,July,28.0,8.35,15.12
Straight A's,2013,1,7000000.0,,17.706881669904224,48977993.82021804,0,0.014982217,45.0,0,,15.76142084987672,0,0,0,0,1,0,0,0,2466444.0,Comedy,Mid-size Studio,January,7.0,,48.98
Some Guy Who Kills People,2011,4,300000.0,,17.254624724744463,31159342.957337573,0,0.011444593,30.0,0,,12.611541086966117,0,1,0,0,1,0,0,0,51751835.0,Comedy,Independent,April,0.3,,31.16
Abandon,2002,10,25000000.0,10719357.0,16.525561719078752,15030043.449030131,0,0.018082196,25.0,0,1.0,17.034386422832473,1,0,0,0,0,0,0,0,94000000.0,Drama,Major Studio,October,25.0,10.72,15.03
Miss Julie,2014,9,5500000.0,5000000.0,15.402429826129444,4888664.039531295,0,0.014395509,45.0,0,1.0,15.520258832020865,0,0,0,0,0,0,0,0,51751835.0,Drama,Mid-size Studio,September,5.5,5.0,4.89
The Out-of-Towners,1999,4,75000000.0,29000000.0,16.657857615876857,17155983.409628455,0,0.07123788,0.0,0,1.0,18.13299868483392,1,0,0,0,1,0,0,0,51751835.0,Comedy,Major Studio,April,75.0,29.0,17.16
In the Land of Blood and Honey,2011,12,10000000.0,303877.0,13.971231634001771,1168499.2349161091,0,0.025551355,40.0,0,1.0,16.118095750958314,0,0,0,0,0,0,0,0,83585341.5,Drama,Mid-size Studio,December,10.0,0.3,1.17
A Home at the End of the World,2004,7,6500000.0,1548955.0,14.886521056515848,2918325.975698178,0,0.012280296,25.0,0,1.0,15.687312888712007,0,0,0,0,0,0,0,0,21000000.0,Romance,Mid-size Studio,July,6.5,1.55,2.92
Albino Alligator,1996,9,6000000.0,,16.89477428785395,21742387.230963357,0,0.012104177,45.0,0,,15.607270193858982,0,0,0,0,0,0,0,0,51751835.0,Crime,Mid-size Studio,September,6.0,,21.74
200 Cigarettes,1999,2,6000000.0,6852450.0,15.74142353625212,6861409.12564458,0,0.013716642,25.0,0,0.0,15.607270193858982,1,0,0,0,1,0,0,0,51751835.0,Comedy,Major Studio,February,6.0,6.85,6.86
Jade,1995,10,50000000.0,9851610.0,16.438728961852114,13780000.9058062,0,0.10699865,0.0,0,1.0,17.72753358339242,1,0,1,0,0,0,0,0,106472795.8,Action,Major Studio,October,50.0,9.85,13.78
The Wild Thornberrys Movie,2002,12,35000000.0,,17.636252269947995,45638045.056044,0,0.034490377,0.0,0,,17.370858648025116,1,0,0,1,0,0,0,0,51751835.0,Animation,Major Studio,December,35.0,,45.64
The Newton Boys,1998,3,27000000.0,76000000.0,16.971658551188167,23479975.47925043,0,0.057876706,25.0,1,0.0,17.11134746100564,1,0,1,0,0,0,0,0,26170226.333333332,Crime,Major Studio,March,27.0,76.0,23.48
Shorts,2009,8,40000000.0,28972508.0,16.753939032476268,18886141.9235775,0,0.07952985,0.0,0,1.0,17.50439003707821,0,0,0,0,1,0,0,0,72061804.86666666,Comedy,Mid-size Studio,August,40.0,28.97,18.89
Slums of Beverly Hills,1998,8,5000000.0,,15.678055150581857,6440102.378938235,0,0.011696762,25.0,0,,15.424948670398354,0,0,0,0,1,0,0,0,51751835.0,Comedy,Mid-size Studio,August,5.0,,6.44
Bogus,1996,9,32000000.0,,17.309490810293855,32916703.10006309,0,0.031325523,20.0,0,,17.281246492014,1,0,0,0,1,0,0,0,73956241.0,Fantasy,Major Studio,September,32.0,,32.92
Novocaine,2001,11,6000000.0,2025238.0,14.99230466359919,3243956.7289498067,0,0.011805074,0.0,0,1.0,15.607270193858982,0,0,0,0,1,0,0,0,51751835.0,Comedy,Mid-size Studio,November,6.0,2.03,3.24
Far from Men,2014,8,7700000.0,,17.088108549429364,26379783.850238174,0,0.012338268,25.0,0,,15.856731016694036,0,0,0,0,0,0,0,0,51751835.0,Drama,Mid-size Studio,August,7.7,,26.38
Drowning Mona,2000,3,16000000.0,15427192.0,16.805941295551026,19894248.8474607,0,0.01949707,15.0,0,1.0,16.588099342704055,0,0,0,0,1,0,0,0,51751835.0,Comedy,Mid-size Studio,March,16.0,15.43,19.89
Godzilla 2000,1999,12,1000000.0,10037390.0,16.342437040350728,12514980.94715951,0,0.012488511,0.0,0,0.0,13.815511557963774,0,0,1,0,0,0,0,0,51751835.0,Adventure,Mid-size Studio,December,1.0,10.04,12.51
Legends of Oz: Dorothy's Return,2013,6,70000000.0,18662027.0,16.74939499286295,18800517.23032261,0,0.15106301,0.0,0,1.0,18.064005814299342,0,0,0,1,0,0,0,0,51751835.0,Animation,Mid-size Studio,June,70.0,18.66,18.8
The Ballad of Jack and Rose,2005,3,1500000.0,712294.0,13.959906640902924,1155340.6290184674,0,0.012507267,25.0,0,1.0,14.220976332738882,0,0,0,0,0,0,0,0,51751835.0,Drama,Mid-size Studio,March,1.5,0.71,1.16
For Your Consideration,2006,11,12000000.0,5542025.0,15.027447281268245,3359984.7177753104,0,0.020190665,40.0,0,1.0,16.300417291085605,0,0,0,0,1,0,0,0,18750246.0,Comedy,Mid-size Studio,November,12.0,5.54,3.36
Kabhi Alvida Naa Kehna,2006,8,7400000.0,17000000.0,16.472669231961344,14255725.334024152,0,0.014295716,25.0,0,0.0,15.816990693309524,0,0,0,0,0,0,0,0,42345360.0,Drama,Mid-size Studio,August,7.4,17.0,14.26
Copying Beethoven,2006,9,11000000.0,,16.645721360502968,16949032.347237363,0,0.01825462,60.0,0,,16.213405921671733,0,0,0,0,0,0,0,0,51751835.0,Drama,Mid-size Studio,September,11.0,,16.95
The Adventures of Huck Finn,1993,4,6500000.0,,17.24846792684513,30968090.52932667,0,0.018357681,25.0,0,,15.687312888712007,1,0,1,0,0,0,0,0,302469017.0,Action,Major Studio,April,6.5,,30.97
Eye of the Beholder,1999,9,15000000.0,,16.893814575909285,21721530.810951114,0,0.021215387,60.0,0,,16.52356082573315,0,0,0,0,0,0,0,0,51751835.0,Drama,Mid-size Studio,September,15.0,,21.72
Bon Cop Bad Cop,2006,7,8000000.0,12671300.0,16.523729544488074,15002530.994999751,0,0.013601265,0.0,0,0.0,15.894952224644102,0,0,1,0,1,0,0,0,51751835.0,Action,Mid-size Studio,July,8.0,12.67,15.0
Fear Clinic,2014,10,1.0,,11.877549458010051,143996.24666739826,0,0.010993862,0.0,0,,0.6931471805599453,0,0,0,0,0,0,0,0,51751835.0,Horror,Mid-size Studio,October,0.0,,0.14
The Robe,1953,9,4100000.0,36000000.0,17.005538838641257,24289113.3459785,0,0.017167961,45.0,0,0.0,15.226497775576943,1,0,0,0,0,0,0,0,51751835.0,Drama,Major Studio,September,4.1,36.0,24.29
"The Beast from 20,000 Fathoms",1953,6,210000.0,5000000.0,15.2803560490906,4326873.648121986,0,0.012956969,0.0,0,0.0,12.25486757159303,0,0,0,0,0,0,0,0,51751835.0,Adventure,Mid-size Studio,June,0.21,5.0,4.33
The Best Little Whorehouse in Texas,1982,7,35000000.0,69701637.0,17.31274587917847,33024023.812760033,0,0.08910719,0.0,1,0.0,17.370858648025116,1,0,0,0,1,0,0,0,51751835.0,Comedy,Major Studio,July,35.0,69.7,33.02
Aloft,2014,2,8000000.0,53086.0,12.652872748852886,312659.35384426644,0,0.016435267,25.0,0,1.0,15.894952224644102,0,0,0,0,0,0,0,0,51751835.0,Drama,Mid-size Studio,February,8.0,0.05,0.31
PCU,1994,4,9000000.0,4350774.0,16.309428467942883,12108622.805930844,0,0.016181596,15.0,0,1.0,16.012735246411598,0,0,0,0,1,0,0,0,51751835.0,Comedy,Mid-size Studio,April,9.0,4.35,12.11
1911,2011,7,30000000.0,108348.0,13.409758214413934,666474.2038706496,0,0.03694731,25.0,0,1.0,17.216707972959764,0,0,1,0,0,0,0,0,51751835.0,Adventure,Mid-size Studio,July,30.0,0.11,0.67
The Good Night,2007,1,15000000.0,20380.0,13.074955536012988,476848.1802983819,0,0.037042413,60.0,0,1.0,16.52356082573315,0,0,0,0,1,0,0,0,51751835.0,Comedy,Mid-size Studio,January,15.0,0.02,0.48
Duma,2005,4,12000000.0,,17.526339828693104,40887698.444164105,0,0.018842077,40.0,0,,16.300417291085605,1,0,0,0,0,0,0,0,37799643.0,Adventure,Major Studio,April,12.0,,40.89
Hard to Be a God,2013,2,7000000.0,1310673.0,14.9710125916107,3175616.2841315977,0,0.015903996,25.0,0,1.0,15.76142084987672,0,0,0,0,0,0,0,0,51751835.0,Drama,Mid-size Studio,February,7.0,1.31,3.18
Sherrybaby,2006,9,2000000.0,622806.0,13.185896875081884,532796.590083687,0,0.010665711,45.0,0,1.0,14.508658238524095,0,0,0,0,0,0,0,0,51751835.0,Drama,Mid-size Studio,September,2.0,0.62,0.53
Elmer Gantry,1960,6,3000000.0,10400000.0,15.90399165642432,8072643.295691359,0,0.019207682,25.0,0,0.0,14.914123179965662,0,0,0,0,0,0,0,0,15288937.5,Drama,Mid-size Studio,June,3.0,10.4,8.07
The Call of Cthulhu,2005,1,50000.0,,14.893451914854518,2938622.7423104825,0,0.0151616195,20.0,0,,10.819798284210286,0,0,0,0,0,0,0,0,51751835.0,Horror,Mid-size Studio,January,0.05,,2.94
The Greatest Story Ever Told,1965,2,20000000.0,15473333.0,15.990479983596863,8801915.005059727,0,0.049727686,40.0,0,1.0,16.811242881518265,0,0,0,0,0,0,0,0,51751835.0,Drama,Mid-size Studio,February,20.0,15.47,8.8
Sleep Dealer,2008,12,2500000.0,107559.0,12.432498812120286,250821.0022394017,0,0.012291319,25.0,0,1.0,14.731801689838347,0,0,0,0,0,0,0,0,51751835.0,Drama,Mid-size Studio,December,2.5,0.11,0.25
Joe Somebody,2001,12,38000000.0,,17.14976450172565,28057441.98309631,0,0.030286131,0.0,0,,17.453096744006448,0,0,0,0,1,0,0,0,189833357.0,Comedy,Mid-size Studio,December,38.0,,28.06
Hanging Up,2000,2,40000000.0,36037909.0,17.26495384987294,31482859.6659259,0,0.030661024,25.0,0,1.0,17.50439003707821,0,0,0,0,1,0,0,0,51751835.0,Comedy,Mid-size Studio,February,40.0,36.04,31.48
Antibirth,2016,9,35000000.0,,17.57159105302588,42780417.87845699,0,0.032224067,20.0,0,,17.370858648025116,0,0,0,0,0,0,0,0,51751835.0,Horror,Mid-size Studio,September,35.0,,42.78
90 Minutes in Heaven,2015,9,5000000.0,4842699.0,15.00758653654584,3293911.205615237,0,0.014917136,45.0,0,1.0,15.424948670398354,0,0,0,0,0,0,0,0,11130889.0,Drama,Mid-size Studio,September,5.0,4.84,3.29
Won't Back Down,2012,9,,5310554.0,15.253808299168265,4213516.212071915,0,0.023305804,45.0,0,,,0,0,0,0,0,0,0,0,43165571.0,Drama,Mid-size Studio,September,,5.31,4.21
Beneath Hill 60,2010,4,7347125.0,,16.781197860986264,19408036.86155723,0,0.015838053,25.0,0,,15.809819774312444,0,0,0,0,0,0,0,0,51751835.0,Drama,Mid-size Studio,April,7.35,,19.41
Our Family Wedding,2010,3,14000000.0,21409028.0,16.92797810108258,22476436.60902121,0,0.03361899,15.0,0,0.0,16.454567959008102,0,0,0,0,1,1,0,0,23469711.0,Comedy,Mid-size Studio,March,14.0,21.41,22.48
"Happy, Texas",1999,12,1700000.0,1943649.0,14.707124460798523,2439061.887012264,0,0.0125138005,0.0,0,0.0,14.346139397261563,0,0,0,0,1,0,0,0,51751835.0,Comedy,Mid-size Studio,December,1.7,1.94,2.44
Tom Jones,1963,10,1000000.0,37600000.0,17.243415486831687,30812020.70326231,0,0.016172701,25.0,0,0.0,13.815511557963774,0,0,0,0,1,0,0,0,51751835.0,Adventure,Mid-size Studio,October,1.0,37.6,30.81
Home for the Holidays,1995,11,,17519169.0,16.414712932261715,13453002.293214552,0,0.021251325,25.0,0,,,1,0,0,0,1,0,0,0,47126710.0,Comedy,Major Studio,November,,17.52,13.45
The Apostle,1997,10,5000000.0,,16.86972750445459,21204573.707534533,0,0.013501128,25.0,0,,15.424948670398354,0,0,0,0,0,0,0,0,51751835.0,Drama,Mid-size Studio,October,5.0,,21.2
Goodbye Bafana,2007,2,30000000.0,,17.094197449704836,26540897.7348975,0,0.049516797,25.0,0,,17.216707972959764,0,0,0,0,0,0,0,0,51751835.0,History,Mid-size Studio,February,30.0,,26.54
Major Dundee,1965,4,3800000.0,14873.0,12.267751141621646,212723.06633157865,0,0.017655965,25.0,0,1.0,15.150511887854474,0,0,0,0,0,0,0,0,5546213.666666667,War,Mid-size Studio,April,3.8,0.01,0.21
Conversations with Other Women,2006,6,450000.0,973525.0,13.834456966057829,1019126.0301934102,0,0.012378001,25.0,0,0.0,13.017005083966255,0,0,0,0,0,0,0,0,51751835.0,Drama,Mid-size Studio,June,0.45,0.97,1.02
Timber Falls,2007,12,2600000.0,,17.37168001403197,35028759.620531715,0,0.011677365,0.0,0,,14.77102238760702,0,0,0,0,0,0,0,0,51751835.0,Horror,Mid-size Studio,December,2.6,,35.03
Married Life,2007,9,12000000.0,,17.545446694372394,41676445.47146912,0,0.019009272,60.0,0,,16.300417291085605,0,0,0,0,0,0,0,0,51751835.0,Crime,Mid-size Studio,September,12.0,,41.68
Glitter,2001,9,22000000.0,5271666.0,16.36180074361791,12759678.826740962,0,0.016971072,60.0,0,1.0,16.906553056777135,1,0,0,0,0,0,0,0,51751835.0,Drama,Major Studio,September,22.0,5.27,12.76
Metropolitan,1990,8,225000.0,,16.894411037313006,21734490.73096785,0,0.011158241,25.0,0,,12.323860125621126,0,0,0,0,1,0,0,0,51751835.0,Comedy,Mid-size Studio,August,0.22,,21.73
The Best Man,1999,10,9000000.0,34573780.0,16.869481231345464,21199352.23397425,0,0.058610614,40.0,0,0.0,16.012735246411598,1,0,0,0,1,0,0,0,58814799.25,Drama,Major Studio,October,9.0,34.57,21.2
Another Happy Day,2011,11,4000000.0,355688.0,13.611717218248824,815629.9122877379,0,0.01487653,25.0,0,1.0,15.201805169084134,0,0,0,0,1,0,0,0,51751835.0,Comedy,Mid-size Studio,November,4.0,0.36,0.82
Wicked Blood,2014,3,3500000.0,,17.35283227469344,34374729.52657731,0,0.011402487,25.0,0,,15.068273812173889,0,0,1,0,0,0,0,0,51751835.0,Action,Mid-size Studio,March,3.5,,34.37
Highway,2002,1,14000000.0,,16.7536855365187,18881354.969454695,0,0.027669461,60.0,0,,16.454567959008102,0,0,1,0,0,0,0,0,2466444.0,Action,Mid-size Studio,January,14.0,,18.88
The Man from Snowy River,1982,3,3500000.0,20659423.0,16.560844222785715,15569807.162830876,0,0.014193727,25.0,0,0.0,15.068273812173889,0,0,1,0,0,0,0,0,51751835.0,Family,Mid-size Studio,March,3.5,20.66,15.57
Whatever It Takes,2000,3,15000000.0,9902115.0,16.23501296679264,11240263.86655882,0,0.022691201,40.0,0,1.0,16.52356082573315,0,0,0,0,1,0,0,0,9016377.0,Drama,Mid-size Studio,March,15.0,9.9,11.24
What Planet Are You From?,2000,3,60000000.0,,17.663864982876852,46915795.209223345,0,0.117146015,25.0,0,,17.909855136853043,1,0,0,0,1,0,0,0,115505027.0,Comedy,Major Studio,March,60.0,,46.92
42nd Street,1933,2,439000.0,2281000.0,16.07857563100034,9612506.095991494,0,0.016341852,0.0,0,0.0,12.992256969959042,1,0,0,0,1,0,0,0,51751835.0,Music,Major Studio,February,0.44,2.28,9.61
Redacted,2007,1,5000000.0,782102.0,14.17422845407954,1431491.9148930754,0,0.02649014,45.0,0,1.0,15.424948670398354,0,0,0,0,0,0,0,0,83676240.81818181,Drama,Mid-size Studio,January,5.0,0.78,1.43
Duel in the Sun,1946,12,6000000.0,20400000.0,16.031079823188698,9166624.867940864,0,0.02007065,25.0,0,0.0,15.607270193858982,0,0,0,0,0,0,0,0,17100000.0,Western,Mid-size Studio,December,6.0,20.4,9.17
Romeo Is Bleeding,1993,9,11500000.0,3275585.0,16.375067877168213,12930091.144941168,0,0.01738608,60.0,0,1.0,16.257857680289998,0,0,1,0,0,0,0,0,51751835.0,Action,Mid-size Studio,September,11.5,3.28,12.93
My All American,2015,11,20000000.0,,17.259946942755736,31325621.87278484,0,0.025652073,40.0,0,,16.811242881518265,0,0,0,0,0,0,0,0,51751835.0,Drama,Mid-size Studio,November,20.0,,31.33
Sparkle,2012,8,14000000.0,24637469.0,17.26757873182433,31565607.01216308,0,0.03026797,40.0,0,0.0,16.454567959008102,0,0,0,0,0,1,0,0,37710610.0,Drama,Mid-size Studio,August,14.0,24.64,31.57
The Crime of Padre Amaro,2002,10,1800000.0,,15.747782049988484,6905176.496431487,0,0.012860019,25.0,0,,14.403297778421797,0,0,0,0,0,0,0,0,51751835.0,Drama,Mid-size Studio,October,1.8,,6.91
Six-String Samurai,1998,9,2000000.0,124494.0,12.568635527140868,287400.5158992658,0,0.010722182,20.0,0,1.0,14.508658238524095,0,0,1,0,0,0,0,0,51751835.0,Action,Mid-size Studio,September,2.0,0.12,0.29
Freakonomics,2010,10,3000000.0,103735.0,12.95582234487959,423293.03928823245,0,0.010766635,0.0,0,1.0,14.914123179965662,0,0,0,0,0,0,0,0,51751835.0,Documentary,Mid-size Studio,October,3.0,0.1,0.42
55 Days at Peking,1963,5,17000000.0,10000000.0,15.414429349550268,4947679.058096168,0,0.05242619,40.0,0,1.0,16.648723960844016,0,0,1,0,0,0,0,0,51751835.0,Action,Mid-size Studio,May,17.0,10.0,4.95
Old Joy,2006,1,300000.0,,15.627507026166636,6122657.932110725,0,0.015112115,45.0,0,,12.611541086966117,0,0,0,0,0,0,0,0,876302.0,Drama,Mid-size Studio,January,0.3,,6.12
Mondays in the Sun,2002,9,4000000.0,146402.0,13.17909762770122,529186.2551537778,0,0.013917565,45.0,0,1.0,15.201805169084134,0,0,0,0,0,0,0,0,51751835.0,Drama,Mid-size Studio,September,4.0,0.15,0.53
Two Evil Eyes,1990,1,9000000.0,,17.14455130527686,27911553.623718828,0,0.05066526,65.0,0,,16.012735246411598,0,1,0,0,0,0,0,0,30000000.0,Horror,Independent,January,9.0,,27.91
Superbabies: Baby Geniuses 2,2004,8,,9109322.0,16.046108359756765,9305426.218159547,0,0.02622282,0.0,0,,,0,0,0,0,1,0,0,0,60491046.0,Comedy,Mid-size Studio,August,,9.11,9.31
Kama Sutra - A Tale of Love,1996,9,3000000.0,4109095.0,15.842024218159583,7587586.285658099,0,0.01466932,45.0,0,0.0,14.914123179965662,0,0,0,0,0,0,0,0,13031837.666666666,Drama,Mid-size Studio,September,3.0,4.11,7.59
For Greater Glory - The True Story of Cristiada,2012,6,12000000.0,9622846.0,15.58260484929334,5853818.132103707,0,0.030131487,40.0,0,1.0,16.300417291085605,0,0,0,0,0,1,0,0,51751835.0,History,Mid-size Studio,June,12.0,9.62,5.85
October Baby,2011,10,,5355847.0,15.016074766886204,3321989.69087485,0,0.021680785,55.00000000000001,0,,,0,1,0,0,0,0,0,0,51751835.0,Drama,Independent,October,,5.36,3.32
The Nativity Story,2006,12,35000000.0,,17.50515917557423,40030777.375124745,0,0.058686417,25.0,0,,17.370858648025116,1,0,0,0,0,0,0,0,51287059.5,Drama,Major Studio,December,35.0,,40.03
Harper,1966,2,3500000.0,12000000.0,16.00112016077049,8896068.969966084,0,0.016384948,25.0,0,0.0,15.068273812173889,1,0,1,0,0,0,0,0,8720000.0,Action,Major Studio,February,3.5,12.0,8.9
R.L. Stine's Monsterville: The Cabinet of Souls,2015,9,4400000.0,,15.120751250711251,3688575.800550992,0,0.012974257,20.0,0,,15.29711532616119,0,0,0,0,1,0,0,0,51751835.0,Comedy,Mid-size Studio,September,4.4,,3.69
Bats,1999,10,,10.0,16.173126943655923,10565735.7719876,0,0.01628099,0.0,0,,,0,0,0,0,0,0,0,0,51751835.0,Horror,Mid-size Studio,October,,0.0,10.57
Re-Kill,2015,10,9500000.0,,17.629042630759475,45310194.473024584,0,0.013682649,15.0,0,,16.066802461833923,0,0,0,0,0,0,0,0,51751835.0,Horror,Mid-size Studio,October,9.5,,45.31
Griff the Invisible,2011,8,2902660.0,,16.227782933360587,11159289.452382836,0,0.011132045,25.0,0,,14.881138460438724,0,0,0,0,1,0,1,0,51751835.0,Romance,Mid-size Studio,August,2.9,,11.16
Water,2005,9,,10422387.0,15.664610732519067,6354098.369124257,0,0.019602219,45.0,0,,,0,0,0,0,0,0,0,0,528972.0,Drama,Mid-size Studio,September,,10.42,6.35
What the #$*! Do We (K)now!?,2004,4,,10000000.0,16.472297951345148,14250433.441615855,0,0.027217109,0.0,0,,,0,0,0,0,0,0,0,0,51751835.0,Documentary,Mid-size Studio,April,,10.0,14.25
The Crocodile Hunter: Collision Course,2002,7,,33082548.0,16.589255515423925,16018509.462680176,0,0.017698467,0.0,0,,,0,0,1,0,0,0,0,0,51751835.0,Family,Mid-size Studio,July,,33.08,16.02
The Wood,1999,7,6000000.0,25059640.0,16.689221822708536,17702594.455686174,0,0.015220471,25.0,0,0.0,15.607270193858982,0,0,0,0,1,0,0,0,22252840.333333332,Comedy,Mid-size Studio,July,6.0,25.06,17.7
The Ladies Man,2000,10,24000000.0,13700000.0,17.108902175541083,26934057.94644215,0,0.020314505,0.0,0,1.0,16.993564429978885,0,0,0,0,1,0,0,0,43515092.5,Comedy,Mid-size Studio,October,24.0,13.7,26.93
The Greatest,2009,1,6000000.0,,16.750337966588376,18818253.986371364,0,0.017977959,45.0,0,,15.607270193858982,0,0,0,0,0,0,0,0,27303557.0,Drama,Mid-size Studio,January,6.0,,18.82
Blood and Wine,1996,10,26000000.0,,17.738792981692523,50566151.20613438,0,0.015492932,25.0,0,,17.073607134447293,0,0,0,0,0,0,0,0,51751835.0,Crime,Mid-size Studio,October,26.0,,50.57
The Lovers,2015,2,27000000.0,,17.596589967150692,43863361.70828757,0,0.026951171,0.0,0,,17.11134746100564,0,0,1,0,0,0,0,0,10382407.0,Action,Mid-size Studio,February,27.0,,43.86
Lion of the Desert,1981,4,35000000.0,,17.032150214304533,24944157.24585752,0,0.06596626,25.0,0,,17.370858648025116,0,0,1,0,0,0,0,0,51751835.0,Action,Mid-size Studio,April,35.0,,24.94
Detention of the Dead,2012,4,500000.0,,17.9066879274684,59810268.05275975,0,0.012002102,0.0,0,,13.122365377402328,0,0,0,0,1,0,0,0,51751835.0,Comedy,Mid-size Studio,April,0.5,,59.81
Decoys,2004,2,5000000.0,,17.474838071166424,38835216.91663289,0,0.012136275,30.0,0,,15.424948670398354,0,1,0,0,0,0,0,0,51751835.0,Horror,Independent,February,5.0,,38.84
The Fall of the Roman Empire,1964,3,19000000.0,4750000.0,15.969038932391634,8615201.49319466,0,0.05574478,40.0,0,1.0,16.759949589762293,1,0,0,0,0,0,0,0,51751835.0,Drama,Major Studio,March,19.0,4.75,8.62
Why Did I Get Married?,2007,10,15000000.0,55184721.0,16.909891160717034,22073560.9988388,0,0.20730406,40.0,1,0.0,16.52356082573315,0,0,0,0,1,0,0,0,61203114.0,Comedy,Mid-size Studio,October,15.0,55.18,22.07
All or Nothing,2002,5,9000000.0,,17.458506973934576,38206145.88817188,0,0.020497093,40.0,0,,16.012735246411598,0,0,0,0,1,0,0,0,11764881.0,Comedy,Mid-size Studio,May,9.0,,38.21
Romance & Cigarettes,2005,9,,2945242.0,14.182895375246812,1443952.4704660596,0,0.031223208,20.0,0,,,0,0,0,0,1,0,0,0,51751835.0,Comedy,Mid-size Studio,September,,2.95,1.44
Max Keeble's Big Move,2001,10,12000000.0,17292381.0,16.622737812944983,16563925.94128306,0,0.067160204,15.0,0,0.0,16.300417291085605,1,0,0,0,1,0,0,0,175828399.0,Comedy,Major Studio,October,12.0,17.29,16.56
Rapa Nui,1994,9,20000000.0,305070.0,16.5563663029962,15500242.679069674,0,0.060572103,35.0,0,1.0,16.811242881518265,1,0,0,0,0,0,0,0,194044186.0,Adventure,Major Studio,September,20.0,0.31,15.5
Sands of Iwo Jima,1949,12,1000000.0,7800000.0,15.7635799438177,7015129.98740042,0,0.012894658,25.0,0,0.0,13.815511557963774,0,0,1,0,0,0,0,0,51751835.0,Action,Mid-size Studio,December,1.0,7.8,7.02
Heli,2013,8,1000000.0,,17.088306980412217,26385018.936257895,0,0.012381838,25.0,0,,13.815511557963774,0,0,0,0,0,0,0,0,51751835.0,Crime,Mid-size Studio,August,1.0,,26.39
Tales from the Hood,1995,5,6000000.0,12000000.0,16.716275877638232,18188058.72423725,0,0.011893479,0.0,0,0.0,15.607270193858982,0,0,0,0,0,0,0,0,51751835.0,Crime,Mid-size Studio,May,6.0,12.0,18.19
Special,2006,1,1000000.0,7202.0,11.191957907643609,72543.6786041502,0,0.014411538,45.0,0,1.0,13.815511557963774,0,0,0,0,0,0,1,0,51751835.0,Drama,Mid-size Studio,January,1.0,0.01,0.07
Osama,2003,5,46000.0,,16.69056252160706,17726344.2230006,0,0.012213976,25.0,0,,10.736418414365376,0,0,0,0,0,0,0,0,51751835.0,Drama,Mid-size Studio,May,0.05,,17.73
Stonewall,2015,9,13500000.0,187674.0,13.391350985468351,654318.4621881102,0,0.061607547,60.0,0,1.0,16.41820031748273,0,0,0,0,0,0,0,0,422376195.14285713,Drama,Mid-size Studio,September,13.5,0.19,0.65
Tea with Mussolini,1999,3,12000000.0,21001563.0,16.962951187672914,23276414.31537651,0,0.023870468,40.0,0,0.0,16.300417291085605,0,0,0,0,1,0,0,0,51751835.0,Comedy,Mid-size Studio,March,12.0,21.0,23.28
The Brain That Wouldn't Die,1962,2,62000.0,,16.939615390500244,22739529.292267904,0,0.013965366,0.0,0,,11.034905792929417,0,0,0,0,0,0,0,0,51751835.0,Horror,Mid-size Studio,February,0.06,,22.74
Against the Ropes,2004,2,39000000.0,6614280.0,17.77871065318537,52625462.2714154,0,0.038931016,25.0,0,1.0,17.479072229734946,1,0,0,0,0,0,0,0,51751835.0,Romance,Major Studio,February,39.0,6.61,52.63
De-Lovely,2004,7,20000000.0,,17.25059275724672,31033962.430212475,0,0.03730474,40.0,0,,16.811242881518265,0,0,0,0,0,0,0,0,110627965.0,Drama,Mid-size Studio,July,20.0,,31.03
ATL,2006,3,20000000.0,21170563.0,16.745530154623335,18727996.49925878,0,0.02520386,40.0,0,0.0,16.811242881518265,1,0,0,0,0,0,0,0,51751835.0,Drama,Major Studio,March,20.0,21.17,18.73
Home Fries,1998,11,15000000.0,10443316.0,16.212959637704596,10995091.971183976,0,0.02142433,40.0,0,1.0,16.52356082573315,1,0,0,0,1,0,0,0,146355014.0,Drama,Major Studio,November,15.0,10.44,11.0
Waterloo,1970,10,25000000.0,3052000.0,15.776656015555192,7107462.702430634,0,0.030077007,25.0,0,1.0,17.034386422832473,1,0,1,0,0,0,0,0,51751835.0,History,Major Studio,October,25.0,3.05,7.11
A Low Down Dirty Shame,1994,11,10000000.0,29392418.0,15.565881505077549,5756736.725227118,0,0.017215787,15.0,0,0.0,16.118095750958314,0,0,1,0,1,0,0,0,118634091.33333331,Action,Mid-size Studio,November,10.0,29.39,5.76
In the Shadow of the Moon,2007,1,2000000.0,,16.736599832918422,18561494.023592968,0,0.014163016,20.0,0,,14.508658238524095,0,0,0,0,0,0,0,0,51751835.0,Documentary,Mid-size Studio,January,2.0,,18.56
Elsa & Fred,2014,3,10000000.0,,17.733976622771824,50323192.0268427,0,0.018372854,15.0,0,,16.118095750958314,0,0,0,0,1,0,0,0,51751835.0,Comedy,Mid-size Studio,March,10.0,,50.32
Inside Deep Throat,2005,2,2000000.0,653621.0,13.634820767699598,834693.2488205977,0,0.013904968,55.00000000000001,0,1.0,14.508658238524095,0,1,0,0,0,0,0,0,742898.0,History,Independent,February,2.0,0.65,0.83
The Blood of Heroes,1989,10,,882290.0,15.089762865888964,3576025.643492854,0,0.022053804,0.0,0,,,0,0,1,0,0,0,0,0,51751835.0,Action,Mid-size Studio,October,,0.88,3.58
Brown Sugar,2002,10,8000000.0,27362712.0,14.708514278932029,2442454.097573229,0,0.015025994,30.0,0,0.0,15.894952224644102,0,1,0,0,1,0,0,0,21485149.666666668,Comedy,Independent,October,8.0,27.36,2.44
Flight of the Intruder,1991,1,35000000.0,,17.595962096646062,43835829.84073741,0,0.07406269,45.0,0,,17.370858648025116,1,0,1,0,0,0,0,0,58745291.0,Action,Major Studio,January,35.0,,43.84
Three,2010,12,,2611555.0,15.313421956322337,4472337.375524553,0,0.07952772,25.0,0,,,0,0,0,0,1,0,0,0,82523041.75,Romance,Mid-size Studio,December,,2.61,4.47
R100,2013,10,5500000.0,,17.481854371086285,39108654.59161555,0,0.011561582,25.0,0,,15.520258832020865,1,0,0,0,1,0,0,0,51751835.0,Comedy,Major Studio,October,5.5,,39.11
The Funeral,1996,1,12500000.0,1227324.0,14.82251694417753,2737393.036356749,0,0.0213374,60.0,0,1.0,16.341239282272525,0,0,0,0,0,0,0,0,51751835.0,Crime,Mid-size Studio,January,12.5,1.23,2.74
L.I.E.,2001,1,700000.0,1667192.0,14.149436010790552,1396438.039110566,0,0.014798966,75.0,0,0.0,13.45883704259595,0,1,0,0,0,0,0,0,2450846.0,Drama,Independent,January,0.7,1.67,1.4
Losin' It,1983,4,7000000.0,1246141.0,14.968875613301922,3168837.304724186,0,0.026137874,0.0,0,1.0,15.76142084987672,0,0,0,0,1,0,0,0,115659619.0,Comedy,Mid-size Studio,April,7.0,1.25,3.17
The Tempest,2010,12,20000000.0,346594.0,14.14130917521322,1385135.3982053308,0,0.031985894,40.0,0,1.0,16.811242881518265,0,0,0,0,0,0,0,0,56298474.0,Drama,Mid-size Studio,December,20.0,0.35,1.39
Good Boy!,2003,10,17000000.0,,17.15362606190254,28165996.948456418,0,0.01836264,15.0,0,,16.648723960844016,0,0,0,0,1,0,0,0,51751835.0,Comedy,Mid-size Studio,October,17.0,,28.17
Johnson Family Vacation,2004,4,12000000.0,31179516.0,17.220845105561516,30124371.074610308,0,0.020500237,15.0,0,0.0,16.300417291085605,0,0,0,0,1,0,0,0,51751835.0,Comedy,Mid-size Studio,April,12.0,31.18,30.12
Eddie: The Sleepwalking Cannibal,2012,4,,1632.0,13.800393542617938,984995.6731323744,0,0.019847251,0.0,0,,,0,0,0,0,1,0,0,0,51751835.0,Horror,Mid-size Studio,April,,0.0,0.98
Donovan's Reef,1963,6,2686000.0,6600000.0,15.85619881403163,7695903.129246754,0,0.016279446,0.0,0,0.0,14.80356402836607,1,0,0,0,1,0,0,0,6466666.666666667,Adventure,Major Studio,June,2.69,6.6,7.7
The Young Messiah,2016,3,18500000.0,6490401.0,16.090851763209578,9731237.795884397,0,0.03528632,40.0,0,1.0,16.733281344102608,0,0,0,0,0,0,0,0,51751835.0,Drama,Mid-size Studio,March,18.5,6.49,9.73
The Perfect Game,2010,4,12500000.0,3878993.0,15.159800118960382,3835459.711559571,0,0.027383326,40.0,0,1.0,16.341239282272525,0,0,0,0,0,0,0,0,140987.0,Drama,Mid-size Studio,April,12.5,3.88,3.84
The Pallbearer,1996,5,8000000.0,,15.458368344454732,5169921.957079568,0,0.015284557,0.0,0,,15.894952224644102,0,0,0,0,1,0,0,0,170764026.0,Comedy,Mid-size Studio,May,8.0,,5.17
Outside Providence,1999,8,7000000.0,7292175.0,16.01345399181383,9006471.034573423,0,0.011590717,25.0,0,0.0,15.76142084987672,0,0,0,0,1,0,0,0,458232.0,Romance,Mid-size Studio,August,7.0,7.29,9.01
Kingdom of the Spiders,1977,8,500000.0,17000000.0,16.702488115736013,17939006.96590057,0,0.010970069,0.0,0,0.0,13.122365377402328,0,0,0,0,0,0,0,0,51751835.0,Horror,Mid-size Studio,August,0.5,17.0,17.94
Life During Wartime,2009,10,4500000.0,744816.0,14.365624810757303,1733450.0581788302,0,0.011782717,25.0,0,1.0,15.319588176962746,0,0,0,0,1,0,0,0,2807390.0,Comedy,Mid-size Studio,October,4.5,0.74,1.73
Blonde Ambition,2007,12,10000000.0,,17.178972048092415,28889016.05325058,0,0.013896863,44.99999999999999,0,,16.118095750958314,0,1,0,0,1,0,0,0,51751835.0,Comedy,Independent,December,10.0,,28.89
Only the Strong,1993,8,6000000.0,3283371.0,15.05835987258965,3465472.635440837,0,0.011977378,0.0,0,1.0,15.607270193858982,0,0,1,0,0,0,0,0,30102717.0,Action,Mid-size Studio,August,6.0,3.28,3.47
The Cry of the Owl,2009,2,11500000.0,,17.277425111158173,31877949.158691544,0,0.020141775,40.0,0,,16.257857680289998,0,0,0,0,0,0,0,0,51751835.0,Drama,Mid-size Studio,February,11.5,,31.88
Trust the Man,2005,9,9000000.0,,17.082651878615977,26236230.06724705,0,0.015270993,60.0,0,,16.012735246411598,0,0,0,0,1,0,0,0,16702864.0,Comedy,Mid-size Studio,September,9.0,,26.24
The Extra Man,2010,8,7000000.0,453079.0,16.698603952303777,17869464.07256166,0,0.01257327,0.0,0,1.0,15.76142084987672,0,0,0,0,1,0,0,0,6003587.0,Comedy,Mid-size Studio,August,7.0,0.45,17.87
Chill Factor,1999,9,70000000.0,11263966.0,16.299970706246864,11994642.177938623,0,0.06360386,20.0,0,1.0,18.064005814299342,1,0,1,0,1,0,0,0,51751835.0,Action,Major Studio,September,70.0,11.26,11.99
Supercross,2005,8,,3102550.0,14.674268575791256,2360226.512108903,0,0.017495986,25.0,0,,,0,0,1,0,0,0,0,0,4562146.0,Action,Mid-size Studio,August,,3.1,2.36
F.I.S.T.,1978,4,11.0,11.0,7.47677833533866,1765.5403977368735,0,0.01943554,25.0,0,0.0,2.4849066497880004,0,0,1,0,0,0,0,0,78630285.5,Drama,Mid-size Studio,April,0.0,0.0,0.0
Antarctica: A Year on Ice,2013,9,1000000.0,,16.846678179384263,20721412.235668432,0,0.011060221,45.0,0,,13.815511557963774,0,0,0,0,0,0,0,0,51751835.0,Drama,Mid-size Studio,September,1.0,,20.72
The Next Best Thing,2000,3,25000000.0,24362772.0,16.68830938917345,17686449.380708396,0,0.022341413,0.0,0,1.0,17.034386422832473,1,0,0,0,1,0,0,0,44785053.0,Comedy,Major Studio,March,25.0,24.36,17.69
Why Did I Get Married Too?,2010,4,20000000.0,60072596.0,17.821449000567256,54923341.62645831,0,0.22795175,15.0,1,0.0,16.811242881518265,0,0,0,0,1,0,0,0,59981145.25,Comedy,Mid-size Studio,April,20.0,60.07,54.92
Imaginary Heroes,2004,9,10000000.0,,15.893033443573382,7984664.466985778,0,0.014025851,60.0,0,,16.118095750958314,0,0,0,0,1,0,0,0,51751835.0,Comedy,Mid-size Studio,September,10.0,,7.98
This Christmas,2007,11,13000000.0,,17.148775771372758,28029714.447381355,0,0.03191732,40.0,0,,16.380459992348886,0,0,0,0,1,0,0,0,7000000.0,Comedy,Mid-size Studio,November,13.0,,28.03
Ishtar,1987,5,55000000.0,14375181.0,16.682422392278884,17582635.17900435,0,0.07962383,0.0,0,1.0,17.822843761378564,1,0,1,0,1,0,0,0,51751835.0,Action,Major Studio,May,55.0,14.38,17.58
Salvation Boulevard,2011,7,8000000.0,,15.77515156817525,7096777.936634726,0,0.011936924,25.0,0,,15.894952224644102,0,0,1,0,1,0,0,0,51751835.0,Comedy,Mid-size Studio,July,8.0,,7.1
Dave Chappelle's Block Party,2005,9,3000000.0,11718595.0,15.812383726983764,7365986.853451094,0,0.015876764,20.0,0,0.0,14.914123179965662,0,0,0,0,1,0,0,0,150037687.0,Comedy,Mid-size Studio,September,3.0,11.72,7.37
Under the Same Moon,2008,3,,23311391.0,15.6713211644922,6396880.503452858,0,0.021107435,25.0,0,,,0,0,0,0,0,0,0,0,50951361.5,Drama,Mid-size Studio,March,,23.31,6.4
Foodfight!,2012,6,65000000.0,73706.0,13.957337219850642,1152375.880389148,0,0.086953916,0.0,0,1.0,17.989897843244528,0,0,1,1,1,0,0,0,51751835.0,Animation,Mid-size Studio,June,65.0,0.07,1.15
The Rose,1979,11,9250000.0,29174648.0,17.332791767544244,33692699.43454259,0,0.04657992,40.0,0,0.0,16.04013421759671,1,0,0,0,0,0,0,0,51751835.0,Drama,Major Studio,November,9.25,29.17,33.69
Winter Passing,2006,2,3500000.0,113783.0,12.678058926082045,320634.07777882076,0,0.012782959,25.0,0,1.0,15.068273812173889,0,0,0,0,1,0,0,0,51751835.0,Comedy,Mid-size Studio,February,3.5,0.11,0.32
Charly,1968,9,950000.0,814666.0,13.301828120299875,598287.3577467595,0,0.012060208,45.0,0,1.0,13.76421831620775,0,0,0,0,0,0,0,0,51751835.0,Drama,Mid-size Studio,September,0.95,0.81,0.6
Mambo Italiano,2003,6,4361898.0,3031801.0,16.23716611412355,11264491.88674327,0,0.011186784,0.0,0,1.0,15.288418070959365,0,0,0,0,1,0,0,0,51751835.0,Comedy,Mid-size Studio,June,4.36,3.03,11.26
A Farewell to Arms,1932,12,4.0,25.0,7.61950385620463,2036.5509607323736,0,0.0122741945,25.0,0,0.0,1.6094379124341005,1,0,0,0,0,0,0,0,51751835.0,Drama,Major Studio,December,0.0,0.0,0.0
Mao's Last Dancer,2009,10,25000000.0,20719451.0,16.68510009642542,17629779.36773367,0,0.03733285,25.0,0,1.0,17.034386422832473,0,0,0,0,0,0,0,0,161817427.0,Drama,Mid-size Studio,October,25.0,20.72,17.63
Breakfast of Champions,1999,2,12000000.0,,17.257720573275762,31255957.040683463,0,0.027772715,15.0,0,,16.300417291085605,0,0,0,0,1,0,0,0,51751835.0,Comedy,Mid-size Studio,February,12.0,,31.26
Extreme Ops,2002,11,40000000.0,10959475.0,17.10320950157138,26781166.723012615,0,0.03266606,25.0,0,1.0,17.50439003707821,1,0,1,0,0,0,0,0,30199105.0,Action,Major Studio,November,40.0,10.96,26.78
Silmido,2003,12,8000000.0,,17.094931891951713,26560397.652103465,0,0.014635557,25.0,0,,15.894952224644102,0,0,1,0,0,0,0,0,51751835.0,Action,Mid-size Studio,December,8.0,,26.56
The Clan of the Cave Bear,1986,1,15000000.0,,17.297270110832418,32516885.95050244,0,0.024364652,60.0,0,,16.52356082573315,1,0,0,0,0,0,0,0,51751835.0,Adventure,Major Studio,January,15.0,,32.52
The Oh in Ohio,2006,3,5000000.0,,17.293854316011643,32406004.41856105,0,0.0125707835,25.0,0,,15.424948670398354,0,0,0,0,1,0,0,0,51751835.0,Comedy,Mid-size Studio,March,5.0,,32.41
Prison,1988,3,1300000.0,354704.0,15.930118105733674,8286332.137986895,0,0.028781414,25.0,0,1.0,14.077875591662238,0,0,0,0,0,0,0,0,73653277.57142857,Crime,Mid-size Studio,March,1.3,0.35,8.29
Rocket Singh: Salesman of the Year,2009,12,1250000.0,,17.141363020705324,27822705.356786825,0,0.015183265,25.0,0,,14.038654909278163,0,0,0,0,1,0,0,0,51751835.0,Drama,Mid-size Studio,December,1.25,,27.82
No Man's Land: The Rise of Reeker,2008,5,2000000.0,,17.689787743997194,48147882.74753732,0,0.011539262,0.0,0,,14.508658238524095,0,0,0,0,0,0,0,0,51751835.0,Horror,Mid-size Studio,May,2.0,,48.15
She Done Him Wrong,1933,2,200000.0,2200000.0,15.104714593858157,3629895.13853602,0,0.014051645,0.0,0,0.0,12.206077645517674,1,0,0,0,1,0,0,0,51751835.0,Comedy,Major Studio,February,0.2,2.2,3.63
Damnation Alley,1977,9,17000000.0,8720000.0,15.746686684850363,6897616.946718818,0,0.028430816,35.0,0,1.0,16.648723960844016,1,0,1,0,0,0,0,0,12000000.0,Action,Major Studio,September,17.0,8.72,6.9
Gunless,2010,4,10000000.0,,16.813359630374112,20042379.81712441,0,0.013298329,40.0,0,,16.118095750958314,0,0,1,0,1,0,0,0,51751835.0,Drama,Mid-size Studio,April,10.0,,20.04
The Thief and the Cobbler,1993,9,28000000.0,669276.0,13.688249911956422,880503.1427957264,0,0.020208215,20.0,0,1.0,17.147715103853763,0,0,0,1,0,0,0,0,51751835.0,Adventure,Mid-size Studio,September,28.0,0.67,0.88
The Wash,2001,11,7000000.0,10229331.0,16.01970143516724,9062914.588792188,0,0.012970978,0.0,0,0.0,15.76142084987672,0,0,1,0,1,1,0,0,9000000.0,Action,Mid-size Studio,November,7.0,10.23,9.06
Down Terrace,2009,9,31192.0,10000.0,11.496114626479306,98331.96751685058,0,0.011920446,75.0,0,1.0,10.347948989650977,0,1,1,0,1,0,0,0,171760.0,Drama,Independent,September,0.03,0.01,0.1
Psycho Beach Party,2000,8,1500000.0,,16.714987380218666,18164638.547874294,0,0.010741373,0.0,0,,14.220976332738882,0,0,0,0,1,0,0,0,51751835.0,Comedy,Mid-size Studio,August,1.5,,18.16
Of Horses and Men,2013,8,10.0,11.0,7.674261571628577,2151.233828249063,0,0.012287937,25.0,0,0.0,2.3978952727983707,0,0,0,0,1,0,0,0,51751835.0,Drama,Mid-size Studio,August,0.0,0.0,0.0
Walter,2015,3,700000.0,,17.51407858998692,40389425.5649181,0,0.011158388,55.00000000000001,0,,13.45883704259595,0,1,0,0,1,0,0,0,51751835.0,Drama,Independent,March,0.7,,40.39
The Hotel New Hampshire,1984,3,7500000.0,,17.405076859205565,36218363.65994883,0,0.014475602,25.0,0,,15.830413711839864,0,0,0,0,1,0,0,0,37600000.0,Comedy,Mid-size Studio,March,7.5,,36.22
Tupac: Resurrection,2003,1,300000.0,7808524.0,16.22825376445122,11164544.83037783,0,0.016933987,20.0,0,0.0,12.611541086966117,1,0,0,0,0,0,0,0,51751835.0,Music,Major Studio,January,0.3,7.81,11.16
Red Sky,2014,3,25000000.0,,17.42976121634865,37123516.303942285,0,0.017918603,0.0,0,,17.034386422832473,0,0,1,0,0,0,0,0,51751835.0,Action,Mid-size Studio,March,25.0,,37.12
Peeples,2013,5,15.0,,12.347644985190666,230415.76852009413,0,0.011688426,0.0,0,,2.772588722239781,0,0,0,0,1,1,0,0,51751835.0,Comedy,Mid-size Studio,May,0.0,,0.23
Full Frontal,2002,8,2000000.0,2506446.0,14.96713021297032,3163311.237299179,0,0.021096507,25.0,0,0.0,14.508658238524095,0,0,0,0,1,0,0,0,162489076.69230768,Comedy,Mid-size Studio,August,2.0,2.51,3.16
Blue Like Jazz,2012,4,1250000.0,,17.608175905430738,44374515.30053171,0,0.0125899995,25.0,0,,14.038654909278163,0,0,0,0,1,0,0,0,51751835.0,Drama,Mid-size Studio,April,1.25,,44.37
Creative Control,2016,3,1000000.0,,17.901711918805745,59513390.8801016,0,0.010867315,25.0,0,,13.815511557963774,0,0,0,0,0,0,0,0,51751835.0,Drama,Mid-size Studio,March,1.0,,59.51
The Broken Hearts Club: A Romantic Comedy,2000,2,1000000.0,1744858.0,14.6583106232422,2322861.0445869924,0,0.012634458,55.00000000000001,0,0.0,13.815511557963774,0,1,0,0,1,0,0,0,51751835.0,Comedy,Independent,February,1.0,1.74,2.32
Prophecy,1979,1,12000000.0,54000000.0,17.488291624268854,39361218.94748944,0,0.2173879,35.0,1,0.0,16.300417291085605,1,0,0,0,0,0,0,0,32551908.25,Horror,Major Studio,January,12.0,54.0,39.36
Mrs. Winterbourne,1996,4,25000000.0,10070000.0,16.716684628971255,18195494.637510825,0,0.032947816,25.0,0,1.0,17.034386422832473,0,0,0,0,1,0,0,0,7764853.0,Comedy,Mid-size Studio,April,25.0,10.07,18.2
"Surfer, Dude",2008,9,6000000.0,69497.0,12.335194343210397,227564.71736795505,0,0.0125732515,50.0,0,1.0,15.607270193858982,0,1,0,0,1,0,0,0,51751835.0,Comedy,Independent,September,6.0,0.07,0.23
The House of Mirth,2000,9,10000000.0,5164404.0,15.266398150917734,4266899.10535533,0,0.020102974,60.0,0,1.0,16.118095750958314,0,0,0,0,0,0,0,0,51751835.0,Drama,Mid-size Studio,September,10.0,5.16,4.27
The Horseman on the Roof,1995,9,35000000.0,15000000.0,16.647659919869167,16981920.922508843,0,0.03398004,45.0,0,1.0,17.370858648025116,0,0,0,0,0,0,0,0,51751835.0,War,Mid-size Studio,September,35.0,15.0,16.98
Catch a Fire,2006,10,,4291965.0,12.857102376394009,383501.8672885671,0,0.032451157,25.0,0,,,0,0,1,0,0,0,0,0,150211416.57142857,Action,Mid-size Studio,October,,4.29,0.38
Character,1997,4,4500000.0,,17.21786570166102,30034751.974993255,0,0.013528674,25.0,0,,15.319588176962746,0,0,0,0,0,0,0,0,51751835.0,Drama,Mid-size Studio,April,4.5,,30.03
Spaced Invaders,1990,4,3000000.0,15369573.0,16.2490549796951,11399213.183251208,0,0.012369603,0.0,0,0.0,14.914123179965662,0,0,0,0,1,0,0,0,16671505.0,Comedy,Mid-size Studio,April,3.0,15.37,11.4
Pocketful of Miracles,1961,12,2900000.0,5000000.0,15.695261282092684,6551870.435150088,0,0.038544282,25.0,0,0.0,14.88022163978423,0,0,0,0,1,0,0,0,7794306.25,Comedy,Mid-size Studio,December,2.9,5.0,6.55
Connie and Carla,2004,4,20000000.0,11341016.0,16.216104267599686,11029721.88984213,0,0.023525352,15.0,0,1.0,16.811242881518265,1,0,0,0,1,0,0,0,172855065.0,Comedy,Major Studio,April,20.0,11.34,11.03
The Lost City,2005,9,9600000.0,4386236.0,15.245178518310404,4177310.9284159313,0,0.020665536,60.0,0,1.0,16.077273760604726,0,0,0,0,0,0,0,0,51751835.0,Drama,Mid-size Studio,September,9.6,4.39,4.18
Super Hybrid,2010,1,13000000.0,,18.124357548339088,74354706.8028356,0,0.022792682,35.0,0,,16.380459992348886,0,0,0,0,0,0,0,0,51751835.0,Horror,Mid-size Studio,January,13.0,,74.35
How Stella Got Her Groove Back,1998,8,20000000.0,37672350.0,16.562217144280744,15591197.96771904,0,0.041806836,40.0,0,0.0,16.811242881518265,1,0,0,0,1,0,0,0,66993150.0,Comedy,Major Studio,August,20.0,37.67,15.59
Two Girls and a Guy,1997,9,1000000.0,2057193.0,14.388999171402142,1774445.624434478,0,0.013441117,45.0,0,0.0,13.815511557963774,0,0,0,0,0,0,0,0,51751835.0,Drama,Mid-size Studio,September,1.0,2.06,1.77
A Dog's Breakfast,2007,3,120000.0,,17.288240729416,32224600.14160655,0,0.011053176,0.0,0,,11.695255355062796,0,0,0,0,1,0,0,0,51751835.0,Comedy,Mid-size Studio,March,0.12,,32.22
The Monkey King 2,2016,1,68490000.0,193677158.0,17.83471569051056,55656847.4223534,0,0.2610164,20.0,1,0.0,18.04219832177476,0,0,1,0,0,0,0,0,51751835.0,Action,Mid-size Studio,January,68.49,193.68,55.66
10th & Wolf,2006,2,8000000.0,143451.0,13.353667465326408,630120.2028413137,0,0.014987319,25.0,0,1.0,15.894952224644102,0,0,1,0,0,0,0,0,51751835.0,Action,Mid-size Studio,February,8.0,0.14,0.63
Gun Shy,2000,2,10000000.0,1631839.0,14.896314533992763,2947046.954778499,0,0.016828235,15.0,0,1.0,16.118095750958314,0,0,1,0,1,0,0,0,51751835.0,Action,Mid-size Studio,February,10.0,1.63,2.95
Cats Don't Dance,1997,3,32000000.0,3566637.0,15.331958211182638,4556010.880393388,0,0.037391666,0.0,0,1.0,17.281246492014,0,0,0,1,1,0,0,0,241880176.0,Animation,Mid-size Studio,March,32.0,3.57,4.56
The Curse of Downers Grove,2015,8,2000000.0,,17.71610119625286,49431635.70232947,0,0.011204991,25.0,0,,14.508658238524095,0,0,0,0,0,1,0,0,51751835.0,Thriller,Mid-size Studio,August,2.0,,49.43
Home Run,2013,4,1200000.0,2861020.0,15.788638901364164,7193142.95145844,0,0.012658256,25.0,0,0.0,13.997832948091215,0,0,0,0,0,0,0,0,51751835.0,Drama,Mid-size Studio,April,1.2,2.86,7.19
Hits,2014,1,1000000.0,,16.585963123918226,15965856.97875635,0,0.013325016,45.0,0,,13.815511557963774,0,0,0,0,1,0,0,0,51751835.0,Drama,Mid-size Studio,January,1.0,,15.97
The Inhabited Island,2008,12,36500000.0,21834845.0,17.685669324389895,47949997.32636157,0,0.041535962,0.0,0,1.0,17.41282284594998,0,0,1,0,0,0,0,0,51751835.0,Action,Mid-size Studio,December,36.5,21.83,47.95
Shooting Fish,1997,8,3000000.0,302204.0,13.739841627314044,927122.0977965808,0,0.012647051,0.0,0,1.0,14.914123179965662,0,0,0,0,1,0,0,0,51751835.0,Crime,Mid-size Studio,August,3.0,0.3,0.93
Murderball,2005,7,300000.0,1750211.0,14.678297998823144,2369756.053589989,0,0.01091608,0.0,0,0.0,12.611541086966117,0,0,0,0,0,0,0,0,51751835.0,Documentary,Mid-size Studio,July,0.3,1.75,2.37
Riding Giants,2004,7,2600000.0,3166000.0,13.514033350274811,739723.6861972626,0,0.011846102,30.0,0,0.0,14.77102238760702,0,1,0,0,0,0,0,0,51751835.0,Documentary,Independent,July,2.6,3.17,0.74
No End in Sight,2007,7,2000000.0,1431623.0,14.41677323679104,1824420.0043858544,0,0.012804784,30.0,0,1.0,14.508658238524095,0,1,0,0,0,0,0,0,7871522.0,Documentary,Independent,July,2.0,1.43,1.82
Lovely & Amazing,2001,8,250000.0,4186931.0,14.723722971560164,2479884.5591196665,0,0.012633802,55.00000000000001,0,0.0,12.429220196836384,0,1,0,0,1,0,0,0,19328654.5,Comedy,Independent,August,0.25,4.19,2.48
The Geographer Drank His Globe Away,2013,7,,4037782.0,15.350679086267723,4642106.790585964,0,0.029299453,25.0,0,,,0,0,0,0,0,0,0,0,51751835.0,Drama,Mid-size Studio,July,,4.04,4.64
From Justin to Kelly,2003,6,12000000.0,4922166.0,15.620770553836865,6081551.4215167435,0,0.02170598,15.0,0,1.0,16.300417291085605,0,0,0,0,1,0,0,0,61897180.5,Comedy,Mid-size Studio,June,12.0,4.92,6.08
The Mudge Boy,2003,1,800000.0,62852.0,12.488423652650312,265247.8318877478,0,0.013057671,75.0,0,1.0,13.592368256649284,0,1,0,0,0,0,0,0,51751835.0,Drama,Independent,January,0.8,0.06,0.27
Tarnation,2003,10,218.0,1162014.0,11.842343670900537,139014.91068203244,0,0.010994568,55.00000000000001,0,0.0,5.389071729816501,0,1,0,0,0,0,0,0,51751835.0,Documentary,Independent,October,0.0,1.16,0.14
Silent Trigger,1996,6,15000000.0,76382.0,13.173085838933453,526014.4368608701,0,0.02282772,40.0,0,1.0,16.52356082573315,0,0,1,0,0,0,0,0,67458500.0,Drama,Mid-size Studio,June,15.0,0.08,0.53
The Dark Hours,2005,3,500000.0,,17.874166726158638,57896454.679818824,0,0.01222029,0.0,0,,13.122365377402328,0,0,0,0,0,0,0,0,51751835.0,Horror,Mid-size Studio,March,0.5,,57.9
Adam Resurrected,2008,8,10000000.0,,17.044488550687177,25253833.175366215,0,0.042268053,40.0,0,,16.118095750958314,0,0,0,0,0,0,0,0,1059445.5,Drama,Mid-size Studio,August,10.0,,25.25
Sheena,1984,8,25000000.0,5778353.0,15.184830907512586,3932675.941304781,0,0.022807349,0.0,0,1.0,17.034386422832473,0,0,1,0,1,0,0,0,51751835.0,Action,Mid-size Studio,August,25.0,5.78,3.93
Independence Daysaster,2013,6,1800000.0,,17.207318261199475,29719627.008549344,0,0.012060919,0.0,0,,14.403297778421797,0,0,1,0,0,0,0,0,51751835.0,Action,Mid-size Studio,June,1.8,,29.72
Annie Get Your Gun,1950,5,3768785.0,8000000.0,15.71470847994791,6680532.983367894,0,0.018566282,25.0,0,0.0,15.142263491650816,0,0,1,0,1,0,0,0,8946000.0,Action,Mid-size Studio,May,3.77,8.0,6.68
Snow Flower and the Secret Fan,2011,7,134005.0,1332231.0,17.415258385980938,36589005.55786774,0,0.038041096,25.0,0,0.0,11.80563985405003,0,0,0,0,0,1,0,0,61151453.75,Drama,Mid-size Studio,July,0.13,1.33,36.59
For Colored Girls,2010,11,,37000000.0,16.093518824609216,9757226.248241495,0,0.105538905,25.0,0,,,0,0,0,0,0,0,0,0,65749294.25,Drama,Mid-size Studio,November,,37.0,9.76
Trapeze,1956,5,4000000.0,14400000.0,16.23693536409134,11261892.904515984,0,0.014578193,25.0,0,0.0,15.201805169084134,0,0,0,0,0,0,0,0,37402877.0,Drama,Mid-size Studio,May,4.0,14.4,11.26
The Big Parade,1925,11,245000.0,22000000.0,16.41826749598771,13500906.940347522,0,0.016208794,25.0,0,0.0,12.409017571151187,0,0,0,0,0,0,0,0,16300000.0,Drama,Mid-size Studio,November,0.24,22.0,13.5
Prefontaine,1997,1,8000000.0,589304.0,14.906879662289596,2978347.952892138,0,0.016857885,45.0,0,1.0,15.894952224644102,0,0,0,0,0,0,0,0,7830611.0,Drama,Mid-size Studio,January,8.0,0.59,2.98
A Walk on the Moon,1999,1,14000000.0,,16.745112919894233,18720184.15819888,0,0.033307087,60.0,0,,16.454567959008102,1,0,0,0,0,0,0,0,51751835.0,Drama,Major Studio,January,14.0,,18.72
The Good Heart,2009,9,3800000.0,,15.840470651056432,7575807.611508205,0,0.011566112,45.0,0,,15.150511887854474,0,0,0,0,1,0,0,0,51751835.0,Drama,Mid-size Studio,September,3.8,,7.58
Love Me Tender,1956,11,1000000.0,9000000.0,15.93486469257094,8325757.431557361,0,0.014435167,25.0,0,0.0,13.815511557963774,1,0,1,0,0,0,0,0,51751835.0,Drama,Major Studio,November,1.0,9.0,8.33
I Come with the Rain,2009,5,18000000.0,,17.535109365913502,41247841.482127,0,0.027734354,40.0,0,,16.705882371415992,0,0,0,0,0,0,0,0,51751835.0,Thriller,Mid-size Studio,May,18.0,,41.25
How to Fall in Love,2012,7,4000000.0,,17.90841665393688,59913753.070830934,0,0.0124401655,0.0,0,,15.201805169084134,0,0,0,0,1,0,0,0,51751835.0,Comedy,Mid-size Studio,July,4.0,,59.91
The Married Woman,1964,12,120000.0,,17.120964765905427,27260919.90395436,0,0.012359011,25.0,0,,11.695255355062796,0,0,0,0,0,0,0,0,51751835.0,Drama,Mid-size Studio,December,0.12,,27.26
Airborne,1993,9,2600000.0,2850263.0,14.628782501477051,2255274.0603828887,0,0.016640265,50.0,0,0.0,14.77102238760702,0,1,1,0,1,0,0,0,96313953.66666669,Action,Independent,September,2.6,2.85,2.26
The Country Bears,2002,7,35000000.0,,17.424080088488733,36913210.807374224,0,0.04067804,0.0,0,,17.370858648025116,1,0,0,0,1,1,0,0,51751835.0,Adventure,Major Studio,July,35.0,,36.91
I Hope They Serve Beer in Hell,2009,9,7000000.0,1429299.0,14.691655126847836,2401621.5438925917,0,0.01369649,75.0,0,1.0,15.76142084987672,0,1,0,0,1,1,0,0,51751835.0,Comedy,Independent,September,7.0,1.43,2.4
Alone With Her,2006,4,1000000.0,10018.0,16.686312182725523,17651161.138649277,0,0.0119696,25.0,0,1.0,13.815511557963774,0,0,0,0,0,0,0,0,51751835.0,Crime,Mid-size Studio,April,1.0,0.01,17.65
An American Carol,2008,10,20000000.0,7000000.0,15.274938064520263,4303494.100246828,0,0.06347666,15.0,0,1.0,16.811242881518265,0,0,0,0,1,0,0,0,161955416.0,Comedy,Mid-size Studio,October,20.0,7.0,4.3
Juwanna Mann,2002,6,15600000.0,,17.437332391285942,37405651.64803267,0,0.016087718,40.0,0,,16.562781536322326,1,0,0,0,1,0,0,0,51751835.0,Comedy,Major Studio,June,15.6,,37.41
Paa,2009,12,3250000.0,,17.54327461765947,41586019.27448133,0,0.025892617,35.0,0,,14.99416586199818,0,0,0,0,0,0,0,0,1386365.0,Drama,Mid-size Studio,December,3.25,,41.59
In the Name of the King III,2013,12,3500000.0,,16.53037320223672,15102534.509669328,0,0.0145655945,55.00000000000001,0,,15.068273812173889,0,1,1,0,0,0,0,0,6424114.0,Action,Independent,December,3.5,,15.1
Against the Wild,2013,12,1493619.0,,17.931807333036204,61331695.13122304,0,0.011936059,0.0,0,,14.216713261585989,0,0,0,0,0,0,0,0,51751835.0,Adventure,Mid-size Studio,December,1.49,,61.33
The Broadway Melody,1929,2,379000.0,4358000.0,15.505076139191726,5417125.892282695,0,0.016986735,25.0,0,0.0,12.84529412258351,0,0,0,0,0,0,0,0,51751835.0,Drama,Mid-size Studio,February,0.38,4.36,5.42
The Rise of the Krays,2015,8,2500000.0,,16.456768717637424,14030844.551268237,0,0.011179285,0.0,0,,14.731801689838347,0,0,0,0,0,0,0,0,51751835.0,Crime,Mid-size Studio,August,2.5,,14.03
2016: Obama's America,2012,7,2500000.0,33400000.0,16.71205126336846,18111383.263746887,0,0.011618129,30.0,0,0.0,14.731801689838347,0,1,0,0,0,0,0,0,51751835.0,Documentary,Independent,July,2.5,33.4,18.11
Dragon Nest: Warriors' Dawn,2014,5,40000000.0,,17.850141043490485,56522029.6706411,0,0.05012133,0.0,0,,17.50439003707821,0,0,0,1,0,0,0,0,51751835.0,Adventure,Mid-size Studio,May,40.0,,56.52
Shark Lake,2015,10,2000000.0,,17.94445996962723,62112632.83609178,0,0.011374436,0.0,0,,14.508658238524095,0,0,0,0,0,0,0,0,51751835.0,Thriller,Mid-size Studio,October,2.0,,62.11
The Virginity Hit,2010,9,2000000.0,563706.0,14.530294908821183,2043744.9026807873,0,0.014273036,20.0,0,1.0,14.508658238524095,0,0,0,0,1,0,0,0,51751835.0,Comedy,Mid-size Studio,September,2.0,0.56,2.04
Without Limits,1998,9,25000000.0,777423.0,15.72239936992169,6732110.318773827,0,0.023540774,45.0,0,1.0,17.034386422832473,1,0,0,0,0,0,0,0,51751835.0,Drama,Major Studio,September,25.0,0.78,6.73
Eden,2015,10,2300000.0,,18.10949025621531,73257430.61538379,0,0.010939211,25.0,0,,14.648420115681892,0,0,0,0,0,0,0,0,51751835.0,Thriller,Mid-size Studio,October,2.3,,73.26
Meet the Deedles,1998,3,24000000.0,4562146.0,15.611671426635194,6026465.598967567,0,0.021747846,0.0,0,1.0,16.993564429978885,1,0,0,1,1,0,0,0,3102550.0,Animation,Major Studio,March,24.0,4.56,6.03
Tadpole,2002,11,150000.0,2891288.0,15.828456355100492,7485334.180300237,0,0.03501505,25.0,0,0.0,11.918397239722838,0,0,0,0,1,0,0,0,118373052.66666669,Comedy,Mid-size Studio,November,0.15,2.89,7.49
Roar,1981,11,17000000.0,2000000.0,14.94564420000439,3096069.237620631,0,0.0334956,15.0,0,1.0,16.648723960844016,0,0,0,0,0,0,0,0,51751835.0,Adventure,Mid-size Studio,November,17.0,2.0,3.1
Hell's Angels,1930,11,3950000.0,8000000.0,16.294370645798864,11927659.180559725,0,0.01782747,25.0,0,0.0,15.18922639004183,0,0,1,0,0,0,0,0,51751835.0,Action,Mid-size Studio,November,3.95,8.0,11.93
Incident at Loch Ness,2004,12,1.0,,11.50651799980236,99360.30188634792,0,0.0120732775,30.0,0,,0.6931471805599453,0,1,0,0,1,0,0,0,51751835.0,Adventure,Independent,December,0.0,,0.1
Show Boat,1951,7,2300000.0,11000000.0,16.111681308100394,9936060.851246,0,0.016357474,0.0,0,0.0,14.648420115681892,0,0,0,0,0,0,0,0,7446000.0,Music,Mid-size Studio,July,2.3,11.0,9.94
"Guten Tag, Ramón",2013,10,4000000.0,,17.267617321158067,31566825.13144834,0,0.012971925,25.0,0,,15.201805169084134,0,0,0,0,0,0,0,0,51751835.0,Drama,Mid-size Studio,October,4.0,,31.57
Open Road,2013,4,3000000.0,,17.7281184578498,50029252.2770748,0,0.012113401,25.0,0,,14.914123179965662,0,0,1,0,0,0,0,0,51751835.0,Action,Mid-size Studio,April,3.0,,50.03
Brooklyn Rules,2007,4,8000000.0,458232.0,14.359803288182954,1723388.050232188,0,0.01271171,25.0,0,1.0,15.894952224644102,0,0,1,0,0,0,0,0,7292175.0,Drama,Mid-size Studio,April,8.0,0.46,1.72
I Dreamed of Africa,2000,5,34000000.0,,17.56652499195475,42564237.71707485,0,0.04405706,25.0,0,,17.341871111992198,1,0,0,0,0,0,0,0,58972904.0,Romance,Major Studio,May,34.0,,42.56
Saint John of Las Vegas,2009,6,3800000.0,111731.0,12.694993405070552,326110.1017068615,0,0.012607949,30.0,0,1.0,15.150511887854474,0,1,0,0,1,1,0,0,51751835.0,Comedy,Independent,June,3.8,0.11,0.33
The Charge of the Light Brigade,1936,10,1200000.0,2736000.0,15.142717673107455,3770497.1014881902,0,0.015477585,25.0,0,0.0,13.997832948091215,1,0,1,0,0,0,0,0,12731250.0,Action,Major Studio,October,1.2,2.74,3.77
The Hebrew Hammer,2003,1,1000000.0,,15.727714912251937,6767990.4180713855,0,0.014087317,20.0,0,,13.815511557963774,0,0,1,0,1,0,0,0,51751835.0,Action,Mid-size Studio,January,1.0,,6.77
Sweet Sweetback's Baadasssss Song,1971,4,150000.0,15200000.0,16.12906885715227,10110335.32642738,0,0.011802777,25.0,0,0.0,11.918397239722838,0,0,1,0,0,0,0,0,51751835.0,Action,Mid-size Studio,April,0.15,15.2,10.11
Two Can Play That Game,2001,9,6000000.0,,16.57441243162984,15782501.2475216,0,0.0116907125,20.0,0,,15.607270193858982,0,0,0,0,1,0,0,0,51751835.0,Comedy,Mid-size Studio,September,6.0,,15.78
The Battle of Shaker Heights,2003,8,1000000.0,,15.450985151790038,5131891.9838912245,0,0.012765947,25.0,0,,13.815511557963774,0,0,0,0,1,0,0,0,51751835.0,Comedy,Mid-size Studio,August,1.0,,5.13
Deceptive Practice: The Mysteries and Mentors of Ricky Jay,2012,10,500000.0,,13.933395663504932,1125113.83448028,0,0.011081792,0.0,0,,13.122365377402328,0,0,0,0,0,0,0,0,51751835.0,Documentary,Mid-size Studio,October,0.5,,1.13
Beyond the Mat,1999,10,2053648.0,500000.0,16.299395580533126,11987745.733571224,0,0.011162099,0.0,0,1.0,14.535128768792005,1,0,0,0,0,0,0,0,51751835.0,Documentary,Major Studio,October,2.05,0.5,11.99
The Omega Code,1999,10,,2400000.0,14.740010737772376,2520607.094634682,0,0.016974214,0.0,0,,,0,0,0,0,0,0,0,0,51751835.0,Horror,Mid-size Studio,October,,2.4,2.52
Limbo,1999,6,8000000.0,1997807.0,14.514515350101991,2011748.6018618632,0,0.014547831,55.00000000000001,0,1.0,15.894952224644102,0,1,0,0,0,0,0,0,13269963.0,Adventure,Independent,June,8.0,2.0,2.01
Nomad: The Warrior,2005,7,25000000.0,,16.959965721668826,23207026.997032907,0,0.021236576,25.0,0,,17.034386422832473,0,0,1,0,0,0,0,0,51751835.0,Action,Mid-size Studio,July,25.0,,23.21
In Too Deep,1999,8,7000000.0,14011454.0,16.453914964509487,13990861.060529731,0,0.011492467,25.0,0,0.0,15.76142084987672,0,0,1,0,0,0,0,0,45479110.0,Drama,Mid-size Studio,August,7.0,14.01,13.99
Beastmaster 2: Through the Portal of Time,1991,6,6000000.0,869325.0,14.468610191392829,1921486.514913289,0,0.012484525,0.0,0,1.0,15.607270193858982,0,0,1,0,0,0,0,0,51751835.0,Action,Mid-size Studio,June,6.0,0.87,1.92
Gracie,2007,6,9000000.0,2955039.0,16.979871195814344,23673602.18727467,0,0.0140352985,40.0,0,1.0,16.012735246411598,0,0,0,0,0,0,0,0,25675910.0,Drama,Mid-size Studio,June,9.0,2.96,23.67
The Rocket: The Legend of Rocket Richard,2005,10,8000000.0,2019009.0,16.221892625286195,11093751.004044311,0,0.014725604,55.00000000000001,0,1.0,15.894952224644102,0,1,0,0,0,0,0,0,51751835.0,Drama,Independent,October,8.0,2.02,11.09
The Amazing Catfish,2013,8,1300000.0,,18.49650250723813,107877027.05506824,0,0.011456289,25.0,0,,14.077875591662238,0,0,0,0,1,0,0,0,51751835.0,Comedy,Mid-size Studio,August,1.3,,107.88
Compadres,2016,3,3000000.0,,17.673035169596954,47348000.493404835,0,0.012047058,30.0,0,,14.914123179965662,0,1,1,0,1,0,0,0,51751835.0,Action,Independent,March,3.0,,47.35
The Pirate,1948,6,3700000.0,2956000.0,15.234810956659112,4134226.117595944,0,0.015127958,0.0,0,1.0,15.123843647884687,0,0,0,0,0,0,0,0,51751835.0,Music,Mid-size Studio,June,3.7,2.96,4.13
The Molly Maguires,1970,1,11000000.0,2200000.0,16.906721200734392,22003699.478241548,0,0.0452389,60.0,0,1.0,16.213405921671733,1,0,0,0,0,0,0,0,10000000.0,Drama,Major Studio,January,11.0,2.2,22.0
Galaxina,1980,6,5500000.0,4865000.0,15.495882211570782,5367549.469957948,0,0.012712154,0.0,0,1.0,15.520258832020865,0,0,0,0,1,0,0,0,51751835.0,Comedy,Mid-size Studio,June,5.5,4.86,5.37
Tracker,2010,5,6500000.0,,17.513278437688054,40357120.79849248,0,0.012024225,25.0,0,,15.687312888712007,0,0,1,0,0,0,0,0,51751835.0,Action,Mid-size Studio,May,6.5,,40.36
Adulterers,2016,1,750000.0,,17.122774616326016,27310302.767436437,0,0.014552255,75.0,0,,13.527829818844936,0,1,0,0,0,0,0,0,51751835.0,Thriller,Independent,January,0.75,,27.31
Code of Honor,2016,5,8000000.0,,17.024229347301127,24747358.323855445,0,0.012210399,0.0,0,,15.894952224644102,0,0,1,0,0,0,0,0,51751835.0,Action,Mid-size Studio,May,8.0,,24.75
Black Nativity,2013,11,17500000.0,7018189.0,16.221878397495132,11093593.165581549,0,0.028624907,40.0,0,1.0,16.677711496036597,0,0,0,0,0,0,0,0,51751835.0,Drama,Mid-size Studio,November,17.5,7.02,11.09
Chasing Papi,2003,4,,6126237.0,15.448469243585812,5118996.8405303,0,0.01921904,0.0,0,,,0,0,0,0,1,0,0,0,51751835.0,Comedy,Mid-size Studio,April,,6.13,5.12
United Passions,2014,6,27000000.0,,16.615094832566193,16437810.7346194,0,0.023737397,25.0,0,,17.11134746100564,0,0,0,0,0,0,0,0,51751835.0,Drama,Mid-size Studio,June,27.0,,16.44
September Dawn,2007,5,11000000.0,,17.073684640391345,26002015.23271809,0,0.019245498,40.0,0,,16.213405921671733,0,0,1,0,0,0,0,0,44726644.0,Drama,Mid-size Studio,May,11.0,,26.0
Something Wicked,2014,4,3000000.0,,17.63230750118491,45458368.14249092,0,0.010796202,0.0,0,,14.914123179965662,0,0,0,0,0,0,0,0,51751835.0,Mystery,Mid-size Studio,April,3.0,,45.46
Beat the World,2011,6,10000000.0,,17.2203692105616,30110038.447247747,0,0.017032746,40.0,0,,16.118095750958314,0,0,0,0,0,0,0,0,51751835.0,Music,Mid-size Studio,June,10.0,,30.11
Trucker,2008,4,2000000.0,,17.045645393294624,25283064.791671272,0,0.010849329,25.0,0,,14.508658238524095,0,0,0,0,0,0,0,0,51751835.0,Drama,Mid-size Studio,April,2.0,,25.28
Town & Country,2001,4,90000000.0,10372291.0,16.743705992045907,18693864.727485504,0,0.087502345,0.0,0,1.0,18.31532023940565,1,0,0,0,1,0,0,0,134396681.0,Comedy,Major Studio,April,90.0,10.37,18.69
Slow Burn,2005,9,15500000.0,1237615.0,14.839105508002396,2783181.2020009197,0,0.021020403,60.0,0,1.0,16.5563506464056,0,0,0,0,0,0,0,0,51751835.0,Mystery,Mid-size Studio,September,15.5,1.24,2.78
Girl 6,1996,3,12000000.0,4939939.0,16.1190541554309,10009588.639847938,0,0.052261528,15.0,0,1.0,16.300417291085605,0,0,0,0,1,0,0,0,41959854.0,Comedy,Mid-size Studio,March,12.0,4.94,10.01
From a Whisper to a Scream,1987,9,1100000.0,1400000.0,14.361511780204816,1726334.9633470243,0,0.0121913655,20.0,0,0.0,13.910821646859096,0,0,0,0,1,0,0,0,51751835.0,Comedy,Mid-size Studio,September,1.1,1.4,1.73
3 Strikes,2000,3,6000000.0,9000000.0,15.87420108673496,7835701.462451217,0,0.013133656,30.0,0,0.0,15.607270193858982,0,1,1,0,1,0,0,0,10229331.0,Action,Independent,March,6.0,9.0,7.84
Light Sleeper,1992,8,5000000.0,,16.899211696795707,21839081.476204924,0,0.03141624,25.0,0,,15.424948670398354,0,0,0,0,0,0,0,0,1059445.5,Drama,Mid-size Studio,August,5.0,,21.84
Sweet Charity,1969,1,8000000.0,20000000.0,16.494521540783143,14570674.518912572,0,0.02440381,45.0,0,0.0,15.894952224644102,1,0,0,0,1,0,0,0,37823676.0,Comedy,Major Studio,January,8.0,20.0,14.57
Shanghai Surprise,1986,8,17000000.0,,14.830324803976255,2758849.8822231665,0,0.018980935,15.0,0,,16.648723960844016,0,0,0,0,0,0,0,0,51751835.0,Adventure,Mid-size Studio,August,17.0,,2.76
Atlas Shrugged Part III: Who is John Galt?,2014,9,5000000.0,846704.0,14.518714772383236,2020214.5515716092,0,0.0114304675,45.0,0,1.0,15.424948670398354,0,0,0,0,0,0,0,0,51751835.0,Drama,Mid-size Studio,September,5.0,0.85,2.02
Delgo,2008,12,40000000.0,,16.78746033439323,19529960.556021243,0,0.04660344,0.0,0,,17.50439003707821,0,0,0,1,1,0,0,0,51751835.0,Adventure,Mid-size Studio,December,40.0,,19.53
The Mighty Macs,2009,10,7000000.0,,14.91246188083213,2995020.23852013,0,0.011857612,55.00000000000001,0,,15.76142084987672,0,1,1,0,0,0,0,0,51751835.0,Action,Independent,October,7.0,,3.0
My Baby's Daddy,2004,1,,51.0,7.0954992004818775,1205.5245107993312,0,0.024392297,50.0,0,,,0,1,0,0,1,0,0,0,51751835.0,Comedy,Independent,January,,0.0,0.0
The In Crowd,2000,7,15000000.0,5217498.0,15.11648422955885,3672870.097434575,0,0.02664809,15.0,0,1.0,16.52356082573315,0,0,0,0,0,0,0,0,57469467.0,Thriller,Mid-size Studio,July,15.0,5.22,3.67
Cinco de Mayo: La Batalla,2013,5,10000000.0,,17.061504426606415,25687226.107356913,0,0.018196069,40.0,0,,16.118095750958314,0,0,0,0,0,0,0,0,51751835.0,War,Mid-size Studio,May,10.0,,25.69
The Legend of the Lone Ranger,1981,8,18000000.0,2945600.0,15.397428540237293,4864275.465987669,0,0.03439731,40.0,0,1.0,16.705882371415992,0,0,1,0,0,0,0,0,51751835.0,Action,Mid-size Studio,August,18.0,2.95,4.86
Girls Gone Dead,2012,3,500000.0,,17.40710729029712,36291977.262022614,0,0.01287256,0.0,0,,13.122365377402328,0,0,0,0,1,0,0,0,51751835.0,Horror,Mid-size Studio,March,0.5,,36.29
A Shine of Rainbows,2009,10,6000000.0,,16.92546833834974,22420096.812876754,0,0.013784716,25.0,0,,15.607270193858982,0,0,0,0,0,0,0,0,51751835.0,Drama,Mid-size Studio,October,6.0,,22.42
Malevolence,2004,9,450000.0,,16.911949398778468,22119040.431990847,0,0.01105239,50.0,0,,13.017005083966255,0,1,0,0,0,0,0,0,51751835.0,Crime,Independent,September,0.45,,22.12
Isn't She Great,2000,1,36000000.0,3003296.0,16.974987949551217,23558279.955569487,0,0.035030093,45.0,0,1.0,17.399029524198163,1,0,0,0,1,0,0,0,113309743.0,Drama,Major Studio,January,36.0,3.0,23.56
Princess Kaiulani,2010,5,9000000.0,771499.0,13.780233582958072,965337.0047262744,0,0.019080007,40.0,0,1.0,16.012735246411598,0,0,0,0,0,0,0,0,51751835.0,Drama,Mid-size Studio,May,9.0,0.77,0.97
The Other Side of Heaven,2001,4,7000000.0,4720371.0,16.025437872445668,9115052.836546233,0,0.012711489,25.0,0,1.0,15.76142084987672,0,0,1,0,0,0,0,0,51751835.0,Action,Mid-size Studio,April,7.0,4.72,9.12
George and the Dragon,2004,3,32000000.0,,16.762794196105,19054124.468261924,0,0.021599026,0.0,0,,17.281246492014,0,0,0,0,0,0,0,0,51751835.0,Adventure,Mid-size Studio,March,32.0,,19.05
When Did You Last See Your Father?,2007,10,,92.0,7.522875307778038,1848.8786249372547,0,0.021260506,25.0,0,,,0,0,0,0,0,0,0,0,20755338.5,Drama,Mid-size Studio,October,,0.0,0.0
Raising Victor Vargas,2002,5,800000.0,2816116.0,15.271678554842875,4289489.652536472,0,0.0113451965,55.00000000000001,0,0.0,13.592368256649284,0,1,0,0,0,0,0,0,16773636.0,Drama,Independent,May,0.8,2.82,4.29
Cotton Comes to Harlem,1970,5,1200000.0,,14.914154748791852,3000094.7080050413,0,0.012364042,30.0,0,,13.997832948091215,0,1,1,0,0,0,0,0,51751835.0,Action,Independent,May,1.2,,3.0
Closer to the Moon,2013,11,9000000.0,,17.407156833003505,36293775.30938549,0,0.016744625,40.0,0,,16.012735246411598,0,0,0,0,1,0,0,0,51751835.0,Comedy,Mid-size Studio,November,9.0,,36.29
Johnny Suede,1991,8,500000.0,,17.045408705846913,25277081.31549353,0,0.011470991,0.0,0,,13.122365377402328,0,0,0,0,1,0,0,0,51751835.0,Comedy,Mid-size Studio,August,0.5,,25.28
Blue Car,2002,1,1000000.0,464000.0,13.0406803052881,460780.9908706368,0,0.012089903,75.0,0,1.0,13.815511557963774,0,1,0,0,0,0,0,0,51751835.0,Drama,Independent,January,1.0,0.46,0.46
Crowsnest,2012,1,1200000.0,,16.99516550688031,24038456.62502712,0,0.02641193,60.0,0,,13.997832948091215,0,1,0,0,0,0,0,0,1386365.0,Unknown,Independent,January,1.2,,24.04
Chiamatemi Francesco - Il Papa della gente,2015,12,15000000.0,,16.42948664793704,13653228.539853912,0,0.025116201,40.0,0,,16.52356082573315,0,0,0,0,0,0,0,0,51751835.0,Drama,Mid-size Studio,December,15.0,,13.65
Shalako,1968,11,1455000.0,2620000.0,15.08405838945006,3555684.35711513,0,0.013720725,25.0,0,0.0,14.190517145872716,0,0,0,0,0,0,0,0,51751835.0,Western,Mid-size Studio,November,1.46,2.62,3.56
One Night with the King,2006,10,20000000.0,13391174.0,15.383134239862368,4795238.629220624,0,0.029960359,40.0,0,1.0,16.811242881518265,0,0,0,0,0,0,0,0,51751835.0,Drama,Mid-size Studio,October,20.0,13.39,4.8
Undiscovered,2005,8,9000000.0,1046166.0,14.25070485832708,1545262.2749993126,0,0.011879735,15.0,0,1.0,16.012735246411598,0,0,0,0,1,0,0,0,51751835.0,Comedy,Mid-size Studio,August,9.0,1.05,1.55
Love Jones,1997,3,10000000.0,,17.381543656220927,35375980.39723681,0,0.015309279,40.0,0,,16.118095750958314,1,0,0,0,1,0,0,0,51751835.0,Comedy,Major Studio,March,10.0,,35.38
I Married a Strange Person!,1998,8,250.0,203.0,7.346068441850821,1549.0902621312127,0,0.012922444,25.0,0,1.0,5.5254529391317835,0,0,0,1,1,0,0,0,51751835.0,Drama,Mid-size Studio,August,0.0,0.0,0.0
Kansas City,1996,8,18000000.0,,15.438276475713936,5067085.095425023,0,0.04107876,40.0,0,,16.705882371415992,0,0,0,0,0,0,0,0,87754044.0,Thriller,Mid-size Studio,August,18.0,,5.07
The 5th Quarter,2011,3,6000000.0,399611.0,13.893222802955798,1080810.6049660502,0,0.011312634,25.0,0,1.0,15.607270193858982,0,0,0,0,0,0,0,0,51751835.0,Drama,Mid-size Studio,March,6.0,0.4,1.08
Marci X,2003,8,20000000.0,1675706.0,14.16914263507438,1424230.0828550588,0,0.020185998,15.0,0,1.0,16.811242881518265,1,0,0,0,1,0,0,0,11962000.0,Comedy,Major Studio,August,20.0,1.68,1.42
The Visual Bible: The Gospel of John,2003,9,10000000.0,4069090.0,15.19480063582771,3972079.7582559553,0,0.015853558,60.0,0,1.0,16.118095750958314,0,0,0,0,0,0,0,0,51751835.0,Drama,Mid-size Studio,September,10.0,4.07,3.97
Get on the Bus,1996,10,2400000.0,5731103.0,16.256877757612937,11488736.407859895,0,0.0245702,25.0,0,0.0,14.690979711984754,1,0,0,0,0,0,0,0,41860958.5,Drama,Major Studio,October,2.4,5.73,11.49
Living Out Loud,1998,10,12000000.0,12902790.0,15.957031605620312,8512374.515645936,0,0.024407383,40.0,0,0.0,16.300417291085605,1,0,0,0,1,0,0,0,86019420.33333333,Comedy,Major Studio,October,12.0,12.9,8.51
Whipped,2000,9,3000000.0,,16.87661429532272,21351109.179412544,0,0.012622531,20.0,0,,14.914123179965662,0,0,0,0,1,0,0,0,51751835.0,Comedy,Mid-size Studio,September,3.0,,21.35
Krush Groove,1985,10,3000000.0,,16.07378689462315,9566584.374849552,0,0.014917509,25.0,0,,14.914123179965662,1,0,0,0,0,0,0,0,16279150.0,Drama,Major Studio,October,3.0,,9.57
Tumbleweeds,1999,11,312000.0,1281176.0,15.945473497226253,8414553.956044562,0,0.028959973,25.0,0,0.0,12.650761671914688,0,0,0,0,1,0,0,0,30012108.75,Comedy,Mid-size Studio,November,0.31,1.28,8.41
The Egyptian,1954,8,5000000.0,15000000.0,16.26332642012542,11563062.79341257,0,0.018177535,25.0,0,0.0,15.424948670398354,1,0,0,0,0,0,0,0,6599250.0,History,Major Studio,August,5.0,15.0,11.56
Snow White: A Deadly Summer,2012,3,1000000.0,,16.67289346538173,17415887.25033693,0,0.011928121,30.0,0,,13.815511557963774,0,1,0,0,0,0,0,0,51751835.0,Horror,Independent,March,1.0,,17.42
Khiladi 786,2012,12,,126.0,7.256228105619679,1415.9020404076032,0,0.027244298,30.0,0,,,0,1,1,0,1,0,0,0,51751835.0,Action,Independent,December,,0.0,0.0
Sea Rex 3D: Journey to a Prehistoric World,2010,5,5000000.0,4074023.0,16.112726122583233,9946447.617747717,0,0.012727501,0.0,0,1.0,15.424948670398354,0,0,0,0,0,0,0,1,51751835.0,Documentary,Mid-size Studio,May,5.0,4.07,9.95
Shadow Conspiracy,1997,1,45000000.0,2154540.0,14.9836076034614,3215866.1632276736,0,0.045312475,20.0,0,1.0,17.622173069956816,0,0,1,0,0,0,0,0,178452748.5,Action,Mid-size Studio,January,45.0,2.15,3.22
Chain of Command,2015,8,5000000.0,,17.95227309305826,62599827.2876801,0,0.01131448,0.0,0,,15.424948670398354,0,0,1,0,0,0,0,0,51751835.0,Thriller,Mid-size Studio,August,5.0,,62.6
U2 3D,2007,5,15000000.0,22730842.0,13.727651105807848,915888.593985033,0,0.03642404,15.0,0,0.0,16.52356082573315,0,0,0,0,0,0,0,0,55157539.0,Music,Mid-size Studio,May,15.0,22.73,0.92
The Betrayed,2008,9,3500000.0,,17.098219855710745,26647871.006101895,0,0.0113266045,45.0,0,,15.068273812173889,0,0,0,0,0,0,0,0,51751835.0,Crime,Mid-size Studio,September,3.5,,26.65
ABCD (Any Body Can Dance),2013,2,,222000.0,12.735858240635254,339712.617652431,0,0.04725685,25.0,0,,,0,0,0,0,0,0,0,0,51751835.0,Drama,Mid-size Studio,February,,0.22,0.34
Woo,1998,5,13000000.0,8026971.0,15.919064391308924,8195241.748910112,0,0.017731331,15.0,0,1.0,16.380459992348886,1,0,0,0,1,0,0,0,51751835.0,Comedy,Major Studio,May,13.0,8.03,8.2
Come Early Morning,2006,1,6000000.0,,16.56389754699095,15617419.485904628,0,0.013757821,45.0,0,,15.607270193858982,0,0,0,0,0,0,0,0,51751835.0,Drama,Mid-size Studio,January,6.0,,15.62
Excessive Force,1993,5,3000000.0,1200000.0,15.071582303091429,3511598.898364592,0,0.011546459,0.0,0,1.0,14.914123179965662,1,0,1,0,0,0,0,0,51751835.0,Action,Major Studio,May,3.0,1.2,3.51
2:13,2009,4,3500000.0,,16.966916428935544,23368894.149084713,0,0.011138345,0.0,0,,15.068273812173889,0,0,0,0,0,0,0,0,51751835.0,Horror,Mid-size Studio,April,3.5,,23.37
AWOL-72,2015,8,3000000.0,,17.81078207545367,54340592.04234755,0,0.012178904,0.0,0,,14.914123179965662,0,0,0,0,0,0,0,0,51751835.0,Thriller,Mid-size Studio,August,3.0,,54.34
Crossover,2006,9,5800000.0,7000000.0,15.156425720645258,3822539.151215351,0,0.011545262,45.0,0,0.0,15.573368647930426,0,0,1,0,0,0,0,0,51751835.0,Action,Mid-size Studio,September,5.8,7.0,3.82
The Cookout,2004,9,16000000.0,12.0,7.717106850072883,2245.4508506281913,0,0.016377663,60.0,0,1.0,16.588099342704055,0,0,0,0,1,0,0,0,51751835.0,Comedy,Mid-size Studio,September,16.0,0.0,0.0
The Grace Card,2011,2,200000.0,2295733.0,14.475730361643986,1935216.655618484,0,0.012180718,25.0,0,0.0,12.206077645517674,0,0,0,0,0,0,0,0,51751835.0,Drama,Mid-size Studio,February,0.2,2.3,1.94
Lake of Fire,2006,9,,25.0,6.11228676156764,450.3697108052066,0,0.026676849,50.0,0,,,0,1,0,0,0,0,0,0,23875127.0,Documentary,Independent,September,,0.0,0.0
Jefferson in Paris,1995,3,14000000.0,2474000.0,14.83202221378412,2763536.759419428,0,0.03582878,40.0,0,1.0,16.454567959008102,0,0,0,0,0,0,0,0,23390370.0,Drama,Mid-size Studio,March,14.0,2.47,2.76
Ruby in Paradise,1993,10,800000.0,1001437.0,14.5090018396133,2000687.3205973017,0,0.011964007,25.0,0,0.0,13.592368256649284,0,0,0,0,0,0,0,0,51751835.0,Drama,Mid-size Studio,October,0.8,1.0,2.0
Space Dogs,2010,3,25000000.0,6500000.0,15.48776544507651,5324158.650942252,0,0.022530466,0.0,0,1.0,17.034386422832473,0,0,0,1,0,0,0,0,51751835.0,Family,Mid-size Studio,March,25.0,6.5,5.32
The Holy Girl,2004,5,1400000.0,,14.90964382010783,2986591.9680661177,0,0.011256835,25.0,0,,14.151983508870948,0,0,0,0,0,0,0,0,51751835.0,Drama,Mid-size Studio,May,1.4,,2.99
Michael Jordan to the Max,2000,5,,21268532.0,15.22738277895614,4103630.1208373657,0,0.014981041,0.0,0,,,0,0,0,0,0,0,0,0,51751835.0,Documentary,Mid-size Studio,May,,21.27,4.1
The Loss of Sexual Innocence,1999,4,4000000.0,,17.783397517067673,52872689.56227808,0,0.011995924,25.0,0,,15.201805169084134,0,0,0,0,0,0,0,0,49800000.0,Drama,Mid-size Studio,April,4.0,,52.87
Purple Violets,2007,4,4000000.0,,17.714693466920348,49362098.29379786,0,0.012632726,55.00000000000001,0,,15.201805169084134,0,1,0,0,1,0,0,0,9482579.0,Comedy,Independent,April,4.0,,49.36
The Perez Family,1995,5,11000000.0,2832826.0,15.644803594381193,6229480.085149533,0,0.025404736,40.0,0,1.0,16.213405921671733,0,0,0,0,1,0,0,0,13457260.666666666,Comedy,Mid-size Studio,May,11.0,2.83,6.23
Mutant World,2014,9,,1500000.0,11.374549117974134,87076.0918052049,0,0.01642749,20.0,0,,,0,0,0,0,0,0,0,0,51751835.0,Science Fiction,Mid-size Studio,September,,1.5,0.09
Earth,1998,9,,528972.0,13.246005751028298,565804.5523237478,0,0.018459048,45.0,0,,,0,0,0,0,0,0,0,0,10422387.0,Drama,Mid-size Studio,September,,0.53,0.57
Pink Narcissus,1971,1,27000.0,,16.80998066605947,19974771.614740312,0,0.014718839,45.0,0,,10.203629181337648,0,0,0,0,0,0,0,0,51751835.0,Drama,Mid-size Studio,January,0.03,,19.97
My Dog Tulip,2009,1,,246574.0,12.015182035750488,165243.59278400862,0,0.023630442,45.0,0,,,0,0,0,1,1,0,0,0,51751835.0,Animation,Mid-size Studio,January,,0.25,0.17
Freedom,2014,8,14500000.0,,17.210784464536527,29822820.022995777,0,0.020819625,40.0,0,,16.489659276356317,0,0,0,0,0,0,0,0,51751835.0,Drama,Mid-size Studio,August,14.5,,29.82
Top Cat Begins,2015,10,8000000.0,,15.8908228559455,7967033.159246962,0,0.012006157,0.0,0,,15.894952224644102,0,0,0,1,1,0,0,0,51751835.0,Comedy,Mid-size Studio,October,8.0,,7.97
The Opposite Sex,2014,11,3300000.0,45000.0,13.45746656033826,699041.3181274345,0,0.011968482,0.0,0,1.0,15.009433329466964,0,0,0,0,1,0,0,0,51751835.0,Comedy,Mid-size Studio,November,3.3,0.04,0.7
"An Alan Smithee Film: Burn, Hollywood, Burn",1998,2,10000000.0,45779.0,14.369157531580248,1739584.686411989,0,0.015874559,15.0,0,1.0,16.118095750958314,0,0,0,0,1,0,0,0,51751835.0,Comedy,Mid-size Studio,February,10.0,0.05,1.74
Without Men,2011,6,4.0,,8.995481893512673,8065.555912384105,0,0.013438784,30.0,0,,1.6094379124341005,0,1,0,0,1,0,0,0,51751835.0,Comedy,Independent,June,0.0,,0.01
Boom Town,1940,8,2000000.0,9172000.0,15.84393224294165,7602077.41055162,0,0.015419775,25.0,0,0.0,14.508658238524095,0,0,0,0,0,0,0,0,51751835.0,Adventure,Mid-size Studio,August,2.0,9.17,7.6
Bang Bang Baby,2014,9,1000000.0,,16.984712528762486,23788491.867580373,0,0.01262678,45.0,0,,13.815511557963774,0,0,0,0,0,0,0,0,51751835.0,Science Fiction,Mid-size Studio,September,1.0,,23.79
A Guy Named Joe,1944,3,2627000.0,5363000.0,16.01445277024264,9015470.998297904,0,0.018525034,25.0,0,0.0,14.781353449329956,0,0,0,0,0,0,0,0,216965713.0,Drama,Mid-size Studio,March,2.63,5.36,9.02
Funny Ha Ha,2002,9,,76901.0,9.065777710893332,8653.00683760168,0,0.016912289,75.0,0,,,0,1,0,0,1,0,0,0,51751835.0,Drama,Independent,September,,0.08,0.01
Road Hard,2015,3,1500000.0,,17.515126574656914,40431775.2518234,0,0.011311967,0.0,0,,14.220976332738882,0,0,0,0,1,0,0,0,51751835.0,Comedy,Mid-size Studio,March,1.5,,40.43
Dracula: Pages from a Virgin's Diary,2002,2,1596010.0,,17.019887405595096,24640139.669311527,0,0.013203666,0.0,0,,14.283017949198715,0,0,0,0,0,0,0,0,51751835.0,Horror,Mid-size Studio,February,1.6,,24.64
Solomon and Sheba,1959,12,5000000.0,12200000.0,15.951841329260212,8468307.393436972,0,0.017505111,25.0,0,0.0,15.424948670398354,0,0,0,0,0,0,0,0,21200000.0,Drama,Mid-size Studio,December,5.0,12.2,8.47
Def Jam's How to Be a Player,1997,8,,13960203.0,15.9120555518028,8138003.429181169,0,0.015157113,0.0,0,,,0,0,0,0,1,0,0,0,51751835.0,Comedy,Mid-size Studio,August,,13.96,8.14
The Helpers,2012,10,4000000.0,,17.731702669922004,50208889.46721646,0,0.012904883,0.0,0,,15.201805169084134,0,0,0,0,0,0,0,0,51751835.0,Horror,Mid-size Studio,October,4.0,,50.21
Food Chains,2014,4,913000.0,,17.301620084880927,32658641.65817193,0,0.013230345,30.0,0,,13.724492254866757,0,1,0,0,0,0,0,0,51751835.0,Documentary,Independent,April,0.91,,32.66
Fight Valley,2016,7,27000000.0,,16.80161780603855,19808421.936455127,0,0.018430848,25.0,0,,17.11134746100564,0,0,1,0,0,0,0,0,51751835.0,Action,Mid-size Studio,July,27.0,,19.81
Mutual Appreciation,2005,3,500000.0,,16.520375381244,14952294.351663962,0,0.01270608,55.00000000000001,0,,13.122365377402328,0,1,0,0,1,0,0,0,76901.0,Drama,Independent,March,0.5,,14.95
Eye of the Dolphin,2007,8,2500000.0,71904.0,11.82474445353725,136589.74257905973,0,0.01134792,25.0,0,1.0,14.731801689838347,0,0,0,0,0,0,0,0,51751835.0,Drama,Mid-size Studio,August,2.5,0.07,0.14
All The Queen's Men,2001,10,15000000.0,23000.0,11.653233401223147,115061.80644034813,0,0.02044585,70.0,0,1.0,16.52356082573315,0,1,1,0,1,0,0,0,66351.0,Action,Independent,October,15.0,0.02,0.12
The Last Godfather,2010,12,13400000.0,16700000.0,15.527021008424796,5537318.010264656,0,0.027121216,44.99999999999999,0,0.0,16.410765339548004,0,1,1,0,1,0,0,0,53587404.0,Action,Independent,December,13.4,16.7,5.54
Men with Brooms,2002,9,7500000.0,4245870.0,14.572428601782011,2131695.291614188,0,0.012415943,50.0,0,1.0,15.830413711839864,0,1,0,0,1,0,0,0,51751835.0,Comedy,Independent,September,7.5,4.25,2.13
Speedway Junky,1999,2,1000000.0,,18.004560075703257,65960066.28237298,0,0.012922207,25.0,0,,13.815511557963774,0,0,0,0,0,0,0,0,51751835.0,Romance,Mid-size Studio,February,1.0,,65.96
Slam,1998,10,1.0,,9.268316634663522,10595.898412226545,0,0.010488126,55.00000000000001,0,,0.6931471805599453,0,1,0,0,0,0,0,0,51751835.0,Drama,Independent,October,0.0,,0.01
Fiza,2000,9,1000000.0,623791.0,14.397727326231957,1790001.0556640644,0,0.014164002,75.0,0,1.0,13.815511557963774,0,1,0,0,0,0,0,0,51751835.0,Drama,Independent,September,1.0,0.62,1.79
The Work and the Glory,2004,11,7500000.0,3347647.0,14.884373659969118,2912065.89427255,0,0.0140377525,55.00000000000001,0,1.0,15.830413711839864,0,1,0,0,0,0,0,0,51751835.0,Drama,Independent,November,7.5,3.35,2.91
Savva. Heart of the Warrior,2015,11,30000000.0,,17.145442299898203,27936433.751145788,0,0.022720758,0.0,0,,17.216707972959764,0,0,0,1,0,0,0,0,51751835.0,Fantasy,Mid-size Studio,November,30.0,,27.94
Under the Rainbow,1981,7,20000000.0,2297493.0,14.5806758717914,2149348.662505953,0,0.02912096,44.99999999999999,0,1.0,16.811242881518265,0,1,0,0,1,0,0,0,51751835.0,Comedy,Independent,July,20.0,2.3,2.15
The Christmas Bunny,2010,11,250000.0,,17.204055891679403,29622828.581957173,0,0.011520209,25.0,0,,12.429220196836384,0,0,0,0,0,0,0,0,51751835.0,Drama,Mid-size Studio,November,0.25,,29.62
Valley of the Wolves: Iraq,2006,2,10000000.0,,16.89551185850657,21758429.69393808,0,0.023011424,40.0,0,,16.118095750958314,0,0,1,0,0,0,0,0,51751835.0,Adventure,Mid-size Studio,February,10.0,,21.76
Opal Dream,2006,11,5000000.0,140666.0,13.67746754063552,871060.2202129654,0,0.013922181,25.0,0,1.0,15.424948670398354,0,0,0,0,0,0,0,0,133306506.0,Drama,Mid-size Studio,November,5.0,0.14,0.87
The Work and the Glory II: American Zion,2005,10,6500000.0,2025032.0,14.357405994036244,1719261.527969661,0,0.011831832,55.00000000000001,0,1.0,15.687312888712007,0,1,0,0,0,0,0,0,51751835.0,Drama,Independent,October,6.5,2.03,1.72
"Pink Ribbons, Inc.",2011,9,900000.0,25000.0,11.17488011930288,71315.29483152373,0,0.0108485045,20.0,0,1.0,13.71015115341694,0,0,0,0,0,0,0,0,51751835.0,Documentary,Mid-size Studio,September,0.9,0.02,0.07
The Dog Lover,2016,7,2000000.0,,18.172717374037312,78038851.84525807,0,0.01096726,25.0,0,,14.508658238524095,0,0,0,0,0,0,0,0,51751835.0,Drama,Mid-size Studio,July,2.0,,78.04
Hayride,2012,10,60000.0,,17.832410393146315,55528689.61406876,0,0.010819153,30.0,0,,11.002116507732016,0,1,0,0,0,0,0,0,51751835.0,Thriller,Independent,October,0.06,,55.53
Bran Nue Dae,2009,8,7.0,7.0,9.374082349684004,11778.103487511966,0,0.012933609,55.00000000000001,0,0.0,2.0794415416798357,0,1,0,0,1,0,0,0,51751835.0,Comedy,Independent,August,0.0,0.0,0.01
Fetching Cody,2005,10,1.0,,11.7859705294654,131394.94564101385,0,0.011267114,25.0,0,,0.6931471805599453,0,0,0,0,1,0,0,0,51751835.0,Comedy,Mid-size Studio,October,0.0,,0.13
Standing Ovation,2010,7,,531826.0,12.543896973684369,280377.8416858379,0,0.0322865,30.0,0,,,0,1,0,0,1,0,0,0,51751835.0,Comedy,Independent,July,,0.53,0.28
The Basket,2000,5,,619042.0,13.569299102740247,781755.9008661682,0,0.018781979,55.00000000000001,0,,,0,1,0,0,0,0,0,0,51751835.0,Drama,Independent,May,,0.62,0.78
Burn,2012,11,225000.0,111300.0,15.370578093120477,4735405.320766127,0,0.012921878,0.0,0,1.0,12.323860125621126,0,0,0,0,0,0,0,0,51751835.0,Foreign,Mid-size Studio,November,0.22,0.11,4.74
Lords of London,2014,1,3440000.0,,16.738242808143514,18592015.165932108,0,0.01294958,50.0,0,,15.050982320047211,0,1,0,0,0,0,0,0,51751835.0,Crime,Independent,January,3.44,,18.59
Heartbeeps,1981,12,10000000.0,2154696.0,15.285900537742418,4350930.585586175,0,0.022725984,15.0,0,1.0,16.118095750958314,1,0,0,0,1,0,0,0,51751835.0,Comedy,Major Studio,December,10.0,2.15,4.35
Treading Water,2013,9,4700000.0,,16.25478399547608,11464706.889301572,0,0.012370554,45.0,0,,15.363073279446224,0,0,0,0,1,0,0,0,51751835.0,Drama,Mid-size Studio,September,4.7,,11.46
Alexander's Ragtime Band,1938,5,2000000.0,4000000.0,17.271786333222106,31698702.318195708,0,0.016025448,25.0,0,0.0,14.508658238524095,1,0,0,0,0,0,0,0,51751835.0,Drama,Major Studio,May,2.0,4.0,31.7
The Nutcracker,1993,11,19000000.0,2119994.0,15.10769962523484,3640746.680442555,0,0.028056545,15.0,0,1.0,16.759949589762293,0,0,0,0,0,0,0,0,51751835.0,Family,Mid-size Studio,November,19.0,2.12,3.64
The Stewardesses,1969,7,100000.0,27000000.0,16.93290285129262,22587400.460213315,0,0.013378611,30.0,0,0.0,11.51293546492023,0,1,0,0,1,0,0,0,51751835.0,Comedy,Independent,July,0.1,27.0,22.59
Winnie Mandela,2011,9,15000000.0,,16.63323577308144,16738729.320087915,0,0.022701317,90.0,0,,16.52356082573315,0,1,0,0,0,0,0,0,51751835.0,Drama,Independent,September,15.0,,16.74
Go for It!,2011,5,2450000.0,,18.239567555252073,83434090.5387119,0,0.012242625,25.0,0,,14.711598990684092,0,0,0,0,0,0,0,0,51751835.0,Drama,Mid-size Studio,May,2.45,,83.43
The Velocity of Gary,1999,7,4000000.0,,17.82178093063275,54941575.361168526,0,0.01163187,25.0,0,,15.201805169084134,0,0,0,0,0,0,0,0,51751835.0,Drama,Mid-size Studio,July,4.0,,54.94
The Inkwell,1994,4,,8880705.0,15.476991553732978,5267104.632152903,0,0.020683039,25.0,0,,,0,0,0,0,1,0,0,0,51751835.0,Comedy,Mid-size Studio,April,,8.88,5.27
10 Days in a Madhouse,2015,11,1200000.0,,17.381647493545486,35379653.93522063,0,0.012596379,55.00000000000001,0,,13.997832948091215,0,1,0,0,0,0,0,0,51751835.0,Drama,Independent,November,1.2,,35.38
Hardflip,2012,6,1000000.0,,18.01972773733842,66968152.0901207,0,0.013105554,55.00000000000001,0,,13.815511557963774,0,1,1,0,0,1,0,0,51751835.0,Drama,Independent,June,1.0,,66.97
The Heart of Me,2002,1,7000000.0,,15.778970394124856,7123931.113826536,0,0.013727161,45.0,0,,15.76142084987672,0,0,0,0,0,0,0,0,51751835.0,Drama,Mid-size Studio,January,7.0,,7.12
Interview with the Assassin,2002,5,500000.0,,18.03348561835294,67895858.97966917,0,0.0128938155,25.0,0,,13.122365377402328,0,0,0,0,0,0,0,0,187831456.0,Drama,Mid-size Studio,May,0.5,,67.9
Treachery,2013,5,625000.0,,18.30377116011871,88966561.96825406,0,0.012240855,55.00000000000001,0,,13.34550852871726,0,1,0,0,0,0,0,0,51751835.0,Drama,Independent,May,0.62,,88.97
Janky Promoters,2009,10,10000000.0,9069.0,10.967465620182018,57956.52074142637,0,0.014768912,15.0,0,1.0,16.118095750958314,0,0,0,0,1,0,0,0,33526835.0,Comedy,Mid-size Studio,October,10.0,0.01,0.06
Just Looking,1999,10,3000000.0,,15.21565275415536,4055775.641833576,0,0.010706367,25.0,0,,14.914123179965662,0,0,0,0,1,0,0,0,51751835.0,Drama,Mid-size Studio,October,3.0,,4.06
Newlyweds,2011,12,9000.0,,18.154210150807973,76607852.13557148,0,0.014858846,30.0,0,,9.105090961257083,0,1,0,0,1,0,0,0,9482579.0,Comedy,Independent,December,0.01,,76.61
Chicago Overcoat,2009,10,3200000.0,,17.23080435540065,30425886.162206866,0,0.011219639,0.0,0,,14.978661680269909,0,0,1,0,0,0,0,0,51751835.0,Action,Mid-size Studio,October,3.2,,30.43
Faithful,1996,4,13000000.0,9789900.0,16.23211905811866,11207782.588158706,0,0.017982723,40.0,0,1.0,16.380459992348886,1,0,0,0,1,0,0,0,51751835.0,Comedy,Major Studio,April,13.0,9.79,11.21
Trippin',1999,5,,9016377.0,15.27217442243915,4291617.19940277,0,0.01703527,0.0,0,,,0,0,0,0,1,0,0,0,9902115.0,Comedy,Mid-size Studio,May,,9.02,4.29
American Desi,2001,1,250000.0,,18.386863317911708,96674798.1534561,0,0.013736427,75.0,0,,12.429220196836384,0,1,0,0,1,0,0,0,51751835.0,Drama,Independent,January,0.25,,96.67
Bathing Beauty,1944,7,2361000.0,6892000.0,15.836156088065906,7543191.720304846,0,0.015454916,0.0,0,0.0,14.674596239616903,0,0,0,0,1,0,0,0,9500000.0,Comedy,Mid-size Studio,July,2.36,6.89,7.54
N-Secure,2010,10,,2592808.0,10.829176520400608,50471.12690443078,0,0.019969216,55.00000000000001,0,,,0,1,0,0,0,0,0,0,51751835.0,Drama,Independent,October,,2.59,0.05
Brigham City,2001,3,1000000.0,852206.0,16.07402952881858,9568905.837216685,0,0.013104197,25.0,0,1.0,13.815511557963774,0,0,0,0,0,0,0,0,51751835.0,Crime,Mid-size Studio,March,1.0,0.85,9.57
The Valley of Decision,1945,6,2160000.0,9132000.0,16.635827483415166,16782167.525740758,0,0.014264827,25.0,0,0.0,14.585619242623205,0,0,0,0,0,0,0,0,51751835.0,Drama,Mid-size Studio,June,2.16,9.13,16.78
Dysfunctional Friends,2012,2,1800000.0,,18.01218276788745,66464780.76941736,0,0.013193064,30.0,0,,14.403297778421797,0,1,0,0,1,0,0,0,51751835.0,Comedy,Independent,February,1.8,,66.46
Free Style,2008,12,,140987.0,12.266720221008754,212503.8777091863,0,0.020190619,25.0,0,,,0,0,0,0,0,1,0,0,3878993.0,Drama,Mid-size Studio,December,,0.14,0.21
Black November,2012,12,12500000.0,,17.497006321393027,39705739.07163117,0,0.016875194,40.0,0,,16.341239282272525,0,0,1,0,0,0,0,0,51751835.0,Drama,Mid-size Studio,December,12.5,,39.71
Love Letters,1983,4,550000.0,,17.72058956742157,49654001.89301994,0,0.011312831,25.0,0,,13.21767537538882,0,0,0,0,0,0,0,0,51751835.0,Drama,Mid-size Studio,April,0.55,,49.65
Mooz-lum,2011,2,,330048.0,12.8766033626059,391053.9486033118,0,0.019799206,55.00000000000001,0,,,0,1,0,0,0,0,0,0,51751835.0,Drama,Independent,February,,0.33,0.39
Queen Crab,2015,9,75000.0,,17.974141091775792,63983837.8697471,0,0.011138377,20.0,0,,11.225256725762891,0,0,0,0,0,0,0,0,51751835.0,Science Fiction,Mid-size Studio,September,0.08,,63.98
Roadside Romeo,2008,10,7000000.0,1100000.0,13.79697272727412,981631.9380378214,0,0.022218088,10.0,0,1.0,15.76142084987672,1,0,0,1,0,0,0,0,1672730.0,Animation,Major Studio,October,7.0,1.1,0.98
Counting,2015,2,50000.0,,19.205567987900434,219215973.75188783,0,0.014050086,30.0,0,,10.819798284210286,0,1,0,0,0,0,0,0,51751835.0,Documentary,Independent,February,0.05,,219.22
Doc Holliday's Revenge,2014,6,1000000.0,,18.47746441751711,105842680.9927112,0,0.012651809,25.0,0,,13.815511557963774,0,0,0,0,0,0,0,0,51751835.0,Western,Mid-size Studio,June,1.0,,105.84
Woman Thou Art Loosed,2004,9,3000000.0,6804016.0,15.810842194009147,7354640.687775481,0,0.011212759,75.0,0,0.0,14.914123179965662,0,1,0,0,0,0,0,0,25754284.0,Drama,Independent,September,3.0,6.8,7.35
The Image Revolution,2013,11,50000.0,,19.720704052472502,366938218.4491258,0,0.012877044,0.0,0,,10.819798284210286,0,0,0,0,0,0,0,0,51751835.0,Documentary,Mid-size Studio,November,0.05,,366.94
My Last Day Without You,2011,6,1000000.0,,17.767018308732293,52013730.486400194,0,0.011489439,55.00000000000001,0,,13.815511557963774,0,1,0,0,1,0,0,0,51751835.0,Comedy,Independent,June,1.0,,52.01
Dolphins and Whales: Tribes of the Ocean,2008,2,6000000.0,7518876.0,15.233331397273137,4128113.805939427,0,0.014015502,0.0,0,0.0,15.607270193858982,0,0,0,0,0,0,0,1,51751835.0,Documentary,Mid-size Studio,February,6.0,7.52,4.13
Once in a Lifetime: The Extraordinary Story of the New York Cosmos,2006,1,1000000.0,,17.419582353643186,36747557.77932345,0,0.013381255,50.0,0,,13.815511557963774,0,1,0,0,0,0,0,0,51751835.0,Documentary,Independent,January,1.0,,36.75
Foolish,1999,4,,6033999.0,14.17430317288517,1431598.878329984,0,0.016835282,25.0,0,,,0,0,0,0,1,0,0,0,51751835.0,Comedy,Mid-size Studio,April,,6.03,1.43
Henry & Me,2014,8,5000000.0,,17.868299652046613,57557766.40965521,0,0.013259992,0.0,0,,15.424948670398354,0,0,0,1,0,0,0,0,51751835.0,Family,Mid-size Studio,August,5.0,,57.56
Ayurveda: Art of Being,2001,9,300000.0,2074000.0,15.249830061960385,4196787.139296063,0,0.011154196,20.0,0,0.0,12.611541086966117,0,0,0,0,0,0,0,0,51751835.0,Documentary,Mid-size Studio,September,0.3,2.07,4.2
Rotor DR1,2015,10,350000.0,,17.257115997219618,31237066.14790635,0,0.011344453,0.0,0,,12.765691290604371,0,0,0,0,0,0,0,0,51751835.0,Science Fiction,Mid-size Studio,October,0.35,,31.24
Faith Connections,2013,11,550000.0,,17.570741223919107,42744077.27713164,0,0.014779039,25.0,0,,13.21767537538882,0,0,0,0,0,0,0,0,2074000.0,Documentary,Mid-size Studio,November,0.55,,42.74
Along the Roadside,2013,2,250.0,,18.244069374947983,83810542.49895954,0,0.019395845,0.0,0,,5.5254529391317835,0,0,0,0,1,0,0,0,51751835.0,Romance,Mid-size Studio,February,0.0,,83.81
Legend of a Rabbit,2011,1,19000000.0,2570000.0,15.739519447663524,6848356.823236173,0,0.030168004,65.0,0,1.0,16.759949589762293,0,1,1,1,1,0,0,0,51751835.0,Animation,Independent,January,19.0,2.57,6.85
The Sticky Fingers of Time,1997,6,250000.0,,17.72337844127684,49792673.92301676,0,0.010975281,55.00000000000001,0,,12.429220196836384,0,1,0,0,0,0,0,0,51751835.0,Science Fiction,Independent,June,0.25,,49.79
The Lion of Judah,2011,6,15000000.0,,16.894055697444138,21726768.971531995,0,0.021934163,15.0,0,,16.52356082573315,0,0,0,1,1,0,0,0,51751835.0,Adventure,Mid-size Studio,June,15.0,,21.73
Inchon,1981,5,46000000.0,5200000.0,15.057859337803412,3463738.479374435,0,0.058330532,25.0,0,1.0,17.6441519761925,0,0,0,0,0,0,0,0,93231474.33333331,Drama,Mid-size Studio,May,46.0,5.2,3.46
Outside Bet,2012,4,7500000.0,,16.890916035737035,21658661.237403274,0,0.01290325,30.0,0,,15.830413711839864,0,1,0,0,1,0,0,0,51751835.0,Comedy,Independent,April,7.5,,21.66
The Past Is a Grotesque Animal,2014,6,100.0,,17.139929542579736,27782850.688052285,0,0.015197939,0.0,0,,4.61512051684126,0,0,0,0,0,0,0,0,51751835.0,Documentary,Mid-size Studio,June,0.0,,27.78
"The Book of Mormon Movie, Volume 1: The Journey",2003,9,2000000.0,1672730.0,13.73447739277263,922162.1072212674,0,0.024003413,60.0,0,1.0,14.508658238524095,0,1,0,0,0,0,0,0,1100000.0,Unknown,Independent,September,2.0,1.67,0.92
Me You and Five Bucks,2015,7,1.0,,15.478454290276655,5274814.657533715,0,0.02082821,65.0,0,,0.6931471805599453,0,1,0,0,1,0,0,0,1386365.0,Romance,Independent,July,0.0,,5.27
Sphinx,1981,2,14000000.0,439564.0,13.80304170648807,987607.5625635948,0,0.044202074,15.0,0,1.0,16.454567959008102,0,0,0,0,0,0,0,0,89800000.0,Adventure,Mid-size Studio,February,14.0,0.44,0.99
Forty Shades of Blue,2005,12,1500000.0,,16.760498713006807,19010436.207314685,0,0.011834983,25.0,0,,14.220976332738882,0,0,0,0,0,0,0,0,51751835.0,Drama,Mid-size Studio,December,1.5,,19.01
The Business of Fancydancing,2002,1,200000.0,,16.561418308618695,15578748.135316636,0,0.015967945,45.0,0,,12.206077645517674,0,0,0,0,0,0,0,0,51751835.0,Music,Mid-size Studio,January,0.2,,15.58
Teacher's Pet,2004,1,10000000.0,,16.013086047072537,9003157.76013904,0,0.025817098,60.0,0,,16.118095750958314,1,0,0,1,0,0,0,0,51751835.0,Animation,Major Studio,January,10.0,,9.0
Sholem Aleichem: Laughing In The Darkness,2012,2,500000.0,845188.0,14.467091036371755,1918569.6936199004,0,0.012822554,30.0,0,0.0,13.122365377402328,0,1,0,0,0,0,0,0,51751835.0,Documentary,Independent,February,0.5,0.85,1.92
There Goes My Baby,1994,9,10500000.0,123509.0,11.916388260710058,149698.95363826715,0,0.01578482,60.0,0,1.0,16.166885910365842,0,0,0,0,1,0,0,0,51751835.0,Drama,Mid-size Studio,September,10.5,0.12,0.15
Everything Put Together,2001,11,500000.0,,15.518350153692586,5489512.279312326,0,0.023346154,25.0,0,,13.122365377402328,0,0,0,0,0,0,0,0,73276047.0,Drama,Mid-size Studio,November,0.5,,5.49
Amigo,2010,7,1200000.0,,16.888083631432195,21597401.94574014,0,0.015097737,25.0,0,,13.997832948091215,0,0,0,0,0,0,0,0,7633885.0,Drama,Mid-size Studio,July,1.2,,21.6
"Run, Hide, Die",2015,9,50000.0,,18.277901884944956,86694575.49457629,0,0.012501674,20.0,0,,10.819798284210286,0,0,0,0,0,0,0,0,51751835.0,Thriller,Mid-size Studio,September,0.05,,86.69
Dry Spell,2013,2,22000.0,,19.211855433430127,220598624.36769003,0,0.012758257,30.0,0,,9.99884318585288,0,1,0,0,1,0,0,0,51751835.0,Comedy,Independent,February,0.02,,220.6
Tin Can Man,2007,1,13.0,,15.044325114538957,3417175.2651658435,0,0.013989247,20.0,0,,2.6390573296152584,0,0,0,0,0,0,0,0,51751835.0,Horror,Mid-size Studio,January,0.0,,3.42
Dreaming of Joseph Lees,1999,10,2000000.0,7.0,7.34492113728663,1547.312856306438,0,0.011282763,25.0,0,1.0,14.508658238524095,0,0,0,0,0,0,0,0,51751835.0,Romance,Mid-size Studio,October,2.0,0.0,0.0
Journey from the Fall,2006,2,1300000.0,639000.0,16.980521386862335,23688999.55721436,0,0.0144252665,55.00000000000001,0,1.0,14.077875591662238,0,1,0,0,0,0,0,0,51751835.0,Drama,Independent,February,1.3,0.64,23.69
They Will Have to Kill Us First,2015,10,522360.0,,15.2706578265591,4285113.481924955,0,0.01318504,0.0,0,,13.166114198721056,0,0,0,0,0,0,0,0,51751835.0,Music,Mid-size Studio,October,0.52,,4.29
1982,2013,12,1000000.0,,17.3317179490254,33656539.00720906,0,0.011603206,55.00000000000001,0,,13.815511557963774,0,1,0,0,0,0,0,0,51751835.0,Drama,Independent,December,1.0,,33.66
Martin Lawrence Live: Runteldat,2002,8,3000000.0,19184015.0,13.557874815824327,772875.7072545177,0,0.012864414,30.0,0,0.0,14.914123179965662,0,1,0,0,1,0,0,0,51751835.0,Comedy,Independent,August,3.0,19.18,0.77
"First Love, Last Rites",1998,8,300000.0,40542.0,12.27839703423155,214999.80133266945,0,0.011531008,25.0,0,1.0,12.611541086966117,0,0,0,0,0,0,0,0,17273593.0,Drama,Mid-size Studio,August,0.3,0.04,0.21
"Dancer, Texas Pop. 81",1998,5,,565592.0,12.586078639874634,292457.67097960477,0,0.017376723,25.0,0,,,0,0,0,0,1,0,0,0,51751835.0,Comedy,Mid-size Studio,May,,0.57,0.29
The Salon,2005,1,1500000.0,,16.601132400513574,16209893.745597525,0,0.014082992,50.0,0,,14.220976332738882,0,1,0,0,1,0,0,0,51751835.0,Comedy,Independent,January,1.5,,16.21
Perfect Cowboy,2014,7,200.0,,18.514622884546355,109849617.57416032,0,0.01220738,55.00000000000001,0,,5.303304908059076,0,1,0,0,0,0,0,0,51751835.0,Drama,Independent,July,0.0,,109.85
The Little Ponderosa Zoo,2014,9,500000.0,,16.48072761780687,14371067.589360924,0,0.022212308,60.0,0,,13.122365377402328,0,1,0,0,0,0,0,0,1386365.0,Unknown,Independent,September,0.5,,14.37
Certifiably Jonathan,2007,3,1200000.0,,17.06814060766243,25858258.06912946,0,0.012194397,30.0,0,,13.997832948091215,0,1,0,0,1,0,0,0,51751835.0,Comedy,Independent,March,1.2,,25.86
Naturally Native,1999,10,700000.0,10508.0,10.655567145856814,42427.1419317175,0,0.012259566,25.0,0,1.0,13.45883704259595,0,0,0,0,0,0,0,0,51751835.0,Drama,Mid-size Studio,October,0.7,0.01,0.04
Amidst the Devil's Wings,2014,12,300000.0,,18.536128347954012,112237569.50120088,0,0.020141833,35.0,0,,12.611541086966117,0,0,1,0,0,0,0,0,1386365.0,Drama,Mid-size Studio,December,0.3,,112.24
Time to Choose,2015,9,3500000.0,,16.890663578752182,21653194.046983104,0,0.012243328,20.0,0,,15.068273812173889,0,0,0,0,0,0,0,0,4651572.5,Documentary,Mid-size Studio,September,3.5,,21.65
Four Single Fathers,2009,1,3.0,,15.870240990600667,7804732.687555021,0,0.01392662,45.0,0,,1.3862943611198906,0,0,0,0,1,0,0,0,51751835.0,Drama,Mid-size Studio,January,0.0,,7.8
The Algerian,2015,8,1.0,,15.382097581961547,4790270.181907693,0,0.011247095,0.0,0,,0.6931471805599453,0,0,0,0,0,0,0,0,51751835.0,Unknown,Mid-size Studio,August,0.0,,4.79
Anderson's Cross,2010,5,300000.0,,17.86925123356284,57612563.384996995,0,0.012281602,25.0,0,,12.611541086966117,0,0,0,0,1,0,0,0,51751835.0,Romance,Mid-size Studio,May,0.3,,57.61
"To Be Frank, Sinatra at 100",2015,12,2.0,,16.56535006470165,15640120.548612423,0,0.012260918,0.0,0,,1.0986122886681098,0,0,0,0,0,0,0,0,51751835.0,Documentary,Mid-size Studio,December,0.0,,15.64
Mi America,2015,10,2100000.0,3330.0,13.034269472884231,457836.44333758246,0,0.013620938,25.0,0,1.0,14.557448378884017,0,0,0,0,0,0,0,0,51751835.0,Drama,Mid-size Studio,October,2.1,0.0,0.46
El Rey de Najayo,2012,3,500.0,,18.60313296835141,120015680.1370968,0,0.011495647,55.00000000000001,0,,6.2166061010848646,0,1,0,0,0,0,0,0,51751835.0,Crime,Independent,March,0.0,,120.02
