,popularity,runtime,vote_average,vote_count,has_tagline,release_year,release_month,is_indie,log_budget,is_mid_budget,is_summer,is_holiday,is_dump_month,month_sin,month_cos,decade,genre_Action,genre_Adventure,genre_Animation,genre_Comedy,genre_Crime,genre_Documentary,genre_Drama,genre_Family,genre_Fantasy,genre_History,genre_Horror,genre_Music,genre_Mystery,genre_Romance,genre_Science_Fiction,genre_Thriller,genre_War,genre_Western,is_franchise_genre,is_drama_only,has_superhero,has_sequel,has_imax,has_3d,has_franchise,has_dystopia,has_novel_adaptation,has_independent,tagline_length,tagline_word_count,is_english,director_film_count,director_median_revenue,actor1_median_revenue,is_top_director,is_top_actor,is_unknown_director,is_major_studio,studio_count,is_co_production,is_long_film,is_short_film,vote_reliability,log_vote_count
3856,-0.3032106655972107,0.008196694365268889,-0.7921555061343233,1.0756493718791897,5.8331137182027044e-05,0.7271562980352531,0.08607748812357556,-0.23955699569046662,0.7256645438855335,0.002991118074539649,0.0008735106972620152,-0.00022690597468933118,0.007683513101048883,0.305664397542146,-0.049158282927869106,0.016151162599830265,0.0030000072662454314,-0.0030005329492834797,-0.001335982287418191,0.037796529638285996,0.01657209980566637,0.1317437791418115,0.011126212710840312,-0.00986135514685287,0.003757408311736378,-0.0002806646841000425,-0.021164198043050683,-0.0006534520644177238,2.9029932757052196e-05,-0.02202043598355941,0.020616245485107935,0.0051504018039294054,0.0023009903439886446,0.003758167278392818,-0.00013973662551893583,-0.0009686568099161912,0.0013222567509050308,-0.0002892607968205678,0.0,-0.00022711814679552935,-0.01105354292120291,0.010477782422236858,0.0028654638252524458,0.00546372788975621,0.058771799546481596,0.04324816592848085,-0.008470459844682796,-0.051256212590501456,0.002711291870941362,0.03283375152585616,-0.00019291607261809853,-0.0004970489635457826,0.0,-0.07815586733517325,-0.01054203853606518,0.00048163963795194806,5.002187990405542e-05,0.0,0.005937959930663316,0.01019380124706212
363,0.14418305924655625,0.028464615666415834,-0.01749307229498923,0.9329705814975513,0.0007358463575638433,-0.12182542045073766,-0.019516262000349716,0.004639004066535247,0.8459391537663015,-0.010668816470774162,0.001142691659013733,-0.0002503845427071333,0.011030326021372747,-0.03615296491404231,-0.00106911400617172,-0.006370726938452523,-0.012349023475575302,0.03703975830307511,-0.004400624032140441,0.00035188773045115556,0.019297277686836953,-0.0044791857529791,0.01778320207265777,-0.013269216858383929,0.0011525750083978424,-0.00027067685026488755,-0.00010782165075439115,-0.0010849483975659882,5.595341576892422e-05,-0.016799027372187757,-0.17656175790695036,-0.011404822792274835,0.0009580693567504889,0.004865312483620833,-0.0041949812340902806,0.0015525796933409729,0.0014057441906463353,-0.0013141725119215054,0.0,-0.0004944628204702151,-0.014063144616422616,0.007861148678737462,-0.036574571829929466,0.010138335287397188,0.0023950879034073534,0.027974430442169688,-0.010189102784887476,0.015911446326385355,0.04004563947808634,0.03147399643992229,-0.0004407952060955457,-0.0008308341520308155,0.0,-0.052397826118829836,-0.03513488239627102,-0.00036857950665198107,6.147311282376768e-05,0.0,-0.0009388837122658701,0.3825170823273259
3694,0.04685187278118433,0.18749877970079878,0.03816303782952535,-0.6773456416859739,-0.0018761100677636654,-0.0225112896262402,-0.019452420323302858,-0.6060938389155192,-0.22888820764908108,-0.028179764276573913,0.010197581658128407,-0.0016473984438538788,0.03156416402437159,-0.057491952375284594,-0.019830578404081426,0.01709026723245817,0.016638192571444523,-0.0026178699295977222,-0.004355363353131657,0.03998847026353465,0.007265878300543622,-0.00299648575647104,-0.018045775161347418,-0.012110941032152682,0.008609018182239978,-0.00043999267828663405,-0.01930083983540431,-0.00010880914450433856,8.94125369738943e-05,-0.05536129086440357,0.03025383208437522,0.001856920318392016,0.0035327446315125267,0.012842115680829273,0.0140607568273614,-0.007325707538480034,0.0020866720580742268,-0.0005904143056488492,0.0,-0.0004177824408399743,-0.011283453849442217,0.013623081963322969,0.0037328898497158945,0.020780838106995967,0.10421300610022852,0.12847201176771478,0.22213245742548757,-0.06679819887270627,0.03181751960019391,0.005901112877756356,-0.0004276117584673012,-0.0008284668318096919,0.0,-0.08233120293216585,-0.13832651944867258,0.00027325436661887573,7.285373461944912e-05,0.0,0.00988363911712321,-0.14422668921551962
459,0.10851132207206164,0.00016463077610686462,-0.026342131647465187,0.7520810128285543,0.0013464012759511717,0.033827908887287525,0.013877849851546295,0.005288272556567923,0.42419288363476143,-0.008658451202267303,0.0009666991890854918,-0.00026411316593756047,0.008515724674530082,0.024078721393876054,-0.0034571321658473575,0.005621405942679004,-0.008834300286775476,-0.01406003158239752,-0.003094791313241711,-0.0003358248067656528,-0.07427693506578126,-0.004067318380140486,0.03090950139798807,-0.015271889900944713,0.003928470284902068,0.00034272156321251605,0.0003274966192247373,-0.0008646832456600454,7.588963105375449e-05,-0.023056549306866347,0.017955759845700428,0.008980552471254287,0.0008956937820115782,0.00567349722314614,-0.007582352565670413,0.0007576328282832544,0.0017712931203734223,-0.0011091115675349828,0.0,-0.0004656150562163116,-0.011125921167100507,0.008604862677454344,0.0013481599340058863,0.008587973039746356,0.0066390794229901386,0.020069137095201448,-0.006032522102262382,-0.001480472473079397,0.003711953928277479,0.030881357377020833,-0.0004221124089278049,-0.0007967601878887663,0.0,-0.06135128833681223,0.020767872478674176,1.1366043973054049e-05,5.750259631789073e-05,0.0,-0.0005105694969320083,0.3250395308459101
278,0.08237081553737839,0.08995544748964442,-0.2620170953428022,0.8675864634260563,0.001596825937643783,0.08693981969534852,0.03520892647299273,0.006049283272063708,-0.2929537084264232,0.019308347312192872,0.000485651425946535,0.0023854491188048054,0.01834919328655969,0.031710485726594066,0.006953112891280656,0.007868321306401669,0.0006481070011138575,-0.01953337232533697,-0.003933714349099099,-0.0019083451027826282,0.022224651890149,-0.004274920898018966,-0.02611407701667249,-0.020808394749498946,0.011382241228261888,-0.0015579238770288143,-0.00643547222973648,-0.000821540703242961,7.588963105375449e-05,-0.017521172663512823,0.0368145529106699,0.004836406384332699,0.0016282695928057846,0.006001818369560873,0.0020367745218658646,0.007736499552760467,0.0016299471673260838,-0.0010948692389123433,0.0,-0.0004112982243298517,-0.009097534633505775,0.011088427469732758,0.0014960307230539864,0.00922198998587497,-0.01823024669312516,-0.05052655541548592,-0.004851497026190173,-0.008170600352803176,-0.021324142825944078,0.009042629836066117,-0.0004210864821877631,-0.0007980742504455075,0.0,-0.09028545572253495,0.01919461875702865,-5.062585220816364e-05,0.00029440892722138584,0.0,-0.0004386577805520651,0.4610147418710172
3527,0.21114487889337197,0.055775755200147395,-0.01432141619147992,-0.8112243744119069,0.013339599983023415,0.003993511792823256,0.0314060560708778,0.006027103443764692,0.47427941334142504,0.0036325180528543007,0.010892606831947453,-0.00032754649154410095,0.007620578939367254,0.04132284008490088,-0.03075489526800374,0.013526432707987134,0.009803209378179965,-0.0017674809741071798,-0.002336748125641912,0.0318094265990634,0.009392207643411574,-0.003068102915304066,-0.04388584830559805,-0.008481229189274157,0.007008092895829902,-0.0007030209984398342,-0.021162425660463786,-0.0007263486829443155,7.408612023412323e-05,0.09615503746430897,0.021797197460328984,0.0024821239965913916,0.003403859643604094,0.007774702751526595,-0.01194766331418342,0.0024739812176194495,0.002473971684020868,-0.0005165804589318526,0.0,-0.0005424208492914173,-0.014640586674237111,0.01274706846511277,0.004914815706546033,0.01692172978140055,0.06564475265135485,0.09524749424827424,-0.021293664086883244,-0.0545752163560984,0.026682567849586565,0.02123241189539967,-0.00023036400951474752,-0.0004556657082398702,0.0,0.17182756962845533,0.006881752874959548,-0.00015648819669641627,4.23044786957464e-05,0.0,0.011726525042540117,-0.12326030517676287
1033,0.06877085831345847,-0.012411881906399339,0.05999483189934369,0.44200428695876876,0.0008387950372673733,-0.15052596606713484,1.9149809030849398e-06,0.00531806648924275,0.5377074794327313,-0.010359082213296853,-0.0029982406556456854,-0.00039593663258896336,0.006390412909643305,-0.007408486603967085,-0.028065901177252682,-0.02031511942793602,0.0032983338106547166,-0.0018646827775664686,-0.006426707625901583,0.003321850417059692,0.02217114439144299,-0.00453034823052173,0.028756341418193852,-0.016726827731350827,0.004373772989405615,-0.000870713833758016,-0.0024645134408852517,-0.0008067664595538172,6.767194781022902e-05,-0.02933950475492461,0.02976533160801606,0.013891978391806586,0.001470533276949291,0.006169561824076934,0.0026907491290013405,0.00161158424186752,0.0014185856941073846,-0.001120550983853131,0.0,-0.0006158791363068249,-0.014708171517859369,0.011256548756073709,0.0014242636153953406,0.010295533386274378,-0.010881550567519703,0.02444815364772598,-0.00564978560587611,0.02724739988513901,-0.12774665881975905,-0.015505118544729071,-0.0003368482117551457,-0.0008604113607342146,0.0,0.16127425043549537,-0.08861390690256464,-5.2719996827202286e-05,0.00012458346896899523,0.0,-0.0009904015309137946,0.1485306451226851
738,0.14997059215683056,0.0805307520450358,-0.026731940847068605,0.6233769039691395,0.0009183222462751474,-0.12916793660740994,0.019092667251622685,0.004949967030555873,-0.03675950061588863,-0.006125806787032444,0.0018387102104765727,-0.00032361011900097764,0.010214276791194863,0.022902670621320356,-0.0034567405139932896,-0.009604253272323358,0.002135528895211795,-0.009271929548561285,-0.002777402890305208,-0.0017431271378503452,0.030059770185913024,-0.004248972803002932,-0.04933572000666012,-0.01287414593591634,0.004404181347690669,-7.8109153118204e-05,-0.00815433732575662,-0.0010856885520779448,6.439158323806466e-05,0.08545299628464796,0.03217963670024463,0.015243043917244034,-0.04341402336363236,0.006410458389371042,0.0028817338761985964,0.0015360737578774333,0.0014267865301635034,-0.0010898307505132654,0.0,-0.00046828559331362824,-0.010159924252389107,0.009415157194568482,-0.03705426827548035,0.009539205639464853,-0.018906153067315055,0.0022569643141580223,-0.008301410261980205,-0.009019143985261876,-0.002992990458202965,0.004377002771768929,-0.0001845901834272267,-0.0003765030214582713,0.0,-0.0745881465109872,0.019772083545486343,0.00021217194487028438,5.750259631789073e-05,0.0,-0.0005214373483280908,0.3037597745732979
1594,0.0919817310040769,-0.04308381632358534,-0.07982569369998067,0.21417875194800598,0.001589147231074776,0.32591169528086966,0.03000104596747979,0.004753231743858605,0.23133960146047655,-0.0068936911720879745,0.00017399643056718086,0.0041357797472031015,0.013507121534920882,0.025994437579630065,0.0053001492720474086,0.016226611749878963,0.0033256274273055554,-0.002790137307956439,-0.0031784312018294483,0.00019568975797408243,0.014001321604017071,-0.003891954415336585,-0.022195548052672275,-0.013943936381517476,0.009311193866230338,-0.00013020145985095547,-0.0011325811079164196,-0.0008280394950761524,7.588963105375449e-05,-0.026278749719326384,0.02151662527916515,0.0015256444311264954,0.0003932913066894501,0.006905951528529116,0.00042384104987653665,-0.000900492706589929,0.0015608406776738439,-0.000843969436485883,0.0,-0.0004621412353218286,-0.007430030352898477,0.018926659521875472,0.0012267122704798317,0.010826755726462713,0.005393485079051299,0.029465965096011675,-0.005301109463694636,-0.07902554045637575,0.01814707379162804,0.0628866498445118,-0.0003874528803401466,-0.0008026382622979427,0.0,0.09964206660034652,0.005112656497058952,-2.4173338396768805e-05,-0.000314503996187647,0.0,-0.0004120504704094904,0.051482444546363956
282,0.15628388306445815,0.036953439137311916,-0.03809814625745097,0.8050364679307894,0.0019245751035750292,0.2753286138436319,0.0053156367802748615,0.005603230993347082,-0.007017883378434949,-0.008789507231071778,1.3694715044450785e-05,-0.0006007998035985085,0.017261868319125115,0.03397680130378403,0.00218980823891613,0.009033038818052884,-0.007257469692879253,0.029132394839418468,-0.003129732294466722,-0.0002168014156747554,0.01564552571272338,-0.0035770489690044507,0.017078136115847648,-0.012358138355892775,0.009544434411089504,0.0005307063736927364,-0.00046684427133976484,-0.0005099127057328436,7.588963105375449e-05,-0.020468603647084353,0.015958434906282647,-0.006266822429407583,0.000983345988117418,0.0036306925482327006,-0.004022379129694273,0.00041863398051517075,0.0021664053656693253,-0.0007573117658491978,0.0,-0.00022871239077497382,-0.006105984960419893,0.00780175367270357,0.0013625270329922932,0.009862397944264934,-0.006558829116919596,-0.006136513617027572,-0.002792063536189722,0.10165780218045274,0.11421269043724852,0.06458488885673791,-0.0004236381686052657,-0.0008034290084023124,0.0,0.11287641058240924,0.01938050363229418,-8.527611485107073e-05,5.750259631789073e-05,0.0,-0.00047160692585513324,0.40775389479701685
1660,0.09662123152408542,-0.04170387545496978,0.222321061623885,-0.03159548908281401,0.0006427044208592208,-0.25721180222423984,0.023205212394755488,0.005027571694017662,0.07521785464381832,-0.012508462354528264,0.0018887209592147799,0.002327766486964303,0.005092803239395322,0.01247330496310434,0.0466695904822615,-0.023301824169756014,-0.009464162641096077,-0.003799228466737353,-0.004046929650204859,0.01603549409281044,0.02464767584273355,-0.0049025872188597185,0.035944338630883275,-0.022548085381183476,0.0008081949664651559,-0.0002663422997191716,0.054999079271042514,-0.00114945260053452,5.059217297383317e-05,-0.01667754834248606,-0.23658442669152316,-0.006930986698125959,0.0013347618372098822,0.00813954817529639,-0.0054065339980221925,0.004912444625503305,0.0024768517136539944,-0.000675130125261327,0.0,-0.0005758613938136308,-0.011664875971129066,0.017277419241649626,0.0014273732448949756,0.015976322932864287,0.07068831841752929,0.05643846827509135,-0.01214175277508784,-0.023433086340203312,-0.070757588187392,-0.026563401038115497,-0.0003630524302135718,-0.0006929774435794179,0.0,-0.10523801833202097,-0.07605530452631631,-0.00032782799141812527,4.473692484821286e-05,0.0,-0.0031997843974164203,-0.019447396596164766
180,0.13879789122662603,-0.0335791542337378,-0.13281228133619521,0.9025523696590654,0.0018293987517053033,0.3151991602618505,0.05302495659118935,0.004341471999306404,-0.19468725481497728,0.03341951371535664,0.0001025973526742092,0.0031623156446024796,0.02147845852107024,0.03052611938771105,0.0011890727227914163,0.00473064735935663,0.0013520083810878234,-0.014409689978918682,-0.004060436516060968,-0.0022033172634703378,0.017554627130582194,-0.0033642135832163416,-0.02324997712579362,-0.013205516651034171,-0.08229834886038159,-0.0003841969675661414,-0.0031343742910383164,-0.00045886088814427466,6.529309921392332e-05,0.08569138656161013,0.020469287923300977,0.003483328179712988,0.0005082698047636246,0.0033868699044619357,-0.00843349178441963,-0.0019005093493342628,0.0018127449387252443,-0.0009231574573018308,0.0,-0.00029400277967729096,-0.007579551693314161,0.006964828691039978,0.00133028916960979,0.011960918461130203,0.03816669427688433,0.023573002165708394,-0.00386709426978184,-0.05902677196688418,0.09705549540338979,0.02325285532682157,-0.00017486328466969633,-0.00036830902126352007,0.0,0.14625978784405907,0.01299034925048338,0.00013313580808710007,5.750259631789073e-05,0.0,-0.0005197480780425723,0.46394130569908365
3415,-0.3483464404806897,-0.09407169189669458,0.0528150052620842,-0.43114126087255494,0.0009980390038935856,-0.177961089032323,-0.0026096125406555723,0.01090503302099336,-0.35006680528776213,-0.018831673668599058,0.005280771387335826,-0.0017980551144066038,-0.036399815060551684,0.07615692117173546,0.017972741050475628,-0.031759019831811175,0.0020264292082736324,-0.0031669810529120954,-0.007670426783439425,-0.003208290787868432,0.023297564083316274,-0.005128705177933058,-0.07721347411049999,-0.03085736419871895,0.009597138632496114,-0.0017709748279842827,-0.033112444388734945,-0.0009731818935300422,0.00013858729075921734,0.0038386231537867474,0.02982645211283715,0.012429090711122028,0.003790600541727643,0.00845249645441419,-0.007772425612970981,-0.06660782251917013,0.002456271207933733,-0.0011464482021669152,0.0,-0.0006329021536524266,-0.023224021777284137,0.014216166750377943,0.003602161213765856,0.03608097763392991,-0.015495616115846132,-0.012401647045641232,-0.016039478475179496,-0.07807049028033146,0.01782091297386529,-0.11224986812235699,-0.00031117604166210945,-0.00064724376736487,0.0,-0.11680602823727028,0.029035458770984957,0.0010767476242348752,7.285373461944912e-05,0.0,0.009496485223245874,-0.3050720871416225
143,0.13665513401992374,0.11666833322376387,-0.1411219312303485,1.0752798605444513,0.0010026938091001723,-0.1656863239250448,0.024571302622656346,0.004913577287340584,-0.5578250974407933,0.03503987574862512,0.002411200731478627,0.000947283016662401,0.01214211632194552,0.024472621919281547,0.011594745806853516,-0.011219272683037592,0.0023061065559603923,-0.010403031136347909,-0.004564761765466798,0.0003398173547901715,0.02421492464804513,-0.003985966228458276,-0.030320058744964847,-0.021886020270211724,0.003618521710604356,-0.00035448612881263335,-0.012132721401715302,-0.0011092801169934156,6.439158323806466e-05,0.09781219857241844,-0.32552573281789343,-0.006144463002374831,0.0016473090459395955,0.004935144199252472,-0.008762757056787522,-0.004547022047176121,0.0014820899558899365,-0.0012021452060936156,0.0,-0.0004252471063715001,-0.010323764714146986,0.007212864875608729,0.0014464616067966548,0.011347813679536762,0.005505220475578205,0.030350914186924993,-0.006503681376526642,0.04441342437637354,-0.016634912754437854,-0.053546238674934514,-0.00017921672113298728,-0.00037004253864856835,0.0,0.2411362239440992,0.019439715582718287,-4.683326701694163e-05,6.147311282376768e-05,0.0,-0.000541511719038498,0.5772869557343703
2134,0.07138808944124467,0.02167207155364651,0.11656810673442937,-0.22850291263692152,-0.00041379910700956664,-0.02509199764434443,0.029745990639997968,0.004313990312812191,-0.09533924948749373,0.06698037414712074,0.0016134935069569683,0.002783186088273606,0.011460393964429895,0.0254838906276368,0.0226633343152146,0.017067725584172775,-0.013725811212899215,-0.0031643822349143947,-0.006207700784858646,0.018101167104385304,-0.12890766484079472,-0.004928689506232567,0.03423328414066132,-0.025195174793992643,0.005206716431839825,4.5622963794021714e-05,-0.00903454920236719,-0.000801528185762316,6.532312548880023e-05,-0.01628927428990354,0.03318960690555541,0.01066032685837196,0.0014611094303322828,0.008236334295562668,-0.0165271206468671,0.005516917783634083,0.002812748583568774,-0.0011013210707083857,0.0,-0.0006120949986883821,-0.009768124016370058,0.015312468233061486,0.0014691595462260386,0.020920951440087782,0.06692123790225595,0.07350672656855944,-0.01443044738486911,-0.03496571233331395,-0.01976839692564145,-0.037870740302669216,-0.00038145266173317895,-0.0007875684553776963,0.0,-0.10646050930950769,-0.0920223080526772,2.9044849836728908e-05,0.00012458346896899523,0.0,-0.0006270347335267712,0.04435110319075794
699,0.08662360926056605,-0.021245590742525956,0.1018592975129026,0.6963620053209773,0.0011790170197031988,-0.0395542241051499,0.009913523769860558,0.00657821309366159,0.55057545710969,-0.009291200614489662,0.0009400995756915485,-0.000315687954937063,0.009632541597994792,0.02508565211384939,0.005480608063432824,0.002578771161659172,0.0025128329567636128,-0.007810658736999312,0.072806602416562,-0.001890124548078282,0.01476337740390512,-0.004035045631843893,0.027614987750068466,0.18018874379143243,0.00216017968913328,-0.0006876215011913394,-0.0045538127626753334,-0.0009101338786162748,0.00011636825635642834,-0.02033087342048249,-0.15242157507466128,0.00016730924298648993,0.001648097071852627,0.004873060057030674,-0.003979058961987973,0.0008514606724616722,0.0017303026541307556,-0.001165570429748156,0.0,-0.000506018492343695,-0.008939629239081714,0.009280454504330828,0.0058693074414041795,0.00648330396668517,-0.010711584082910975,0.006598319740348072,-0.00680620848312084,0.02984260373264366,0.08438971162729254,0.04137619009293074,-0.00040382613201905723,-0.0006692072538992775,0.0,0.0927716090402485,0.021656333410773523,-5.595159890779768e-05,6.993256874923913e-05,0.0,-0.0010366879931392927,0.1784576490723418
3433,-0.43243240664415444,-0.7421165444265666,0.16873240074968757,-0.5870842608304089,-0.01331775242335732,-0.1425268491093501,-0.04526855310244268,0.014825899431449949,-0.047918066637788095,0.056463712160123594,0.0016723499892536172,0.005531567109807777,0.010588956683455244,-0.04324750221831971,-0.026588514850051204,0.0007262692204527336,0.003428855973756347,-0.0027437609834474125,-0.005552418642398522,-0.11619428559558832,0.01813396695501511,-0.005477848308457258,-0.056437498413433214,-0.02879131932996812,0.009204259065883036,-0.0017948289421042295,-0.03746258750212175,-0.0006758849721784172,0.000165333687121821,-0.0014498667491467496,0.03681808521920265,0.004331326195495444,0.00368495736079256,0.009125509928510994,-0.010954397589403855,0.006108584072860043,0.0029214664982425433,-0.0012147935758421563,0.0,-0.0004903307773679718,-0.014622805111015907,0.014510292092290258,0.003790160389597803,0.028262987990927343,-0.145211344906319,0.010887414885995641,-0.014375845733856234,0.11159317894016436,-0.008084551856732408,-0.014592917395003194,-0.00031900489424618774,-0.0007116688112340087,0.0,-0.09398548684154728,-0.003958507512578347,-0.0032111045065904356,7.285373461944912e-05,0.0,0.011698191357174415,-0.30062864964205316
1977,0.176910062459363,-0.6741677578429532,-0.15188626970198396,-0.4142157462015237,-0.014952151016915308,-0.2758653710321526,0.025665739658302725,0.008525140484871182,-0.9532775382189589,-0.06182508228448289,0.00777118699765687,-0.0015047053046169498,0.009196764013398981,0.049592075446649064,-0.011738827048353995,-0.024639110015367612,0.00103046340841049,-0.002284174377908589,-0.004713172278080627,-0.078161360728902,0.040267618909497066,-0.006261701319565634,-0.059105435440701536,-0.02793964512824529,0.002392588562636243,-0.0006323243248594728,-0.0032896915898633894,-0.001160348716460185,5.9054710741850256e-05,-0.014688028177724924,0.056688066042076456,0.009444503410944473,0.0010727306144109724,0.004507226723845925,-0.008924650297467395,0.0013213939419716872,0.002180473488023464,-0.001127056399750546,0.0,-0.0004922669847962412,-0.010607000883322578,0.014615286580912507,0.0013496337033468478,0.014851056280739811,-0.16807100119901913,0.019228519696337733,-0.00905250412069356,0.15196122247797753,-0.18303161356618763,0.014803695355328864,-0.0003382642918797212,-0.0008600884536922116,0.0,-0.15114420227033024,0.021126011767491275,0.0004374803156755184,0.00010588631028144089,0.0,-0.0009711691006927014,-0.059721944622069326
743,0.07728331292983245,0.026241772486381144,0.06373668350279522,0.691307277630167,0.0010178283167762584,-0.13808389466644677,0.0034029887270999332,0.005184752652047945,0.678844748287889,-0.009194270134400374,-0.0038713361884256817,-0.0002097171740317923,0.010124976081200145,0.0071935697329769,-0.008414014908980522,-0.008746685632657202,-0.012255348876040496,-0.006651476194398445,-0.007638634526510474,0.004009316334500851,-0.10770172793569747,-0.004162565684740213,0.0311059802257075,-0.019943588710701877,-0.029666195186744897,0.00032962567371762287,-0.004960444387718874,-0.0009632494011812109,8.027411512829616e-05,-0.011296470827920799,0.017634076184316956,0.012439666217841969,0.0013539718014558531,0.005494898329275114,0.0023925126679094797,0.0027006683455258035,0.0012818734468108366,-0.001117286191001986,0.0,-0.0005267714480824435,-0.01038550014577747,0.0071583848620147385,0.0013619696960357904,0.006811348705811967,-0.014047536196944783,0.016966951208736755,-0.0056597169998258276,0.00788920470837828,0.07734331718564938,0.019770704278346134,-0.00042278690591674464,-0.0008475093664474586,0.0,0.10428822690668094,0.015791064654436075,-0.0003569650512550059,6.520130688246742e-05,0.0,-0.0007154715536659809,0.20138478690353304
2167,0.03452091620555457,0.022220752133259313,-0.021695063089005588,-0.25368287468879597,-0.009011791828821837,-0.19125014839750612,-0.05914704374821533,0.004428296167053408,0.14413312580438953,-0.02375419033486771,0.0007155858246427825,-0.0004942845429756665,-0.015460206173079041,0.012146279117275964,0.02402830668903698,-0.019668670820165903,-0.014112827355430247,-0.0023001011608806865,-0.0066536381793758734,-0.0044857284197034365,0.02605249323316394,-0.005011373407494245,-0.06054590937398227,-0.026197402806504753,0.004772395797452984,-2.1854067652752274e-05,-0.006022127006948235,-0.0005047937640908534,0.0009068837123551953,0.015461380426110583,0.031078183345745438,0.015279291371850563,0.0013489850179786876,-0.357386389541685,0.009391376999963862,0.0028406231347004617,0.0023923990251869523,-0.0010529798225984944,0.0,-0.0006477137879513594,-0.012208595047508998,0.013644331549429655,0.0013915509391726874,0.012327544079020855,0.010193161905822284,0.048661211077445775,-0.010211765188628227,0.04198345425689927,-0.18426879695293516,-0.02897104499635222,-0.00028040605956217927,-0.0007837589650371897,0.0,-0.12762217591560424,-0.0697080763265615,6.38594128863012e-06,0.00012458346896899523,0.0,-0.0027003811477324955,0.02074229004715801
1080,0.1450721492375998,-0.13622173153087128,-0.23360382659130377,0.38353437232614707,0.0017110478340524873,0.16107061913810328,0.004471741212614089,0.00785867912459272,-0.2789599367500827,0.01876364955167257,0.0006791373327300443,-0.0034538825420346126,0.019314101475463672,-0.09360745200812917,-0.009275443479505086,0.0019212668248909596,0.0007789514273696418,-0.002748544976925815,-0.0007520010412256171,-0.0072962628398292395,0.02468875261854957,-0.004008925982962826,0.008871590756477088,-0.028693765365223587,-0.08765360408485562,-0.0014060502675534382,-0.013404301528525987,-0.0005752999367505954,6.583328508424625e-05,-0.011128056859235885,0.0375951755015086,0.0023803346215816377,0.0008865190791259874,0.0035323829783203533,-0.008493258227087741,0.001912680717043138,0.0024502743660422214,-0.001095298745042118,0.0,-0.0003856971509388151,-0.008131658423991491,0.010685225540588485,0.0013056760888142177,0.0074802173926289675,0.014211015107146197,0.007149511928731674,-0.004395971324871677,-0.07007441233382626,0.09601965190838685,-0.0971377674950792,-0.0004273370950627695,-0.0008404243322218026,0.0,0.12897184374336063,0.010499068036057725,-0.00029261327819693565,5.750259631789073e-05,0.0,-0.003223423728697857,0.13100584058260664
718,0.08412832563894979,0.0570302868130371,-0.07044601393838233,0.6079372105133352,0.0007182038129495497,0.0902894618191472,0.014273761631994895,0.006203051763303895,-0.1635559238765449,0.014884065888891226,0.0008665587001796763,-0.0006092717918118822,0.015587008010303206,0.03888346681255273,0.0009744765830512197,0.009093376006562605,0.0015777983677742091,0.014330401011682356,-0.003866775014036244,0.0022089592999133237,0.022770773561598828,-0.004278890936993803,-0.030022430021903194,-0.018182667492492473,0.009520966069412832,-1.3009437251325154e-06,-0.0006389565955422244,-0.000852730524184913,7.588963105375449e-05,-0.02314673256733815,0.04998194839699051,0.004686164456228014,0.0010892981101403817,0.0036474458958909383,-0.010329953166778932,0.0008914014833925673,0.0022081177004920237,-0.0010933005688745375,0.0,-0.00047184542229996993,-0.009207717303095912,0.011864770326651047,0.0014625091000520615,0.0084079467127379,0.0006365455434996398,0.030956995997262288,-0.0040577097905723,0.0012384225194546216,0.013125301522015898,-0.003424865811261584,-0.00042919782416573764,-0.0008217172696419839,0.0,0.15850115235974743,-0.02381128244208527,-2.459427240169318e-05,5.750259631789073e-05,0.0,-0.00044581245995675966,0.2556703784635791
165,0.2497373930626419,-0.008979669479757028,0.03244803392942251,1.1363682445481038,0.0008908946744177205,-0.12914674504261991,0.011103342161007262,0.004390040406978884,0.8881323906311275,-0.011693170573316442,0.0007335931750518375,-0.00022548439271654038,0.009400963143817708,0.009088997455019659,0.0025720757931446702,-0.013103388022560166,-0.02790823542647857,0.03686372326753023,-0.004829566279145905,0.000588926945070367,0.013598396459093604,-0.0036808803334521,0.027851864004160395,-0.010150648777790833,0.002384158186233175,-0.00013494256021904182,-0.005706101536594337,-0.0006642195993310983,8.027411512829616e-05,-0.03094477968128553,-0.12578521491224867,-0.006205286132980412,0.0010587011826293726,0.0043688240563231045,0.001903561823389718,0.0014999313065834929,0.0011360455618145671,0.04965809223920918,0.0,0.022216217089755207,-0.01370921998474984,-0.22179668917994874,-0.033289497531556085,0.006800774246151791,0.00017640766837314297,0.015328035858695995,-0.00820979935266336,0.009699282206625729,0.0027571403716838633,0.007829458391383123,-0.0002819401129392693,-0.0012161882580536462,0.0,-0.05262197776131544,0.004709260706927214,-0.0004047315338667987,4.4596177199742785e-05,0.0,-0.0009014290570532499,0.5542643136859317
2502,0.017654384234874414,-0.04657548148541362,0.19756597767656706,-0.3300225825784051,-0.0010072655536179686,-0.03805474052759363,-0.012923511490344177,0.008591018507038578,-0.10160931326610657,0.04547205522182551,-0.0042385695218249125,-0.0002496680822091893,0.01106506518002327,-0.07485436316917031,-0.011540207894377638,-0.00810183433215162,-0.015209407344365792,-0.010208791897653157,-0.004996087688179691,0.00308442356171411,0.016182850096093382,-0.005509383616307109,0.057141879981808946,-0.02449104909435055,0.0017383485525704944,6.856668998090904e-06,0.06688263121134604,-0.0005527681158938297,8.240290032519608e-05,-0.021524791795879312,-0.23755659644436633,0.006605822203220772,0.002088210303725476,0.008673744857333432,-0.03989281416595761,0.002639626328372279,0.0027167039199550626,-0.0008290448306380579,0.0,-0.0005535587826269756,-0.011638468865031927,0.013030207697120967,0.001504854871725786,0.026599696745746748,0.027990870867706075,0.05243588726927529,-0.0125279558865862,0.021695880102290687,-0.05957469751511202,-0.006850305181698389,-0.0003543465543856283,-0.0008869501195788717,0.0,-0.05551991523489465,0.06783838349988572,-0.0003279257197013412,3.172731586095273e-05,0.0,-0.002734585326818911,-0.2358477733241776
2458,0.06823907047435371,-0.14554002399494,0.14264827483036516,-0.4303484042079277,-0.0002680102391400362,-0.14549533424370822,0.007816605901335058,0.008241571581693434,-0.13963920561600943,0.048368900299781165,0.0015935671250474376,0.0033124313635487313,0.008690889963586561,0.02740310418168163,0.003688294634186652,0.010573950136352591,-0.02196772495513099,-0.0031840319278358072,-0.0068551931977214745,0.004725396005451292,-0.1852289258589388,-0.005209247302504181,-0.04580186060017421,-0.04120344027460444,0.0022843319666997885,-5.260405275801551e-05,-0.01217191756294469,-0.0011326572493585256,0.00011636825635642834,-0.01888045975259403,0.031969540475345226,-0.023058256847827825,0.0016692255501945476,0.009043043103384642,-0.03869247031699132,0.005502752441334819,0.002516358621176761,-0.0011112222915483985,0.0,-0.0006026505454861483,-0.0077257642410119825,0.013391431682595777,0.0013672938960389233,0.019083434294669393,-0.026282654690166836,0.002878501139023785,-0.018432982532657446,0.06538646040997899,-0.024981250146353585,-0.07431539305317934,-0.00037889352286254996,-0.00080625660640285,0.0,-0.10929636297097907,0.010501613264106547,0.0003483233842730385,7.285373461944912e-05,0.0,-0.0008963344647434157,-0.25716174272054576
1378,0.09800490785021432,0.0027921559227290812,0.10669331776862896,0.3708247279506492,-0.02143603566876666,0.39328466535232065,0.013439066299415013,0.006668032570503688,-0.09372044954373007,0.016506398421783103,0.00010855669503363016,-0.0007398960918995923,0.015470706484423377,0.027062473788699845,0.001472306723511306,0.021371633815232386,-0.010173890831450715,-0.0027639982288459606,-0.005253985687035664,0.004130490309531303,-0.07637986085376079,-0.0036180132392655147,0.02297295109920698,-0.010273261051140762,0.01009513586525889,0.00037768434219989433,0.0051537199516997695,-0.0007152908893693415,8.240290032519608e-05,-0.019467821495087786,0.02929100191125696,0.007246459856375214,0.0011768898928367234,0.008901819761912197,-0.006848058510853071,0.0015558574208665173,0.002737869295164119,0.03764201939937293,0.0,-0.00044471338533312224,-0.008355100930360076,0.01486427059444562,0.0013851532479288253,0.01535431534166728,0.013714062486884619,0.006733639305728991,-0.003917789311748044,-0.03863383749575814,0.05869468758148687,0.10201157370075338,-0.0004253786987069795,-0.0008025670420398206,0.0,0.12860478403421566,0.01549618970075149,-3.0474799338851877e-05,6.520130688246742e-05,0.0,-0.000921310292878186,0.11032594768394592
2251,0.031308308063109795,0.018638549299027973,0.05363306510586357,-0.23593310909888124,2.2440584959443898e-06,-0.11750369887624204,-0.021423556947000287,0.0067209963889333525,-0.28386565375505474,-0.05507423702639602,0.004986188558380411,0.0019491423530866442,0.010315415961135655,0.010002454848060434,0.03690404606646626,0.008706920558754883,-0.008712519757959475,-0.002922050124872202,-0.006399816322017285,0.007613944301506312,-0.14874334868902284,-0.004340720670824684,0.024171265769323644,-0.031643619099005135,0.007141304619973257,-0.001631658702967199,-0.012796695595251081,-0.0007568294011102855,0.00011636825635642834,-0.04519070923357497,0.02269487240915195,-0.02747760004704668,0.0013482993537879849,0.008259263181675578,-0.011742633699743397,0.002841414086301585,0.002387047433864988,0.04265235765228111,0.0,-0.0004908174364541982,-0.009400444496491387,0.01148415327880186,0.0014549555715575146,0.023612380004728054,0.01978195027267227,0.03136587595359796,-0.015680172059147665,0.041111121887721924,-0.4195514701821664,-0.026823347339511718,-0.0003107048698076694,-0.0009200091866727283,0.0,-0.11316599016520384,0.02880795504908938,-3.67844543361094e-05,0.00012458346896899523,0.0,-0.0007270963785191816,-0.18366338475689106
3072,-0.27818005367405446,0.07020763740257736,-0.0487872700839217,-0.37802251259680525,0.0010134418516951917,-0.03832823861535664,-0.050540568124770195,0.009828076280248423,-0.2596432444390316,-0.028534957617192862,-0.0005137660758396561,-0.0007394354984259757,0.013569397037735792,0.003317996345496267,-0.013396210527500953,-0.017074699653597657,0.002317132260796791,0.0049815848474978235,-0.00454177798212557,-0.004650060879864306,0.008307652553123846,-0.0037317877923385236,0.016624288006411605,-0.019398261740473377,0.011948084393715233,-0.0020022642775972496,-0.0037793610533621708,-0.0007447744194129298,9.286709089435242e-05,-0.04461168004169196,0.017695377398190684,0.0029741804635819717,0.00310034024652854,0.006523167270906687,-0.004200047739152639,0.0026453230519914027,0.0022505270145687416,-0.0009091622762580477,0.0,-0.0005567089790818778,-0.02880695218508907,0.013456716727386063,-0.15532131660842463,0.01999546495309041,0.1026914182705801,-0.037350920850643635,-0.004947549911439877,0.07745293347074457,-0.26395081485444094,0.1458002808946019,-0.00030123778058408515,-0.0008014979416439245,0.0,0.12059085248027691,0.0367875573679988,-0.00025452679773232457,0.00042253562356321184,0.0,0.013138909158159452,-0.21403869213547275
1598,0.053251684196440115,0.0028660918719590144,0.06523102890528613,0.10416785137546106,0.000446570569748284,-0.1580329101951356,0.016928032759373986,0.005519780932782822,0.32337342379853434,-0.011431714564913502,0.0016700625739118134,-0.00046885345768947625,0.005364772225046553,0.020735581337993487,0.006521063792107828,-0.012556393044463631,0.0034681425946202485,-0.0018946480398459643,-0.0051167501008839615,-0.0023503375824980638,0.03289074703294172,-0.004767445298137529,0.028426503746964215,-0.018194338244535105,0.003646694728276672,3.909054188508172e-05,-0.009857140735103905,-0.0010870060553648418,6.767194781022902e-05,-0.02236900857987532,0.030000467579784702,0.019463416911758975,0.0015194027750728405,0.007910710130685472,0.002685381346468022,0.0017837400458071099,0.002390120542810273,-0.0010779679644252818,0.0,-0.000613108071389497,-0.010470672321603213,0.020780650446772173,0.0014756890148859888,0.013470047669183785,0.014366715611081141,0.028328995617230145,-0.007115870705369131,0.009500885506354391,-0.17623669519378993,-0.03483748961080906,-0.0003396998794454857,-0.0008526892770834,0.0,0.13152364347303042,0.030000092522303384,-6.732187331228674e-06,6.520130688246742e-05,0.0,-0.0007868048551180937,0.029554289103511117
1713,0.054472607437624415,-0.005204631287476569,0.15216421151576143,0.05229253353178766,0.0011499732962005334,-0.16622124810753716,0.0004871377248412484,0.005571647299723291,-0.8507103469761048,-0.017325545190788293,-0.014303361308344033,-0.0020155494737491924,0.003461354464213083,-0.027441105143571252,-0.021809805600850864,-0.0018076303160715164,0.0014746876443086341,-0.003651840717321978,-0.004589737833327525,-0.020276761668156992,0.03663287107621607,-0.00474056055515918,0.023971946863675517,-0.02362904110513757,0.003889818230165961,-0.0018803082895658854,-0.016031362818563665,-0.00063837661654816,6.319434029190031e-05,0.08780215861906225,0.0519513356618187,0.009269512997350167,0.0014920790470614041,0.007696272187788692,0.011725136804372456,0.0030004281313953034,0.0021524784667029664,-0.0010568274623212707,0.0,-0.0006288519572983127,-0.02005726701121442,0.012289748071582436,0.0014824112685641597,0.011715967238298894,0.03357294519541853,0.03543251240012837,-0.008234558980866793,-0.12067086429628673,-0.06205457627317024,0.008457484927703455,-0.00018295684180657078,-0.00036848024055604044,0.0,-0.15803858107986296,0.07458878335313562,0.0018851253733407614,0.00012458346896899523,0.0,-0.0025879490502534242,-0.007346990841847597
694,0.14037351572925827,-0.016771169030140354,-0.030803746750669592,0.6526772313027845,0.0011390273340250985,-0.0759160562171532,-0.0005171430665193508,0.005925790912717999,-0.05271093789991999,-0.010935558072185532,-0.004665822656739872,-0.00026825334392019536,0.006971513862236174,0.015649442249929438,-0.031980278597247246,0.008759026472472812,0.0024359842988059335,-0.014002500318490388,-0.005410483262416186,-2.735250846223194e-05,0.02451023816427385,-0.00494521427343024,0.030159190256728877,-0.019739184686009804,0.004295774782573365,-0.0008193172389212508,0.020832013941435627,-0.0009436752443267014,0.00011636825635642834,-0.01939195626070582,0.026220451197865167,-0.04010435097273904,0.0010965441888896989,0.006801118917069079,0.004883935787766199,0.0007887058655066631,0.0024671000222905286,-0.0010820615192709548,0.0,-0.000535270306675046,-0.01153165286906831,0.010672768019475313,0.0013566548853399336,0.009735929952887358,-0.011246169699760406,-0.004270952317533226,-0.0036627212376849814,0.042642744694130715,0.03291453707851017,0.03694720526258974,-0.0004213412126305776,-0.0008279304582152937,0.0,-0.08189491759166698,0.01551751144628868,-0.00033353379246260656,0.00010588631028144089,0.0,-0.003494948060796806,0.2873010821820298
1052,0.0847443408191246,0.051244965305655844,0.07666746775107375,0.5513330835028982,0.0013040832035233587,0.10557628936970198,0.01869271832782827,0.005222973538327935,0.7306400790419515,-0.007824353821971372,0.00048597155173110896,0.0030264265607190684,0.015570876531879507,0.01672274622307823,0.00023195387890100262,0.008038647493641658,-0.00837085451464355,0.008741900581026725,-0.004218450942807324,9.309640782886042e-05,0.016532065757487092,-0.003977199564700879,0.01179044035251843,-0.016320187724175303,0.006260853031900293,-0.00025415788608959105,-0.001285570381944251,-0.0007671638428052536,0.00011636825635642834,-0.030001123513385276,0.016856842050423315,-0.012631537427580677,0.0017562376773675393,0.00916653263259261,-0.006882159455458137,0.000639307367471644,0.0011848560805204492,-0.001037595800844947,0.0,-0.0006125039740009985,-0.008303399276036537,0.00825577149939144,0.001375393680000543,0.009611196272502075,0.08947008562603387,-0.20864735984384736,-0.007395769316058952,0.03621872809047887,0.039150719380713295,0.06827355249651543,-0.0004013004044864492,-0.0007674793082019483,0.0,-0.04311223613816319,0.02474411749102104,-8.053685285000911e-05,0.0012201429617195625,0.0,-0.0005031909748806415,0.1661817010693784
2192,-0.0032992529771800378,-0.062090498966219966,-0.0482798523588135,-0.4253536352401456,0.0008510866768498723,-0.057522940884399555,0.006715465517304331,0.00402064151876862,-1.044174871521401,-0.054779521430637405,-0.018048005323426493,-0.0023914082645599462,0.0204248167916487,-0.05527126696037035,-0.026509539081161555,-0.024676811431855263,0.001625343214608806,-0.0027877811724615863,-0.004817726762606556,-0.0021951345567481446,0.0403506985743867,-0.004882157237831763,-0.03813653507444543,-0.027410340272141277,0.0072094726398832,-0.0017660557148890855,-0.005614359669600963,-0.0011656801459822004,4.73118084016688e-05,0.02503922195295302,0.05812286447328843,0.019883820969918982,0.0013330304276369124,0.003384076273610759,0.008950528017674826,0.0031921828636634446,0.0017145705392141177,-0.0011332721348692259,0.0,-0.0006065823990361586,-0.022655751017097086,0.011031050812520034,0.001307150441379669,0.010487788447289266,-0.024876890240949797,0.044643266112206474,-0.00828512660732297,-0.16203102547638576,-0.04097035683064532,0.003948445978610025,-0.0001837259943758674,-0.0003769511289909454,0.0,-0.1826548173622611,0.02698826229678916,-3.240000423149675e-06,0.00010588631028144089,0.0,-0.0007891890182080151,-0.055683507073042406
1354,0.03302439878768004,0.008501645992308814,0.152990852679693,0.32917202152069375,0.0009352041590898079,-0.2637976225162061,0.0005120399611415097,0.004338320076663085,-0.18696996255672166,0.010967197780635407,0.001307676549340256,-0.0005016881159264247,-0.039178039418250855,-0.011590929676491129,-0.004183402095531128,-0.021416493552314824,-0.012111488975963874,-0.0032417919327333605,-0.0060689976689688955,0.0071957621543566495,-0.16757884671757425,-0.004985555531995291,0.033436731253506005,-0.02951391377242444,0.006240907519398321,-0.0013865652625227418,-0.01480204099010644,-0.001043967307575145,8.027411512829616e-05,-0.009688463013722321,0.027244845607714313,-0.04887100838071662,0.0012930058243758936,0.006797434079275848,-0.022065258632963138,0.0037010482496484297,0.002059256511382757,-0.0010775999991689362,0.0,-0.0004569846779464931,-0.015330085405998251,0.013658847093902369,0.0014348012812890685,0.00795283632865034,-0.05088968023771583,-0.0008721266692037103,-0.013719683748691657,-0.010137571940739847,0.005462345492912883,0.04000364138934495,-0.0004197723359795921,-0.0008284789471651478,0.0,-0.11644873668113633,-0.11637480656822641,-0.0006687946366884136,6.520130688246742e-05,0.0,-0.0008194304859593891,0.07546098521407761
728,0.1334329857807564,-0.10539890677153138,0.07706743819151367,0.6454450416539207,0.0016114544976162113,0.04780633758749719,-0.009498873028455854,0.007754819443098262,0.33251544613453554,-0.01000302211685934,0.001761340832151119,-0.0004534502569263206,0.010579577756924825,-0.09200252188719762,-0.0048086628821481904,0.0014467203146381362,0.0015759877122341094,0.007262684877646955,0.049577441050560625,-0.014461820758451717,0.019541424354403893,-0.003670340960375401,0.0027100406038791766,0.13214942971648633,0.0016958944290675173,-0.0008109442338299048,0.0031428680832856475,-0.0006777032117066923,8.37108675169835e-05,-0.01998269962533295,0.023658034139768424,0.002805918490655318,0.001387122294209398,0.005277993039427206,-0.017017149453581983,0.0019144214596340864,0.0022246323456951884,-0.0010803124433342662,0.0,-0.00042421444321956116,-0.00850643033818784,0.01020263895641709,0.005798299434531896,0.008361206311252714,0.015801047797810257,0.02361059005878662,-0.005510263429557366,0.028897266488248145,0.031977686748395566,-0.08198539052332221,-0.00040191940903669545,-0.0006655647447282125,0.0,0.06802272758921891,0.011236291946175996,0.00035935061671872495,0.00012458346896899523,0.0,-0.002672488649714253,0.22762873235407585
885,0.12788913141477493,0.09823198188122327,-0.07863009224252707,0.5282341777018162,0.0013350805728688368,-0.07324754599011188,0.006612828363319037,0.004607312698565246,0.05636927754515236,-0.008402663893252798,-0.004485913102417899,-0.000677250289190076,0.012189220049063254,-0.050513560312215815,0.00429716111294378,0.0035782261957214376,0.0022581404418065376,-0.004993291534886356,-0.004010662501297499,-0.00038247692867558465,0.02151281077205396,-0.004225291494040105,-0.04332355454985829,-0.011529348972595476,0.004712943948271722,0.00033927688834941715,-0.005129587552688556,-0.0009083528938889119,7.588963105375449e-05,0.0900603299004019,0.034053010043594414,0.007358566549497662,0.0016091534290175384,0.005269874834129105,0.004508275559030571,-0.004620521949016581,0.001485264411588285,-0.0010989785728824036,0.0,-0.0005368607948217847,-0.010859395675466047,0.009652159101973501,-0.038699359319016566,0.008908622864613963,-0.037013820707571615,-0.014053044308810278,-0.004183178323805685,-0.019641406832297745,0.026254813157211142,0.03792379577430474,-0.00018633833684660815,-0.0003757727682951181,0.0,0.11743293120712875,0.02850885650754219,-3.252905912427415e-05,5.750259631789073e-05,0.0,-0.0005584815182693621,0.20649708138299908
808,0.11358124374209756,-0.1489314258349537,0.028682824087474385,0.5592755168921932,0.00170419976153816,0.10024765719395393,0.008013966326465219,0.007507814418303439,0.20342631314531695,-0.008520136392340184,-0.0027272207900433812,-0.001122520146015558,0.011974483342414508,0.03527315535568516,-0.006345161777084957,0.003625989232862468,0.0018044603146205721,-0.004029708082374943,0.06666940147126067,-0.009610396998785688,0.016155418627623607,-0.004051700811916435,0.023011936305046905,0.16682313996838188,0.004509269870306622,-0.0006654623532574834,0.0016975488655576341,-0.0008429102298060962,0.00011636825635642834,-0.01841063876953345,0.02184535016290217,0.008641076876109544,0.001056195852683167,0.00718228740466252,-0.0013966418926647432,0.001852446831455992,0.0024942592676182322,-0.0010867525719006623,0.0,-0.00039746906734938715,-0.007310929122386948,0.012751633519065832,0.005748689201938314,0.008598017457078064,0.04042998199415146,0.009782129513619996,-0.003102344820271284,0.05922765750499535,0.08430677073836619,0.0676958369918094,-0.00039887849103479575,-0.0006603038183426621,0.0,0.10069350064154207,0.018138870815660305,7.035670619690419e-05,0.00010588631028144089,0.0,-0.0007504334312670493,0.2021983878256799
3733,-0.29442128127525846,-0.17206848845913808,-0.39230454350029653,-0.6158865764994571,-0.004061170033672417,-0.009438062268053394,0.10281254972510546,-0.47611875306640844,-0.35599749947319786,-0.03272408625711599,0.0034667809599697556,-0.0005557737490656773,0.02454932332406335,0.16847432891300118,0.026402647355341365,0.004145428506700193,0.020286613573562963,-0.002723753386135356,-0.003123925024973959,0.025695354117609204,0.014904315364917053,-0.003151921559693408,-0.02768726531261269,-0.02040926028484239,0.007461071813324385,-0.0009136065087683142,-0.015130068454226814,-0.0002764090355384157,7.514749743920036e-05,0.17069464459542125,0.03583876388307479,0.0011442446936539754,0.0010803123269132343,0.003645169153551918,0.004295888313091381,-0.005461134781233238,0.0013611163649691251,-0.0009554160249163866,0.0,-0.0004410533636573381,-0.021785871359934608,0.009028841184341883,0.0033921334431763614,-0.09759870268187795,-0.02224199307611583,0.08265992664621435,-0.012874368929802182,0.09568554332585867,-0.002223064334609023,-0.029590645662314643,-0.0001765859153132126,-0.00044335985809324397,0.0,-0.10379478743684847,-0.12182921948714123,-0.0006010494334518589,5.41565759318948e-05,0.0,0.008338837957263904,-0.14041574868928522
3425,-0.09881407547794352,-0.11658234063554694,0.025751557766056785,-0.6686048371356996,0.0006197527137666999,0.11545298627192811,0.013614417974401341,0.012309601598074218,-0.27138937088654796,-0.04925402824476742,0.0024110008244890234,-0.0004987144442630879,0.02932391488183807,-0.04201851779346225,0.05203828743044557,0.0030341306087161572,0.015432229732544036,-0.0023642616051822666,-0.006601996153909147,0.0052806979838595095,0.019708420597498003,-0.00404450920076844,-0.009262301757641306,-0.030061111704709268,0.009982983774795597,-0.0017652141884703255,-0.005349990334572257,-0.0007329578266586304,0.00044992795365410813,0.001643241908473681,0.04142878794738622,0.012155977805959013,0.001913723695386832,0.009074610743098257,0.013229969932044873,0.0030836217921133705,0.0027442566977531487,-0.001132242139241705,0.0,-0.0005737775834122035,-0.018428758423284897,0.013658725121338623,0.004407855285291762,-0.33466809087195193,-0.08107271488131049,0.041884275191113006,-0.00808860087678517,-0.0419851152117266,0.025133960997310297,-0.05179312900589068,-0.000273703285068899,-0.0006975828890187861,0.0,-0.10997303113739582,0.027307702212255952,0.000335788830507046,5.41565759318948e-05,0.0,0.015064849921102404,-0.3280561509034651
711,0.08974458748233848,0.01257961734073725,-0.16918108445484786,0.5735485715025862,0.0022875305365998976,0.08803855779617938,0.007974159322551504,0.005258368343882224,0.20447113059902208,-0.006751363714263098,0.0005972931397900556,-0.0006060512821486084,-0.1007572094778732,-0.07707400788215493,-0.003804115338499332,0.00965695933869986,0.0013829538809839656,-0.006480246847289193,-0.003929216577311255,0.0009136775240588102,-0.07416180353238588,-0.004070708569451912,-0.024792606914177704,-0.016745408907081108,0.007889949435368328,-0.0005865929248067087,-0.003300179297749579,-0.0005953032673668734,-0.0006149950864972904,-0.020041593838771556,0.02417419957429328,-0.008728755234101729,0.000946002316007692,0.00451384665528191,0.005279473187032194,-0.0019362925833322497,0.0017194481370821097,-0.0011175671687379568,0.0,-0.0005750599425671264,-0.014871319183492918,0.011458260540726444,0.0012671049629435348,0.009351999677741819,-0.018047189075293926,-0.04365498934296273,-0.008216447350941456,0.0003120521684386576,0.016786504432677474,0.048646472923168746,-0.00042787902216170296,-0.0008163949854296691,0.0,0.13011248001272735,0.015195666480350917,-5.3372095561743994e-05,-0.001610236581537376,0.0,-0.000563719154163218,0.1956056621856291
1037,0.10410600615387462,0.007514601654209491,-0.029379725151695374,0.46141321650932327,-0.033718040114031345,0.31590817484977407,0.04081746067346918,0.005386359727186186,0.3183260831333444,-0.007112410359803725,0.00080464775977309,0.005423567898038721,0.019174123568783463,0.033237921328272295,0.007594733542392693,0.009905034275596391,0.0015270277968208441,-0.004693414995372684,-0.0025894535307902492,0.0015314809522203815,0.014889464115328432,-0.004137431941229856,-0.02602119583526899,-0.011380318953485204,0.011207353811379802,-4.843606634693263e-05,-0.001820464980492074,-0.0006680543057312104,6.529309921392332e-05,-0.02504840395697754,0.022490660019610555,0.000957849890375361,0.0016175702411578019,0.007327926723643797,0.0008243606125008006,-0.018765884623061783,0.002041131272971225,-0.0007375896941895902,0.0,-0.000527969534538992,-0.00715464857882906,0.01470279189591321,0.0013098962624751443,0.018188937893758524,-0.0001853718762940159,0.017527787941621766,-0.006004234628091774,-0.0478565628947169,-0.007227205739028805,0.028513401955549078,-0.000389464304415133,-0.0007964588294880963,0.0,-0.04924549434857019,0.027483143598966624,0.0001685304195669287,-0.000314503996187647,0.0,-0.0006531251972877383,0.15372628926667162
1173,0.0991647940403315,0.06050028094141384,0.020636892099672753,0.2959366811359742,0.0011343036493648344,0.14233690387478748,0.008170450578653891,0.005079177206778264,0.32590759220264043,-0.008868771129352198,0.0006809875185726361,-0.0008597527453951678,0.011392371793839492,-0.050722181784596775,0.001215985863487823,0.02017614724047505,0.0008311309501793193,-0.00394495097549563,-0.005097840743561462,-0.00041031909112785523,0.015167946900336566,-0.004265900852696849,0.017674430328588536,-0.01734987933409597,0.00837037206795055,0.00010643015793475284,-0.01597873892101309,-0.0005130555058173267,-0.0010825232087431727,-0.030554322261588395,0.026095952476151554,-0.0193000171915359,0.0015746930170385531,0.009733578172946174,0.006878516059730522,0.0010979117532809723,0.0020244154591570885,-0.0010950649027681543,0.0,-0.0005002895398459935,-0.00974339104839414,0.014570608902344977,0.0014075762129583554,0.008558341945682313,-0.005290202364980218,0.0004186220195143915,-0.004309891703917678,0.005027949333216838,-0.02287947142818936,0.03309795462326897,-0.0004233116044247685,-0.0008068111574547947,0.0,-0.07705139538042631,-0.20631458507786424,-0.00035844295366613764,-0.000314503996187647,0.0,-0.0009899292759566242,0.08158131516604879
2639,-0.2059681705896693,0.06607792948242472,0.11636165573548332,-0.47016817233503133,-0.0027626473630304638,-0.1601797205665419,0.007648367420861453,0.00979582983630861,-0.14155320501093446,0.04590795764508718,-0.0053186848200534485,-0.0005645263406881428,0.00590859062721902,-0.012272044695767094,-0.00894629816200526,-0.007547458156890489,0.0036324555639877802,-0.002751410422695131,-0.0059841059215681395,0.024760759872368546,0.025927928233367224,-0.0049844944639606,-0.08057947365245544,-0.02444748433041907,0.002118666084905071,0.000139384983352433,-0.007623101096101785,-0.0009012718446612465,6.767194781022902e-05,0.018894738456319556,0.03200116741494959,0.008618942198976519,0.002391006416705743,0.009019302205640718,0.00017294034352938873,0.006777146561442566,0.0020300359734733986,-0.0010875022649423421,0.0,-0.0005594627093133262,-0.00674151630135251,0.011403509533174528,0.003499635479362134,0.030050875222567018,0.08820145274123219,0.05549995538780361,-0.010370540200506121,0.04335920927095508,0.01078902780235412,-0.1236644947643937,-0.0001844617854269961,-0.00036721141809650316,0.0,-0.07901830256827966,0.03117778538479532,-3.240000423149675e-06,4.410880769838943e-05,0.0,-0.0010018017957650741,-0.22819330605182458
877,0.09735224132850046,-0.008423577459708053,0.05285945668794038,0.593784061434269,0.0008829478760259426,-0.11358278995553568,-0.06868321158178857,0.005213385738436571,0.44221506593839216,-0.010025172769407686,0.0007733886631353852,-0.0005670908230517905,-0.034685902023705306,0.014571010330378359,0.0105409045713847,-0.011981439670033664,0.001924640527179488,0.024432045478258335,-0.006600344060176482,0.005401031850146494,0.024144822243876235,-0.004488876566577104,0.039481283509156216,-0.01249628139063012,0.0038397493355938612,-0.0009250898179587003,-0.0059597811898145355,-0.0005849085430666544,0.0009194858796732625,0.022907697908681805,0.025567692703016544,0.017314393980406153,0.0013207420507434023,0.00579780400257968,-0.00404822856250155,0.0020609650718800905,0.0015928673424336708,-0.0010791710618734797,0.0,-0.00046738714135091436,-0.013143920162948002,0.010041205977476597,-0.035838681303882854,0.008644618959801648,-0.005293058973091042,0.023936563389594184,-0.01061887389646611,0.03745360481189125,0.0011089710534547433,-0.013812364236453661,-0.00034927894077402147,-0.0007940347622864544,0.0,-0.056413095733543805,0.005711631070676266,-0.00023342749853598127,0.00012458346896899523,0.0,-0.0006346657574715518,0.19315396841365967
1155,0.036256058703488706,0.1745220940055894,-0.18123809375770458,0.2652163945466585,0.0009026217711650915,0.331737042152542,0.014406784500528909,0.004689027138065427,-0.3667425286646045,-0.010160986530820528,-0.005138565682153608,-0.0004387901473151592,0.01867853278816831,0.02872689886463646,-0.014125804416093735,0.03781610325351305,-0.023223986546742934,-0.006208863498042107,0.07971825469404312,-0.0010741178753622626,0.009728241310444015,-0.0033408473907931926,0.01550216567032709,-0.025650546998783445,0.006788413292055166,-0.0012043944457563421,-0.0042395762249911075,-0.000981801025314397,7.588963105375449e-05,-0.04346766885453795,-0.3354624857641222,-0.01003187595643069,0.0017511379359714631,0.005482798172584134,-0.002026963721319727,-0.0010582515974465478,0.0017519119928596724,-0.0009116505955532692,0.0,-0.0005718904992647661,-0.00999022898568474,-0.41343161059487565,0.001474670157252268,0.008790055710303104,-0.0021572089052704023,0.050449248254639485,0.06845436017648092,0.03398318394261079,-0.08894115099831704,-0.07398237621032014,-0.00027652331547586866,-0.001143532539170905,0.0,-0.07617493897587713,-0.10778919537478772,-5.8443848181409625e-05,6.147311282376768e-05,0.0,-0.00042870208744800407,0.1025861557566332
1271,0.05087895266340314,-0.00838571690854896,0.08370007698932126,0.1604005700539398,0.0007524309926034108,-0.25054038432803233,-0.010628084313215203,0.004103109245179479,0.3332673902371902,-0.00886041403624228,0.0006461907027603696,0.002004454276592438,0.008535592345460955,-0.004667265936184508,0.01970746384252931,-0.02251937800631576,0.002507239631766698,-0.0027348602311742234,-0.007034885740242906,0.00026426572568120574,0.016737485391218457,-0.004617054011397875,-0.06308226975444733,-0.02214000211919829,0.0033115044944028536,-0.0007728540936279872,-0.013613770666916474,-0.001002133386270324,8.027411512829616e-05,-0.012933482577426525,-0.19233257970960327,-0.02032576825344919,0.0015460729706474811,0.006271032331119384,-0.004495571551128015,0.0014592445710989626,0.002174044593128122,-0.0011195269009959834,0.0,-0.0005047514792857885,-0.014944380504165846,0.013391024655903068,0.0013196750673560727,0.008973424740963822,0.016247481976771765,0.0025865315512317295,-0.011671683025973887,0.034479586499340104,-0.06989232252477484,-0.003100473959159316,-0.0003560384780471608,-0.0008368650363787117,0.0,0.16308802970358297,0.006424279360441463,-6.66548122277715e-05,6.993256874923913e-05,0.0,-0.0009951196839683013,0.01865636254817776
3698,-0.24427159208839364,0.0766623367066377,0.13650673350892703,-0.6040928283892274,-0.012878254536520521,-0.1256021121461475,-0.06292222050639312,0.018089544517395487,-0.06828160642148517,0.019000991630978917,0.0008406048301892856,-0.000853353296457842,-0.04962357140594168,0.05658494982916756,0.03632603351953701,0.009137861310052335,0.030054565106424156,-0.002429240630097082,-0.006130935546999106,0.004299351043652045,0.006815991173344135,-0.0029130708640089254,0.009808521260124138,-0.007397142283033806,0.014618892386277576,0.02157989918093106,-0.010405137031827745,-8.677240134123954e-05,0.0010045454516667872,-0.023332747434817554,0.025019906967526217,0.0023515422232634796,0.0035290254167458217,0.011673927810192752,0.0036575282692410268,0.0032557447537997137,0.0022828209222793294,-0.000699242420759782,0.0,-0.0005802861654681362,-0.006926114970108712,0.012060284649063275,0.00538787343370603,0.021551190699356442,0.06321251522676952,0.056826959420943235,-0.007407246929223317,0.0816896568857137,-0.20243261618603753,-0.0415774200966842,-0.0004842089431328452,-0.0013209557357302779,0.0,0.22945732801025442,0.007884354535213174,-0.00023729422279849467,7.285373461944912e-05,0.0,0.00855846656050917,-0.03380648999882404
2728,0.05901727140631439,0.053471908987886715,0.08363136982206344,-0.4405139485608624,0.0013097588242212304,0.19573892640077015,0.013120268729810062,0.007247998121103134,0.32016895511184784,-0.01519026624611498,-0.00010111288915877374,-0.0003855875870020938,0.009323957149421549,0.016773026797672317,0.002218917844766078,0.011390447880664291,-0.012608138204613298,-0.00279024647100323,-0.003697323603452233,-0.00010152195660214917,-0.08377877033370802,-0.00378164770503624,-0.0005915593407432683,-0.016684589457968253,0.006397803571553571,-0.00015970004069394578,0.008719912501021856,-0.0006106667741150765,9.286709089435242e-05,-0.023321691489309817,0.013921387976928695,-0.004102197656613435,0.0024214626189202745,-0.3428325319455647,-0.004953992256548708,0.0003210951975687786,0.0020323298389806335,-0.0008612241057486239,0.0,-0.00048647291321936444,-0.009833496733904212,0.01702615904375645,0.0014675134410882923,0.01222524854541154,0.0549095213477943,-0.042967373486304146,-0.006192443308248977,0.07013320136267168,0.0015349387751778282,0.015306977409622419,-0.00038576763971352165,-0.0007666696391177986,0.0,0.18402599129347394,0.028440154699658115,0.0002587044175230271,0.00042253562356321184,0.0,-0.0005448071871692379,-0.18367602979968467
2902,-0.21189052565774794,0.06537433104400346,0.11554615107864022,-0.3902368897710394,-0.0010145511272358376,0.019327302045149215,0.00037253527756032976,0.011994768491421205,0.12102817724804471,-0.017039154969959117,-0.009580343837740575,-0.00046885345768947625,0.00692847962389937,0.017674513343699735,-0.03870164551844751,0.002375914214357813,0.002631984892376198,-0.002806110142356421,-0.004020302645172734,-0.003731657245469035,0.01778661049286399,-0.004257094662213149,0.015833064447162246,-0.012995449226973644,0.0013916892423907461,-0.0009689701941614833,-0.0033112854829850063,-0.0011047609926171569,0.00010426578343485303,0.1030934117429887,0.023752924602963788,0.008542276923102181,0.00328691035991341,0.010440802481484211,1.7984482197886308e-05,0.001470601979300571,0.0026106205014165542,-0.0010829454004849708,0.0,-0.0006082733049983957,-0.01147482149732786,0.014053712781859254,0.005582308035968686,0.027736267325707612,0.0383588830984615,0.07085808245270789,-0.009484537209908307,0.11311637022682308,0.016170691492005753,0.1506515216035,-0.00018616178244778564,-0.0003674389391477051,0.0,-0.06724530517320611,0.04913044566733439,0.00012431186986907745,7.285373461944912e-05,0.0,-0.0008963095852002431,-0.24456656920387418
1652,0.06277313948312384,-0.0006030048100823354,-0.054462550888563714,0.14165128912209482,0.00113835693809391,0.34190442345870564,0.006793456932512756,0.005074890255581451,-0.7180223650784516,-0.013517997114651568,-0.0022950435263865265,-0.0007258618106447709,0.00917331632049646,0.0351808454389896,-0.008539599224921887,0.00856370942620628,0.0011817072597848388,-0.002781727168193488,-0.003265450664863244,-0.007616874067738891,0.027186973745727382,-0.004017279853725365,0.00301165737375962,-0.02116633209686996,0.01113454667822201,-0.0013980961362200334,-0.05676068175978533,-0.0007989669397333154,6.583328508424625e-05,-0.016717518464164482,0.025875891719511532,-0.0105330273446517,0.0011237274144316933,0.0055858018821247,-0.0019438465952678723,0.0008821324525092568,0.002209247150501185,-0.0008817722383198035,0.0,-0.0004991956212280723,-0.02017347714317881,0.015088864703994006,0.0014242453749617775,0.008975408989676687,0.02347828654794831,-0.06932060799127357,-0.0035133020053234273,-0.07102755213270864,0.013749415718356072,-0.1437271917677033,-0.00042298688686850505,-0.0008169502919893306,0.0,0.3064899166252725,0.03971221154003761,-0.000347743227456082,0.00029440892722138584,0.0,-0.0026115403393476805,0.04783837986153011
862,0.00995979728178387,0.07304780576258141,0.013448230880326312,0.5352913165608036,-0.016800778038584523,-0.2548743938633732,0.014424493385433276,0.006046500757733323,-0.3731347516268842,0.01830957196579579,0.0018045031992911522,-0.0007848472820421699,0.009217665068792062,0.021483982167190954,-0.02252889887764534,-0.010277764791286993,0.0003381214190847861,-0.00712737570188902,-0.0048617784813048725,-0.005732728932616389,0.0282121002962361,-0.005229508035809056,-0.06155678220046442,-0.021202328318967227,0.0074989200478154236,-0.0014064921239361667,-0.0038436103146109787,-0.0007013883307813564,5.9054710741850256e-05,-0.027560088053332824,0.05564438916375834,0.01577286295252031,0.0024746825307063744,0.005826002293122563,0.0022332980145236448,-0.008358811713466658,0.001826549233951413,-0.0010486082278822937,0.0,-0.0005790471654209791,-0.011538013851860223,0.012088116201625473,0.0015300845184318369,0.016231334966934248,-0.05353649693942374,0.0263605086845879,-0.008603955591392232,0.041237288417189426,-0.23776250341196803,-0.02645402586386616,-0.0003364409515094965,-0.0008900156349522894,0.0,-0.08759166659990072,0.03448021661918687,-9.409917215407055e-05,0.00010588631028144089,0.0,-0.0006343440172610248,0.20916713142164095
1495,0.0850301315474655,0.015453044207439936,-0.06559870866937888,0.2914070119019945,0.00015448255123351392,-0.0590869985231893,-0.01535632610248192,0.005661251207229723,-0.226077126645686,0.023694422860154236,0.0008510725957066316,-0.0008522223197252783,0.008494015664878993,-0.02438963951197837,0.009186312521475677,0.014283093501558524,0.00527870207271138,-0.0030147095052750535,-0.005516343559011635,0.0020819197779676467,-0.10770095270912375,-0.004899953898868442,0.03218010763472593,-0.022422489119883197,0.007332351999889725,-0.0008128317099061046,0.044188428016109955,-0.0005426754309982419,0.00011636825635642834,-0.021398034596652446,0.0368282881774233,-0.0337361826997646,0.0008655079319371397,0.007984931014962069,0.01149349450092264,0.002189903846886541,0.002761188683123664,-0.0011342922089231549,0.0,-0.0006651249494972654,-0.009184105292670363,0.016833903988479317,0.0013754552669455907,0.014041147958600135,0.014754706495292078,0.03993018573212886,-0.0146581191371486,0.05063249618385362,-0.1366516151407446,0.04156166533268293,-0.00033362227083192833,-0.0008486045473076302,0.0,-0.10155608963931878,0.006030784427662767,-0.00031627863430140813,0.00010588631028144089,0.0,-0.003915191941495041,0.051102257225818834
3506,-0.021085743222094114,-0.28848929715120375,0.25042006670829947,-0.4920238149527663,0.0013371735450511228,0.09038482916891469,-0.04117995084938938,0.01587041975702485,0.18672728263254582,-0.0135594364899142,0.0039036227063618096,6.4475381616207e-05,0.018605416957531443,-0.09072461307358894,-0.00010696389239393426,0.016841297470720048,0.014229822109910353,-0.001108411934534206,-0.004743654410092876,-0.06102101849898245,0.016376956678273845,-0.003393731040049428,0.004757816536620336,-0.020217743767621855,0.008079619765730073,-0.0007800372704072095,-0.020061446391491173,-0.0006805983919191741,0.000467007728490504,-0.015963258469349553,0.03405659836634736,0.0009849911245276663,0.003500564725663304,0.012214467786266265,-0.004402534741121974,0.004811970857299358,0.002627047299733052,-0.000977875131522183,0.0,-0.00042818189913991636,-0.019385391168408095,0.01790239071695112,0.003977828384741633,0.012849838544222617,0.07036187081565475,0.033141729591435,-0.009111054914474899,0.11058092533191631,0.05344812091333117,-0.012396331293819993,-0.00026788651466957476,-0.0006611325613885778,0.0,-0.07061032437577956,0.04407017398510425,0.00021854332567626417,7.285373461944912e-05,0.0,0.010024535078030809,-0.1842385101928396
2226,0.1199387674752028,-0.043371632820796334,0.014313938350952547,-0.2642332274956183,0.001033637561919588,-0.0688865965192484,0.005014379917534524,0.004580556724139092,0.6664874446834114,-0.017317063913997975,0.0014645514326068762,-0.0004829854176786523,-0.04442066505020594,-0.09884863367722084,0.001224260802789539,0.0071002033052447264,-0.024708125412241443,0.0013061694595269185,-0.0046148122032948725,-0.001187059527060533,0.013529528693171854,-0.0045261160039760245,-0.03493405795914335,-0.014704040943080076,0.004499783895889353,0.00316453658450223,0.001981622567557478,-0.0005649396835564956,9.928848152003247e-05,0.1322633524962398,0.031784074665860966,0.007271538006942897,-0.04427998873357174,0.007396730191265277,-0.023701662711617406,0.0030099956593027956,0.0012072628649255279,-0.0010752187669098505,0.0,-0.0005097582953000016,-0.009847867854091977,0.013200364248959307,0.0011571278966769224,0.013210930865186675,0.00041515925386972024,0.021579327767588568,-0.013496205109367897,-0.04513247415392861,-0.005273790575850644,-0.031049770230643977,-0.00018589987411412226,-0.0003829156802095359,0.0,0.17876333008627474,0.0037789451085429335,2.9021280156214632e-05,-0.0005791332888862479,0.0,-0.0009739887096522398,-0.23979802542982467
130,0.1807535988892564,-0.019673352031017458,-0.17940965933605427,1.0954350644266895,0.0015027734362077474,-0.020919337195199027,-0.005150771682873445,0.005170608632523569,0.6891140049348851,-0.006339567065762746,-8.106943509277562e-05,-0.00038829046354713873,0.011097028716792627,-0.036089767489868085,-0.007524150744831359,0.004245208882567563,0.001628455483790216,-0.010589007059977791,-0.003511298600965886,0.0009644606072124849,-0.058105090591106585,-0.003852646949992298,-0.034171530243531076,-0.015820328073962782,0.003879085523055106,8.977882022855373e-05,-0.005562598482712361,-0.0008862255377248724,7.588963105375449e-05,-0.021190205947709213,0.014250945571240285,-0.009595042298140042,0.0008547265666754265,0.0040073760553541345,0.0036735710173038923,-0.0022971763002025895,0.0007974420232797143,-0.0011008248577849742,0.0,-0.00032791969538688667,-0.01190250579044786,0.008645374926901362,0.001185865328020895,0.00724531832146367,-0.005828712752604919,-0.015449614052496069,-0.00961904770840966,-0.03097122453956024,-0.0009793017560791341,0.008792757980622639,-0.0004281830479251206,-0.0008199951677018475,0.0,0.1213423031055018,-0.014427838364765378,-3.162223755628283e-05,-0.000314503996187647,0.0,-0.0005825909711968123,0.6637111302273307
2220,0.0479301328324472,0.050137766077327235,-0.011529512795996446,-0.28971451921284747,0.0005731652606310506,-0.2822271695291098,-0.07349836039349786,0.0064910325515572615,-0.604634112029568,-0.03116574080020457,0.007769213406520656,-0.0007204778406631135,-0.03406965310916007,0.03787104625643035,0.05046551984327949,-0.017614291652560676,-0.01722099994323738,-0.0029318366293201374,-0.005038540289310442,-0.0031891435625059817,0.028869006311595658,-0.0052228815499334,-0.03503999892440321,-0.035478250294692926,0.006854078967269044,0.038321841068670724,0.0017677625865033198,-0.0014193210375120337,0.0009075104415416342,0.0140785904492134,0.03615354329459842,0.024335694358282572,0.0016201061863030425,0.009796246023061872,-0.013353438642906503,0.005610916457391816,0.002046239189660165,-0.0009137836113590008,0.0,-0.0005453891089707816,-0.020772086761272648,0.01510686274792054,0.001480890559088821,0.01051665344629395,0.05440135150759453,-0.0711578137069401,0.2159952757691838,0.12339290236810616,0.0018329502826831567,0.12613415758003738,-0.0003160919934461854,-0.0007367500045761977,0.0,-0.15815934417018687,-0.24368217635007575,-0.00013473666828084228,0.0011277088620342726,0.0,-0.0006130462778616821,-0.19568875649361334
605,0.10159533016087324,-0.011091607688089101,0.13055054781138156,0.5745613033869137,0.000988463576868757,-0.09430664528900302,-0.01084223778712965,0.005305160723476124,-0.5047728959355804,-0.01337967059721092,0.0022751026405141953,-0.0001751269182857267,0.005953229028680512,0.017297669423336586,0.0030449526949504293,-0.007177921972047657,0.0011069313504572108,-0.00912962863085576,-0.0055142642100438795,0.002549831298540037,0.028376512431060756,-0.0046309947897720674,0.0210131838316375,-0.0212646363526911,0.008059600570684753,-0.00180948380954289,0.09166178733856785,-0.0008397314293552323,8.027411512829616e-05,-0.01710068072205015,0.03827828063362488,0.013794539471867484,0.001310923127967604,0.005713329667334301,0.006483321833598127,0.003085530082128292,0.002163867620984134,-0.0012630659552341698,0.0,-0.0005673055364666195,-0.012808495192042678,0.009277252961147056,0.0013656973129267495,0.01051774809664158,-0.009121272966797878,0.027268435080305565,-0.007657146103015251,0.02361478477853798,-0.01426550768395991,-0.02070645529392263,-0.00042131936270374266,-0.000836217064714691,0.0,0.18903799151809508,-0.004805754161318042,-0.000560575678972291,0.00012458346896899523,0.0,-0.0034752118075440618,0.28113443919797215
2326,0.036309660549652165,-0.014593313853405239,0.11910678948065255,-0.3443697997653812,-0.00018645672518139027,0.11471509311808009,-0.017240357789915565,0.005424144065272994,0.5190892837028397,-0.017130229404338324,0.0010541494414730962,3.082610327962641e-05,0.010228850919905066,0.020527598677331744,-0.0009317373685054569,0.0151132968355431,0.0038399208906217384,-0.0015420600638761355,-0.005517636493697587,0.0011419979847942915,0.015457895601551792,-0.004829839293508524,-0.022495667487150213,-0.020308636570223297,-0.053831275227528785,-0.0008161592518288758,0.004506702852577295,-0.0012655279919247947,0.00011636825635642834,-0.021606920309087382,0.024092939809099462,0.0058631005234049665,0.0016755737883073067,0.009026962167313237,-0.025896796739599225,0.0009526951802252429,0.0025126375626131994,-0.001120719366825644,0.0,-0.0006052771250336475,-0.0070074184133544735,0.01844684758430367,0.001444622601643847,0.010580672229925116,-0.012114272043597139,0.03909917029226275,-0.007839676133497408,0.036123048452123344,-0.07542613278982632,-0.014804050502279408,-0.00033916792907584206,-0.0008882172565577374,0.0,0.1405283675281078,-0.037077993718010245,-0.00031186815604282073,7.285373461944912e-05,0.0,-0.0019957579957412385,-0.20287934044015862
3328,-0.31999737347167767,-0.060099185377595545,-0.03684261214175641,-0.7887022180280289,0.001233284618213034,0.0746047971543664,0.016508710574193994,0.012244895670004582,-0.2537421577734913,-0.02277154066435876,-0.0034495968912258714,-0.000959725978385479,0.022149339796637694,-0.0028029698518035246,0.017736764663114267,0.005868426348259657,-0.03129683265450197,-0.003140093761200989,-0.005723718981582291,0.014725497486792761,0.020979573545365858,-0.005051147271323629,0.040439509106609074,-0.037168092657968485,0.009966119684199783,-0.0014944027995522273,-0.009771229468511573,-0.0006730519791655922,0.000467007728490504,-0.009041518920089732,0.021768066799712285,-0.039470517635207744,0.0027082429405223996,0.010482514604667884,-0.004306259831812463,0.004246756060235774,0.00249853688264072,-0.0012737237496166951,0.0,-0.0006456464325489642,-0.0162304040655233,0.0119977725207446,0.004038410772421492,0.017451403229419342,-0.014665917419985413,0.02450910569738589,-0.007853171694708356,-0.07607452545472564,-0.06739064240163292,-0.055142159505070926,-0.0003789055487649602,-0.0007194574845862524,0.0,-0.10528228442553784,0.008254494108065185,0.0004387695848814389,3.641009713381273e-05,0.0,0.008802393400823302,-0.3484181857468108
1005,0.11705935516232929,-0.00936556776103991,0.03361546318836187,0.5802136779818708,0.0021802035666394007,0.2998113518498217,0.0006581777998228207,0.005351780213165885,0.2603239631324451,-0.00687784380402147,-0.0012368071222898925,-0.0006444804743804867,0.01266172246388938,0.0279307800596083,-0.010153587465698279,0.007537537548407562,0.003462381482301684,0.01300932631652706,-0.0026199357782248182,0.00028856942176796736,0.011222036515561548,-0.004054650757701006,0.013372394432544586,-0.012190178081672411,0.008757219205662,-0.0009563672414530135,0.0033164308100123935,-0.0007056853658967759,7.588963105375449e-05,-0.03102594541385288,0.017604159503606335,-0.0045503768509355955,0.0012092053805755555,0.010404354190330105,-0.005772772884961307,0.00028187346680195666,0.0018631411413962983,-0.000790183008038566,0.0,-0.0005153174569218238,-0.008353405402857993,0.012387692617799399,0.0012081023498586511,0.010750287867529655,0.06451681615055024,-0.2462903921818259,-0.002958937794217267,0.030895797260469246,0.03372981156355931,0.061959561869024425,-0.0004900341957099818,-0.0007981600140918932,0.0,0.09713506768358783,0.02163460117890611,-8.441213851669545e-05,-0.006167877041330307,0.0,-0.0005120401481235313,0.18863681581321692
902,0.09179998780459006,-0.0059578413037575766,-0.0991262104354898,0.7227901856422385,0.000755863517720718,0.09122630542387083,0.006766186652304373,0.004941206017811789,0.7410823516402606,-0.009431664418489479,-0.0016695886735721456,-0.0004562991338883909,0.014692715265560582,0.029952714104220506,-0.006837310451305811,0.0020110643113794634,-0.008137291440021495,0.009104773250713466,-0.002958858505465655,0.004671482951287177,0.009591201198090624,-0.003731317764955147,0.023426077972613295,-0.01888540834957967,0.004781806802428103,0.00036005584934678634,-0.002870890679684784,-0.000620694304702728,0.00011636825635642834,-0.025137608692169213,-0.11992189923714132,-0.004420625696656693,0.0012648988182254073,-0.24705023257445155,-0.004040912097964801,0.0007270964880431421,0.0016498790863497554,-0.0007031673096299896,0.0,-0.0004217906304423763,-0.009623269328411486,0.006257676109655632,0.0013770095605189338,0.010628193536556474,-0.0020220567627369543,0.009148911426461197,-0.004618836645573344,0.015404098569977433,0.11271558149553944,0.13869718682868334,-0.00040156885031603806,-0.0008346719407167081,0.0,0.09350867098758162,0.0006571478585812485,-6.0898745585719736e-05,3.209375014706321e-05,0.0,7.511450302394402e-05,0.20405753105789937
865,0.094107995505895,0.08922326014556488,-0.11049594441804049,0.545112354111646,0.002410370719509679,0.33262894175467583,-0.008153672049073822,0.006774471085142996,0.00821928216443913,-0.007531248107913976,-0.0009526169660928873,-0.0007112746645704559,0.018749059243976927,0.03101588108170846,-0.0062756446933174195,0.01076667571001746,-0.00975196410958054,-0.005616340993225937,-0.0035652954056702075,0.0008208770973115914,-0.07703751383391234,-0.0038803751022820016,0.016419349247095625,-0.013732021847972233,0.008167624183162478,0.00010596075400253765,-0.0004566633655593609,0.01833169379295602,7.588963105375449e-05,-0.025402635305878378,0.01629796154475248,-0.004042522901468208,0.0011792007804873644,0.006456383671164054,-0.005660850182691292,-0.0039233607137786055,0.001550054544758791,-0.0008409088003101115,0.0,-0.0004201878394711369,-0.008164738555629514,0.010770820485626751,0.0014270842087273047,0.011250037241463565,-0.01933912168090052,-0.0020510282241297207,-0.0034811314675854688,0.044131596995425196,0.04374549052008913,0.03549443535365468,-0.0004286730429072531,-0.0008074287741647002,0.0,0.10869518742092972,0.011150702996392894,0.0005437809195519467,-0.0005791332888862479,0.0,-0.00045385383055614,0.19714518187251906
1874,0.04083466178690685,-0.022165175964518672,-0.04420855089745323,-0.3285631882288871,0.0011689356389037783,-0.28538677039901417,-0.0009961067762174404,0.006105206082651543,-0.6289444153330354,-0.04684668278771825,0.0050588008149191135,-0.0008339073972766772,-0.04094409434781828,-0.04887588442664815,-0.004038827832299814,-0.04261349917889837,0.001304285686506502,-0.004469087799141526,-0.006446154292161898,-0.006013375145156212,0.03370493980141512,-0.0053841090841445635,-0.07176859628433203,-0.03290815423292879,0.00745831654430536,-0.0018595868955379978,-0.008713542903414173,-0.0008368969989263176,6.319434029190031e-05,-0.013142342273776694,0.0381934430439187,-0.05490430510181922,0.0012148056666828136,0.007255533108246333,0.008324200568948805,0.004727772981786104,0.0022086532800528625,-0.0012612548215818272,0.0,-0.0005418864469499383,-0.014969406866598669,0.015089849986156244,0.0014515563301040852,0.018332625177884893,-0.0222637824372786,0.007693684307593136,-0.014428933919618487,-0.09145098062572563,-0.05076469668228928,0.018606414637541088,-0.00041953477672002976,-0.0008333243196453915,0.0,-0.16962567453032437,0.05093134559170825,-2.74928139042348e-05,0.00010588631028144089,0.0,-0.0008070145850387494,-0.0009549230537273484
2801,0.034999609103706225,-0.004142457027426347,0.13472703557364693,-0.4401308118951798,-0.00020476339404315404,0.11300139206650572,0.011866193536930405,0.009224182853308454,-0.028317266428081654,0.05359083462805382,-0.005797972984972286,-0.0006228292466391013,0.008435882262169583,-0.05966024388253498,-0.0009604861503563915,0.00802926034012124,0.004086447818079299,-0.002186470644344963,-0.00516356014267164,0.0017533684902001218,0.0224539034923067,-0.005215812275773455,-0.0066329030369495804,-0.030182234326818644,0.00507118445533791,-0.0020016464112442597,-0.0032275869205105286,0.023829516278191656,0.00044992795365410813,-0.0032697351535806445,0.0338181705836031,0.007638091683764756,0.002287292407345909,0.010790377871003018,0.01003670779964909,0.00669109500970199,0.002453575429032521,-0.0010698698987521784,0.0,-0.0005996669857329503,-0.008841727980964588,0.01691406264634303,0.0014685913367408834,0.019464736791865042,-0.026838886310953963,-0.008314407027249796,-0.007535678806352646,-0.06224236653531444,-0.009290019143999817,-0.03814390896245552,-0.0004251310494343568,-0.0008166278982019214,0.0,-0.07912392327887206,0.024161899582552465,-5.043598596143425e-05,7.285373461944912e-05,0.0,-0.0007749493697585203,-0.2512606415697746
3665,-0.2310224784312976,-0.14903253662808874,-0.09486471168292675,-0.6105825308800046,-0.0027271491214113657,0.2962970684477988,0.03707995949661086,0.014012944186994565,0.4332376207862325,-0.02029311015804169,0.009439691661300207,-0.0015420423566728883,0.01640890611357205,0.12311012642259107,-0.00922033082976527,0.02265748466193727,0.013582365188025877,0.012873082149210877,0.08600550810637518,0.01814236935015669,0.019425422716581972,-0.004651385421863491,0.02655773482440321,0.04654131654687585,-0.02820571539674951,-0.0006329874166856169,-0.006780015322971873,-0.000406970512555324,4.7210645875690696e-05,0.00504602345867794,0.02001021907853717,0.005871691111686812,0.003431180886675103,0.0050742116109616445,0.022570886499649296,0.003465066669191344,0.0024845746821612084,-0.0009897409154432137,0.0,-0.00048346755204381546,-0.010194772001360089,0.01592183113440971,0.007264166036403411,0.0141384028789345,0.057294837387721745,0.06563756325101403,0.17473442524765986,0.013198165034617872,0.031883551502544356,0.0318242308540196,-0.0004392274692818266,-0.0008372529136179595,0.0,-0.049765321749249976,0.010089235415944918,0.0028478596886645957,5.41565759318948e-05,0.0,0.010631674719432846,-0.04969083519027233
2267,0.0026214756005922962,0.030532888512994724,0.036531938720735894,-0.38752816206598684,-0.022243676727348404,-0.11212379716484257,0.003225637278914031,0.006366536042517779,0.5585835162915401,-0.014563328585367982,-0.013923851791422982,-0.0006831996470634688,0.0058779020735290925,0.0380936717021605,-0.02324132564206107,-0.00456070553954905,0.002394071280200607,-0.0026753624238769706,-0.003538810333661642,-0.00015470133747742912,0.03028097147162623,-0.0050298094459317955,-0.025974773671992635,-0.018658398099784118,0.0025056482165853405,0.00018822343440581723,0.008734314762597287,0.021431892271421903,5.595341576892422e-05,-0.007970149760142419,0.023352955360248537,0.013428389264734702,0.0017563072265600846,0.0056945599347492295,0.0018330766206562617,0.00039755659214560455,0.0019824845691968538,-0.0010446109174068658,0.0,-0.0005152563829899741,-0.0076427466984443915,0.018142852151640642,0.0012862438120979528,0.01763534448431214,-0.005188123508201,0.030688966841608017,-0.005391843067582394,0.11210262903247818,0.002187056773265545,0.12809889669498245,-0.0004276139322799266,-0.000824376302793757,0.0,0.15513050792886132,0.02546700213394771,0.0009656796035913002,-0.00019914093942575127,0.0,-0.0008552270993722093,-0.23304443344430156
3363,-0.21057081555545004,-0.1165148248698972,0.025125975733926054,-0.6520930448507414,0.00046766877495736073,0.06560163567619065,0.08424395347156546,0.010562464743362369,-0.05730422248298099,0.09038955952559297,0.0012991366069280176,-0.0004669825751347692,0.016418110322355666,0.023667363636210883,0.03401201360553218,0.019462440909417015,0.008145008464048665,-0.0026146512114744204,-0.006197383205336765,-0.011587145896728967,-0.10457701321041209,-0.003539804360288237,0.01748152292317554,-0.023530152454888938,0.010505600809111906,-0.0017830475999671773,-0.007695303507228569,-0.0006035298003163499,0.000165333687121821,-0.005014672863474256,0.032060744175648345,-0.022202722228785696,0.003074298736705601,0.008431992719803475,-0.0002926594799642592,0.005543373486856155,0.0026516984949944873,-0.0012325551734960678,0.0,-0.0006506896992724795,-0.017090633641222937,0.012698897212376797,0.004173748668058258,-0.33230697775589757,-0.11311477408324351,0.00908041227619263,-0.01255863627653402,0.06264380479186558,-0.18012430559009274,-0.08169103373689968,-0.00023761165672203877,-0.0007115232594514988,0.0,-0.06581572471613614,0.04329326425454174,-6.860035281255329e-05,7.285373461944912e-05,0.0,0.009862493760686418,-0.3416861211724877
1455,-0.03822669291865261,-0.017335889779026607,-0.03346898914083959,0.1398242996696003,0.000847284092080971,-0.20932698121815102,0.026961892349634958,0.004444414125595787,-0.9805596238678034,-0.008375096231008539,0.002722242454821577,-0.0008290379547479858,0.007387196015241085,0.010593041701309425,-0.019878102567180134,-0.015182633188398936,0.0028501289084654773,-0.0035402585892351617,-0.0027833459337459933,-0.013871239197063482,0.04596467950427175,-0.0044250358713559396,-0.03253827676208146,-0.025096859558398667,0.006860169403427605,-0.0013673841405655743,0.00038473795858427225,-0.0013256212740411885,5.93679419306388e-05,0.08484435774107665,0.05082720709014656,0.025157642928555178,0.001131540740520871,0.0037219029724596315,0.005569264478161056,-0.0016134250109989324,0.0019019090720077767,-0.0011430809730307442,0.0,-0.0005823321820800606,-0.022447369276962,0.012979698136403563,0.0015130168951818987,0.006678537392000923,-0.0013812958341107898,0.05245760382737962,-0.010687781791210329,-0.021083323963139666,-0.18348925957665835,0.037813818963363485,-0.00016014667859755294,-0.0003872274065553911,0.0,-0.11632938878171971,0.024076189592684084,-4.5223964940696876e-05,5.750259631789073e-05,0.0,-0.0006336523539781118,0.002676384640661547
107,0.18908084663436817,0.00016206775820713247,0.015905630285099115,0.9675379734791547,0.0009273191040726822,-0.05834960612915902,0.0059423636605153325,0.006550852537604318,0.6605991241970056,-0.010312428800113202,-0.0034860141866566463,-0.000303255393021581,0.0072177495551961745,0.014944872188126715,-0.011125344028641758,-0.004201582975519842,0.00253727700887533,0.01856383840535194,0.10414723138830646,-0.0028763121909400895,0.020861120505625337,-0.0038171404177145675,0.028606385440204423,0.1439398563001781,0.0020773354758777834,-0.0006496306462260426,-0.0012282882960894385,-0.000837632852501721,6.319434029190031e-05,-0.003021983888306803,0.01503738022546377,0.005966235581138682,0.001253974342432463,0.0044292690597061415,0.007572179515179719,0.003134571245261989,0.0012485002039288298,-0.0010755533071869316,0.0,0.025170942086554314,0.10466832882569874,0.009880562041662764,0.00446416149631976,0.007378024240150237,-0.030869490403264383,0.0034415895518838465,-0.0028803439679658854,-0.032152979611475146,-0.011173790083309237,0.03488617678395025,0.03179792310001987,-0.0005050991103387109,0.0,0.11783447479090288,0.018190645829043686,-0.00044186841477394934,0.00010588631028144089,0.0,-0.0006798214108823588,0.5741749619887431
1861,-0.09642306386139948,-0.001550629293802039,-0.12239141831132547,-0.3467923377456196,0.0009174313397593004,-0.3708200253269539,-0.05053461511461976,0.006490656130032763,-0.9242268596376485,-0.08580512475247028,0.00877481469145589,-0.0011957722244258404,-0.06831637270097106,-0.12358673811213958,-0.008282165046651226,-0.028249708522914342,0.0016414190086824023,-0.004365780416790296,-0.00708773280160452,0.017824839256821597,0.03648564937078903,-0.005434838610247544,0.03816581999155415,-0.032546736002396756,0.0056177542688405436,-0.0018514240056908744,-0.016859542467931348,-0.0007030427282753168,6.319434029190031e-05,-0.006644112756687263,0.035900272550975706,-0.023271473053609798,0.0014356685612201172,0.007048740782086526,0.017473334115480403,0.0052423320177613884,0.0021831777285712377,-0.0010665805405710986,0.0,-0.0006706109815675171,-0.021824636226499244,0.012487679809425679,0.0014338659668946421,0.009787544708186786,-0.08633749885647671,0.015057369980686363,-0.014806690793972285,-0.24541072098110137,-0.0687978688890899,-0.029794682372278326,-0.00042018307958058027,-0.0008025922916064779,0.0,-0.18606483472875035,0.05443241650687627,-0.00034669273042145694,0.00012458346896899523,0.0,-0.007061428317467241,0.023970698026419133
3315,-0.17392432386662915,0.04204200567435929,0.10318744718202448,-0.602158927167382,-0.0002996388515680761,-0.05477869283148102,-0.009393516978103946,0.009383050412270182,0.37850979582104477,-0.012338287936149462,0.002739937700457904,-0.0006073691162327004,0.003591043036053236,0.006220736324351528,-0.02393308103370447,0.021689574597256053,0.0040334583358041035,-0.0026295878525403236,-0.004491837989592596,0.0065268671616270785,0.009414368066961228,-0.004774599438338515,-0.03198145434717395,-0.020157817791092505,0.008457487101864516,-0.0004999831737936638,-0.021151584277674967,-0.000810623203996955,0.000467007728490504,-0.0208286276151996,0.020199990964117107,0.007667281652522056,0.002792332822659899,0.00818921364886214,0.0019364980136664252,0.0017454918680542683,0.0026827250783860346,-0.0010389384414943206,0.0,-0.0005492418850436401,-0.01614483398133353,0.016794557453184457,0.0045389930379211,0.010484796492509524,0.17927277890014282,-0.1343950111104034,-0.01296639147122071,0.06866894702249986,0.012235314142496978,-0.03739772005157929,-0.00045670006282665803,-0.0008154388821110403,0.0,0.17792888045830133,0.056901537305444456,-0.00022691517419261872,0.0005149697232485019,0.0,0.013357889256273561,-0.3596763293321585
942,0.10585129557705501,-0.016892836374686908,0.02706457196279953,0.5770020626450403,0.0011785543457310875,-0.10994982037096987,0.010881441188561916,0.005164632637370568,0.3108416976324259,-0.009868083240564735,-0.006040472386368865,-0.0006266679911362403,0.009294866197480196,0.01680842207879634,-0.006313891891881398,0.004029306428866668,0.0032440253659544176,-0.005806935331734367,-0.004743664337575717,0.003926402366105417,0.023401169484225236,-0.004305770119259059,0.037158791998096234,-0.017683935654578924,0.0029493374283787476,-3.378519015958027e-05,-0.0016749675886984314,-0.0011167884504525536,0.00011636825635642834,0.08310060311273912,0.029789980344188678,0.016358921652979693,0.0011744027789082072,0.00751256714741307,0.002718984574487708,0.0017428300800431768,0.002184478452601406,-0.0010968159773006208,0.0,-0.000533771396263486,-0.009442561829875176,0.009464897109741586,0.0013144723568380347,0.008351014140242793,0.002505376227831952,0.006654041901264851,-0.004732001783502825,0.01758318350102092,0.0336689584153301,0.03129011991195664,-0.00018362929306236904,-0.00036985309114134,0.0,-0.060490748886237164,0.0135426867387005,-4.6981061894435015e-05,5.750259631789073e-05,0.0,-0.0005676020286100173,0.22343501513472383
1101,0.08697980330678254,-0.04172722885168223,-0.08851689346744102,0.3822084710156053,0.001417301276194272,0.093488678600947,0.03412209737167335,0.005614060160784676,0.31985535623193156,-0.00860942710436712,0.0005684829569272711,0.00405162000436094,0.017406293974442447,0.04252103628403024,-0.0023589904779931017,0.010272058963217052,0.001743301563027834,-0.003074705423616738,-0.0031569896322659993,-0.002281845135809333,0.02183339287070661,-0.0042269398347397555,-0.005071483933519605,-0.017005669520506743,0.0043705989972145365,-0.0003889743353096024,-0.0008037846542376916,-0.001392184359394393,6.583328508424625e-05,-0.01995548317322372,0.027950042785627034,0.0033696205360269228,0.0007550505428154321,0.006158234285942351,0.001565535853177582,-0.01484744042320484,0.0016588697175825935,-0.0010386353445676218,0.0,-0.0005564311850167191,-0.007284573141544749,0.015170145007836736,0.0013042420373244983,0.007536524316496383,-0.016167312108046613,-0.04441969800853217,-0.006089430147235337,-0.022666437718247084,-0.022576809266542937,0.07576451703070214,-0.00042376957469829346,-0.0008043948789364444,0.0,0.1022153210812162,0.007310831555673817,-5.0258505893936394e-05,-0.000981270786613382,0.0,-0.0004905328934282592,0.09289914187361033
332,0.11845911123252585,0.07655433703225727,-0.03909778778258807,0.7640975796221556,-9.816331259704323e-06,-0.001644460505517703,0.03762519085615174,0.0053102355354507575,0.0572169170587537,-0.0071911173973472535,0.0004908396801281124,0.0017171142617346468,0.00950623586809886,0.04037332807558574,0.0040495685138066725,0.0045789702288772886,0.0014464402550720939,-0.014745030829023021,-0.0032586864854068,0.0009980956556082902,0.02281508000835709,-0.003948509420074242,-0.013259302769869322,-0.01563054428233727,0.004016380036459161,-4.985551789952933e-05,-0.004955752960210336,-0.0010366203424375905,7.588963105375449e-05,-0.02444137351986952,0.021761821227227557,0.004369856942117717,0.0013187487016029368,0.004495069165090445,0.0015628197805143415,0.0074278001707257695,0.0018635165747895898,-0.001027858533587713,0.0,-0.00032662153606962123,-0.008312966123003597,0.010984604284145976,0.0013815830680820246,0.00894861620552107,0.24649137194070198,-0.26740215166615106,-0.007829281045893078,0.145870163405754,0.014446512505728691,-0.04763600753460168,-0.000406916892253919,-0.000788375982546845,0.0,0.15376541716119063,-0.017454560377516706,-3.162223755628283e-05,-0.001610236581537376,0.0,-0.0005508949494720101,0.4145517151941736
1843,0.08383728006608046,-0.0028100504096065255,0.013582797226452118,-0.09274337979182352,-0.022669183140265194,-0.10902308583713416,0.0165746807158438,0.006456666080906211,-0.2667192130083834,0.06189717432514019,0.0017923438109343518,-0.00038989531716700633,0.01712467323861455,0.03764848453568455,-0.026807589790298687,0.010013581688555566,-0.0009726078358528532,-0.004302280448234129,-0.007337539519226037,0.0022350547098861206,0.026255752575653605,-0.004720117002261073,-0.031055464180531015,-0.023758629484826932,-0.0874537568043975,-0.0016786691667918263,-0.0018081141583224938,-0.00108491971953896,6.529309921392332e-05,-0.0502432489843563,0.04646199367553011,0.01327892995047139,0.0014363256389016412,0.005945938221705027,-0.010314159035448304,0.000978747921305502,0.0017622019134882698,-0.0010174593874032066,0.0,-0.0004580669409610734,-0.009745432171461819,0.01546311739248394,0.00131759706171547,0.015969879775873,0.010945272230224515,0.047895965752306605,-0.01319105258857935,0.03131633695916946,-0.3741740224842597,-0.006191595542937298,-0.0003381749176419624,-0.0009231031960362649,0.0,-0.089851116213882,0.02242180008553719,-1.6923424989631917e-05,-0.0005791332888862479,0.0,-0.0007894360781472534,0.06286650838915159
1868,0.17664032648389014,0.06784474012867156,-0.01002140988793881,-0.12108553102888035,0.0010125911598719065,-0.14947016963386586,-0.010257624870754071,0.008149894903097398,0.09634665600340979,-0.018437459309947203,0.009633710029214697,-0.0008208596064832847,0.007532536520766194,-0.04806249251926335,0.03036361388505481,-0.016498913614093502,0.0005690769988886127,-0.004247529523066772,-0.004898948937701112,-0.005067008160631812,0.02815480697698176,-0.004996990020223837,-0.02588475234589484,-0.022009869616412322,0.004439054029842497,-0.0010498019638482048,-0.005440259596600156,-0.0009586623367705237,6.439158323806466e-05,-0.028072634260787235,0.042634672466906665,0.013452945296414675,0.0010633694179129156,0.007999788989122788,0.003416848023846043,0.0017676737144579585,0.0016456428971056494,-0.0008865804844952688,0.0,-0.0005853537675204696,-0.007324847310652404,0.019014455420673218,0.0013189267691716775,0.014247019602088299,-0.022052721215281717,-0.08014457444929927,0.22137133688453078,0.03925244426272961,-0.06411511760582439,-0.028003891348711216,-0.0002952189247236513,-0.000793861601393847,0.0,-0.08570312922843647,0.011961893277721299,-4.62864339581698e-05,-0.0005791332888862479,0.0,-0.0006952221448143315,0.039563965687517515
3154,-0.06750062399541747,-0.017082449559324406,-0.05678602553118797,-0.45545161370228116,-0.0013339267490672412,0.18068470444644402,0.04574219150843489,0.01481505264413633,-0.5620870108185554,-0.04087122861099202,0.006766326196343832,-0.0007944872052109822,0.01900985805244674,0.056328666358554935,0.02785930927570926,0.013725781885253413,-0.0007379914750256875,-0.002867201351392718,-0.0024441257516179724,0.00019604054604656945,0.01625067435808957,-0.004721636301175574,-0.015361508365828834,-0.012439195768714148,0.007974026480051799,-0.0006178095576868937,-0.008016692256128197,-0.0010269844919389894,9.116589507051978e-05,0.08007030458998882,0.03974453205612399,0.006429697751522447,0.0019820586775578966,0.0075420094885034605,0.002231216699131755,0.0021637452427556345,0.0021355910853757395,-0.0010564190180416696,0.0,-0.0005914618141891685,-0.015974559227511117,0.01190983150527344,0.004690025544714682,0.036583497096135495,0.001547992302904893,0.0627307055598604,-0.013751905685589818,0.09013735946265981,-0.0701780901532371,-0.00918769130184611,-0.00017580136771321806,-0.0004080671465280829,0.0,-0.09168697671107452,0.05579408208060431,-0.00021278343363213665,5.41565759318948e-05,0.0,0.012741502069404777,-0.31360870676256214
653,0.11776410731157802,0.024514255149188775,-0.123849851682831,0.5883751443053449,0.001308938194616299,0.0509560917949338,0.0006272028751125553,0.005710145981726934,-0.061649395988220806,-0.00837088141581616,0.0006614630360534067,-0.00039300909167043604,0.012390333328480758,-0.047757221224668064,-0.0030853025782364065,0.005081758870392721,0.0014314325182220088,-0.009084460152376659,-0.00371159955467507,0.0008375483668604429,-0.11082674512342482,-0.004221048321443089,-0.015939711267990004,-0.01707152917142991,0.0047527903217717184,-4.022797280670178e-05,-0.0038186331302357654,-0.0012016696168722757,-0.0006149950864972904,-0.022646591898272096,0.029481124653660477,-0.0106314569035279,0.001272192803834268,0.004581665283276613,0.004970636128325107,-0.0008573169598458255,0.00167982618062707,-0.0011121410545896823,0.0,-0.000425320770528008,-0.009641644655212006,0.010203011439031918,0.0012682521268594456,0.008679523767128529,-0.005309855006795973,-0.02732437041935585,-0.008892573184356191,0.13811380254726704,0.020878173519509265,-0.0417489854524878,-0.00042895802764947197,-0.0008208199696060291,0.0,0.13632323903625196,0.006011262193630328,-3.094028621669509e-05,-0.000314503996187647,0.0,-0.0005342339795253333,0.24412712311807763
2684,0.057081968650173565,0.04240047979327802,0.09031885888647824,-0.5411800484158169,0.0011019975481791388,0.20313534503081151,0.005618192988902239,0.006813845455924045,0.5919215557394809,-0.010786613409530441,-0.0023613877088788024,-0.00041686004461891443,0.011235602938678169,0.011455035553496282,-0.0118382586857568,0.005651388005309181,0.0049027435789506905,-0.00320438270039539,-0.005507481302828057,-0.0016164961394735024,0.012483051301979506,-0.0047370581115813385,0.01064524408059923,-0.02204131079310058,-0.024210916925430464,9.23528413571438e-05,-0.002861177816089503,-0.0007296498896174852,0.00011636825635642835,-0.01755285337961319,-0.12348453573266882,0.0010767669676023132,0.0022164641846776465,0.009592697898156952,-0.006367121754446956,0.0011009244575599607,0.002208519156218932,-0.0011051770761174179,0.0,-0.000583734585565786,-0.009762292396538865,0.01935367366902413,0.0013815162883239892,0.014061739061874913,0.028264476225877733,-0.042628263882642396,-0.006168229391218137,0.01574232050714222,-0.006364367068933088,0.04893733218045478,-0.00044255355100823675,-0.0008514214235615989,0.0,-0.04780028181438937,0.08000789229923569,0.0005565112808984832,9.689400662872552e-05,0.0,-0.0006190498539132756,-0.2338625133777312
2997,-0.09020660994425969,0.09737626837307008,-0.038609203088324814,-0.22728166326651503,-0.0038745572665907333,0.08404324467150226,-0.026018542329616725,-0.374675879717054,-0.2033444641750124,0.045819219415300885,0.0015010507526212482,-0.0007726025357580621,-0.06635444615958601,-0.06836062066930389,-0.005001537332643265,0.007084458938045152,-0.012737781065204392,-0.0026032343409960767,-0.004444418543286443,0.03285763376495792,-0.0898787846560642,-0.004448193636008968,-0.008827048239496054,-0.01893641142944861,0.0038414490529286413,-0.0007297990698950871,0.00975547050197094,-0.0004783425691665077,8.216032637285586e-05,-0.03277371842466193,0.01940774481036736,-0.014408285368485192,0.0010091238454013325,0.008980699313649242,-0.01606967864174376,0.004125531393487885,0.0022980698045808844,-0.0009881903288018995,0.0,-0.0005369016395119995,-0.013502242989247532,0.011460648520526147,0.0032189621527290097,0.024560646654880967,0.0370613393707395,0.022675145297043307,-0.013234484399074313,0.07199943999288787,-0.03841379140254181,0.0129956934361278,-0.00042545505773680144,-0.0008587887069389678,0.0,-0.08507051353885833,-0.022612147467263324,0.00021803135227542824,5.41565759318948e-05,0.0,-0.0007091136750634602,-0.22958785150658376
1160,0.07324397927769105,0.019002173163492186,0.09814922489536199,0.29301625403225373,0.0005210265626412644,0.09865135352297964,0.001462364613269606,0.004319877725116323,0.6508646031595938,-0.008646897950316212,-0.0027612789872309526,-0.00023847347958260364,0.010308013672187618,-0.038929280053101895,0.0018569513569048487,0.006969755298645405,-0.012059248598564304,-0.0015595341953054257,-0.00465454108527216,0.0032374253983008436,-0.09353628120361522,-0.004071827616571173,0.011855714338608781,-0.016841368212862865,0.004264868735320289,-4.884712086732684e-07,-0.0035252189736698063,-0.000995151990522325,0.00011636825635642834,-0.02207579159606464,0.01940394037941536,-0.012375414051193448,0.0012878144812430924,0.007248655519731087,-0.015885036098762014,0.0010221801255853539,0.0016940045866816109,-0.0011008057638180974,0.0,-0.0005914916439352646,-0.011232020195506292,0.010748817389933869,0.0013812865192456773,0.007588746524038044,-0.0031859473743007806,0.02659751983086854,-0.006777040182549544,0.03045824683169906,0.020698853058520338,-0.056397207762948,-0.00042164796221477166,-0.0008000477250686067,0.0,-0.044396906257374975,-0.0075876691170418354,-6.37946665773782e-06,0.00012458346896899523,0.0,-0.00065578404169329,0.09876583475580912
2976,-0.09681023769750625,-0.007945875855008108,0.026958524580705478,-0.3311845232093364,-0.0029133888224303506,0.14468569511885632,-0.02304546735623038,0.01465436487153,0.03101299839893318,0.04022299594121949,0.003306894534597957,-0.0011949410004874973,-0.07352622715749886,-0.02759139449096688,0.011542062965999795,0.0013914152891454836,0.003820133093591902,-0.002655346218555867,-0.004600119166550284,-0.021974951376843962,-0.10603321499618523,-0.004712606955697646,0.026103275598860484,-0.01868965901249859,0.00323340083004586,-0.002002468448526767,0.005671616048004422,-0.0007015335796436799,0.00014825391228542517,-0.0052756145364621755,0.0276910266948378,-0.013839194149129644,0.002827719057471336,0.009943444635608135,0.006224604592727187,0.00873029704650084,0.002989180434856526,-0.0011134584057146432,0.0,-0.0006421936953553513,-0.014008874854938465,0.014744543703638197,0.004830494326418499,0.03195651815945182,0.05844852290858068,0.05266743027929268,-0.014705431713556065,-0.07446282571132598,0.026217411865545756,0.11623478403390564,-0.00042407398393492325,-0.000803791262865667,0.0,-0.0782628234803186,0.03279909104702241,-4.554871091848611e-05,7.285373461944912e-05,0.0,-0.003282611382083221,-0.2703642309693754
2534,0.09773409828927518,-0.1072086355691833,-0.13602429861050455,-0.24185929559180985,0.0004642899439380173,0.09315374958874365,-0.002931016609293596,0.010337611247666538,-0.25022913367123223,-0.03086403471655822,0.0017667045540407328,-0.0004021559315167892,0.01165775595013931,-0.05864418390975796,-0.002641882692337225,-0.0036018831552522214,2.9941862330770572e-05,-0.0027620083984900025,-0.005360405684972585,0.00042157283206890547,0.020583162239598163,-0.004653949461641856,0.03478724570336807,-0.039288174210004835,0.002957196896270355,-0.0018056372670431577,-0.008990428384395168,-0.0008666359263387656,-0.0006149950864972904,-0.035413853299000826,-0.35511371266910663,0.005749626265446485,0.0015947033005151634,0.0060380745588345525,0.005139669653022305,0.0029827173755654682,0.0022529112629769933,-0.001160805032487933,0.0,-0.00046733669413236557,-0.012452340006640347,0.014466033378629476,0.00141397975973038,0.03224031289670293,-0.014512146524908875,0.02845604921337263,-0.010377015989184194,0.04951968136046048,-0.4265573922696174,-0.044124027348895346,-0.0003498381610714584,-0.0009153004902408329,0.0,-0.08692422919152534,0.05084588966959017,-1.959251097200086e-05,3.8279733958617865e-05,0.0,-0.0009790349126872035,-0.20931169712068062
2731,-0.12936142515665802,0.01963740846017747,-0.024139386622717737,-0.5881100212596975,0.00025863955726503253,-0.10557264147499601,-0.0194019409690489,0.007128845975036195,0.829054222770674,-0.02119570313548269,0.012096101685204875,-0.0005654667546336353,0.00607537320746128,0.0038949505474116515,0.03244131900932736,-0.02880299297050024,-0.012881842827715094,0.008184678566912061,-0.005177673983383204,0.009421062812337854,0.017109697134068055,-0.004724820959684195,-0.030365265791500003,-0.02262571758211089,0.0032903491155083496,0.00027724024797752637,-0.00400749341304045,-0.0014990166752600173,0.00013858729075921734,-0.021902202394918455,0.02680409816373942,0.011629999998476666,0.0033638398211816795,0.009163686195587958,0.014003416785965325,0.005821880787922592,0.001345387915416054,-0.0008601483209394451,0.0,-0.0004892300412922401,-0.009234266719261893,0.013695293663933721,0.0036275116604638368,0.009231069261065959,-0.03724874442944696,0.04551243903402585,0.21633500345087148,-0.04243646139371078,-0.014339637137114822,0.03392983667681947,-0.00037705888304491816,-0.0007241176648116541,0.0,-0.08231719293142319,-0.38663012151738463,-4.3208095809847635e-05,7.285373461944912e-05,0.0,-0.0009263806837427039,-0.2601864024948391
491,0.15057248338055626,-0.020048164954744544,-0.022888071907303905,0.8759968872666201,0.0010481126154964508,-0.12377034661826751,-0.0026431224505848202,0.004768924461560421,-0.09455191385538218,-0.011545303847784655,-0.004186866983195831,-0.0002436655989722488,0.012287849301596642,-0.017767962032252286,0.0031551609122236405,-0.009706745563892522,-0.028169639982023337,-0.015500862964335211,-0.006480285076342352,6.78468641844245e-05,0.019331237340797103,-0.003980481085241002,-0.05477928619989913,-0.026553011177164902,0.0021348161306261044,0.00014019381823601195,-0.010686327375815187,-0.0008478279845924059,8.027411512829616e-05,-0.028544982854759707,-0.24757863440696842,-0.016123378025709335,0.0009037441839275489,0.004911206192181556,-0.009133480883229596,0.0020857783822719337,0.002108677973352344,-0.0014866053617613568,0.0,-0.00045357104618511313,-0.014047004662793603,-0.29641493630767873,0.001244342159079832,0.0071253903832400375,-0.018507551917914547,0.011710605655008631,-0.004913203087950277,0.03021784052995324,0.10666280859079577,0.02944970762066261,-0.0002822396510240238,-0.0012226519851734439,0.0,-0.08910884986202212,0.004536434610118365,-7.968401313391615e-06,4.021059054548182e-05,0.0,-0.0007366479883561423,0.4174941357892114
367,0.10050142832523265,-0.009348194747034208,0.05905026411593355,0.8653765677599303,0.0008545691339153798,-0.178457785777329,0.0181958138369375,0.0046936684965674805,0.7915789662344637,-0.011207682306588468,0.001021643221621881,-0.0003410890165157052,0.0067023214757444115,0.009206679280818336,0.003492154019670174,-0.016900979295453304,0.002291890943159055,-0.019486532145766382,-0.0057629352448183785,0.0005912986883632493,0.015239318511702914,-0.00440537442074607,-0.05131478142279097,-0.020594953519089534,0.0029423609595610445,-0.0007862308179187794,-0.0104450546050408,-0.0007809094757188364,-0.0005742590821835289,-0.02289766752115247,-0.16411382533445487,-0.009484383823020574,0.0013499832708288794,0.004772844819182834,-0.0035836339922769517,0.0034575995750435727,0.00126708699741427,-0.0011859301203774508,0.0,-0.0004936566512865883,-0.014435910212246833,0.007970999806510169,0.0013115823638057073,0.00822920508691542,-0.02822727265152412,0.0033224952757706467,-0.006917466336112189,-0.04495895138057885,-0.03795612533036927,-0.01292605293340694,-0.0004404420742373944,-0.0008600100130620283,0.0,-0.07064375881335276,0.005693961354492049,-0.00015503308116575923,6.993256874923913e-05,0.0,-0.000952402170847106,0.3799113382199515
2338,0.05551727379568563,-0.08021056556888087,-0.06038462584893075,-0.5328628641349061,0.0006481715713919731,-0.2377828700933997,-0.0433868934643692,0.010381542208990426,-0.8183449094546762,-0.0789710191790692,0.0041277021704432025,-0.0015220508215851366,0.024506208992415606,-0.08219361987409968,-0.00677915079799002,-0.002710972896173153,0.0024532991979201663,-0.002721093509347871,-0.005631128054356469,-0.0033148064930113774,0.026989203606667553,-0.005620442565079551,0.023635413613281107,-0.03807669270257047,0.006579794459732853,-0.001869510250527466,-0.002474929348087615,-0.0007220158389532449,9.928848152003247e-05,-0.00534262523940032,0.034529234203722906,0.011396125057091075,0.0018571351987310733,0.008315606856564791,0.011545805003603983,0.002019191300009868,0.002545500055103405,-0.0011197125136186918,0.0,-0.0005988598634088581,-0.020302209615101062,0.014376977664067248,0.0013805002542969442,0.02025659652772725,-0.07726534730252775,0.005070681554011409,-0.014480171962012333,-0.2599754202106351,-0.019909936489650133,0.05818515967542952,-0.00042427023623807216,-0.0008139756484265815,0.0,-0.14920065157484433,0.08027654304931856,-3.2359523203140365e-05,7.285373461944912e-05,0.0,-0.0009954699645413948,-0.2082474069189366
2227,0.04703365570471294,0.007866999847819156,0.10476326466286844,-0.358079780322721,0.00038048434537047955,-0.3019593937366512,0.005013906753787956,0.005129822700680366,-0.14411819166612386,0.0744368759773099,0.0034524671595360574,-0.00047529523499706525,0.009098826508758592,0.004283523840449725,-0.015626810128146592,-0.03102420718272519,-0.013176989701233622,-0.00194318998997089,-0.004215567722886563,0.009131441485149954,0.023927928571897572,-0.005133340036897363,0.07282169538224925,-0.03345791738206523,0.0006047930386563772,-7.573535121220436e-05,-0.012162716437521611,-0.0009064091253876602,6.319434029190031e-05,-0.010267994738372511,0.029236532052816833,-0.028600166302578594,0.0014161600345006739,0.007891827363264185,0.010466398760761879,0.009354058796363968,0.0023915925623953583,-0.0006631791174576464,0.0,-0.0005028424882313038,-0.011840859996536184,0.013422119121255049,0.0013766997200089794,0.015773873214047378,-0.028963653879783346,0.02033491077628469,-0.0107497319789904,-0.05859369946100267,-0.04785708727194085,0.012375846423729069,-0.00039887057343913614,-0.0008244379919511723,0.0,-0.15527086974292978,-0.2760939508765571,-5.2683651867578895e-06,6.566798740165892e-05,0.0,0.0014248340093877849,-0.22551120125157792
3385,-0.1711546307361214,0.018111964841756666,0.12466669847832067,-0.6489112747855521,-0.0011840776266629333,0.0774273975371639,0.037242130109660716,0.012572097257537098,-0.003584180012301923,0.03132643877644225,0.002633511655770865,-0.00051257052215204,0.005775295154897478,0.028710846250453,0.018372889812725755,-0.000583127226437782,-0.03731767926533505,0.005209295079991008,-0.004143478474274494,0.008972362928419752,0.017955976263217776,-0.00440105633824822,0.022463446088833668,-0.029113530621404836,0.010785694439696689,-0.0016163217227580864,-0.01631097991700584,-0.0011001251351352367,0.000467007728490504,0.003132471951063034,0.03461718599433834,0.00889141686392832,0.003476790588316996,0.010021645506764853,-0.005257754664348679,0.00630432022417297,0.0026450270737160587,-0.0011099853846796672,0.0,-0.0005348709710366387,-0.013825418593526205,0.013958887435709414,0.004634632550257955,0.0159687820014746,-0.026324856089307087,0.016298763461958885,-0.007928001109191177,0.05154428087112919,0.026490935614352833,-0.04774526256672253,-0.0003091377920240928,-0.0006296559408851692,0.0,0.2272790994467434,0.01421726846817756,0.0006088365878310396,7.285373461944912e-05,0.0,0.008942558638108796,-0.3139121013352939
3728,-0.15325938903923583,0.0890839762553842,-0.29155787460263183,-0.9302471816976797,-0.003249339737615059,0.15530002633660467,-0.0652668352304046,0.011622915273274893,0.32645133449509733,-0.006753443061698138,0.012184778451884105,-0.00030978993149740204,-0.031581124878766166,0.0491641576862931,-0.0021590578443568395,0.008458056697868529,0.027464383740246973,-0.0025556285457132167,-0.0035056127199185735,-0.049408453940886,0.003939289005671145,-0.0031159872289997555,-0.016500773311034174,6.936237172204615e-05,0.005491441385053332,-0.0009233836703068916,-0.009127650738360448,-0.0005975720898343094,0.0009763116459225398,-0.02394289121876843,0.024776498749980193,0.003606993685401953,0.003051786863580467,0.009073989695872182,-0.007124733961718895,0.0026657444886591377,0.0027563646699219767,-0.0003720848987781029,0.0,-0.00041943884943655566,-0.011438683056804521,0.014392015429492122,0.0045758625895566864,-0.004071578115038173,0.048335139561451516,0.12187922290160405,0.27917825205326935,0.05899800619255843,-0.053452970766084386,-0.05449776053710678,-0.0005185738284525736,-0.0011992306897289401,0.0,0.17307867483723124,-0.020915817337595385,-0.0002099984206450756,4.23044786957464e-05,0.0,0.006178296188282802,-0.16313523664167656
3313,-0.13828317318273042,0.022940378921328847,0.1829656174354218,-0.6009917769193048,-0.00020624036233683337,0.25447474682343324,-0.08039626465347387,0.010057117838186226,-0.009408250134005864,0.03346391920822769,0.0008600079121932327,-0.0006951912047735501,-0.030462280398104828,0.018845430343015716,-0.03882139643748081,0.009737548192198265,0.007456863451742975,-0.003192416991545831,-0.005566514668291792,0.0011707897829662738,0.011753267353264653,-0.0042071138992429424,0.0058344747192176985,-0.03335679269356557,0.0142670361759505,-0.0018215308996517702,-0.02411890270635687,-0.000944575197692541,0.0013062194930354703,0.03279107779859431,-0.2005693992341132,-0.007832591661521034,0.0038324748468291808,0.009625143106643017,-0.011169671214214543,0.007220997732499417,0.002448788105713494,-0.0008157800295925746,0.0,-0.0006214339522570008,-0.016254855005994013,0.016082080723522605,0.005002505646282806,0.02112530838744006,0.01263793663777639,0.04490784857236363,-0.006571301579240535,0.08597926090871827,0.032524395057135926,-0.026909299673660972,-0.00046291440800590384,-0.0008349632426729384,0.0,-0.0671294437784784,0.042964383745022976,0.0004736901351053565,0.00014954722425590807,0.0,0.008872851428195109,-0.302850628444688
3863,-0.6620412325829506,-0.4095095896692311,0.018672889114272246,-0.8263363813750088,0.010123500428906989,0.22629125364095343,0.14588009714943218,0.009080171226561013,-1.669329139924475,-0.05623995323509275,0.0021983477871964975,-0.00037581577396745604,0.03355288436454659,0.2246253586316018,0.22727079572286168,-0.017643146901709764,0.011538257162166533,-0.002948023981215616,-0.002596791768577068,-0.029960213284389352,0.012000325494248811,-0.0018086497556036526,-0.01896491572566716,-0.018467638172318585,0.0064645386722315705,-0.0017278602418137209,-0.0047380882866501365,-0.0006482725176911977,6.663109268058744e-05,-0.05738018139993372,0.022418164426639672,0.005293254337844771,0.0023642261569969316,0.007621732764731162,-0.0007743580063690854,0.0019513165383445912,0.0021402784746970063,-0.0004627625087898647,0.0,-0.00028164737535086735,-0.013171033022119628,0.011528434791047783,0.003119569464649698,-0.006402656005009588,0.04625408995854658,0.017684481931865358,-0.013669459999676661,-0.08403580020275687,0.013185596129427962,-0.028016674043592166,-0.0005776080708132747,-0.0011524599675243451,0.0,-0.13798347064439298,0.05265966497245001,-0.00016345269318660468,5.002187990405542e-05,0.0,0.00702642612777292,-0.32296271883294075
3646,-0.15165669770723736,-0.014072063209140126,-0.1761086189350499,-0.8775589691051339,-0.0057760105345878296,-0.10898945919825291,-0.2789134541689793,0.016528562837903535,-0.3165763677361574,-0.038943156095990576,0.0013236971221331508,-0.0008265860914331126,-0.05550333936442729,0.03866547768068757,0.023700328731192266,-0.0011526161757918825,0.01792080274797224,-0.003204729865098626,-0.004282334355826212,-0.004946486819077449,0.029594494834922554,-0.003950884304293141,-0.03609212007015332,-0.03657770416182135,0.008703519388759906,-0.0017862611121649843,-0.01793474194740876,-0.0008501260603669822,0.0009763116459225397,-0.04244165706766684,0.0362363285491056,0.006836644780916072,0.001746623574966125,0.004618682318361032,0.008900792049010736,0.003962249888378904,0.0018591369397235723,-0.001165410434229533,0.0,-0.0004923343684504507,-0.01662463251630039,0.010062224058320857,0.0041613339119653675,0.010093169239267055,-0.07731330473755797,-0.019864081138993933,-0.0127406168968544,0.14652275296721295,-0.2625729932916849,-0.04299277073797167,-0.00018172566769658792,-0.00046744077231023807,0.0,-0.10493461746900723,-0.005498388919197795,0.00039100240862067494,5.41565759318948e-05,0.0,0.008049761456683903,-0.19464655079344412
3311,0.13849117077548626,0.10116928751876827,0.1442590106207826,-0.32443492387253026,8.881619207245114e-05,0.15273143766200536,-0.14080051807786384,0.012290156112738765,-0.3759646015492879,-0.031127556787622423,0.008929849416939546,-0.0008417063578941436,-0.044839607204347064,0.03668406915498538,0.08852580124546264,0.0012281971853453973,-0.007015596663002022,-0.0030234653068085707,-0.003852872831575525,0.0012238092599624907,0.011161065486137565,-0.0036921306876553134,-0.015120030146039123,-0.03383344226098916,0.01023375409589027,0.01698210734294258,-0.008324023016460765,-0.0005526807158184423,0.000281292070115136,0.01558877696582057,0.0279972705940601,-0.03128198830450415,0.003641190733024003,0.009385499965557627,0.01883321347749444,0.0031467245219236064,0.0020455056287069485,-0.0008338609424859734,0.0,-0.0004458756646295022,-0.020671600051373824,0.013893645184343193,0.003923728334704743,0.023895786319178124,-0.10571033141633157,-0.016165760513267968,0.2572078726070728,-0.12894681963775187,0.026756112383812043,-0.010926230912612129,-0.00038564259756876054,-0.0007124790206699841,0.0,-0.11374391599660494,0.0575002158616615,-0.00016873001203057474,5.41565759318948e-05,0.0,0.0062808110667139086,-0.20701055684216502
3892,-1.0290134137404277,-0.05509140918340219,0.24187227533381925,-1.0734198149537648,-0.021568208200657538,-0.2157884809301458,-0.02475528761963961,-0.17478912771604377,-0.6050181681738624,0.004075066018886692,-0.003494037343440215,-0.0005683188278279638,0.008187273203410672,-0.6493174368204356,0.15793057477981487,0.010006969442115326,0.007263744342674774,-0.0027467568820455507,-0.002331983780511109,-0.02674934651243426,0.005529733487883368,-0.00194283893741364,0.020292076119572497,-0.017145368593088347,0.007904809309255348,-0.0006094367129238409,-0.01835582718907209,-0.00045692475322537155,5.302633844081622e-05,-0.03282543492047509,0.014716295465300282,0.0031381034909896406,0.002851607279955556,0.00481254249189147,0.004515538504361626,0.0018372556399504322,0.0010936778085514816,-0.0003332016457557057,0.0,-0.00023222328784135252,-0.031155483614574056,0.006883704555278973,0.0038231487937108624,-0.0008699012543756086,0.054291605265759886,0.04569855912853419,-0.008903258957280185,-0.09051352708983212,-0.004320695544321482,-0.012580456658647952,-0.00021767721915186598,-0.0005092575606100288,0.0,-0.13784977056085398,0.01963091269999747,0.0004776481645350883,3.840857655195864e-05,0.0,0.006581033940700093,-0.2757685595849417
2712,-0.08860182225924157,-0.020464886641147817,0.017953544535444,-0.36974649105287566,0.00013653552108032667,-0.23746480396516964,0.018335390007915908,0.00881524357250876,-0.05842347305467375,0.09255886110133847,0.005722708812824714,-0.001925973883677446,0.0038559287909906994,-0.014514359542455802,0.02561816424099517,-0.026749546502266856,-5.970938804373706e-05,-0.0032042624698992305,-0.004299197581849794,0.006900531641106673,0.034783804511302675,-0.005317810945794776,-0.04255929589056671,-0.02675543254029764,0.003693452116194127,-0.0019348345073587378,-0.0016634671036020857,-0.0012164317321026108,8.341167575050024e-05,-0.003464726697899212,0.02800092188830393,-0.03943097034780735,0.0023723079840039206,0.009823886050925152,-0.009344145541159792,0.010008795003286238,0.0024789291054127245,-0.000993376823641771,0.0,-0.0007696868361569604,-0.016340965943347583,0.015432630183588845,0.0013576993322744018,0.035189460324002095,-0.0274565196343989,0.023323565803522288,-0.014316324881431657,-0.026964160836095756,-0.008622740384181909,0.10001433107238492,-0.00042277925960735913,-0.0008170148471230641,0.0,-0.08101466104579627,0.08281048235090976,-6.815164507250651e-05,7.285373461944912e-05,0.0,-0.0009953127671128948,-0.21299343291590359
29,0.1334389760791689,0.053225630885325635,-0.01482745232673981,1.0929448008706069,0.001256051742791521,-0.12701992208432344,0.0016886151154949776,0.0045569479671345985,0.836024224252014,-0.009914760455138233,-0.0015991863537644041,-0.0002693646444876606,0.01332816718396883,0.007523380153029621,-0.008776864033582299,-0.008177447924695084,-0.010612744272144316,0.02144057240882232,-0.004688903471337783,0.0006406087277378184,0.015017767369475781,-0.0040899574731253835,0.029335090435848102,-0.017174202704986027,0.000922019992019421,0.00015794159996962103,-0.0032321721174588887,-0.0006994389583887474,5.9653430257283096e-05,-0.026394960602018524,-0.14096046243156501,0.00015577652086753494,0.0016528179169561998,0.005710303986851887,-0.0016664701588740792,0.0005779498563937123,-0.045524261746492115,-0.001083095330203907,0.0,0.018634942803454665,0.08516385976336552,0.006685446566608789,0.0012861176050010538,0.009489883420655012,-0.0057251446253586405,0.019372853359467736,-0.003726091404068977,0.024133120222084622,0.06381070217546304,0.09568332022028171,-0.0004386118013101486,-0.0008281587724875927,0.0,0.10393451814678574,0.022731511734214345,0.00030331921722229687,6.147311282376768e-05,0.0,-0.0005570019106839294,0.6504244077760405
131,0.2823497326625029,-0.05176950337576321,-0.415903619450506,0.9823062457143034,0.0016139445343260044,0.14670980585371463,-0.006973403945012655,0.0055420304731695095,-0.2465040258255721,0.01939976093339867,0.00012656707412443688,0.0023045242350519437,0.017978903786252467,0.019988661337647113,0.0008361430263033848,0.006793938051550222,0.001868262241220484,-0.010739398718522222,-0.005274463007389085,0.0007015843363976902,0.01854027013292316,-0.0035699964973622427,-0.022597068935765335,-0.014531372838414679,0.004093842321672903,0.0003458274543080457,-0.0038475292745006892,-0.0004968199181300009,7.588963105375449e-05,-0.02252992212276623,0.017877280042388317,0.0030047898513583023,-0.025217457358165805,0.004090115220150701,0.0007350871294786624,0.00013695127015100024,0.001253552599339627,-0.0008599350812732595,0.0,-0.00023826916101942522,-0.006122147276509614,0.008723448399285976,0.0011413684422216833,0.009408692369160799,-0.020704571158698577,-0.00699391328593082,-0.004552679452040187,0.09043519254820669,0.1269127618235674,0.06519791338065568,-0.0003895166655176372,-0.0008805770158108861,0.0,0.17915252659354394,0.01866017808497705,-4.293776836746044e-05,-0.000314503996187647,0.0,-0.00021726335425815743,0.6203038816293066
3037,-0.13288862089585982,0.042211164664016296,0.021217670771011662,-0.5162498296106459,0.0007857784805976817,-0.254098892136122,-0.010803795921878304,0.010060329815356855,-0.09538227445359916,0.024516919689583232,0.003247500854766733,-0.0007742748845381779,-0.021444803443664406,-0.019569283757358422,0.011933392346946615,-0.03500151802712869,0.003315826121695541,-0.0031617716493077563,-0.00704580001293718,-0.008490299542389303,-0.10222599175797147,-0.005275283939571672,-0.03250713440155774,-0.034303887922162116,0.007174287295999255,-0.0019482968551531696,-0.018725329610422205,-0.0012058087727948301,0.00015566706559561316,-0.015805833992428485,0.03318945314326374,0.014977464084731655,0.0024199750004336414,0.007346938703760791,0.002297700441450118,0.008504244791286806,0.0020259176201836435,-0.00110556834979193,0.0,-0.0006636874852544699,0.17117804687590288,0.014401736917179655,0.004730853508303668,0.011508264279572807,-0.04557228737952442,0.03326531861065661,-0.01743166201694361,0.05904156858604204,0.0002369475134244519,-0.07409008363747628,-0.00038822116250538643,-0.0007874780606266483,0.0,-0.12698171726333238,-0.31560232602807986,-0.00016548794232689663,7.285373461944912e-05,0.0,0.018341223284799944,-0.28752972161029633
2644,-0.17782290292255867,-0.00044329808017751487,-0.04986364442326505,-0.38583063704862297,-0.0007560056748046116,-0.11166057864307306,-0.03324731430170165,0.01077824027761546,-0.07055585954229973,0.0526922126340227,0.004082118535415432,-0.0005634608692810737,0.008466782974859022,-0.055456896051816376,-0.019548896986951173,0.0029911309743489494,-0.02625443014291132,-0.003946724097257237,-0.004227191090222234,0.014310766723960084,0.01790760176547224,-0.005169227793420807,-0.048209241901435926,-0.02965838851889667,0.0009653088458584731,-0.00031199552123176307,0.0022156996128089796,-0.001302326610329882,6.66310926805876e-05,-0.0061857608797820235,0.02966818180824398,-0.007971350234598619,0.002236597432358276,0.008107244923825621,-0.01784880058358046,0.006556708986800039,0.002557268562279774,-0.0006616778442436886,0.0,-0.0005479746965519317,-0.017872824579895814,0.00991902060953983,0.004175973951665963,0.016831750454549706,-0.009399780311344898,0.02109687806362277,-0.01625324764564288,-0.06429662478449769,0.0028030969384084813,0.09085662119749904,-0.0004717421133651874,-0.0009253040571744392,0.0,0.26132710231202827,0.030781714908540498,-2.9034941265184722e-05,4.23044786957464e-05,0.0,-0.001730831115347454,-0.24079145931210938
973,0.12254039280511794,0.013341104023301046,0.11952814485061479,0.6542517113106585,0.0013213252389762634,-0.034921111429443534,-0.005627167430396606,0.007150973468228116,0.5989743493744579,-0.009129815482114128,0.0008825767494362571,0.0014891826250018345,0.005627833525400136,0.010672678296476059,0.00506135870379225,0.00041984549614385735,0.0015108158022675102,-0.004011330445952785,0.047349924812954455,-0.013850020039596359,0.025470095649968886,-0.0039743788801735545,0.011610059973439276,0.16187698378570703,0.0017831686896218359,-0.0008604269413937155,0.0019860511721358186,-0.0009620633118301358,8.37108675169835e-05,-0.01557791051503887,0.020023207536564856,0.0034149328647616194,0.001280166223552207,0.00533807158019593,-0.005701350056404643,0.0015553969126753844,0.0019528710292123978,-0.0009924710549074184,0.0,0.0377098290382258,0.05167049818254985,0.010907091858552,0.0060595206104719496,0.005449545459548578,0.06602117315882823,-0.01797627411599107,-0.005592425127989615,0.04247481038040358,0.0031709948031950954,-0.07010546357491465,-0.0003619635035659476,-0.0006493067023972676,0.0,0.0830797733928818,0.014283365286685508,0.000324981965749658,0.0012201429617195625,0.0,-0.0014056379226647698,0.1718040278827046
3629,-1.2489792561990454,0.09663113977104665,-0.35690580463206734,-1.1867096090072295,0.01208684192018318,-0.28646486491553846,0.05320279399276554,-0.5102809600054817,-0.603013259399618,-0.0333223606472377,-0.0032877542256941283,-0.0022492730509423883,0.03243705543933187,0.14723982073120667,0.04406455792701175,0.005577676800106159,0.012084763586712701,-0.0029993883355271204,-0.0037338903019067046,0.03921436336206582,0.021304072511092533,0.18296808839046544,-0.0008173970818003046,-0.0197396524457393,0.008124288182611529,-0.0006525138410310166,-0.017688993915790784,-0.0005799151946448893,5.8067722602804515e-05,-0.02783549701617444,0.03111419396546159,0.007712001112932027,0.0017476692923967284,0.0021935707616967245,0.0072615911347250536,-0.0032942367327035505,0.0016693996933717131,-0.0007526447600388045,0.0,-0.0003665496586900859,-0.018796206351078308,0.012721550527747892,0.0034865551512224388,0.012554313464843203,0.17352703287014942,0.10899069965422725,-0.020966518715757623,-0.17029186316750758,0.031832106874679626,-0.0228462811805984,-0.00039090285244677587,-0.0008610702651360919,0.0,-0.1191553325512134,-0.13739506449110178,0.00042339979966989424,5.41565759318948e-05,0.0,0.008981706068921836,-0.1884639264800406
448,0.0801855724941204,-0.032205590209469476,-0.1023938386067812,0.8325491001307466,0.0006862591374527869,0.06221743229044381,0.015841267549771665,0.0048240706642906335,0.6765517691676073,-0.007550600341140036,0.0009699277426229512,0.0025060546280766135,0.02048929376491662,0.013144737458605954,0.001051756216927901,0.004617618099383904,0.0011908649855169708,-0.014078336005745647,-0.003802423367706098,-0.0018641534039439407,0.013275478719571071,-0.004016639257414137,-0.029207498138437454,-0.018617478106736387,0.006387105678043579,-0.0002816512951520275,-0.0056232538378580416,-0.0009142003206916518,6.633140216599224e-05,-0.025369464384335235,-0.1701865878525509,-0.007712947653545447,0.0007460660565434837,0.002888563157315548,0.0014120879253160703,0.0008737391345609481,-0.07960063394101109,-0.0011148995919244254,0.0,-0.00044504574301010416,-0.010293532338850097,0.009875609269032172,0.0013595440720125436,0.009108867498435036,0.0003706577890858265,0.004384383280437487,-0.007288473548439381,0.03011880872981365,0.11172743148216667,0.03378896857633827,-0.00040133338844113026,-0.0008222807374420205,0.0,-0.055246429475665715,0.006330933451119144,-4.5047563757430906e-05,4.021059054548182e-05,0.0,-0.0005477300738446086,0.31737673551486634
1909,0.07212815089830758,0.07189973414864184,-0.08262734840210582,-0.19558135761006082,-7.658423466739585e-05,-0.09539212018666783,0.019993547009248623,0.005012124896620082,-0.15582456973159356,0.05677631949926959,0.0009135126215122075,-0.0006951485887828551,0.014423071510800791,0.023327118353854072,0.001898019090344519,0.008985135041422489,-0.019256814087486456,-0.0026423315588571866,-0.0032507715567728682,0.0015985162247248732,-0.12396117050844208,-0.004651237058990494,-0.01773313307461907,-0.0241250000504728,0.007974534083589498,-0.016130037146234105,-0.004082618438020368,-0.0015596963748446527,7.588963105375449e-05,-0.018991578430121524,0.03567325351256121,-0.02136339881264376,0.001106107601122938,0.0036725325924816593,-0.014271473779712258,0.0006215912935763848,0.0019971743212812993,-0.0010166866243876162,0.0,-0.0005616707485710789,-0.01116721107659771,0.012681014096476024,0.0013515301903186297,0.013059123651375336,0.18791281221608,-0.3519718018995654,-0.013454326584984043,0.0004696546880490545,0.09498125249863494,-0.07467388687146614,-0.000492178723032558,-0.0008037471876397151,0.0,0.23703916200078168,0.015261872668091559,-2.74928139042348e-05,0.00029440892722138584,0.0,-0.0006298265539656516,0.033717960325157045
116,0.2574930962432285,0.061206002269600025,-0.3006331372150579,0.9732382519832579,0.0012580048469829509,0.2367704139335678,0.009960775285715092,0.004733119957414952,-0.2733111090121231,0.03095485322590519,0.00044112094224172153,-0.0002043541154352705,0.020084117618173396,0.04337233075645006,-0.0041919464141577855,0.009079009104500341,0.005366202619585712,-0.0110184074271561,-0.0027356755961296247,-0.0035919873448871124,0.016578509654737783,-0.003065161348361129,-0.0014519717670269329,-0.01585290287030915,0.006776612348024981,-0.0019292590346205,-0.02591592621234443,-0.0005184059445332295,6.583328508424625e-05,-0.020172124665005252,-0.13163464001297265,0.0007658720170202279,0.00047184258614063254,0.002844397472628598,-0.004428242299639354,-0.00012453620056599064,0.0016847411021111652,-0.0007645418131145404,0.0,-0.00023940489471527724,-0.008260068415327436,-0.20611683238547182,0.0013116060432636955,0.006568115872451701,-0.007162285599134845,-0.00938273659663961,-0.0031792787523249157,-0.05213345003079028,0.13399116237666536,-0.06434513685912481,-0.0002831568251863494,-0.0009326244729578622,0.0,0.17149520775298546,0.020695021630865264,-0.00037351898546063474,4.021059054548182e-05,0.0,-0.0024225541780142803,0.6181864458147283
1095,0.0605365900688538,-0.032107408788759284,-0.1655235767964211,0.3984106791920413,0.0005266772273974536,0.026827097940836285,-0.047255208145609386,0.00441565977470725,0.10035131065768624,-0.008605966695317461,0.0007952040596022906,-0.0005726373372719671,0.018527924186568075,0.018746745702969077,-0.006253970525485467,0.007412468479764727,-0.028549575517896,-0.004261562662489546,-0.003289365981362982,0.0003203219281157355,0.0161514995387567,-0.00388736399463766,0.020002692937739347,-0.022741429149748714,0.00418051559800726,-0.0006551851264090893,-0.0057930636658520334,-0.0011217813832063808,-0.0006149950864972904,-0.03265437722648493,-0.31720030611880423,-0.016854882889080974,0.001003555374639582,0.0032686883117932315,-0.010702192011234225,0.00044121080593297925,0.002068866325799288,-0.001297407885231514,0.0,-0.0006088875708489944,-0.012014614897659467,-0.3924844053613157,0.001374788859671374,0.009411703643165771,-0.0017892264666966393,0.0006333200132945079,-0.005037813041064253,0.01632572247527761,0.11133467120828319,-0.09998968256015574,-0.00028480479199897795,-0.0012204739717636712,0.0,0.12221320335901567,0.026285766147355963,-4.898782202222871e-05,6.147311282376768e-05,0.0,-0.0005205314344889832,0.08845301102897489
269,0.22049655955644606,-0.023148673157321716,-0.02122286091027115,0.8655213906114729,-0.008452134750232883,-0.013613183249879018,0.019828394024191252,0.0043611199476056095,0.7350453072215285,-0.009684628185298477,0.0013922880275236077,-0.0002076589396379814,0.009511805101596474,0.024387728771957815,0.0010540565419676696,-0.0031164654537063534,0.0018898580819350914,0.025482621987654795,-0.003513530347586054,0.0007270888734256573,0.02460315769754543,-0.003969631939942128,-0.024699088343458162,0.07447332495093296,-0.023609019848254052,0.00015934158558240282,-0.002604301374750246,-0.0009103275563324765,5.9054710741850256e-05,-0.012124212835145304,0.023358079947451312,0.005893428715328373,0.0010036291878328639,0.0028167039012876095,-0.005268699990341725,0.001163085092926343,0.0012621318218541404,-0.0011067650346846438,0.0,-0.0004288705183394144,-0.008823692354794266,0.007829711050480474,-0.07894435477038575,0.012972252454294255,-0.019336390685547496,0.019873211092579543,-0.0071718489613559,0.0015900514513432391,0.07624529689950957,-0.018841327888240746,-0.00028169108020529047,0.06420308232753677,0.0,0.09275637220024183,0.002012051089786511,-5.723442360131083e-05,5.750259631789073e-05,0.0,-0.0010140082263741569,0.44973871584157266
428,0.1341552929568631,0.008879344576178663,-0.021079046141010034,0.8183982609885219,0.0009797643839637787,-0.11741264053048242,-0.004707797089290853,0.0053569237944943214,0.32031205722478995,-0.008212410015799568,0.0014875277987547195,-0.00032014614592957625,-0.04446608209135615,-0.0507847597738893,-7.525591315242567e-05,-0.010975649060834348,0.0020096036476094396,-0.014138830331456428,-0.004359778870758011,0.0006788134433034582,0.02623353121612075,-0.004619973432277013,-0.03939862584182026,-0.020033255424510163,0.005620236634760842,-0.0006960939508953532,-0.0068444216749444205,-0.0008374079256380877,6.439158323806466e-05,-0.023428114916401642,0.029610658319895688,-0.02629697594715138,0.0012545243537113975,0.002745451130580221,0.005739357112392433,9.687772361317702e-05,0.00213541542498476,-0.0010748459063224215,0.0,-0.0005116406498820739,-0.014730457016450399,0.00973666755730679,0.0014103933069352615,0.005477941265857769,-0.04180741635099687,-0.0082975899628129,-0.009277556329605138,0.03478708621136449,0.013470435436876762,0.005031699244866076,-0.00036029071647432896,-0.0008398288602534237,0.0,-0.0916769873948726,-0.12433560246385664,-3.368652957027544e-05,0.00010588631028144089,0.0,-0.0006015009862827979,0.3854662421604817
3359,-0.19177286897992338,0.052993702550475086,0.021045265462141978,-0.895005439699845,-0.002635664789107927,0.10244354796335518,-0.012572520662811592,0.009061749933847082,-0.1404933449884469,0.024918565721839675,0.0012205918042853309,-0.0006266679911362403,-0.07296114242815456,-0.05582656455589953,0.02250943449087653,0.007088607320515775,0.004269355203882943,-0.002305670264133741,-0.0045733948445036594,-0.0034586244610978643,0.01227666072171447,-0.004570502030211666,-0.03538640698558841,-0.021480685627729305,0.008623008466618736,-0.0007507877179043113,-0.00853982670258676,-0.0007756839469777595,0.000165333687121821,0.030563093551918816,0.03417979059659716,0.0035653117584538933,0.0018906163929693273,0.0093858031712588,0.010711993708002195,0.005615993087616413,0.0023899742155652423,-0.0011081642764358337,0.0,-0.0006088804366665324,-0.007451514013049495,0.010803823452834446,0.0042249739313433305,0.02540932809975399,0.0388979466549755,0.0609423342436913,-0.01048976005581819,0.05082069040042095,-0.10142597641702654,-0.013295893498744018,-0.0001894178320100139,-0.00036691913958307476,0.0,-0.09336618487418283,-0.04856790479107762,-0.00016663900279434855,5.41565759318948e-05,0.0,0.009628596507982657,-0.40042615967277384
3060,-0.18165312156836386,-0.08702031546320259,0.08468739473339243,-0.4866685381259107,-0.001121111378776977,-0.07441812821065716,-0.06885362436874409,0.01167949366522324,-0.49518206954116,-0.027461868210386677,0.0029423054470889207,-0.0020522583968095682,-0.06558014044110859,0.056244772855523706,0.007828888857580105,0.012803924175698674,-0.025718491498452886,-0.0031721836915947184,-0.006570153475686537,0.0036182095994439904,0.02710204770134182,-0.005385042408001755,0.03859404489530218,-0.029633495033518645,0.010866889711318764,-0.0017187788723372402,-0.018601144163930983,-0.001708072773336236,0.0013062194930354703,0.0171140752082693,0.03575591673095843,0.005790430847722591,0.0023344352839754466,0.008583514435831913,-0.012901050175056453,0.005226018670002687,0.0028669755828989248,-0.001126394609018711,0.0,-0.0005109872160443397,-0.02301866769427617,0.014202546893837008,0.004725968441648008,0.014226297742920606,-0.00680238806330554,0.017136587232943933,-0.01754590935542756,0.17161694391830098,0.01669268989453454,-0.009080074024908173,-0.00040204493458401375,-0.0007714185494136019,0.0,-0.09528924847159767,0.04034312757823079,-0.00016729738445342199,7.285373461944912e-05,0.0,0.012440048060859276,-0.2254555009506868
373,0.13889844502715676,-0.0032861365553878068,0.01983430127030797,0.8319323473124361,0.0009390792902274065,-0.06636696744301548,0.0057795580136430595,0.0063625039565880885,0.5371696709060506,-0.009505198071947421,-0.005555341202970493,-0.000296282805513292,0.009542738693041236,0.02967803367618729,-0.0073823513385128485,0.0034853681670935373,0.003459458181906355,0.015428907324488718,0.08795308977678686,0.0013616172450898036,0.015484130513762713,-0.003963081813035526,0.02663872184606479,0.13190000727383724,0.001147517891185732,-0.000612299367612213,0.00036846588275878334,-0.0008078204165086571,0.00011636825635642834,-0.01596924163158804,0.01702369073610003,0.004872549268092628,0.001387844900452639,0.004682818833352401,-0.003135603499194928,0.0016580130936158708,0.0019115828225545251,-0.0010883373183359843,0.0,0.027543402000611485,0.07009832033583673,0.009331788405264616,0.005836063396414739,0.006766891573026078,-0.012958386663029989,0.016994530824529855,-0.0028613145554055664,0.02948951040031337,0.061094516825334295,0.1139828925971327,-0.0003953836555678577,-0.0006568236259884943,0.0,0.0946874765463044,0.014887556340848498,1.1366043973054049e-05,0.00010588631028144089,0.0,-0.0007529017698197837,0.29778208043193694
2255,-0.010700705338654862,-0.10701954053135912,-0.12481420648476507,-0.44701278455625626,-0.01094700677153335,-0.007391192561893457,0.021619476224340795,0.008859419380641874,-0.5835790460769195,-0.036856584480426995,0.013240041624363586,-0.0037756859008713974,0.01868087260186017,-0.07743396457248078,0.01022067027756372,-0.007693290020678427,0.0009173474275429873,-0.003128593548021244,0.0004862960052675956,0.07266309998819928,0.019251365254480967,-0.006050067713959155,-0.07764650387843426,-0.03347800094178746,0.007430450601794747,-0.0018056634797731922,-0.004037316324924169,-0.0006695169871293963,4.1974935905454395e-05,-0.007283334647850521,0.0632975313966324,0.011873813100934574,0.0011556527852023847,0.004169165263927055,0.022748382773085492,-0.06646194490341249,0.0026682652488793164,-0.0008337140888253281,0.0,-0.00043463918368109774,-0.014741723989870233,0.015243126725688979,0.0014214332928209486,0.019837597536034954,0.07291861373197847,0.0638400081155029,0.2394826514303884,-0.12326757571048721,-0.026364269848087044,-0.030904597012104514,-0.0004147794153141034,-0.0007823267561431624,0.0,-0.11934303294484012,-0.3506112069719019,0.0018913054935567033,0.00010588631028144089,0.0,-0.001558250123769288,-0.17561076982681986
1071,0.0929364529926095,-0.24114087521471142,-0.2933181333787268,0.42321327392953967,0.0011094500189504442,-0.15322139708922677,-0.12693080266302248,0.006995532811255617,-0.6836087715944661,-0.02101605358203071,0.003585435930240842,-0.0033356692291406174,-0.06990175633497196,0.045142963692529334,0.013043077733275947,-0.00950510766490044,0.000979245404185424,-0.004667348931038325,-0.0050118374896781365,-0.018685853403668583,0.04443480816876127,-0.005806001071846153,0.07300136151495482,-0.03276467630874349,0.006818374501227755,-0.0018257282150789405,0.06821353972979972,-0.0013176467633868058,0.0002728109907241729,0.024651748703496592,0.05763312189076393,0.018945490112928533,0.0004209879924847822,0.00281160362172115,-0.005036105668058265,-4.967052478325156e-05,0.0019492029266983193,-0.0011449977481089368,0.0,-0.0005764755698715424,-0.014742685068336633,0.012383555111568982,0.0014074316935251752,0.012799421111091436,-0.0656818733833126,0.0171464874751059,-0.012397920520971809,-0.09402954977048869,-0.03228917603791578,-0.03649614558944533,-0.0004104390781515745,-0.0008181813431692022,0.0,-0.12410574706098731,0.032142430684760075,0.0005576361909758925,0.00010588631028144089,0.0,-0.0036564303287221628,0.1024224833524237
691,0.06399021778014317,-0.0054885165324911065,-0.021053540076913037,0.6527466968126335,0.0008759247255389742,-0.13725496403446513,-0.011610559924572819,0.005355734578685113,0.6692958186578016,-0.010453052496595153,0.0013338860627933478,-0.0002451330641570332,0.008086647912021308,0.002742725739607669,-0.0031203641575205253,-0.014425299631684829,-0.004245044713801731,-0.00906348032950053,-0.005489356607269417,-0.00018844226020552874,0.02304364506981138,-0.004242852708986246,0.029442041584012563,-0.018684778900789033,0.003516529239994275,3.8837495716757445e-05,-0.0027591052485045715,-0.0008205674981214725,6.767194781022902e-05,-0.031052120106070533,0.0211673966171023,-0.027288880055407198,0.0010477650663924206,0.005516158239764421,-0.005971355269507148,0.0019203771931718746,0.0014073326017906365,-0.0010409267814772219,0.0,-0.00047656000822495864,-0.013659346463921909,0.008366456419200882,0.0014080210694227746,0.012358473381561322,-0.01061481352723275,0.020098054016907257,-0.009537356219281617,0.029165923035869457,-0.1095368711092775,0.013390843826753682,-0.00033281241938028607,-0.0008478944475184878,0.0,0.11982779446535136,0.005235779827984525,-4.073105990566879e-05,0.00010588631028144089,0.0,-0.001167590469289285,0.1943281150007913
2365,0.030618123229049304,0.18286671640819352,0.030721359862055264,-0.5495994610113334,0.00023994492398388207,-0.2959282955149862,0.004757872129633457,0.011634208189577269,-0.8744138131975794,-0.065003255270307,-0.029386022439759064,-0.0008160865273115474,0.009262618909079449,0.010481364414539144,-0.013184885464621394,-0.0235099281088883,0.00268162766254271,-0.00332687968156493,-0.006976103426511544,0.011243306602713665,0.03486895898364591,-0.0056801195047751964,-0.011317774327945453,-0.03222809912822135,-0.05241576827389161,-0.0010790298384675409,0.0006924857250213825,-0.0019488289059439016,4.73118084016688e-05,-0.020393699999914673,0.03352460386064331,0.016970769008984386,0.001247262835490583,0.005882026618278376,-0.008609235280474423,0.0007679826223637449,0.0019902132983226502,-0.0009913283210008842,0.0,-0.0005629968713583436,-0.015952737409272773,0.014591680769981958,0.004519364351496972,0.026838405260638905,0.18788037314855785,-0.3096198196051758,-0.010318477602046527,-0.16957107709535077,-0.023543697040672645,-0.029125130975086847,-0.0004894227579886498,-0.0009428910780265893,0.0,-0.1518831325661363,0.06303687156600359,-3.055040255349412e-05,0.00042253562356321184,0.0,-0.0005636841226970686,-0.36962248314524293
1220,0.10149485631907726,0.005450528365176243,0.06465661390908654,0.22204075868399417,0.0007306141631032306,-0.18543276306563358,0.0012709802735323436,0.003927271844943049,0.3162756387232189,-0.0023619078288396075,0.001568121500949042,0.0016507625919895508,0.012120909806072066,0.009756151773717945,0.011858639031046092,-0.02285467789933541,0.002621817317045833,-0.0024363114193446164,-0.00509236156745438,0.0003529211078131587,0.02350301700462066,-0.0038793925015034943,0.03272802811303685,-0.016273622035604975,0.0035163450203573917,0.00018039121818057727,-0.010318464121184244,-0.0008685887594382402,8.027411512829616e-05,0.08306481931965584,0.018505772375900526,0.012450011146481432,0.0015167840169604528,0.005839422809224029,0.0005126529448151139,0.0014895218197397652,0.0012137893679691673,-0.0010868982171848484,0.0,-0.0006225259354007809,0.0830381069925124,0.011181362570350715,0.0013346331938472679,0.006964302925709928,-0.006958172795156813,0.01499681572780578,-0.007611041589196008,-0.005135957003875038,0.06909493212045222,0.01322589681716808,-0.0001737461188617687,-0.00036625572096867995,0.0,0.10325842909229191,0.015030938291296564,0.00026004769460390723,6.520130688246742e-05,0.0,-0.0007790577124786381,0.054862892833451186
472,0.12384672390782941,-0.004195197023228475,0.019553773544883916,0.8053725135830432,0.0019312882529289208,-0.12497232251372024,0.022797378526469805,0.0047891352817398,0.38698114975209297,-0.008803339479309157,0.000827217039126452,0.00129341100658186,0.012178566403616293,0.02807314013540685,0.0039223001424499755,-0.009740325479549797,0.002180873785482066,-0.009104153429065395,-0.0038079467917201126,-0.0004829636248344683,0.021583794198924453,-0.003890291271502296,-0.03492172604342073,-0.014412784332551517,0.004449335672403731,-0.0004668136958903631,-0.005533079109233209,0.0239476437504335,6.439158323806466e-05,0.1330592688449164,0.02392631917294369,0.006863752571250466,0.001655560475536428,0.004639171645276426,0.0012592512897309594,0.0015899050253753682,0.0009969433605436747,-0.0010717411320680453,0.0,-0.0004425578150038872,-0.008233887910037384,0.007594899708012527,0.0012313442618898881,0.009284303764788617,-0.0027990507684760644,0.021361200499778382,-0.008858181548697042,0.05184546736609778,0.0684759022799989,-0.03148188388021914,-0.00017453001857284614,-0.0003656643529000114,0.0,0.10024083563592223,0.01094770274999469,-1.710527147201869e-05,-0.0005791332888862479,0.0,-0.0005277025089253058,0.35424886474093026
2578,-0.1514504942013205,0.026446441471166093,-0.06428838112967256,-0.5224376447648906,-0.0006239695118628552,-0.017776721404449965,0.028613317899254958,0.008830257113277645,0.6929213130867691,-0.009038112075685589,0.0008339608652967107,-0.00032758876771142316,0.007356306590317784,0.04168539935154595,0.01962508153181661,0.005097681788061109,0.0036941695069533115,0.006631466973298731,-0.0037779840262953572,0.00570311482106359,0.017460093216583112,-0.004979724194048783,-0.02197142627651639,0.2465093072569603,0.0036132780394591106,-0.0005662503459873671,0.0018839348512211063,-0.002094585479217432,7.588963105375449e-05,-0.011602311361623784,0.024111859172912496,0.006769363973116837,0.0022516818726725,0.004358057103929121,-0.012036300190674802,0.00015701715948508916,0.001566314920019411,-0.0010510818823880142,0.0,-0.0006423299875096482,-0.010984482578793477,0.01710107737752041,0.008915616055914677,0.013088927816335543,0.06433653538942728,-0.10263436734246892,-0.010653477777065002,0.09069997963644691,-0.023929401279541653,-0.013536168851585675,-0.00042839570995113497,-0.0008209173252500619,0.0,-0.057416387300559535,-0.08267532828120687,-2.873378745522854e-05,0.00042253562356321184,0.0,-0.0006472383660973545,-0.2503421452248893
1595,0.10504491453511022,0.01995675302298698,0.006754124636737309,0.1811511938483008,0.0006391845478117135,-0.16708618083215496,-0.0008468055845142865,0.005871011084903046,0.2166063242623544,-0.009354193498262936,0.0013724948916418716,0.003178922805502656,0.01051290407599655,0.0023563421950935966,0.008636132159794528,-0.018883348619408994,0.0030677693856578283,-0.002613764674701293,-0.005768312144347215,0.00035378010121238785,0.02743171387777719,-0.004643935101936661,0.03451482963321374,0.17134839702338667,0.003128605396605977,-0.000653070038411406,-0.0025474979432501496,0.028758037955329087,8.027411512829616e-05,-0.0168994381433039,0.022789949988384507,0.014551290178155818,0.0012639213005871742,0.006918569369908972,-0.0019689074428393097,0.0019172309412874614,0.0024973411804720368,-0.0010853426896425926,0.0,-0.0006225789354956316,0.08336609974350016,0.019332245966720958,0.005850127608478244,0.009969549467029278,-0.0046642362768384085,0.020586213834994645,-0.008848946486429567,0.04722451782056852,0.06708050255405318,0.02986038610590235,-0.00038520146614941166,-0.0008156730805580113,0.0,0.13133668405946064,0.017628250959291807,0.00020482842128051774,0.00010588631028144089,0.0,-0.0006613042555979056,0.040089028259605336
2418,0.06624600486317447,0.08644686311516112,0.023656963119254495,-0.37996518797527734,-0.008189780032913778,0.12741086049581934,-0.11346232100657305,0.006125099267577402,0.5614992336617883,-0.011155651778852835,0.0010153879048929765,-0.0008559300421235073,-0.04693453948283265,0.033887147133961716,0.005723075261263298,0.018364540795187338,0.0021235760874394154,-0.0032361173024316597,-0.005656628592580283,-0.00022434960431332772,-0.05347288618355199,-0.004899668510129552,-0.03353221357067688,-0.0173137208783976,0.0037790980964679272,-0.0010201066461396028,0.005074595805440772,-0.0006664746274749416,-0.00518000628689801,0.015857984989132937,0.024919391111680192,-0.015750715863912308,0.0023688616716458235,0.011064672923155813,0.004465451494254575,0.001273303933591455,0.002355320682034514,-0.0010909514933499268,0.0,-0.0006084802627137631,-0.007124659539547031,0.01898761675323017,0.0014105836953187583,0.021119993203730123,0.004432683602980973,0.03735145359346326,-0.01199420758419099,0.09305609229522266,0.013741834454263059,-0.047555336365251666,-0.0004141271795139638,-0.0007909705247471215,0.0,-0.06778829198097454,-0.02691362371896169,-2.4173338396768805e-05,5.41565759318948e-05,0.0,-0.0007926059726788104,-0.21947825169404134
3206,-0.3105268812832338,0.24263509803415648,-0.02452956249929414,-0.4936339225644059,0.0004417607573532813,-0.13473968671092781,-0.04531273962045489,0.010801549838185954,0.5220296052184649,-0.012966477340992088,0.0031799896949249893,-0.0008208596064832847,0.014547169649553767,-0.047652979682411334,-0.015158257698802581,0.0069101284806488495,0.0034926000112617014,-0.0030487179931125027,-0.004515949437010342,0.005011817835268576,0.015319031029753486,-0.00522541406954745,-0.028641378621814814,-0.02223126024163872,0.008127890584233978,0.0010611891017862274,-0.014589533365143367,-0.001216679466969748,0.00013709988137757345,-0.010121688661987456,0.025401816934528476,0.004476703743292843,0.004472645020698132,0.0073720528786804925,0.004404700360098582,-0.017044821230834277,0.001966180748418592,-0.001212519830066313,0.0,-0.0006509807283399616,-0.01710111774784822,0.01637764976003996,0.005185896177892032,0.01129844151608925,-0.03282506636721314,-0.037998045943081274,-0.016939706426376183,0.03505229977332538,0.03964699694968105,0.0032049235225147152,-0.00045597917974191966,-0.0008568749264209007,0.0,-0.05733213631126533,0.03752590466212416,-0.00022691517419261872,3.641009713381273e-05,0.0,0.009578960663189117,-0.369978311958375
2394,0.06732494396665739,0.001494547638470557,-0.1035505481508617,-0.3754787819812155,0.0009239447200970081,0.22302831982831342,0.0005688906253803724,0.006690997853525811,0.566564195244851,-0.011334795692339555,-0.003323513317013463,-0.000407417702745837,0.011946984197599169,-0.05064063616268656,0.0015178580583355191,0.015113391755058646,0.003787236379754049,-0.000923135974271638,-0.004689051058361744,-0.0023280593916762122,0.006682732374250828,-0.004116982904145091,0.011825587403953048,-0.020249927643648958,-0.055228197838168396,-0.0008238977601313858,-0.00651636948315575,-0.0005771183326127383,9.928848152003247e-05,-0.01826896532403871,-0.1368495095831548,-0.007007549671913897,0.001642929109916814,0.008063122101448248,-0.007586947680443295,0.0007522869478281061,0.0024026692381237274,-0.0005457906002481575,0.0,-0.0005453875859224149,-0.012118848918218237,0.017525009084664183,0.0014276831403822042,0.012993839685521617,-0.028714449567015084,0.005896468146460473,-0.004019481037169435,-0.051512552071318655,-0.010357179392164125,-0.05727046607363201,-0.00045110493207828437,-0.0009503493619857788,0.0,0.13036604563762408,0.03833103477216082,-8.368890036443523e-05,3.172731586095273e-05,0.0,0.0025369045748480554,-0.224232088864824
3537,-0.40709569787812583,0.10024947728794611,-0.30639755688379855,-0.9619115180154405,0.0005895739931531595,-0.007085909505223032,-0.04933504187375231,-0.4047423975062928,-0.2145381722986717,-0.025794027671210584,0.0011077836910446891,-0.0009547064280284278,0.01345050621929995,-0.03142379539465393,-0.05595133885461045,0.00369821685378014,0.010937685476150791,-0.0024746203337979848,-0.0030430266317198747,-0.01349452314726802,0.01725941374783006,-0.004934375650341312,0.03590844756489903,-0.03790374407013661,0.010087998389651876,-0.0007025129294445936,-0.02019567569555304,-0.0006571879708615633,9.456013241588768e-05,0.055208935130815456,0.023196166357020015,0.006524992491045354,0.002286523794335193,0.004677349714007347,0.004897013792053168,0.004765551632164821,0.0014794450589207097,-0.0009698389717897133,0.0,-0.000508810928379138,-0.01800397673893511,0.009491294835367186,0.00285666456559068,0.011964042872208798,-0.02388514568004653,-0.048297581943522315,-0.01678506193403295,0.09958482447174011,-0.05392842413575885,-0.0675366010327302,-0.000184836250077036,-0.0004168957347556921,0.0,-0.10087967380666232,-0.06892988779497475,0.00043783428276375307,5.41565759318948e-05,0.0,0.008090737307095835,-0.215033214026002
1163,0.12631205197966902,-0.007197014736059096,-0.048744675640517064,0.2710307637523571,0.0015002089209751885,0.13510415958038077,0.02983568246738215,0.0055767599976822265,0.2791655831020035,-0.007385117225258647,0.00044639920721623483,0.00533940815519656,0.020488434579855715,0.03355002596404708,0.004908150447234966,0.015661921234796223,0.0015483821018322842,-0.002774277368168387,-0.003255730106669673,-0.0010024398569987531,-0.07791142907381277,-0.003983386735754923,-0.022487264515623884,-0.016578550688535656,0.007600857737931955,-0.0007298668180128026,-0.004231006038013677,-0.000828805581210428,7.588963105375449e-05,-0.032984261253258644,0.02284772187473066,-0.011096762894622539,0.0018701364083593894,0.005916895414533714,0.0014988578054728338,0.0014573575459099063,0.0018677971583729058,-0.001102835098622776,0.0,-0.0006364684399933385,-0.006656178824814279,0.014093615620486126,0.0012557473432378194,0.01210994913872839,-0.03291994179968309,-0.01071072528446345,-0.008663023553722862,0.04612197604189641,0.07581557799918498,0.044179618437774036,-0.00038792111048030383,-0.0008019606938886254,0.0,0.10149004653607235,0.014952075992172704,-5.0258505893936394e-05,-0.0005791332888862479,0.0,-0.00042426728768342416,0.08312142461799378
2868,0.048563980280433044,-0.011696292464891974,0.10404661055031603,-0.46439119917465316,0.0006479032945233928,0.07512440941301621,-0.10029432076526426,0.006028276419912142,0.5350151136962411,-0.010573097142215163,0.001171737517773321,-0.0005670908230517905,-0.02948494186313069,0.023884668708752617,0.014170652654727752,0.006663349628723233,-0.014822617109116991,-0.0025333333337802,-0.004853997917674096,-0.0006859923470980575,0.01438125506692886,-0.0047409884869876445,0.027384257247918674,-0.01965188806760545,0.0036041616111518763,1.1941161598426777e-05,-0.002353195757121081,-0.0009005271423629833,0.0013062194930354703,0.021463745199980185,0.02008754188913524,-0.019183848731463376,0.0022011390671571565,0.007685803474539233,-0.01361055260297767,0.002766330261653213,0.0021946822525126994,-0.0010504438959785822,0.0,-0.0005538805669835532,-0.009825932266330488,0.014598465763120395,0.0014777036897115142,0.016976491698430986,0.002431587298528971,0.03343037245842515,-0.010733985858372852,0.05151314279735781,-0.02002542967575756,-0.016354606567030965,-0.0004073076571819679,-0.0007743009678027425,0.0,0.1653697309490517,0.047835696184575026,0.0003533615010059889,7.285373461944912e-05,0.0,-0.000631208050538284,-0.2390706342626006
726,0.13436931885830422,0.018362615582519875,0.008562924442118786,0.7144804073031514,0.000928843673341582,-0.16763267106258617,0.006675729765211793,0.004909244174486787,0.5693543653285321,-0.0068513895825410625,0.0006968723713646093,0.0010773342174293953,0.010441543677439276,0.004806801233063606,0.0007394512026040047,-0.011400103140223123,-0.012281680660481388,0.014527422171020026,-0.0059980540744395345,-0.0004398082834149942,0.023382235098602287,-0.0044109801172236675,-0.040808195638790866,-0.017474650019618003,0.004216036635023482,-0.008294367203326422,-0.005009215355138618,-0.0010322727663714729,8.027411512829616e-05,-0.010019889771395256,0.0197830400683452,-0.02569463240797491,0.0009846111403105462,0.006691197165104068,-0.004630367066455682,0.0014150136853073362,0.0007632284758008255,-0.0010768057451066213,0.0,-0.0003614302424682745,-0.009922924387361913,0.007591342619453656,0.0012637056458292236,0.0072637479484939805,-0.008087793517674925,-0.00602710549906351,-0.007819229034268405,-0.02458230033786878,0.09085731860221945,0.012228178163641497,-0.00038448415209867506,-0.0008057163704206948,0.0,0.11365212442812574,-0.06059215026608684,-0.0001443066797910431,0.0001794114497912525,0.0,-0.0007712539819352682,0.21477721594747468
2444,0.12792659261121836,0.06712675268538701,0.0766160975449745,-0.3982105663346476,0.0014173922660479842,0.23962824778438518,0.02610272771282831,0.005296409135402734,0.5490404997358838,-0.010894234896454323,0.0007891036318423141,0.0018227981527256095,0.00895636384345434,0.027136876192637042,0.004143174840973818,0.010854275268951863,0.003988772626866143,-0.0022605572866278498,-0.003723396403280496,0.0013256000508140582,-0.05493569777551647,-0.003438600128224691,-0.020945732251050772,-0.011665788383800642,0.004138673853804261,0.00010639566151481448,0.0005351945389930422,-0.0006336428844153683,-0.0006902233465824408,0.09699302721895185,0.017251496870725257,-0.011167292031407788,0.002024944784923944,0.00959956774077326,0.0023127381443920616,0.0006705710494868363,0.0013481918917767643,-0.001094176831437363,0.0,-0.0005054326153949586,-0.005388619489922163,0.013602012912137449,0.0013186428465092475,0.014468701774999327,0.024292930665441866,0.02497445508607938,-0.009405831634878587,-0.03273672054512078,-0.002001916144167648,0.062008996614395656,-0.00017457732988749954,-0.00035993105025075014,0.0,0.10759048640187528,0.02416840271467378,-2.4173338396768805e-05,4.410880769838943e-05,0.0,-0.000691070403713865,-0.24179420305899646
2965,-0.13796425954618458,-0.02273481784564203,-0.012969691932589325,-0.47031912948943333,-0.0014719437307815144,0.14065190518924775,-0.03287341278439098,0.008035935535146407,0.4279034286770321,-0.008197200047846964,0.001550371886268046,-0.0005428398322629252,0.005009480724474834,0.01547124328351488,-0.011487856892778368,0.008829497708056227,-0.014926015963159558,-0.0013142702535129012,-0.0023560551566769376,0.005075032829258222,0.00805618352494986,-0.0045368292151180024,0.014737351066638083,-0.021785685005023248,0.003852906236331963,-3.995929381891571e-05,-0.0035904878193824025,-0.001185205339399784,0.00012002010654117777,-0.02930306896736967,0.014519724891477145,-0.01428185454966317,0.002150109043810798,0.008818757308746148,-0.008321275572325279,0.0018845581407216123,0.002432890407126262,-0.000648560207863487,0.0,-0.00042260956365039557,-0.012052370151936796,0.014192356222981374,0.004534227790823853,0.013394277952159642,0.024565828790436933,-0.12349813094974821,-0.010252448422646146,-0.037938420694385015,-0.001639843631378965,0.009507019794672573,-0.0004804189882480238,-0.0009867985024539655,0.0,0.142977997536373,0.054775002728490015,0.00021664826719994428,0.00017832894119022965,0.0,0.0029946936280368574,-0.1975658956472513
1059,0.10416276891281112,-0.10814158269732721,0.15626286482858523,0.47239129907739613,0.0002872749316926959,-0.06454079452930804,-0.05966779882651857,0.006772066775586757,0.0865386944784628,-0.009555370880095613,0.0015465434650754172,-0.0010208971716768322,-0.0346558820855603,0.03742281017433302,0.006945717915777007,0.010954915271971984,0.0027721635854484504,-0.003366712663829754,-0.00623226291479345,-0.015332965138593875,0.03267769844129887,-0.005280925309550263,0.02828855941072981,-0.01868501784252026,0.004172516822971226,-0.0008208536845165869,-0.007557504173516007,-0.0012529879124575035,0.0009555800209013946,0.01490679017052058,0.04160206807021733,0.011495789081509073,0.0015748853228456465,0.007564369361772954,-0.0004623524805452058,0.002261282316203054,0.0027872683386887622,-0.0010923650948067118,0.0,-0.000609865517272276,-0.010059621868694687,0.012631749370248737,0.0014121005196605534,0.014008711337505681,0.015015346929062158,0.043733712403066845,-0.010641568228813104,0.054427208304200426,0.03672680828395495,-0.03204974857191971,-0.00041127500570937916,-0.0007913235719242198,0.0,-0.08205564675978502,-0.13197895803929593,2.6096571641177284e-05,0.00012458346896899523,0.0,-0.0013239471662542656,0.13761057876913668
3082,-0.2144847336107638,-0.045256329059006256,-0.12421427730676968,-0.7216650773780648,0.0002491308873531285,0.10339534116924497,0.0006203733722082562,0.008608065091750952,0.33771331095149654,-0.010725999488120126,-0.00965259971011839,-0.00030489791295139275,0.005988616872223312,0.01739762130388252,-0.049504326882913514,0.011889063810584575,-0.03961008011942492,-0.0015389008377517282,0.05989306651243501,-0.02555479326295054,0.015471059352437007,-0.004051892884019544,0.00987951084660918,0.1762327399084228,0.0026106601836664444,-9.15968008221083e-05,-0.006085265753784913,-0.0012891052818962735,0.00012002010654117777,-0.019785219572474342,0.016576183883041013,0.003768873723658643,0.0014187938978386624,0.0072663295256703685,0.0013558745203612955,0.003242917671821957,0.001399090451673849,-0.0006738222698946959,0.0,-0.0005232381471683127,-0.009746578265788374,0.013423666703192769,0.007976856489570522,0.008874675861077723,0.010588485871941425,-0.006052633576136042,-0.007072131243250072,-0.03672395312334608,-0.0008081471575100592,-0.03704464556898498,-0.00039385730755146623,-0.0009355641380617726,0.0,0.11977914759912031,0.005587569119077792,-0.00010783686494952723,4.23044786957464e-05,0.0,0.015355279034297235,-0.3267643403783757
2763,-0.07748982498615216,-0.10559451563166168,-0.28192683696757526,-0.3787322664541026,-0.00031433874524764224,-0.22541171025920986,0.05972768222561005,0.012746535277434296,-0.27016432970754073,-0.03427787501222779,0.006556412898028437,-0.000895290426944421,0.026470661217984907,0.0604846001365442,0.02693992437845667,-0.013671336175466717,0.00169466750649508,0.008147047734061295,-0.004356732410958046,0.005916773888409864,0.024279934573564255,-0.005919012105162875,0.040741186167102095,-0.04518231466290005,0.0042836454306710145,-0.0018528190222298765,-0.018260727309074867,-0.0019325153387966644,0.00012002010654117759,-0.016704531869763464,-0.3421228914535999,0.0010281161019654926,0.0022525864340887415,0.005585798378832674,-0.005451862508987341,0.003934771649544596,0.0021505935987113974,-0.0013106815745068034,0.0,-0.000517562678687667,-0.013693391814613399,0.016549286338329933,0.004843277621420702,0.030912173210600104,0.051695345902942176,-0.16157478743845533,-0.018320794770174755,-0.10363471455792529,-0.006337687484843564,-0.038135668634212395,-0.00043729565843528365,-0.0008528709652505799,0.0,-0.09127289986120074,0.08760371108115687,-5.1088347091462454e-05,0.00016590568946957344,0.0,-0.0006852152101407212,-0.21227975602834495
2579,0.1734128078559189,-0.21657508647188278,0.14366965443534083,-0.36372562556986887,-0.02117271430741185,0.013404096752910023,0.004821632892035184,0.009816379786647683,-0.06757099742299139,0.028745988607167632,-0.004514688240164292,-0.0004950803781535601,0.005024500976467714,-0.060979231248515516,-0.003528093477507738,-0.0031271269855211226,0.0017630218349858077,-0.0006780975569226037,-0.00241452936957945,-0.09049188573878876,0.01570202880679085,-0.004261208301499758,0.06465664064906387,-0.033086888162884166,0.0022574194359239095,-0.0018866957655502624,-0.006678915042061613,-0.0005499401892953553,6.529309921392358e-05,0.07174553963396199,0.029085531284385333,0.006019357421544985,0.0017864379960021738,0.009992062449301242,0.008181016573208376,0.003965833564769748,0.002480029430320337,-0.0006743368145340453,0.0,-0.0004514524957953564,-0.007370232630000249,0.011677277291128673,0.0012652580610057174,0.0218407992180375,-0.09325785610351701,0.010202332219855555,-0.0068716827738223695,0.09729568189495616,-0.001297190881048267,0.0011572749522899839,-0.00018415901141683748,-0.0003906557901224944,0.0,-0.05556485943003099,0.03342366895132805,-0.0033722042800349754,4.23044786957464e-05,0.0,-0.0020597640431892915,-0.22813485144595858
2136,0.08044220363382996,0.10479084705692022,0.044316406864992955,-0.21445168175151902,0.0006121882380023669,-0.06154367597809759,-0.07117189397137626,0.005085972951326867,-0.15540174705991802,0.05654975400283505,0.0014139928493398899,-0.0007659858612166125,-0.05312881879779076,0.030745733982628046,0.007833051649641478,0.01984451336096898,0.0052837737950615395,-0.003090102073241856,-0.0059471393751418045,-0.0005910141962717797,-0.14706214543961899,-0.004824756652887187,-0.03319563028362129,-0.02954123840006206,0.005483102417831732,0.00011089940895420267,-0.007103441457645767,-0.0008459456228808621,0.0009555800209013946,0.016244673049282513,0.032078782658655484,-0.02402112386888639,0.002128047345806597,0.009748272832592102,0.009872255792418953,0.0034863003710542306,0.0021529765539523775,-0.0010985796479751333,0.0,-0.0006483625583083138,-0.009348685315803596,0.014957499621423216,0.0014131318765955166,0.0119845408140772,-0.01635214112376926,0.060905465553204405,-0.01605687328072197,0.06817841337186938,0.04255943364570415,-0.036145491497714115,-0.0004113318816319855,-0.0008174226068098453,0.0,-0.10529324592030712,-0.010844420765215506,3.237334980971189e-05,-0.00035661122947961755,0.0,-0.0008436127009273113,0.043065827012988105
3470,-0.29943326428189465,0.02040059626163136,-0.01075599172205197,-0.6245920655988989,0.00017903663878327499,0.1066556595571772,-0.022337756265520894,0.006627861609285994,-0.10284457010197537,0.015087772597323431,0.004552335065863456,-0.0003631307931027164,-0.03931409582144902,-0.05650393629158527,0.007342938166509909,-0.0013571671875578222,0.012988960554102284,-0.0002459884540153822,-0.0023917496218527384,0.012679263315172402,0.01111838485180931,-0.003918863740500387,-0.05111023067598316,-0.02612267871077674,0.0057168018839512435,-0.00030973292322686194,-0.018762757271912015,-0.0009873142836409987,0.00012002010654117777,-0.03423500811163945,0.029679826194711847,0.001854740460774918,0.0024570199265948425,0.008894295876349961,-0.0053591172448051025,0.00485748272164724,0.0019560539658783588,-0.0005582883087157178,0.0,-0.0005558766509964669,-0.01435727755295108,0.009896037940861503,0.004012789019627305,0.008173623647906312,0.02292538841916166,-0.006380002935518134,-0.006637040831664201,-0.04802582263848852,0.02601296547185862,-0.0034756658657679224,-0.0001738334687459777,-0.00034242858260207784,0.0,0.3277003845244027,-0.0827083846724271,-0.00024513637610016937,4.23044786957464e-05,0.0,0.008145913153430892,-0.27748339621717627
2368,0.08069663504114583,-0.007261706834625113,0.048140438694918984,-0.41021567469673387,0.000587895061785203,-0.01872313039483694,-0.0008975191530530435,0.006701241171440402,0.6085776314697875,-0.017338829139429288,0.0010433845567701073,0.001853962599827331,0.011311038113889806,-0.0008364548363426089,0.0035984715303652138,0.0030429468184142864,-0.016992640561628962,-0.0026465238516467345,-0.0050843934209910315,0.0051150923458226855,-0.07050355626026826,-0.004525377872644064,-0.040801061026107345,-0.01820557689734379,0.0033886416654454843,0.0003760361038882669,-0.0019567549668928885,-0.0007042243278722904,8.240290032519608e-05,-0.015711238659048186,0.021898528210275027,0.010042950057844316,0.0013820031931296997,0.006759752171708623,-0.0248513961629739,0.0011193893217207338,0.0020424657796544914,-0.0011103294633447386,0.0,-0.0005508947725035578,-0.004924138702989107,0.014650597931637139,0.0013590908434403237,0.01678658654132318,0.010349510497907558,0.03628837709520506,-0.011715877928052157,0.028253648573028065,0.0803768685596346,-0.001210483729838381,-0.00038928680382516016,-0.0007902855528525749,0.0,0.15562388121415832,0.01639443478448652,3.673041699619216e-05,4.410880769838943e-05,0.0,-0.0008349876473691245,-0.23602848427641837
1035,0.08542685575366256,-0.015604684061428014,0.09548225869084667,0.4256203152593191,0.0007771118135558993,0.05968762980302185,0.008575511858726842,0.006570680000598039,0.0584332448688045,-0.008647144299655504,-0.002734235887477845,-0.000689659824383079,0.009085511059453454,-0.04715987948011711,0.002607024577176861,-0.0049154185566933645,0.0015482538941298952,-0.002103020638788984,-0.0044114700295602525,-0.0017739873954909229,0.024566786212226507,-0.0044933813637552155,0.006318111599724475,-0.01565564300191187,0.0043553345516551285,-0.0001983359200024805,-0.0013471883710834786,-0.0010492991868313027,0.00011636825635642834,-0.019954267291800252,0.033512443393748655,0.004040428611899291,0.0014277781702103913,0.008123692017399226,0.004568948917360438,0.0010880789505153087,0.0025864061574191457,-0.000996108235139841,0.0,-0.0005764020054474875,-0.010678629937592953,0.01202203604794389,0.0014036330884984573,0.007087456411465011,0.030382352056445704,-0.058807281642925695,-0.0036942020059397,-0.0009745813092500997,0.027663374371923462,-0.03007505178804478,-0.00042642010130011006,-0.0008097620991145606,0.0,0.12078447533400191,0.019335897814378188,-3.601443551182822e-05,0.0003160646792691616,0.0,-0.0006929917328626925,0.13397141588906786
2949,-0.16378456128215452,0.10225565598255815,0.07829685484133858,-0.4420706568125359,0.0019479885012134626,0.22027807562591342,-0.007716174378048718,0.006573494199614058,0.544563116096728,-0.005782968621005532,0.0015013961411934308,-0.0005708048278160209,0.009612575133917825,-0.0505148425369421,-0.0035453831424353643,0.005329938828387021,0.01409214633530522,-0.0018382876165218942,-0.003812300612914396,-0.000175807257463259,0.012445044288897512,-0.004023192992744994,-0.008100025379466658,-0.011642008318578246,0.002841895162438688,0.0282276015022101,-0.0021827302417926652,-0.0005415709778437779,0.000467007728490504,0.1618364627905857,0.019454674010300137,0.003264481189587658,0.001814188491470744,0.011959558455851827,0.0037091454852272044,0.0021353355145696104,0.0016909949714171855,-0.0010467090230509009,0.0,-0.0005780298234491866,-0.015047245448126316,0.0136994762209321,-0.16420758654773543,0.013094784695422215,0.08260625736789919,-0.18555383921706062,-0.009110212678067931,0.08896113557774106,0.0011426200375140516,0.00904549674575065,-0.00020403295165516327,-0.0003928138203786839,0.0,-0.03481199505730144,0.04934705148144434,-5.0258505893936394e-05,-0.0028165690985836405,0.0,-0.00042622473780557293,-0.22247287771063434
3835,0.004760570896359487,-0.047640048884376215,-0.3469389196924463,-0.3605624847179536,-0.005869328685426216,-0.21956708254310922,-0.3417996585134498,0.008802002938426997,-0.4000905902381424,0.008423782067718412,0.002239910594996115,-0.0008533914914504721,-0.11546615577505792,0.14612843278810003,-0.0820839947027456,0.003089777640716566,0.012252472340107958,-0.0034860933558508674,-0.0019879615236510946,0.0011318663911117424,0.00973462696081784,-0.0026966659616380253,-0.01635102538609822,-0.013526389052966555,0.008503748694702298,-0.002448127294446084,-0.008472346416251263,-0.00019854317309631875,0.00026836413851690947,0.07085543968956767,0.031159256637738067,0.0073544546191836825,0.002453433957594366,0.005185733277113254,0.005058817836888171,0.0023559327556957124,0.0016818943350785018,-0.000520576624880162,0.0,-0.00039829262822590306,-0.01421576910556125,0.009585166579918869,0.0041191612954959355,0.020553681676922054,0.02766566379235355,0.08705175584949067,-0.014014867436795725,-0.12170769610902829,0.038950384096437855,0.1875284948529906,-0.00019717356539461546,-0.0004140151364879893,0.0,-0.12971937079961054,-0.015267385151185127,0.0002855761039322186,5.002187990405542e-05,0.0,0.005696230007521347,-0.11107316701663938
2096,0.030462478020343648,-0.0029747359212349235,0.05553288329469164,-0.2855136405759785,0.0006968518262126365,-0.3613638779107928,0.030766234945455502,0.0051291659160033675,-0.1848242677291048,0.04682081689232642,0.0017712765934592783,-0.0018305919531491112,0.006800245087698418,0.01988363593685167,0.011010838162407149,-0.022334737016566422,0.002478895222513827,-0.002729992579476915,-0.004369786415634404,0.026029893366879973,0.03298800961873417,-0.004541333241516905,-0.08089579960306909,-0.025352510354308255,0.0063340558754607056,-0.0018419428151461635,-0.015360302058048355,-0.000832927606750218,6.767194781022902e-05,0.053733488897654315,0.03337225633824368,0.021606719932666184,0.001509318321629073,0.00795716092095207,0.00317501313779583,0.006329980745587144,0.002068985034023543,-0.0010882039767985351,0.0,-0.0006509473450378631,-0.011820265278753682,0.011944833659015821,0.0013987422262566327,0.016055332860082407,0.04678913503064037,0.0335401154106705,-0.01204794318024105,0.0726940929552181,0.05903890550578968,-0.022398845991125575,-0.00018439660899235053,-0.00036951765761712485,0.0,-0.10230028459500416,0.051253189560325825,0.0007690475011053814,0.00012458346896899523,0.0,-0.0027734598817419124,-0.016123446109262033
2896,-0.007888793051044464,-0.013821267199323736,0.33008967187536037,-0.22573655840551743,0.000345394822617419,-0.1227541788398078,0.03079805039058362,0.006371784184798854,-0.40993654208131625,-0.013217898513699523,0.006381015526566414,-0.00038527456538728496,0.0011356756642597083,0.031207724775807674,-0.07040005563604002,-0.023016326431195916,0.002196279920363066,-0.00017882561756504174,-0.004697103194616041,0.006403143256551319,0.024170444363263346,-0.005584372668058513,0.04190658474867314,-0.040537011463580463,0.0009594570358895729,-0.0017098563564531847,0.06443204444275052,-0.0013221562439045184,8.840854887135415e-05,-0.018738089956957405,-0.2628898403681278,-0.006428199100910586,0.0021849965731036798,0.008262141708619908,-0.0041407699115149285,0.005630373803370017,0.002143689735227266,-0.0008114217978354111,0.0,-0.00057754177974944,-0.018150378184981497,0.01551556934576186,0.0014106242809779808,0.01231657792905996,-0.03794882880226092,0.014543193754371677,-0.00890781240238311,0.02822389304141283,-0.15404212088627958,0.009613414859399441,-0.0003200471313325278,-0.0008330919196504937,0.0,-0.08691703740948448,-0.2026372920782088,-0.0003216319996749255,2.4414731322238293e-05,0.0,-0.003615872245715548,-0.13383207752006046
3477,-0.16886335549003728,-0.06562444622276245,-0.0478669139681352,-0.7000890468059255,-0.0010543201086029121,0.18271128499917863,0.07101223094731118,0.011451925068285124,-0.17663537086655337,0.02798526064208427,0.005441554305219341,-0.0005502836056756843,0.020945051157150736,0.033370732078966465,0.025696751823341604,-0.006097907669800622,0.010623965857178364,-0.0024651562986580107,-0.0023006600283668895,0.019797635049435432,0.017892312839494537,-0.0039900224867692605,-0.04323370896306669,-0.03900772229556379,0.008633812037052727,-0.0007704982863579381,-0.023525793097931364,-0.0009213171662476089,0.000467007728490504,0.016976267257235833,0.02534783907935017,0.005657624797801582,0.0021991033375122196,0.010748064782311923,0.0015689312773475743,0.0073832381141325015,0.002243908009774138,-0.0006614477569362222,0.0,-0.0005544173111615492,-0.009450900705715096,0.011239255741890854,0.0042998520449702435,0.01266994825384,0.008462424618600231,-0.114744415906683,-0.008924139724843488,0.08669578404166597,-0.06934451005874755,-0.03160861481513336,-0.00014300725267966645,-0.00036397207589144103,0.0,-0.07968539403246536,0.06954884955197156,0.0004920814184545867,4.23044786957464e-05,0.0,0.005081866133272981,-0.31680741809009016
2818,0.02451963022308409,-0.0032861462173189317,0.06586605493844173,-0.467357721662749,-0.004797200064166169,-0.0006981293459834871,-0.023640966225884845,0.01382622429547717,-0.8484962475985376,-0.04400233198604814,0.016062541028665587,-0.0009156632443707299,0.012482218582104337,0.05032203834654193,0.014473083325811384,0.014276756745870062,-0.016203267666539994,0.008033433979278814,-0.0032970266758784207,0.011343448332934653,0.011598845318298098,-0.005478822547588022,-0.016923503112077517,-0.01510477377232972,0.0036627168930479076,0.031224155746052532,0.0004294321833171628,-0.0012382657939466644,7.408612023412391e-05,-0.029575343775247925,0.03939560686395256,0.00721199795256426,-0.048092817251414066,0.009365240648607378,-0.02009622523526113,-0.0004974535853570062,0.0019346354588610942,-0.0008542652775136754,0.0,-0.00048699048944741887,-0.006597830609695136,0.014384003374233017,0.003742417376614368,0.04341222862598677,0.01273926870595801,0.08155931225754173,0.2918750091103385,-0.15410357629746838,-0.003838074544855073,0.02219994810251536,-0.0003809117104641999,-0.0007551354803569991,0.0,-0.11191960426311169,0.06990933124119496,6.05502794712123e-05,-0.00029620331326015884,0.0,-0.0009542725166195317,-0.3686664694849986
1396,0.07015871569613245,-0.030135728038246736,0.08095106314368082,0.21512849248315666,0.0013275400498722607,0.16211098977622806,0.02623997728290335,0.004459988849893445,0.4623865293526003,-0.006349875376465709,0.001197419060363484,-0.00038479550396192813,0.014625953634410393,0.018291020239400702,0.0013752650579260145,0.015293503094157187,0.0028362977144243792,-0.004221237792120778,-0.0026599146469308433,-0.0022647030491868675,0.015520333507809717,-0.003695567301199618,-0.02413399665328643,-0.012398693272751652,0.004018030541777659,-0.0007904848885674385,0.00105604148195913,-0.0006859579251197229,-0.0006902233465824408,0.09738676677453408,0.02720110805790477,0.007456589176937993,0.0014074831854506917,0.007577810468612397,0.0031324870395519006,0.0005693081812935436,0.0019039209132864889,-0.0010796893944651615,0.0,-0.0006056849463911434,-0.0091964505518546,0.015826363969769938,0.0013476367954700086,0.009339148000873442,0.012873356608303084,0.02253663305740244,-0.005863259786868339,0.03799385192131997,-0.0037677266301837345,0.039144013951971396,-0.00016923278864742632,-0.00036786773046315033,0.0,-0.05251918589753341,0.02475905444505525,-2.684345671067831e-05,0.00012458346896899523,0.0,-0.0005528464338430408,0.06632378753000119
872,0.1343785520757143,-0.011734104335946764,-0.06721233455329435,0.6521784317577957,0.0007967993209088194,-0.07013506311291098,0.011331781155220495,0.00505928349391778,-0.27732841555666093,0.01001258107696137,-0.0029355771832753844,-0.0006950711591552058,0.01267068612426825,-0.032261417547261875,0.0038548267703207373,0.0024750160561366006,0.0018835309382536315,-0.005744255154853876,-0.0036259646517025623,-0.0025823085482581027,-0.10321079941035845,-0.004086207920744615,-0.04570627109144294,-0.021654117136521184,0.008361074134205613,-0.001813377509876614,-0.008441385869355597,0.028582622533772573,7.588963105375449e-05,0.07666739354714736,0.04216590064238026,0.009421780901446948,0.0011687240357696235,0.0031263700590557237,0.007775039053970844,0.0018396280890520154,0.0020081559593046537,-0.0011151769660704028,0.0,-0.000568144348690029,-0.011547943837318558,0.008654669223869859,0.001383113632384635,0.00954868342572442,-0.05022108714024476,-0.009426881589258895,-0.008494892156041055,0.0686724357282941,0.08541975328218086,0.03082127072854081,-0.0001841617794026209,-0.0003690933527092063,0.0,-0.07203830168104262,0.036274203827199675,-3.9831724331791803e-05,0.00010588631028144089,0.0,-0.0005996647685607793,0.27776400069296714
3410,-0.5535174830813309,-0.2857072476659202,0.04292675558665861,-0.6005650148872475,0.0013944339832541585,0.07381059204761242,-0.04359386084087565,0.012765777232552587,-0.3361302993918656,-0.017820849523023888,-0.002587062370956937,-0.0006977203429358189,0.01043936229887869,-0.008844246143677667,-0.004448899061158761,-0.03637612307036855,0.006318654058029867,-0.002412655547426006,-0.004278486574977693,0.0012316818160636072,0.0028123470549848034,-0.003781068405843297,0.013590786032348876,-0.033454812947990964,0.014902345944731513,-0.0008757428393741388,-0.007533303362185372,-0.00023963775578416462,0.00013709988137757345,-0.04925791892297287,0.015698489189102494,0.0030219897893438517,0.0027320539892298273,0.008659464009400476,0.002479690401588511,-0.00392854529436823,0.001747249011888164,-0.0007154628295509083,0.0,-0.0005217897526016685,-0.02918460433434878,0.013594494430180971,0.003808687304802054,0.017513913768469704,0.01252686407982342,-0.05694236321894523,-0.005889519431423345,0.0744975336633322,0.021060104071818565,-0.04929850498934609,-0.00028622493503782583,-0.0007310325671251391,0.0,0.20041830487901385,0.042783113780811545,0.00045717207699988986,-0.002311011165611035,0.0,0.008538982513268132,-0.25421848302728756
65,0.2520795209147388,-0.04380088136741884,-0.1147968599242054,1.0323002197149465,0.001270229487627342,-0.07029434917690092,-0.0030494851499850437,0.005288580105249434,0.7665340822011135,-0.009610661638477265,0.0011652617209580536,-0.00037355112462193394,-0.06941969735804278,-0.06506306304062885,0.0002289037873829139,-0.0026052003801126412,0.001408830850306936,-0.0106141530706006,-0.004151982936150739,0.0016376750380786298,0.01287375818857474,-0.004273030976846402,-0.05390101559408934,-0.015808334287049454,0.0020577288747141045,-0.0006078729049874837,-0.006302798625016015,-0.0006718273151097503,5.9054710741850256e-05,-0.013013441411678412,-0.17195780258697455,0.0020244265063647723,0.0008434603680134284,0.0024168405298539554,-0.0007422222416853402,-0.0020665495791863395,0.001080710310654178,-0.0010970016386494196,0.0,-0.0004026574419680077,-0.013610484994130367,0.007806103611849208,0.0013456303078387241,0.011610738111805583,0.005917900731915461,0.018732320613368197,-0.007486503356515594,0.01707453190190233,0.06463348911979945,0.0349799894319515,-0.00043817525061701755,-0.0008316604632229169,0.0,0.1153792618293053,0.011162410083164659,-5.723442360131083e-05,6.147311282376768e-05,0.0,-0.002958175706338658,0.6959114852569814
1423,0.06070270532334432,0.01122244514869868,0.07823340145785337,0.25908518879618647,0.0007126493017649326,-0.12021609574412422,-0.0016750676379496342,0.006243784765176792,-0.21684452409459218,0.01943695413665226,0.0017120111103991879,0.008366601896922702,0.010528257779415249,0.007922748294259858,0.020981252101891952,-0.02623072814257781,0.002209549429918091,-0.0030262169158954957,-0.00812109084723381,-0.006695852615564797,0.041991795378370854,-0.0045857216265396015,0.0347954422625905,-0.02378542523539744,-0.07444500867639828,-0.0008011923621151008,0.07478337200844344,-0.0013064009392549343,6.319434029190031e-05,-0.004028466163319448,0.043274837840736824,0.01942963142204936,0.0014094234797893583,0.007525022395831065,-0.01854203111178955,0.003985491375975189,0.002190341522068101,-0.00121129299689614,0.0,-0.0006051805025596085,-0.012461275135788045,0.017848150432065453,0.0013296679075848518,0.011724374115942604,-0.012774368652368622,0.004302350839836019,-0.007801330494675486,-0.04010848709553603,-0.027702861223300717,-0.03881231519354868,-0.00038604710014964757,-0.0008401289012881652,0.0,0.19539877949429796,0.03569601308805295,-0.0003773908847333207,0.00012458346896899523,0.0,-0.002428614765816931,0.027357130780071404
874,0.09377050527258367,0.11203385076469308,-0.026092989575780025,0.6060969195172247,0.0023764743686534935,0.2692340492126854,0.03076379910684325,0.004644057497625169,0.23374459191903968,-0.00914921933867318,0.00012643839430920214,0.005149364879337459,0.014235193116109175,0.01752370811342225,0.00638049794105397,0.006428588624504734,0.0017422767498050354,-0.007156639821177484,-0.0021150941361412793,-0.0004807151480409918,0.015675765977388907,-0.0034720494751900787,0.01859606299884565,-0.011006403930075029,0.0087548325395448,0.0005980009701814007,0.010847435531251481,-0.0007571938032090057,6.529309921392332e-05,0.12102591890294176,0.022862132545552354,0.00013446550542546071,0.0017613591423669387,0.006286190825890794,0.001472550602653531,0.0006912080099429086,0.0017336448838093945,-0.0007504744890040167,0.0,-0.0004319752693866246,-0.006174019800451243,0.010831363168577251,0.0013535555565636357,0.014398191589793963,0.022736695915498317,0.02386635545174267,-0.00422044628482743,-0.0480277092638711,-0.0011455127522949065,0.035496640570217876,-0.0001745555924022609,-0.00036002371743162686,0.0,-0.04588702311772568,0.012779454252358567,-0.0003446404472121117,5.750259631789073e-05,0.0,-0.0015656331425682253,0.19273962902330075
1250,0.12376752756977905,0.0015440381696909102,0.06914649768207182,0.22411042543267692,0.001007933044849743,-0.012722429406776632,0.009577835311874738,0.005114515974846101,0.24701329068476127,-0.003246840951557614,-0.003056983275263764,-0.000689659824383079,0.010947601557758228,-0.05589356224852954,0.0009363765555516516,0.007179072790065333,0.0026603685622964505,-0.0016895068236252562,-0.004098351247650264,-0.001149295965407121,0.02234135800734304,-0.004053902500304734,-0.024658394831362923,0.13112905686102275,0.004002439082290895,0.00018868163137496647,-0.003181515467207825,-0.0007057011859042531,0.00011636825635642834,0.05255236356057808,0.021438528760927684,0.0060898176717650064,0.001501113538960811,0.006565901411048602,-0.020804846841106485,0.0004683087569203077,0.0021544150453610077,-0.0010777398694769287,0.0,-0.0005822860252217709,-0.010420508940200399,0.01254455888018296,0.005154836100936426,0.007118601339810954,0.0037416382642160803,-0.03946070945093055,-0.0034473526182713346,-0.011339727827484361,0.06945773599162881,-0.03782567273642335,-0.0001862408145642605,-0.00036836599973596985,0.0,0.09627033377775071,0.009664754845015184,0.0002226290460125887,0.00027894043410968655,0.0,-0.0010168738773960748,0.07254800596375421
3792,-1.634078364632245,-0.596489790827173,-0.06384413894075193,-2.0314880878357973,-0.012746404408530008,0.23388449258695512,-0.09961085785404937,-0.6348933708438178,-1.5607664772889083,-0.056391418887544634,0.005826560788146145,-0.0007684258524356873,-0.09778559896886674,-0.5595280312019423,-0.08208108904103742,0.005975937414421515,0.011716541076019162,-0.003023405057030951,-0.005012513285148099,-0.16168931670167191,0.006738760593407584,-0.002188422016638852,-0.021361974503971478,-0.018315781898713863,0.005422870990599548,-0.0002505693947271718,-0.020419439796427158,-0.0005008751360702047,0.00010649231181029016,-0.09355231560296524,0.02308503097448538,0.0025729500461157567,0.0015492350102830816,0.0061501991643333,0.00545286887634319,0.0020104682643347083,0.002120660406381502,-0.00044208895188371767,0.0,-0.00028880214089796463,-0.03136331013451513,0.00884670187972586,0.0020758011678986854,0.0023907133570973426,-0.1843258064852215,-0.014628608916305453,-0.021755112932780214,0.1154604687066408,0.028756206584695396,-0.02354255047039047,-0.0006001890192220083,-0.0011734783440220957,0.0,-0.1808895505752079,-0.1308043474000244,-0.0006115955210963924,5.41565759318948e-05,0.0,0.009174036860152432,-0.5099921922858296
1162,0.09172497398270898,0.05168060453739171,0.03923101482406527,0.29963199496899445,0.0018006644994804839,0.12962690308197836,0.010729639242265486,0.006780509480052956,0.6175318520957791,-0.007310286980661144,-0.0005615362604906055,-0.0005913959613163053,0.012542946952330197,0.02533416944963943,-0.0011584856005790822,0.01135840280957565,-0.01124333361341615,0.0061461652263478045,-0.004698153145603454,0.0021029362623196965,-0.07586990994050853,-0.003781934312392626,0.01617114295782451,-0.014508938914341343,0.006099947641332844,0.000538559041148518,0.001619282686427377,-0.0008219744275877325,0.00011636825635642834,-0.02511748449365174,0.01814309033795363,-0.012334544139352935,0.001660385614258249,0.008618569479666282,-0.006838919097617844,0.0005813072202048244,0.0010662815916445585,-0.0011108965262180968,0.0,-0.0004786052719160686,-0.007440005196523028,0.011291164094573624,0.0013157752356364322,0.00788669434619926,-0.011612894671985612,-0.0012611857171075077,-0.006063892563409709,-0.015505905530176434,0.015888292661853327,0.041108373501857046,-0.00042637608693256495,-0.000803008738480409,0.0,0.1006434963898423,0.015007319374190139,-8.441213851669545e-05,5.750259631789073e-05,0.0,-0.0005842159936674728,0.09175962493185799
2076,0.06554726205691423,0.02846432912108281,0.04378819959616956,-0.2256949368999946,0.0004694188909499981,-0.1950478954284349,-0.011274069735800418,0.004824101445722382,0.3268832463915636,-0.015316470602335458,0.0011808656843275821,-0.0007083780429394844,0.006471802972811005,0.0022659027687089227,0.0023009217419735994,-0.021605537798077713,-0.015724081346017212,-0.002598816914664856,-0.0052432351481365175,0.0012639186942771685,-0.11149667732699213,-0.004583479959979385,0.03547436577430436,-0.023303499919717745,0.004632775348557201,3.5511236825190066e-05,-0.00642487188678552,-0.0006980410958669142,6.767194781022902e-05,-0.02415858502657059,0.020456775434966122,0.0149354635703637,0.001430288392861988,0.007455767030306843,0.00031883000425334137,0.0031570973766951917,0.0023988564240421035,0.04928954266430564,0.0,-0.0005957833034174861,0.11248614703061147,0.015396140257751163,0.0013986879631865926,0.015105507751726796,0.009450022860165191,0.03411900922225239,-0.012806287611913825,0.04183410484577091,0.030713068942170164,0.010066104786721925,-0.0004254634035942284,-0.0008112827902303835,0.0,0.2624144402792121,-0.11097272640237621,3.0354935590327395e-07,0.00012458346896899523,0.0,-0.000799423492537381,-0.01159916773372147
3026,-0.03416308002444397,-0.07472678465600462,0.13504246091323233,-0.3611926321994681,0.0016507680709582431,0.15943208996681554,-0.01866059217959319,0.013807656532631135,-0.10017446540969942,-0.018421209707895573,0.0008584218904192666,-0.0006369193045751103,0.00562503122930469,-0.04274912593721594,-0.03524024140867989,0.0030958634345537674,-0.011058035389762896,-0.0020342450649804404,-0.003456783045854894,0.021888729869049398,0.009770338231949774,-0.0043564815408454515,0.0007204688828173994,-0.02961874066394491,0.0063346914698923715,-0.0017624414353019774,-0.0015316897211210842,-0.0007669345815355664,0.00017150155320217952,-0.015546772782419924,0.020744534700881338,-0.013479430575176591,0.002194649545511172,0.010026412712903098,0.0011936888246884456,0.00465561624271467,0.002485556868214104,-0.0006180080058618563,0.0,-0.00039525764628038103,-0.008557016830456109,0.011485892405964575,0.00408484128643584,0.017378952528212636,0.1794197973194658,-0.2716925151109484,-0.005112299322403172,0.05452282002042637,0.053257279590427135,-0.3559544208496586,-0.000341465332804487,-0.000744909053014846,0.0,0.19225458547390867,0.0430385120061528,-5.594962497993821e-05,0.0005149697232485019,0.0,0.018154214059835666,-0.2301390327753233
3041,-0.07110370609760606,-0.07876618537927471,-0.07120973572879383,-0.31336342822362256,0.0008173479511647106,0.3459448885315105,0.0316476028300613,0.015144826714500934,-0.6964877645772766,-0.031370549719988164,-0.014353293377645399,-0.0012389534233355488,0.027369717711402883,0.011935410596380624,-0.011086853173671831,0.014030098475572404,0.007365097039740428,0.007965749886660026,0.09748941691372762,-0.0029299002300995276,0.026708856195737957,-0.004505460301748159,0.00947767779690089,0.3611978762151664,-0.07375750569909356,-0.0016428057718954946,-0.0027941746275655546,0.03286471674152404,0.00012002010654117759,-0.0014659096084029817,0.02160972989300894,0.01411977315393378,0.0020138114014152616,0.00697932570699584,-0.02853799613070405,0.003651772771501721,0.0022814916441265556,-0.0010717702162466747,0.0,-0.0005655209032002002,-0.02221603104691976,0.015531953987881864,0.010025841148562706,0.01802712650773327,-0.03213691144809858,-0.05605561047717058,-0.005124280112664525,-0.08402908926148413,0.01143120940637904,-0.026223089240698067,-0.00036088971759952454,-0.000692884348280827,0.0,-0.07173367746478465,0.08557560687977112,-0.00025977246244719476,5.41565759318948e-05,0.0,0.015440006326118794,-0.14292145756012134
2946,-0.1563345350387913,0.09565852987561536,0.03613670181454804,-0.467867012669241,0.0016727147461480523,0.3387020292416321,0.010594477628657012,0.013326996908169596,0.06236849480338532,-0.008367728107376035,0.0009566779824301993,-0.0008860987009563983,0.010691269702357677,0.025574159866324313,-0.04340676628125699,0.016924105629786412,-0.03193406040240559,-0.0031791871482271476,-0.00526926404162509,-0.0012237873115333968,0.016197631909967546,-0.0043728305571080995,-0.009186851931059333,-0.0179527760115931,0.009833236488332574,-0.008627606090824805,0.005231426678882863,-0.0012024626856864814,0.000467007728490504,-0.01956116586301699,0.016591371501520912,-0.001261881781624253,0.0016906682141693253,0.013699712716661643,-0.005272430253142453,0.002185295658976181,0.0018929309212278062,-0.0008323129236204827,0.0,-0.00044982671903812224,-0.01214811403321611,0.01648581134167325,0.00410097166535146,0.02169435094297088,-0.04149241224157963,-0.00958475260939347,-0.004043726952025234,-0.015812368847698093,0.0056167403340581365,-0.022258861470344348,-0.0004279479651054924,-0.0008091593558231338,0.0,-0.05431895563016786,0.06904768638613591,0.00024446798985222634,-0.00019914093942575127,0.0,-0.0004499001564376276,-0.2190420710520358
1956,0.059725387240417364,0.0842566774098678,-0.06396957595916175,-0.24876499042069286,0.00033828583864098925,0.023929395481773464,-0.003384251068727547,0.004589507810024544,-1.1916574284808115,-0.040738386661832895,0.001339892147698123,-0.0008639905875156771,-0.06734926801454569,-0.10302400401913767,-0.003606279414332205,0.006243114059660671,0.0015242118143161626,-0.003073047840846038,-0.004199668234377444,0.004171083231367893,-0.16234193418971166,-0.004823560790116603,-0.009976710265734797,-0.028703571226276293,0.008351028964130007,-0.001848874209611579,-0.0003823410043811529,-0.0007353413346693178,7.588963105375449e-05,-0.023287587748329338,0.04681279083506139,0.011991327614909758,0.0011470050667978522,0.004739207400096295,0.018708260652215734,0.0011642511277183461,0.0023322430373637114,-0.0011524192574951515,0.0,-0.0006041359553323409,-0.019738527762290695,0.01436952427056479,0.0014995251215891472,0.012538722245734133,-0.07926692416369957,-0.016134569403705404,-0.011072673684526142,0.17074328180420972,0.02672287724619077,-0.0440308039019417,-0.0003636162967780546,-0.0008233180641110958,0.0,-0.1445185734994773,-0.08199371194272109,-5.224667286825817e-05,0.00010588631028144089,0.0,-0.0006581010430265668,0.033440152631580546
1313,0.07842503753672926,-0.007385756758073164,-0.03479498025384606,0.21784891500057185,0.0011538157840277792,-0.2916908300680941,0.014644512566084983,0.004957088921670111,-0.6215015266278658,-0.018556442407787203,-0.013043298305918006,-0.0008671518642364128,0.01061551686307683,-0.035645734020613336,-0.023624015700478167,-0.019399129020142906,0.0013750362241885697,-0.004072092038210195,-0.0059672491822495245,-0.008706440412411637,0.039786305940350264,-0.004791506668188938,-0.045725087455163294,-0.025282418893238838,0.005759612697193898,-0.0017954532070043332,-0.007168559849557337,0.01425294971060712,5.059217297383317e-05,0.03803405806094881,0.05372732012061683,0.024671856494694725,0.0011658275076314472,0.007238100681856677,-0.0015783539351973974,0.003545119156088595,0.0021101249418012087,-0.0012674088833995057,0.0,-0.0006291185383626172,-0.01300417003330689,0.013168370148918184,0.0013211638939957802,0.017157076675396857,0.06827743045143718,0.03121378025156516,-0.008548733790684982,-0.04819156467337355,-0.06533094191769619,-0.016421541661379664,-0.0001818215567717078,-0.000365686942646117,0.0,-0.12007041450011818,0.017823271153722498,0.0004726840792591429,0.00010588631028144089,0.0,-0.0008432240166349589,0.012702254338782117
3559,0.008166213610373604,0.05102099890736588,0.22770834713832994,-0.5734789473208598,-0.0015622497808508023,-0.06398163282466739,-0.03862515592592025,0.01458604007159863,-0.28734815842207745,-0.05115446117789033,-0.008459262330066292,-0.0003122129038353936,0.010296562380002733,-0.06668868161833681,0.05058793037912291,-0.003858291446034317,0.013941917421897378,-0.002605980332225443,-0.005466834760553315,-0.022321298949685292,0.026391404054768065,-0.0032624017861202326,-0.01892357287094102,-0.02595433817415954,0.009568566139654539,-0.0018964376579859927,-0.011462345666363099,-0.0006403558391645607,0.00010049145058689609,-0.03302320217632345,0.03395265875223252,0.0076267696912550725,0.003987704586726045,0.008819535297160404,0.008247942821616805,0.005707540653669666,0.002135247615947717,-0.0006544701506824671,0.0,-0.00050225022205675,-0.018957331624183605,0.012532122508440218,0.004983508390618587,-0.12191904935123389,0.0745831870508212,0.03898980168525614,-0.01648556171206401,0.11652715898271422,-0.132411992610081,0.077238634871836,-0.0003103384578867791,-0.0011517233340283665,0.0,-0.08106645009236169,0.05398868884210249,-0.00024306151311236524,7.285373461944912e-05,0.0,0.009683283328714109,-0.021723967443327923
3780,-0.3800696167603275,-0.29138599247487623,0.11207916059299111,-1.8942776169267292,-0.01424498688761619,-0.012634889910971546,-0.009108801220820802,0.013246002803809701,-1.951480316538315,-0.056911239784286034,0.0035290949470796135,-0.00023080040720918385,-0.0690624890269526,-0.2034690213330292,-0.05174725208927464,0.0023573701079165287,-0.021441115804697743,-0.0031746185827214728,-0.003246808411997558,0.14668741962345233,0.009222504232911604,-0.003311243195888706,0.01657852424246546,-0.014395843448796637,0.002805179221091668,-0.0005521804469561476,-0.04517700775296711,-0.0003271333925102659,5.500559675698058e-05,-0.08016116597283769,-0.21429762906271002,-0.009185333096168468,0.001731131547265129,0.00581265895205651,-0.04758410965798141,0.0023619942632832486,0.001723788690276551,-0.00042778906421687474,0.0,-0.0003458107992962944,-0.023223847804198738,-0.3389092189083287,0.0033763104121027586,0.02312648213454938,-0.06760124408864474,0.031008945033728835,-0.021060523150577205,-0.08783682025245357,-0.011827884353801735,0.006257379645192805,-0.00023312178193267926,-0.001319857044624374,0.0,-0.17224871421749982,0.016235681524472776,-0.00011654085941947143,3.172731586095273e-05,0.0,0.010097805315514873,-0.3747573241284155
2637,0.08680371851978833,-0.1573406680729137,-0.1623757955810924,-0.3929266174659687,0.0009276036200145155,-0.2556504714570495,0.0526763007699778,0.010391122387807079,-0.3876935506051845,-0.04042040388705758,0.0057825394777786315,0.01759210616439205,0.015803103701385955,0.03717411083976098,-0.004034315265959522,-0.0131924374715552,0.000618612398595047,-0.003000073097016397,-0.006079505274303185,-0.0005003426585960094,0.03813175032611398,-0.0056298349375449655,-0.04896131114507692,-0.04057990996180403,0.003403512802698945,-0.0018548966768887126,-0.00757556501283287,-0.0011233957430712232,6.439158323806466e-05,-0.012268036980801667,0.0434891047639303,0.006622017644709856,0.0022154316936406192,0.005900949923157622,0.0027733220332725357,-0.052670376731370164,0.0022501127531081647,-0.0010428863277036125,0.0,-0.0006172102292808093,-0.013600581049549395,0.01599371830207887,0.001363687763382626,0.02154670458740035,0.0017895650650989194,0.03167243760281866,-0.020565599773897998,0.07386774141945261,-0.0884408953290928,-0.053258205696898424,-0.0003120591126453753,-0.0008147452807857888,0.0,-0.1164326282460229,0.07507349405559537,9.802721222322054e-05,5.41565759318948e-05,0.0,-0.0009597641681139367,-0.19198871969844425
3089,0.06705467123242444,0.04621808955385923,0.027798686724947543,-0.6208926266187398,-0.02366524413633994,0.17095106481199307,-0.04349170044465696,0.006602714425229838,0.457167889962971,-0.01212889837613398,-0.0005748793953139873,-0.0008146371497137262,0.020276015937056958,0.021499313483983682,-0.004319701449277006,0.006624693895517923,-0.016930834830282838,-0.0031093384700214676,-0.004365710292923336,0.0006813540989643906,0.012646301744022844,-0.005159280895398551,-0.01768910087662741,-0.011005325926701007,0.007211603146379853,-0.00021641622109339116,-0.0018642888718314508,-0.0003448601988358861,0.000165333687121821,-0.02805254083483352,0.019282659852526363,0.004903038382682381,0.002007297373565052,0.01219937246812595,-0.011205601587870963,0.002561833631853481,0.0021082471202396166,-0.001218474046870119,0.0,-0.0004331794724346513,-0.00646611315465627,0.01631288106652839,0.0013916031771873695,0.023988533352294956,-0.008208008172796856,0.033359161672463625,-0.01047873408686485,-0.06747210279586352,0.005563126203144944,0.011612276357337968,-0.0004655697121184404,-0.0009455785839845198,0.0,-0.04981402206450248,0.015774933767201772,-0.00022051557268691968,3.641009713381273e-05,0.0,0.018922071837751527,-0.39828034559908576
83,0.18794376536769017,0.0010616304377179717,-0.1788243046248943,1.0129232922612985,0.0011560430649530545,0.061987009024936764,0.012401694784077051,0.004783044643885484,0.46787961119441723,-0.007577604037049374,-0.0018848036475525923,-0.0004536016475748963,0.016838057463749626,0.024014746933095705,-0.0006037282227401,0.007113018119400482,0.0017576764051240883,-0.01067576645967857,-0.0027588341548967807,3.566422710317856e-05,0.011919492120530329,-0.0036018682702955358,-0.025725488440298993,-0.012604091352567848,0.00580336294359615,0.00022750345936190205,-0.0009939381494503267,-0.0006159284709037414,7.588963105375449e-05,-0.02505280990111178,0.015823471489407014,0.0027067100063811736,-0.02746001036520832,0.0040764678497674746,0.0016877430363574674,-0.00015377751471263646,0.0007682987457720905,-0.0010682249239183292,0.0,-0.00025524264946385485,-0.006162039391965656,0.008763790851675706,0.0011528640118843734,0.010941175792178383,0.007271379230019472,0.023347543134087385,-0.002837680348809395,0.12040898930892159,0.09368606786696038,0.010037754096966037,-0.0004281037334521321,-0.0008264067708445663,0.0,0.10030499401654754,-0.016652717374284944,-2.6129457618575114e-05,-0.000314503996187647,0.0,-0.0004791485243979335,0.6526569937016102
1473,0.086395612991593,0.15494600073142503,0.008673361796022088,0.2402647264422266,0.0007994468557513922,-0.020914673979428124,0.0187877246292367,0.0057408734521794,-0.6096361495489534,-0.012264609749578154,0.0012210359034335492,-0.0007951098163049106,-0.04588810875529214,-0.07820046478712017,-0.0020666385269533286,0.008928353389112123,0.0008256060937156865,-0.0043501714204756785,-0.0037013652980854533,0.003267524922118184,0.028851280447603787,-0.005200883799126577,-0.021936133402907915,-0.021651037883809024,0.011071992523537516,-0.0011298846568051284,-0.0029470519588458174,-0.0007878448150172854,7.588963105375449e-05,-0.03140505882879711,0.06716646775082594,0.018118927842307998,0.0018139422824257545,0.0041571045869525595,0.013708138300777387,0.021218354638923895,0.002334524609148008,-0.0011485785497297564,0.0,-0.000604137428454533,-0.011532864725760076,0.018114138021591467,0.001525845665840554,0.008016267680208453,0.012771250873017295,0.0813249347307405,-0.014262794081890786,0.059467511041687585,-0.02732521144642703,0.0255837093626945,-0.00042631936043710983,-0.0008243091515615097,0.0,-0.1024177917975901,-0.08652511376037292,2.970323149580237e-05,0.00010588631028144089,0.0,-0.0006400829911503218,0.06946263504922232
2230,0.05663338007844785,-0.018354058318281994,0.09664566043010911,-0.19585199272111242,0.0007744994158700245,0.09719200690476983,-0.00496848605533184,0.006727459170860846,0.6604458390400972,-0.01663731962158276,0.0010609175633567878,-0.0005718194270448918,0.013941208340768138,-0.05919647371051246,-0.003143462417603611,0.002294202925919986,-0.01659517663760163,0.003500153174948174,-0.004253091517033093,0.0013109952472434574,0.015087228796095583,-0.004755700867861978,0.02988296257766872,-0.01807342415021231,0.003473102881962073,-8.531043244658134e-06,-0.0014701193677227851,-0.0004593053427651647,0.00011636825635642834,-0.020886236005216517,0.01816206206426874,-0.010997047979426217,0.0012970215725374224,0.00809186215747214,-0.013908417079650555,0.0013105642270195943,0.001939421820725739,-0.0010562714054039564,0.0,-0.0005775889348940329,-0.009744938560089447,0.013998488413556595,0.001412659070725439,0.014095203247125876,-0.010792679378921956,0.030840549836384255,-0.007997246908495959,0.04170623415294465,0.04413270843429045,-0.004819642411146904,-0.00042478797576843256,-0.0008035028182259246,0.0,-0.055032779553427794,0.03557620093278113,0.0003533615010059889,0.00012458346896899523,0.0,-0.0006948686275667045,-0.24576122716503868
682,0.05987875421990044,-0.001165883525897933,0.1108654278219625,0.7902015019986558,0.0013087764193902998,0.04023722597141279,0.016167134698438376,0.0045302093979991236,0.4716727751799637,-0.009184880599110911,0.0008217123115608083,0.0008526222147122977,0.01178143348403404,0.004726101750156024,0.0039845210737107254,0.007295023511285463,0.004056109228223373,-0.010950671782936409,-0.003604526158160994,-0.0007204569959858396,0.00898595072684097,-0.0033891781646406666,0.015328751141170034,-0.016439685823076502,0.0027500722202434555,3.7188601445050404e-05,0.015599546048261283,-0.0004770788509374592,0.00011636825635642834,-0.028037098890112595,-0.17080351228813584,-0.00896744125614113,0.0010476240279555218,0.0046782850471019976,-0.008431530032290108,0.0005894068355591949,0.0017647892429071544,0.06171708662824251,0.0,-0.00045165839084724765,-0.011637464646685984,-0.25172193928215886,0.0014105940460917925,0.011429240954674335,-0.0029837735177980097,0.016458032388394942,-0.005701188342337454,0.01676455067825482,-0.012950000199514328,0.025950780123633853,-0.0002527405395353359,-0.0009197207653912615,0.0,0.09781096785249282,0.023484081185644854,-0.00033485950891898715,6.993256874923913e-05,0.0,-0.0017028470120079673,0.22434261260376273
675,0.1514766447450556,0.04080777186285613,-0.004941458140996896,0.6086256707427152,0.0016137598305029628,-0.15059529993115342,-0.005029826101458339,0.005092896022940981,0.27842008266197327,-0.007767250103850861,0.0010491113270969742,-0.000385072360442529,-0.049596769377616895,-0.0641377454806111,-0.0008157947366200565,-0.0077441039780822745,0.0019207163738689974,-0.009391929935202699,-0.0039373371164576326,0.0021910124250334125,0.022129043668120144,-0.004635162042628341,-0.03907071662504201,-0.010876552731098124,0.004804160454703843,-0.0004981982250527378,-0.006717884252020124,-0.0007166744384317603,6.439158323806466e-05,-0.023117913081349493,0.03492580451992321,0.009286639959734746,0.0023330858140362793,0.004379903489001358,0.005989637504653703,-0.005743167531433821,0.0020521827349819703,-0.0010741237857960708,0.0,-0.0005139535259705703,-0.013095908345336874,0.011357318332446626,-0.04095834103460215,0.00864786877339193,0.014363319656265727,0.02243975323220438,-0.007809387468069563,0.03218748622637112,0.00023148056924565682,-0.004122499138749018,-0.000426270789614605,-0.0008188259157722966,0.0,0.12627462336506476,0.021921616847066675,2.8577808802316538e-05,-0.0005791332888862479,0.0,-0.0006934264358393334,0.2380815787496312
1252,0.1339482393370992,-0.036552346930913665,-0.019857349277416246,0.3052759453949492,0.0005359769586698798,-0.05128889475949184,0.040008428923359166,0.0047841918292927145,0.4418200329005543,-0.006622153033433173,0.000549084962001593,0.0018125977484247258,0.013209267973948554,0.034879070968968424,0.008053981827625801,0.007607562233992471,-0.011683794209904112,-0.0028148745730370074,-0.0035719005532333053,0.0006718062473804862,0.015951998875850904,-0.004124125191329295,-0.031955793259865944,-0.017184686204112568,0.0036003588902623783,-0.005854021081000424,-0.0035971281723493195,-0.0012003993368233188,7.588963105375449e-05,-0.02450011670122634,0.022116146568154544,-0.013034682812076101,0.0007089688896667162,0.004044638561741288,-0.009122023659282464,-0.0002036047427836759,0.0009292497249705599,-0.0010690369591448542,0.0,-0.00037006956703835523,-0.007076659539167049,0.011710129141456823,0.0011878713970113332,0.00722922498282764,0.15027292628010816,-0.25903931657307716,-0.010306641646735443,0.13953033361480746,0.11250179656434674,0.02476116037010683,-0.000404263807679282,-0.0007815684359838177,0.0,0.13093225274947182,-0.08769113252209038,-3.057293990246784e-05,-0.001610236581537376,0.0,-0.0004174349277632482,0.07060843298880881
478,0.1250892422464511,-0.0007135686741048416,0.016945061074539174,0.8041480559691225,0.0013814811623971124,0.1429063533727482,0.019437210845672195,0.00709308617472697,-0.1614679618421059,0.014311596349981092,0.000686979589795512,0.002866255725647967,0.011349920137644609,0.025488878622645792,0.002783070450388589,0.008970519116083785,0.001446222942502082,-0.009375366313527325,-0.0047310390158787,0.005099391438019946,0.025435078987459513,-0.004047134692101242,0.017878230015375175,-0.019183001558893967,0.008578532422049008,0.00017093369932078163,-0.0007007884589799087,-0.000819105868295826,0.00011636825635642834,-0.020956577307400897,0.02986642113313622,0.008148586746903518,0.0010435592874827309,0.006703481696234608,0.0023767281064907084,0.0014019310708412833,0.002427062522403061,-0.0010870713642833233,0.0,-0.0003620072520458989,-0.009271968725756386,0.010976001679863756,0.0013490180238174235,0.009959697404425533,-0.02707422123299128,0.00354608832347101,-0.005707881669439968,-0.03569446853695255,0.04500841931957307,0.05291647544136646,-0.00038658982350110656,-0.00078989515634784,0.0,0.17458899013790993,0.02042860229072856,-6.045442163960054e-05,5.750259631789073e-05,0.0,-0.0004806459255971738,0.3541852724293777
2346,0.17871459696732495,0.003429094041317816,-0.02216205755413308,-0.2964070563429883,0.0014897955001541305,0.23446370161392033,-0.007255799248524249,0.007153899812650379,0.3332263804604955,-0.01813415217872633,0.0008094180140447128,-0.0009873704220952331,0.013312680631982392,-0.05369216791608492,0.004035197510042547,0.013727973257919612,0.008718142279650518,-0.002210717525471354,-0.0037049923309139064,0.0004887240809791458,0.015556782715535565,-0.004068868725950991,-0.0031938489825314516,-0.01214496156154074,0.009245298541587756,0.010691723870657317,-0.0012919319507488484,-0.0004400617556744071,7.588963105375449e-05,-0.030713507638402995,0.03155587359717927,-0.00388675088009279,0.00025218922794624136,0.007949659150652523,0.005884291112826188,-0.001088597600390908,0.0016073294946492155,-0.0008444024661654504,0.0,-0.000531886999369227,-0.009881479404474341,0.018795722678785407,0.001287878462834479,0.021948472276773143,0.007502226343500174,0.03915042879335488,-0.00638318787703134,0.05536166556744526,-0.2305807937171406,-0.04341904990506613,-0.0003421958504073364,-0.0008654349050927145,0.0,0.12534298598460475,0.022381858802006743,-4.0951988508343765e-05,-0.00029620331326015884,0.0,-0.0006664437117977578,-0.16299783893095346
2021,0.05681816381396294,0.17666522457992762,-0.05052710845748254,-0.23628774070230427,0.00093847223489924,-0.018629962380426152,-0.07848256785097875,0.006144547847401731,-0.176898098707747,0.06257390313458117,0.001244886840385464,-0.0009284565993353786,-0.06347227577728345,0.033078234748130396,0.007104330649495006,0.015591063893373561,-0.011270855360004018,-0.003284985384955443,-0.0042796612719141385,0.0013655177741950836,-0.12888538177614106,-0.004843145559272401,-0.058414547522188776,-0.027388997308568128,0.006650004823383759,0.00017881533979454846,-0.008046789863149592,-0.0010192640453927666,0.0009151013955987208,0.015651970823162165,0.044845159086084545,-0.03197822340520888,0.0017137147859127716,0.006127409746153168,-0.01767421147465541,0.0019743657762545004,0.002240580749917143,-0.0010984272505730169,0.0,-0.0005813429433498845,-0.009844756761887908,0.014570032195384216,0.001475918436055363,0.013789712865377775,0.0007795923924397746,0.03612522238409827,-0.016209161843187297,0.07188788836049818,-0.007877540750547859,0.00026022627857550306,-0.00041476884001361426,-0.000791499083787676,0.0,-0.10837628573548971,0.016264919856204787,3.237334980971189e-05,0.00010588631028144089,0.0,-0.0005274592975569906,0.05184453587269364
2181,0.09976735817638843,-0.3359608746744092,0.3039781056978717,-0.5138596351841187,0.0015429823204327418,-0.23388337320568908,-0.022622391379255726,0.006108836382895551,-0.9234160343454194,-0.06873099506570578,0.0037358655620176972,-1.5684705985649167e-05,-0.04877045743311457,-0.0997940605819591,-0.054900909364849856,0.016625368987502085,-0.008554345103612472,-0.002167434618738397,-0.005438143596144191,0.029490341377584266,0.019903999368862942,-0.005590432994194233,-0.05600747996352945,-0.03581553209744357,0.0007328333524145729,-0.00032255786400728933,0.03213377232745356,-0.0007734726366510598,6.663109268058763e-05,-0.015373571227082395,-0.2218997989191014,0.005515053379620154,0.0015736793761895642,0.007179149364870103,-0.022952077319037093,0.003333208827850081,0.002437673707137237,-0.0010015701463916588,0.0,-0.0004831481370499364,-0.012132841813771469,0.011996762861344518,0.0013415291986794901,0.012777600860143474,-0.01453359311867256,0.001029794271151257,-0.012621568906842524,-0.22403728603348044,-0.04914512555506778,-0.25139795266909093,-0.00044013395980765,-0.000855325850741468,0.0,-0.18110684620960868,-0.0005875762839400229,-0.00024017609962458033,6.993256874923913e-05,0.0,-0.0033424016777263347,-0.009599152992172368
3482,-0.18757252352371903,0.06935830513975388,0.1887758431276889,-0.6702726495985978,-0.0002662530702644438,0.2611782227418746,-0.008494356734978954,0.010588799381837639,-0.02280451549817748,0.05475403385351139,0.0014023422654799392,-0.0008644474732150128,-0.05680519480132219,-0.11279247297100575,0.01408677718167874,0.00517696561589252,-0.05581471367839508,-0.0014523042627062985,-0.005707871803017624,0.008972675583456192,-0.05966665234617904,-0.004112910167302193,-0.026778427808522198,-0.03463506965539192,0.015064143585237773,-0.0016298483548837978,-0.02137438150149317,-0.0007145414947907618,0.00044992795365410813,0.01838659140044762,0.02517613169479547,-0.017202702405478405,0.002991533941026985,0.010438672264882886,-0.024215209567185814,0.006234413704275401,0.0026560573867877887,-0.0009206455962514242,0.0,-0.000402143900396572,-0.018538764781266842,0.012935611147188674,0.004684891791683377,0.01592589508304474,0.04021358763601691,-0.12795073608534285,-0.007647838723721648,-0.013554474410550849,0.020897141752929112,-0.002981279527219003,-0.00029392974725465525,-0.0006039034023480765,0.0,-0.0880228930314911,0.03906411080279068,-0.00024352061418585422,7.285373461944912e-05,0.0,0.008996379342374653,-0.33268771481946807
270,0.15307053112818808,0.038624814245874335,-0.03757138157583971,0.8104383015079496,0.0007301404170504748,-0.06326315872572076,0.0021989646427784857,0.00471675907232373,0.44969413801805264,-0.009145268700845453,-0.00234492370335763,-0.00027958915118454753,0.013098005506413941,-0.04267666254470687,0.003600004723093078,0.003042374861494558,-0.008844187164610127,-0.014579554222120131,-0.003998208918087212,0.0009167511709989613,0.015687379010263593,-0.004250774618482565,-0.0371406146604898,-0.008751870267108584,0.005137014542384449,0.0004674204701506705,-0.003347188702257421,-0.0006578640290367057,-0.0006149950864972904,-0.017079250839277027,0.019382381875089692,-0.013661934836670251,0.000825584205881156,0.0028001610651878553,-0.012046975813817393,-0.0034585106014069244,0.001370451901847108,0.04969619391868194,0.0,-0.00035111825081327155,-0.012238115783441366,0.006692946959284313,-0.03768158867941798,0.007212607650036397,-0.0025347482408064367,0.028217901634139175,-0.003806720435954393,0.004240060644526121,0.025975127199571277,0.004409844781203652,-0.00042489391522055654,-0.0008361144593736541,0.0,0.11040563952777321,-0.009444988082874093,2.5818046743214933e-05,5.750259631789073e-05,0.0,-0.0006667818702356976,0.4349429214874252
759,0.0785515911037447,0.04646922555476194,0.008419146902240297,0.5691068556701365,0.0009821753633855977,-0.14752399674018785,0.0035244945291748294,0.006710123241546309,0.14441427193713757,-0.0073981698182516336,0.0012059975420112134,0.0017171142617346468,0.011268363512576757,0.012928240344500193,0.004191606847504322,-0.010126197782680015,0.008422919841830082,-0.0067105994438637386,-0.004652385073167206,0.004427093105086878,0.025413238019910044,-0.004831937230281106,-0.03984262171801295,-0.017876389314366966,0.003952641188824426,0.018061421394319398,-0.007067249889562835,-0.001184190981473038,6.439158323806466e-05,-0.020482111346909627,0.029694049001475917,0.014727533642586086,0.001641359229516595,0.004995878992266427,0.0006749948928842326,-0.003915792382288169,0.0016092314165448384,-0.0010957045242352135,0.0,-0.0005578619680163356,-0.010244926457143278,0.010912213590639418,0.0014160797469573803,0.009190986057178382,-0.006570655313330548,0.0027716556619341603,-0.007350945493550411,0.037307711614346234,0.04741658818981243,0.015086176152842362,-0.00039119279067373883,-0.0008268448954256603,0.0,0.12033828612577444,-0.016764693283386943,-0.0001443066797910431,0.00010588631028144089,0.0,-0.0005713409281290675,0.22453887329179265
1222,0.05334022446785454,-0.012316735131722847,-0.36374078495564466,0.19734270362730214,0.000544401662561708,-0.009677539518312763,-0.027820765800793557,0.005785318732988922,-0.794324023564867,-0.005195598507060282,0.00156175740360389,-0.00337622571632849,0.010417626057909482,0.02503804508158594,-0.02837557709417155,0.007667695943326481,0.0023277547464764015,-0.0040598900375618955,0.001466314964242301,0.005041917040687228,0.030952964647330553,-0.004887715698068,-0.05516204975646227,-0.03116484337445358,0.0056851656678348055,-0.001986912869995078,-0.004239306555966049,-0.0015457533226881537,6.583328508424625e-05,0.04641977302990059,0.062834271147335,0.011404018959613755,0.0007126195587802438,0.003298844800324916,0.007458957777494407,0.0012512938581198012,0.001867622119660788,-0.0012160220245693687,0.0,-0.00038860448234340336,-0.01586125513957832,0.009112612466968987,0.0013134257431726864,0.0030929161796506557,-0.01043850912224668,-0.06564934878310022,-0.008889373470638687,-0.0037578547248840522,-0.17054741753272956,0.04524302582378285,-0.00016155599024305573,-0.0003700424764901571,0.0,-0.11262450914257426,0.032361010986514394,0.00034698151476954877,0.0001794114497912525,0.0,-0.0009020941816353198,0.05324736733250209
370,0.039404485383618654,-0.00904206541118233,-0.018984723309865104,0.8955546275833375,0.0005666497828646854,-0.15520329066511646,-0.002926182376170818,0.0035502909118557057,0.7551020591093242,-0.00932453884215448,-0.003383908527381525,-0.00016769651135586412,0.00814014738982551,-0.005174018820003971,-0.0030505673082297565,-0.00567243940554504,-0.010319520937388678,0.016823324204455672,-0.0036083000936467206,0.009047647674729764,0.014649370437665057,-0.0043804338300251384,0.028891446571886446,-0.018057837552851747,0.0017330135655875443,-0.0008103546556108509,-0.006276270596049278,-0.0005032430920067571,5.394474035302227e-05,-0.018292922057238398,-0.17238918404210318,0.0002170658834298689,0.000852049395297209,0.004768927467389858,0.0014436503174670746,0.0017028814211403256,-0.07952709270778405,-0.0007179965139202083,0.0,-0.00041584426209298654,-0.014376078790927565,0.006711232792773345,0.0012561432032197365,0.008414216169678797,-0.013748289908922844,0.0263256057860635,-0.004752954883693606,0.022998674229465315,0.026499155861158266,-0.012799948604928505,-0.00040281398590671344,-0.0007925270999317504,0.0,0.10547713552960784,-0.08358767693800422,-8.267531652088645e-05,4.473692484821286e-05,0.0,-0.0003549844121326752,0.38303207192487154
1954,0.09327095417175335,0.03631491881451272,0.11917168882340835,-0.19932600655929245,0.0011085921715371146,0.2642471106184702,0.016485433001245987,0.005275992050996664,-0.1088809681635342,0.045263273689622865,-0.0016292366483296782,-0.000658478271194826,0.007528227165656609,0.017630271761614157,-0.0013107021700002974,0.019727631683309946,-0.012026136961328681,-0.002520458237890303,-0.004446744751782564,0.00376676092934236,-0.06726169243732173,-0.0039146262236284795,-0.020677630855406227,-0.019890110682985858,0.007599893168763934,0.0002718316065609952,-0.001832551141203786,-0.0007154424162702029,-0.0010825232087431727,-0.018668467103300515,0.0303450924670326,-0.014783886610672831,0.0013953457979863112,0.009309749674348718,-0.007289112329559815,0.0014173295852806173,0.0027906919205145254,-0.0010217632022770503,0.0,-0.0005044293451281811,-0.010515162548619122,0.013647552257136104,0.0013948321183608657,0.012158540806468282,0.288555173144881,-0.26323302234863777,-0.005406199162278745,0.043697622251977444,-0.024680775201804526,0.08322830192202882,-0.000489787780671239,-0.0007980905760994339,0.0,0.250982607303638,0.024060239615401643,0.00024446798985222634,0.0012201429617195625,0.0,-0.0005294201724589759,0.07866795501935267
2768,-0.030824231116622414,-0.03611799869105289,0.17399290752950472,-0.3904381285108441,-2.637084187570536e-05,-0.2248534118821127,0.03419139162411872,0.009108666126051967,-0.12279247464938527,0.04392069446860556,0.0019503379550593347,-0.00031700471473438373,0.008513854638649234,0.03220006795885897,-0.0006855817050296078,-0.012523197938126089,-0.009159925119729968,-0.0017889717837616388,-0.004255928519908936,0.001506678870335574,0.023626748115028285,-0.005245705066077163,0.0796951244955533,-0.031645810366578805,-0.00045701282155072526,-8.736881962531308e-05,0.09075441150068617,-0.0006882225957663954,-0.0005710558897299237,-0.016476786689222412,-0.2166986696138659,-0.022156229672590913,0.0020805823940791162,0.008782012876602938,-0.009158636890913003,0.008279193750505126,0.002266642706362198,-0.0007317061305006979,0.0,-0.00044439938994617116,-0.011772146600037513,0.012792406236196659,0.0013811758335913675,0.03139723856320953,0.006771246898212968,0.03851631048710891,-0.0155783955875583,0.021549169768131156,0.03958375515776045,-0.011355326694709697,-0.00044373604806599267,-0.0008802139939072667,0.0,-0.07043812854995644,0.025606515938865516,-0.00030128623751091556,3.172731586095273e-05,0.0,-0.0018201258925353238,-0.23376211605498334
3609,-0.5589358382827091,0.03587790409129501,-0.06159064810935511,-1.6765528491245065,-0.00121365983160337,-0.2287872239061591,-0.06351332388799555,0.011500419362435446,-1.3092094757668895,-0.11372355958371007,0.0023744068790025716,-0.0006583888683645186,0.029924140948097325,-0.02879718756705824,-0.08326979067299455,0.008373847919580825,-0.0728455092447785,-0.0026180867176973594,-0.004863597539537523,-0.004349556048639026,0.016109679125750398,-0.005198606836605183,-0.019986465107381217,-0.02494742918297868,0.006530997126064569,0.00033355242943963504,-0.018017600686807727,-0.0013484498140820258,0.00017150155320217952,-0.002778940386951075,0.01994476079621064,-0.01872550118752988,0.002954125433683589,0.008207685970718722,-0.0344778930230609,0.0019444790268583762,0.0021595978961655568,-0.0008365537347577494,0.0,-0.00047879088368882284,-0.019749320374190873,0.010091395039925184,0.003952316303863189,0.010097158850351224,0.03917693573823206,0.002150908522315464,-0.026223851273855556,-0.029463593005623914,-0.036040001424900436,0.0006687784981500373,-0.0005062792113809691,-0.0009123989719914482,0.0,-0.15521339411889679,0.07230086214206038,-0.00021805981911394374,3.641009713381273e-05,0.0,0.00971055954360949,-0.27504908311575155
3159,-0.0715794157031772,0.0008971433420735518,-0.15764097936621843,-0.39402112483131424,-0.00048167814792997733,0.04791519033599257,0.051880703435293926,0.010330780207688375,-0.034606417565922906,0.03677420332743601,0.002078165835290336,-0.0003678975694605646,0.010021431282151895,0.052543218898435884,0.01744072705950422,-0.001344468469541316,0.00614354058810545,-0.002651106284537833,-0.0025369115791111637,0.0018246659522496015,0.007672543636558467,-0.004511930768746845,0.030093360417704197,-0.023464729243380493,0.007876397126092049,-0.0007497725205765726,0.1753381901025217,-0.0012653122661108957,0.00014825391228542517,-0.026871346760859737,-0.18043636339643918,-0.0031903020631976913,0.003553917340390767,0.009922364311125014,-0.00728866437650507,0.007927392745689111,0.002855304739055163,0.032007243602167154,0.0,-0.0006016910971262003,-0.015592816134338928,0.01331846936234282,0.004981675596903874,0.03726141949508971,0.052963148045614826,0.03709671412501449,-0.01066507078609035,-0.01874580675011826,0.003433466238205881,-0.034889616685308905,-0.0005390831321413565,-0.0012051018098759492,0.0,-0.054832004870461595,0.073191984928967,-0.00424038954341864,3.172731586095273e-05,0.0,0.017388007007009952,-0.3487306229131692
2599,0.06984373901105712,0.04121739023425334,0.07395592357653179,-0.4362256707695709,0.000716611646741526,0.43343387243318576,-0.03368652536528262,0.005480264196893675,-0.025168396397132444,0.010606043442062906,0.0008771378515627633,-0.0020132126357706214,0.018231888262200614,0.02028061867128183,-0.0029306844200719545,0.03888355044234607,0.003154163400416817,-0.002816967678025621,-0.0031295421021844618,-0.002149386985411796,0.010671101202822749,-0.003696029662388637,0.007476457943663307,-0.021194655106558612,0.008961854611724942,-0.0008263433193277401,-0.0035969709333978856,-0.0006890532269028752,0.00011636825635642835,0.1032258170415806,0.029422040168594427,0.0039136630709833975,0.002266548597341414,0.010587789140767247,-0.0019751624837219105,0.004842162646397472,0.0023363042818788865,-0.0008211764850534275,0.0,-0.0005599964244914253,-0.007228150203993565,0.012381532699719977,0.0013388275729653443,0.0230110996048435,0.03212403886900603,0.043838128372702095,-0.006693662794904732,0.05392980450514225,0.02840354866928051,0.022543746972812292,-0.00018533111011455528,-0.00036759551258022915,0.0,-0.047254349593744235,-0.05553929978642784,-2.3491387057181064e-05,7.285373461944912e-05,0.0,-0.0005557183050797396,-0.2511286987462702
3268,-0.27157097613244896,0.2067861254433428,0.09332337848722272,-0.31837714511092974,9.090491446767603e-06,0.08572812755963363,-0.04431612056658915,0.012148172898873223,-0.3669621229048175,-0.016935032347554897,-0.03065661402197614,-0.0004525129722273549,0.010744447573373938,-0.08197954927756086,-0.09737394343890378,-0.013232496027496429,0.0026929379534576434,-0.0024089570174336515,-0.005290176556031237,-0.02917772120442502,0.021279450537239744,-0.005513417879182337,0.05628348293930068,-0.03129779637195568,0.006236176703956904,-0.0017905688091901656,0.16505316025287106,-0.0013294020872177223,0.00013858729075921734,-0.00037595364063054427,0.02330296645241888,0.00486623206681291,0.0036312025484513755,0.00878823409649805,-0.046653424993572376,0.004018468864131983,0.002021953298237345,-0.000554971021337292,0.0,-0.0006217987795588578,-0.0269960577542894,0.013871689703492479,0.0031457142636289663,0.005512574732913427,-0.08351529333838768,-0.005121554280999653,0.1209295861831365,-0.07937055141632228,-0.007712183399249298,0.018727310326098923,-0.00045439412318389494,-0.0009766661234425883,0.0,-0.0928099553122907,0.09289341790323549,-0.004629305915175021,4.23044786957464e-05,0.0,0.021658577732800555,-0.19181319706616773
1701,0.052065342403939056,-0.44868131620769963,-0.26566083858245826,0.02324736930403752,0.0011961264495137644,-0.2397636342884284,-0.00692089756719646,0.005154872569100355,-0.9150274718696262,-0.014998904304542097,-0.010161088130178492,-0.001564444383511087,0.01071946670962494,-0.05078089484900081,0.011360067514786748,-0.022809776379377124,0.0013603999551360087,-0.003227175751971523,-0.005888677478964103,-0.02186086017520811,-0.1138318172518206,-0.0061430973766871825,-0.06410311267651218,-0.04852752322965612,0.0023194091471145824,-0.001783451603424416,-0.02009890698894448,-0.0012120842377495353,6.439158323806466e-05,-0.023179012148835734,-0.4586166463851186,-0.010593885548162704,0.001190377187774985,0.00224330635544898,-0.006039509794056712,0.002276293562820005,0.001579754576790078,-0.001528165228733745,0.0,-0.0004895337173821164,-0.02495385835354273,0.013571494667071143,0.0013175682863865168,0.0072923129839046535,0.03216198400837125,0.0287097023198782,-0.016356524104319616,0.11654056897406129,0.08454236281168762,-0.10284496714264516,-0.00044062670999026824,-0.0008654548310228842,0.0,-0.18218881042345494,-0.2658125520824898,0.001920246464819344,6.147311282376768e-05,0.0,-0.0012050248218586869,0.04568436177294998
2085,0.10537595306667476,-0.016315957322138246,0.10094327975393326,-0.22701686918085123,0.0006061579489882647,0.1480113434241791,0.002693826046392142,0.0044499302754593415,0.500912666061117,-0.016885927706682406,-0.00299611305930797,-0.0005131403673325969,0.008264347856694184,0.023548785186007785,-0.01258841723759508,0.011645789117372395,-0.015534427000608917,0.004918101514139091,-0.004157381023269608,-0.0007024978631589267,-0.08799337945536688,-0.004172352223816918,0.0101494103074055,-0.01710118468051351,0.004654724434528657,0.00030283962779630914,-0.0009024495528630106,-0.0009412485502369359,0.00011636825635642834,-0.019789283756193647,0.016610896716171462,-0.016069138387173398,0.0012168042078151136,0.009199352142801546,-0.0069421298096288605,0.0010174009816793558,0.002740980229471122,-0.001108433107934018,0.0,-0.0005922687529536246,-0.010510426660751837,0.01608633643749294,0.0013899545224855061,0.010198773259487391,-0.009209163902720856,0.018617221034730836,-0.00561399805953742,0.012944924685931367,0.011274462856523185,-0.05945446688300564,-0.00042164796221477166,-0.000804459970537373,0.0,0.12735839620726205,0.02484665999858798,-4.258371927305507e-05,6.520130688246742e-05,0.0,-0.00056447957758362,0.025572036545589358
1393,0.13896417413963064,-0.01560065424994796,-0.06816221045711755,0.3370909765421335,0.0008705968170136695,-0.1194524082679786,0.004266824003413542,0.005498807124473551,0.48110036708003945,-0.007898202426402132,0.0003598758079913755,0.0014631921596787757,0.009315232981719433,-0.011673660303298713,0.01473753154864751,-0.00463564890918139,0.0022536352597464795,-0.0020577704759057697,-0.0041920536960260175,-0.013785336421576973,0.021619651263561433,-0.004265471061069026,0.04255672893802155,-0.019572499046826158,0.0021696408315458353,0.00016082365971772168,-0.007703951246685604,-0.0010083473476317605,6.439158323806455e-05,-0.01816172068548636,0.018536847030778805,0.010867691997754642,0.0014432508852428127,0.005808252084519447,-0.0006796373759098176,0.0031787834754270633,0.0012476836958439667,-0.0006623480731440884,0.0,-0.000576875775514985,0.0857979110015687,0.016165946984747447,0.001272057646493236,0.007277402200779102,-0.011867095047202278,-0.06382758318990196,-0.0076710860370054566,0.0075737748265175715,0.04778556323714556,0.03285973155524712,-0.0003939705287613404,-0.0008323555835423358,0.0,0.10991965478173152,0.005532369331416763,-2.7503480548720232e-05,0.00014942862338775196,0.0,-0.0008873441486225899,0.06396301590694341
1913,0.05114115694041701,-0.06334242450208426,0.15032803237776005,-0.32678157214303283,0.0009760620283453958,-0.3560341836014526,-0.0021784896716642776,0.0068795807874068,-0.25721139422699735,0.0819211569403049,-0.003260210055700705,-0.0005109802242895514,0.005866911427176856,-0.013516530643354247,-0.005857757579764403,-0.023748707436059793,-0.0005870238777447936,-0.0027994419599959314,-0.006614578545318111,-0.0067765910873762636,0.026562625135335926,-0.00504571517280943,-0.0697071797639795,-0.033238076052813044,0.00525104079915886,-0.0018204341036414289,-0.007947460270479852,-0.0005181991662954378,6.767194781022902e-05,-0.03006441056065149,0.03957288837090826,0.005219801315589968,0.0014128783187971827,0.0070150993805971,0.0035159346607637467,0.005430307387629506,0.0022848029061556187,-0.0008577427811934191,0.0,-0.00047123316590166507,0.08346082312166575,0.013434496246416378,0.0014257462096465927,0.01317040833269777,0.02833180983014977,0.01871550136231065,-0.008776534174060829,0.0470111732587153,-0.3673746200938141,-0.016077366831115804,-0.0003314068742105743,-0.0009480104466423785,0.0,-0.14902802396862547,0.004484960310731737,-1.196857875396955e-05,0.00012458346896899523,0.0,-0.0011737856557152287,-0.002546972879018684
688,0.13550038669712258,-0.08751942283237923,-0.1049002019568271,0.6669193622618789,0.0010291967205879576,0.09530054318409704,-0.10053238033478376,0.005291539734280589,-0.8603987591056375,-0.01996412447172081,0.0012634648645559769,-0.0011116699380156211,0.014467018836107622,0.008200923205772195,-0.013801822266609122,-0.021497713820738052,0.0015227963191743602,-0.012698607974365221,0.050140150335215274,0.0013337577810689733,0.025396486831884984,-0.003951831814373779,0.02240667178537851,0.2722414044989977,0.006989525441914158,-0.0016080315143720363,-0.0031102448168803974,-0.0007098341387124228,5.8809856217358636e-05,-0.025939499426459692,0.039726530989430596,0.00635956690887999,0.001221734481692408,0.003913739769878505,-0.006230010588062448,0.0030702066882357954,0.002226067693025922,-0.0008067758983970123,0.0,-0.0004995865256809435,-0.02414225929782598,0.011194806126140577,0.007132311258585744,0.012169399178800673,-0.015731761817163622,0.022911657506689442,-0.00401905010963854,-0.07052964653617998,-0.04515124726647386,-0.055714527203335716,-0.0003976184630560868,-0.0007125354546209475,0.0,-0.09810955634111412,0.0420087589223824,7.962617961558746e-05,0.00010588631028144089,0.0,-0.0009237523524226668,0.18059006684188011
307,0.1699662635658707,-0.020735986726800347,0.011897759684511225,0.8593371401475651,0.0015887672134532768,-0.1075718603589037,-0.001904611041541517,0.005222908277565015,0.26268860010381934,-0.007069860762461793,-7.071391877755462e-05,-0.0005846009075560322,0.011592774804603764,-0.03713564461202614,-0.008389138511274099,-0.0095305613747602,0.0014596280707797273,-0.014678792003026814,-0.0037323839250885437,0.0005494402942105487,0.019212278609497355,-0.0043380944627119,-0.035303023973264736,-0.016327626369049275,0.00504281746197506,9.400344702494163e-05,-0.006382625930433842,-0.0008531832740267764,6.439158323806466e-05,-0.01419821952903652,0.019721427051821235,-0.015155575656492556,0.0012490758835482043,0.003832577691890512,0.0015937929632998768,0.00046840768979268305,0.00148407200838931,-0.0010745580592887145,0.0,-0.0003159001700920285,-0.011031802522430164,0.008234282804425619,0.0011416631896913796,0.008014741228063327,-0.0013285338322304048,-0.047801938409911086,-0.00828098445155396,0.1556053558293638,0.0806272216992529,0.0273634952189512,-0.0004258036190807953,-0.0008401691653041512,0.0,0.14236225022327564,-0.08475558501795695,-0.0001443066797910431,-0.000981270786613382,0.0,-0.0005571641708946365,0.501363549735924
1140,0.0869817296419351,-0.1626702802630717,0.22174984065356634,0.4346891289445065,0.0018798933163162754,-0.154127228789466,0.009534870335538355,0.006931454483113891,-0.1908728046064566,0.03026330709509255,0.0021660502889938368,-0.0003905770214517595,0.006278936417226645,0.011212911613013347,-0.004010802217079462,-0.020368698565565693,0.0006435304424444675,-0.002245094915230994,-0.003064989669906318,-0.02879910013120228,0.03936186733068057,-0.004960147138160234,0.049683605092606435,-0.02368183521503188,0.0025241637811651055,-0.0007885820772369898,-0.012924702526413678,-0.0014508169469411478,6.439158323806455e-05,-0.007952565304968592,0.04809089024775704,0.010982584286609292,0.0013598880595101972,0.008082970920612081,-0.009390909211417936,0.0037526762893015844,0.002297003169911659,0.030306942624599795,0.0,-0.00045624237574635595,0.1279754869243076,0.011311028667129021,0.0013405532515458943,0.007071152502976836,0.03462671575185818,0.03771064582877702,-0.0041735743957338955,0.09144830325581473,-0.02337950547616931,-0.017393161834585193,-0.0003419424536644633,-0.0008279339647196775,0.0,-0.08386268272266435,0.0435793967686727,-0.0022820708563086726,6.566798740165892e-05,0.0,0.0008719058850895058,0.0947492786174743
637,0.07020068083521737,0.04729026808633924,-0.06690263060620766,0.6607363192838474,0.000738444118555404,-0.039369875969123905,0.005382466868382391,0.005141377924758559,0.44277231564737274,-0.008424515487454919,-0.0026632007199585755,-0.0002880611393979208,0.00927694646903097,-0.05477872098144034,0.005586701337318011,0.004994703416113998,0.0025840307496486255,-0.009112748629426326,-0.0038201249634934806,0.0015321619474744862,-0.07502712724716416,-0.0040853237158099374,-0.03487457772355612,-0.0173159354285712,0.0050435214167927666,-7.738348974292879e-07,-0.004549995145527285,-0.0009096279194511956,7.588963105375449e-05,-0.01777765522402723,0.025145758814337962,-0.014323525440388287,0.0011883009087204602,0.0032180917366030053,0.004328461997717464,0.00026092223699327507,0.0014381373602409633,-0.0011067963496018392,0.0,-0.0005107903780028929,-0.011744324504227802,0.009719353013902133,0.0014450502676625176,0.006708845001358057,-0.0028129624954650097,0.023135157714595837,-0.007280622165766355,0.006387551059154572,0.004441420542071778,0.04089138660430411,-0.00042489391522055654,-0.0008165697200548256,0.0,0.10694760642419293,0.005590069634311212,2.9735279248317835e-05,5.750259631789073e-05,0.0,-0.0006790068324713603,0.20425815733348612
971,0.10292318186058176,-0.04346799786762766,-0.137155478655123,0.5984821993448677,0.0005522499708981491,0.014567143246876937,0.013015491746632617,0.004538653388026143,0.6849177760474802,-0.008383796137588748,0.0010863182941653795,0.0018967574912668868,0.01501443645148497,0.023262974009198606,0.003802557133996157,0.0004811179752024682,0.0015053270798702494,0.009570032243130083,0.050758308939508924,0.0011141062563857916,0.015420220054909011,-0.0041869653131118,0.017163044059383313,0.12807568122539745,-0.020258993827214782,-0.0008078745776946506,-0.004092282539867004,-0.0015612480538341356,7.588963105375449e-05,-0.016959698848639293,-0.2386773801065949,-0.0005670271207965174,0.0011570707983627512,0.003031012352499065,0.003549902341375026,0.000246170364635687,0.0016422243951551294,-0.001272204494852942,0.0,-0.0006310884125532718,-0.008985534055090331,0.0116687669105661,-0.09137240883302415,0.008150366505973387,0.007876769894739866,0.02994638511966252,-0.005808890164895898,0.03183770482937122,0.0766102947099286,-0.025685690982045015,-0.0003961161502204033,-0.000769086563786455,0.0,0.07799137925858177,0.013485290969198774,1.7687239196185657e-05,6.147311282376768e-05,0.0,-0.0006958030386944203,0.1524809671285728
3889,0.09270670667574724,-0.024507622079422916,0.1379407258472356,-0.4667384112613234,-0.012078237960489176,0.13301710363246866,0.1004244920823253,-0.16942931490230217,-0.510730510992712,0.010590512238875064,0.0035600844588480267,-0.0002700893022434009,0.008651545806943278,0.3887725546654113,-0.14723057272682483,0.008345827897193257,0.002771325641578088,-0.002938462196975246,-0.00034948908515797564,0.025431191853158078,0.01294389987497047,-0.0015424094617599116,-0.017571893732432908,-0.012481145680434812,0.007819776693353913,-0.00042465547055658894,-0.013074236763967167,-0.0005438702962193945,5.302633844081622e-05,-0.02946745653443903,0.016197525417685238,0.0025389581209334963,0.0014716901896242986,0.005958408876534869,0.00450852024189308,-0.008461656237311184,0.000907824829772242,-0.0002761372164676562,0.0,-0.000214667480620054,-0.011816661458976996,0.0087878667317698,0.0038379190138774525,0.001556788123142228,0.08413834591883383,0.04367741333779646,0.14021714698468504,-0.08180096687328756,-0.009889025802056535,0.005502576663500117,-0.00020361665848278877,-0.0004784338017891683,0.0,-0.08569292292143124,-0.009370265658144878,0.00021901076443020195,-0.00021007139828418183,0.0,0.006700808739103274,-0.10454624725511495
2892,-0.05134857602935424,0.019604873511670628,-0.06441287921018961,-0.31127626781494455,0.0005334269889693218,0.4384978101147044,0.04356924754837319,0.012874492135855236,-0.22718629825981515,-0.027540356234754444,-0.007257349041583338,-0.0008885342708101878,0.01720217416632007,0.00639873291064584,-0.048749571933825515,0.03195980915818504,0.0030044776885497595,-0.0033647282594242997,-0.003798155521890866,-0.0010954330136005005,0.016933135030287,-0.004670193489320601,0.0304615484949641,-0.02648840446993147,0.008864695533021164,-0.0019378820629251548,0.0050541377001331374,0.03255089628258552,7.578731605795656e-05,-0.0038232287992530554,0.02322555144295536,0.014016445445495004,0.0020509375817531947,0.007738870355776705,0.0022395384900585264,0.003163143285476812,0.0024242435893968516,-0.0008337426725667518,0.0,-0.00044348614688822136,-0.014947078284106055,0.016852200513812993,0.004834606084012767,0.026725364078034365,-0.009814253562562339,-0.045310291121297086,-0.006098086244869881,-0.03377611535396354,0.005112639429590795,-0.3830669395155307,-0.0004249427172667005,-0.0008163251386936799,0.0,-0.08228829768392558,0.041635024719291744,-3.636118244921101e-05,0.00042253562356321184,0.0,-0.0004481207713030481,-0.21506415442742577
828,0.07793742160736863,-0.004229258745950518,0.040237172562478545,0.6069998922856104,0.0010532150992149407,-0.09833778710404152,0.016234348487517723,0.005550338019285816,0.573449154020625,-0.00824288642245818,0.0012375365594621843,-0.000351682517134113,0.009100123514690835,0.031646871603552465,-0.009573439799879133,-0.007175960661487567,0.0022363493642330308,0.009390291055632386,0.11723558669895665,0.0003551462081905157,0.02355553950866739,-0.004238225045600072,0.03497129073505111,0.15921409912678008,-0.023106258341002148,-0.0006392381585280545,-0.0009737762978767506,-0.0010798440129898752,8.027411512829616e-05,-0.009619769341263275,0.021452975858922262,0.020770437260625316,0.0013487733046030311,0.005375070246731718,-0.0022588681748644114,0.0010293988383938723,0.0013964685853555506,-0.0011052686874588032,0.0,-0.0005063038182711477,-0.009344800056369928,0.01084754347581525,0.005824096965556095,0.007845163465205036,-0.0012810133349981418,0.02068823902199081,-0.004459522606380377,0.03270034598179274,0.098053275016585,0.014137109716002072,-0.00039210229154077386,-0.0006660185369542079,0.0,0.09753117448620256,0.02044007051309334,-0.00038352130890646026,0.00010588631028144089,0.0,-0.0006636814135644531,0.1518461041414624
2646,-0.28979270289928155,-0.0818376331874419,-0.23730961951073123,-0.6316648439482875,0.00037903786587239894,-0.28266708176395955,-0.06766274495180372,0.0059595468596183865,-1.6533770107424073,-0.043335285246236914,0.005964390346909073,-0.00025634460649697795,-0.10075578336672922,-0.1488732242653602,0.01921387082957388,-0.023311582799475764,0.0027236246057980853,-0.002596018078916052,-0.004093385635041379,0.0048388262459750295,0.020119679882140373,-0.0030610833616589307,-0.016328665467427426,-0.0311530588395811,0.003930265441774525,-0.0004556620141481654,-0.017118247813357912,-0.0007031291339290851,3.6225895301562304e-05,0.04005610702027512,0.04009474145970965,0.007836155891428798,0.0023291190879694964,0.003260213916293812,0.00890322309748316,-0.001129035097906353,0.0010086025216948383,-0.0006652182517348292,0.0,-0.0004068116641560885,-0.0471502793288343,0.009168054414848718,0.004053110127793201,-0.09223684017226466,-0.022521785486602535,-0.16756122399601245,-0.018399919985375292,-0.2528111728840426,-0.01377138957507574,-0.05830698053064458,-0.00010892535125784339,-0.00027351253940923235,0.0,-0.1242893352958839,0.03471934888560377,-2.1609957043338556e-05,0.00042253562356321184,0.0,-0.0005583804757885807,-0.2595458572607786
1636,0.076194278255709,0.09748170887760918,0.020166233963785057,0.05070776834632078,0.001516669086315912,-0.27270241464997386,0.011122265363415023,0.007717881179819914,-0.05230913911077887,-0.008745801461145147,0.0010586461685787396,0.004166944194304823,0.007221060267404914,0.024663293589067985,0.015580908518360958,-0.025713242588546688,0.0031049665885937,-0.004687615621575862,-0.0051501214802168165,0.00038051916548178394,0.03361177118146766,-0.005245562545832289,-0.05152571973327928,-0.01956813077815318,0.004516153723647883,-0.0004706287102761892,-0.006848337147308395,-0.0009195352946832985,5.9054710741850256e-05,-0.019290840773463217,0.04218338426793766,0.02133272474005442,0.0019187782981927432,0.006013031043550568,0.0020999486286733247,0.0012067259730265505,0.0020895382259358093,-0.0010732769494212514,0.0,-0.0006000063221566677,-0.010976644312706958,0.01996376251342034,0.0014746242920459915,0.018796020489384217,0.02529508553333637,0.038938569669336495,-0.013232218954748824,0.03330990525123039,-0.040084474976516515,-0.01701297800458534,-0.0003452621073228366,-0.0008041952607158996,0.0,-0.10167034153944313,0.04053732106888995,-4.023567565829424e-05,0.00010588631028144089,0.0,-0.0006025398080414994,0.034385708123192554
520,0.15364972457279866,-0.0508203469181656,-0.1295122977757314,0.7680395725101811,0.0009872785591056195,0.04606431268743577,0.016318087534269665,0.00581032688729581,-0.14055502737393274,0.01968731602176667,0.003599244590630399,-0.0004526488696992374,0.01786168684569583,0.030280159514568836,0.00893516392540854,0.006367486661208999,0.001665903353251105,-0.013866214257122679,-0.0022796077883138243,0.007995980565220153,0.02708243199819757,-0.003995544602435377,-0.03026409208949616,-0.020687662971164377,0.006964354952523714,-0.0006667510304577874,-0.006069887928077667,-0.0007012165710087839,5.8809856217358636e-05,0.07179536644594123,0.04354110386109779,0.009229464880256338,0.000990048051780633,0.0032809563764709996,0.004552263845963731,0.001748839729343434,0.0019715559049611826,-0.0010845875926064963,0.0,-0.000484117929834267,0.10577418465823932,0.008469720130295233,0.0013843536549182757,0.008940521456566304,-0.04713776945082795,-0.006003404068347678,-0.0058583696668363895,-0.03699926375869047,-0.0111682422102477,0.0029070510139056487,-0.00018699992755734438,-0.00037269296684640317,0.0,-0.08942926448431465,0.013728759196141953,-4.798499593591709e-05,0.00010588631028144089,0.0,-0.000453756689697158,0.350970582574469
1804,0.08815846183183701,0.06497749640637356,0.01661142283299522,0.09576270822810222,0.00074622438198076,0.1369264523964789,0.006947185606172849,0.005330062645430264,0.4380996776917212,-0.008308398152267337,-0.0023907908311351653,-0.0003659896268765274,0.00845150029905783,0.02346561438904367,-0.004290751762726626,0.014729645313235127,-0.011153249573943187,0.006093276507817488,-0.004326600731885406,0.001051825391693077,0.015072065863188547,-0.003991412986885926,0.014705856609465376,-0.015476633300306263,0.003929842870269579,0.0004978882824777933,0.004306958125628545,-0.0008541629921950311,0.00011636825635642834,-0.026853537179268375,0.020556128510975526,-0.01284273408755255,0.0016433677620771897,0.00833016063133743,-0.0023934238101060968,0.0010023305312891332,0.0014079210124383487,-0.001076485048101436,0.0,-0.00044051120511820084,-0.004504486814147174,0.015666124475557208,0.0013398744227127413,0.00719143682884744,0.002156804225924621,0.025446158764815797,-0.004714283268121048,0.12386045769303976,-0.0023650493017118614,0.009065286346508702,-0.0004228433742846112,-0.0008017483966359506,0.0,0.12499618100806631,-0.06233359929686728,-4.921638961935303e-05,5.750259631789073e-05,0.0,-0.00048264408340591424,0.059191343609386236
1192,0.10531865315839031,0.0526620415185167,-0.031492709316658304,0.2685524221396537,0.0019270103458578223,0.2995259999249162,0.001363938682819201,0.006506849643385554,0.1907804267063055,-0.007827878098403044,-0.0023097606646750282,-0.000969104783282501,0.01419120470039435,0.0224063134295877,-0.005806676150872102,0.015176866882752387,0.0032677019970780465,-0.0027763508054960205,-0.002795575337264013,0.0013293061410250796,0.013757691068716403,-0.003924906141431122,0.013397991063728848,-0.011301698415429157,0.013123408051350373,-0.0006315385942023815,0.0007638801331992356,-0.0006476965956256764,7.588963105375449e-05,-0.021896350427752637,0.025344092315146064,-0.004555689094450117,0.0011631630272331886,0.00505926564422956,-0.0004862244574075252,-0.0002251126196068273,0.0025722677101125647,-0.0007873435725212909,0.0,-0.0005492472251515018,-0.008083562658768917,0.01587450483363192,0.0013773590624132903,0.01359227349700296,0.00155770394171186,0.023989785834119953,-0.0027010607889385117,0.040383499057408935,0.014446243415632512,0.0647134085855602,-0.00042623442097290486,-0.0008101902606481042,0.0,0.09783326723440665,0.02053440994375853,-4.921638961935303e-05,0.00010588631028144089,0.0,-0.00048619524703873786,0.0697854998037179
3760,-1.2650311022614529,-0.32132276591271597,-0.28951376821682845,-1.6012450120097403,-0.0018359797693645779,-0.332378244631437,0.13504135437619252,0.014137500962059268,-0.39304358260371786,-0.022399013597381383,0.0016784325716705983,-0.000803893141701856,0.024547202602660134,0.24117498701855467,0.10851614545408883,-0.0021797508996216704,0.004384877670758027,-0.0035286173602079385,-0.004365655391686017,0.06397451713363109,0.013034897289846572,0.1898836854355526,0.03858511899152789,-0.019759440215408357,0.008435516096771005,-0.0001172474399525715,-0.022646603372074844,0.03077380318978832,9.116589507051978e-05,-0.05897890687603994,0.030457257587746547,0.006867176608743935,0.003102598753923063,0.0028601907799172144,-0.006231197197331411,0.0030916480524699223,0.0023961002124993263,-0.00045001627374853667,0.0,-0.0002783626859252507,-0.016188114180345492,0.013578056584803594,0.0032130915804800585,0.009518928590966641,0.07911261814869915,0.00909923266289518,-0.01682867722351548,0.0670782854236029,0.05005626485513298,-0.03991796958332618,-0.0004228869812831916,-0.0008720634842965777,0.0,-0.12201002338434024,0.0565478480312296,-1.3023988210401566e-05,5.41565759318948e-05,0.0,0.008885327020394948,-0.39377582207951717
986,0.04627832695549736,0.04019390714793097,-0.2049109424476368,0.5576222937270605,0.0008149463888172409,-0.08350139946812522,0.014297302214512623,0.004635777218501671,-0.9743713860062834,-0.01648250725924763,-0.02481842142779822,-0.00043799515876894097,0.007849074492694376,-0.022350094221911122,-0.014925697774253918,-0.00973449641657346,0.0006378964768199954,-0.007284330318629928,-0.0037748076650275055,-0.00023633023794485345,0.020963572742828163,-0.004802529263581649,-0.02626403412503687,-0.021662128278872178,0.009243446750265444,-0.0014754131601697326,-0.0007395702573499376,-0.0007461528050244552,6.439158323806466e-05,-0.028836542487078256,0.05856828239117812,0.011935357040528881,0.0013730111455492698,0.00314959330143783,0.008976131190279908,0.010494093240913731,0.0023651003298713626,-0.0008858671311317621,0.0,-0.0005694822881325999,-0.020585674461726128,0.011561506012840337,0.0014805452169774588,0.013956974729102104,0.025525745767025328,0.0695963095251038,0.13075623249791107,0.061325065532045336,-0.048003020364551875,-0.0021206697171962793,-0.000411075437286646,-0.0007500393842205091,0.0,-0.11954725325067579,-0.15397607856714027,3.171393581909786e-05,0.00010588631028144089,0.0,-0.0007063843485048241,0.1507326124699904
1748,0.03974669616475716,-0.013204413230894408,0.0939549410990632,0.045428303839182484,0.0010249820679906446,-0.13715851238685772,0.010245428799043142,0.0056428508053472035,0.03748268548522989,-0.010227370025673865,0.0009718014855171535,-0.000618124845264623,0.004822974730365307,0.007370201862805987,0.001399814494288461,-0.019442819968558126,0.0020683519233034393,-0.0026962090672912925,-0.005267786626558991,0.0029286117557112464,0.026075951098250654,-0.004817912493233491,0.0471499093083635,-0.02141530071494709,0.00197795623863117,-0.0007682906887616246,-0.009217166044512623,-0.0007326425328596877,6.767194781022902e-05,-0.011988152707391817,0.025128023256189014,0.010799080449826609,0.0015080688358653873,0.00784962808887845,-0.01330966125619248,0.0035299533306945513,0.0024793323287438905,-0.0010771566615871747,0.0,-0.0006144708785186412,0.08403517654372197,0.017844643209043023,0.001252690929455291,0.01671163745353115,0.019280384087542676,0.025094602476878843,-0.006518189938463147,0.017363985988122894,0.04618827259070605,0.04178676893178712,-0.0004255719817469457,-0.000816237038365751,0.0,0.20389239547792992,0.043754883633228346,0.004179409858244039,0.00012458346896899523,0.0,-0.0008893114683843373,-0.002518276538668114
3775,-1.1527022481779814,0.02850345905663436,-0.3214204244544519,-1.0143502039791863,-0.008176022484523898,-0.25773364113889025,0.149640137623142,0.01127725787530194,-0.4122712630302928,0.01682297843469778,0.007558243793591543,-0.0010684098528637891,0.022665921165706957,0.3356466734889842,0.015296174933696935,0.006703582658286428,0.008557928517159417,-0.0034310970082358622,-0.004038329270997713,0.018391641148846352,0.013048013679898201,-0.0024702962869340484,-0.01709130779563169,-0.029259617875266028,0.009048800433241655,-0.0015400719367991325,-0.015745482525204493,-0.001521982605825222,0.00012002010654117759,-0.05378133577417269,0.03389009131785568,0.006846321739966875,0.0035066387080445313,0.0038876411770517936,0.006913681667587187,0.0015752067548795597,0.0023344736815649587,-0.00041352306678496694,0.0,-0.0002842299307839692,-0.020443800783472743,0.013183290243842821,0.0034489155488501605,-0.0037186770522909546,-0.05633573716355176,0.010018072210112673,0.2796962297710518,-0.11497982285609361,0.021695883597671373,-0.03213514389790499,-0.0003567315701279201,-0.0008049544312809197,0.0,-0.11936763442082249,0.17579054038034678,-0.00020443096323952224,5.41565759318948e-05,0.0,0.00911944329472921,-0.10356203955519387
2623,0.05286639710734188,-0.01023748026859034,-0.09069069505763167,-0.3904478576539917,-0.0004134965360636997,0.005864485473928631,-0.005838281073193024,0.006822839146458105,0.5027850542988632,-0.013049023069661264,0.0014103395591611478,-0.00028454612129370316,0.005847770484325564,0.029223245481001626,-0.01084087772423785,0.01342957788911606,0.003768685573955221,-0.0019085861091724988,-0.002953373449622548,0.006365721406922416,0.017302776782532357,-0.005243494953391171,0.04123498229165995,-0.024998135249805598,0.0027842269418786496,8.245458523018679e-05,0.04720214647954016,-0.0013370713046832973,0.00011636825635642835,-0.02359651093378548,0.02076969256529037,0.007937988919464189,0.002266273286313884,0.009621279506227653,0.006665824576666948,0.001594010425282978,0.002380581229400989,-0.0006665472059561499,0.0,-0.0005413364794248893,-0.007481413112449757,0.018339554842223382,0.0014208460494604174,0.01404669140818279,-0.01352393358583668,0.0204171678187274,-0.013525194835709443,0.04651133097846,-0.0021430193594347813,-0.016984927208922567,-0.00044243574411195893,-0.000890832100384336,0.0,-0.06126269528190976,0.03891891639065589,-0.0003552215323285854,3.03617799554954e-05,0.0,-0.0004695396256043771,-0.20158506247929245
67,0.2490588518897719,-0.010232952146083187,-0.030110160392400297,1.083905322183788,0.002203455072426197,-0.025054492785291427,0.00525768553372476,0.005185872980825646,0.7576664548896977,-0.007983267044933146,0.0008793463264995537,0.00129341100658186,0.014750672994721374,0.016592539046817307,0.001880041188792342,0.003733796085431974,0.0017070827145267092,0.01828972459425871,-0.0037218811380770435,0.000984095428780835,0.014341780168372086,-0.0035907061684423607,0.02878987535346795,0.10554280640868674,-0.0271265784380371,9.201879264036805e-05,-0.003699908000950872,-0.0008938087288263454,7.588963105375449e-05,-0.015461938040046233,0.012546866406233445,0.004604367493295432,0.0008775824145882102,0.004451375401182869,-0.004124589571838173,-0.00158490760904982,0.0006960670181455325,-0.0011018132984190754,0.0,-0.00038851644916638203,-0.008299112131849954,0.0075539832656966776,0.00423891633742265,0.008206829607910292,0.0019477848360752272,0.020363768303598716,-0.00769931984415796,0.004094097525129484,0.017065146320835167,0.0689199931708885,-0.00025141558487191745,0.062432567278795516,0.0,0.09062725343215311,0.01121613851476818,7.906300903060977e-06,-0.000314503996187647,0.0,-0.0004368198235495664,0.641971089478362
1429,0.09248171430689293,0.024086908659741935,-0.038600159556626705,0.24178932261632471,0.00047375840163517007,-0.16539839962729425,0.0055785899765164555,0.004271999536533354,0.09758502876777272,-0.006727128266123659,-0.005993623962931629,-0.0006266679911362403,0.016062649335584843,-0.03593628602172195,-0.0018737398275091687,-0.020938355829489053,0.003662932810463422,-0.0029745859687173386,-0.004397574483122235,-0.0017545341363904671,0.031058151970019935,-0.004466166354215079,-0.029190443049465484,-0.015880594978643244,0.0030105405768525513,-0.0007489525284716327,-0.0034548387479271664,-0.0007851092784748454,6.439158323806466e-05,0.10416325861108168,0.03697618853628929,0.021791858530822748,0.0013395811921721081,0.007615767647163148,0.005498914797806923,0.0007213225874932883,0.00213295713001838,-0.001087224095321019,0.0,0.04130952690733637,0.09855250569016712,0.01613595757285722,0.0013250740188955577,0.014394430142640927,0.012853146871774355,0.03745161062265484,-0.006240283742471695,0.07442550279531192,0.10422135773332218,-0.012689258818663039,-0.00018408443673047494,-0.00036914381551688124,0.0,-0.06097812006256896,0.009104371003303243,3.3177414311698174e-05,0.00010588631028144089,0.0,-0.0008077735969292792,0.02617937085598895
200,0.15816635998458337,0.055329675990762175,-0.049324358041272574,0.831197090191115,0.0011653714972432948,-0.0920012601331398,-0.005066606021200655,0.0056093618456631075,0.30552986691012207,-0.007103266579058544,0.0009477018030177182,-0.0003766003722291553,-0.06160917649358488,-0.08638339845959628,0.0033632654810956657,-0.006844371264506461,0.0016504680022988757,-0.014695519976151804,-0.004085308287670525,0.0007217445451350858,0.019367700331924212,-0.004378526610021378,-0.038249790781737486,-0.01762034604186338,0.004080905554358689,0.00031437181894199617,-0.007191720015173373,-0.0008672961758597312,6.439158323806466e-05,-0.01536121567895122,0.02010889499898983,0.007542525820759589,0.0012084795575660774,0.0029763667009631216,0.0059398654265220546,-0.009139173393340598,0.001954018549695998,-0.0010704850732552596,0.0,-0.00032102102688128046,-0.01298105477541315,0.009214636941489997,0.0014289186070337086,0.008727446474563383,-0.015199447333413852,-0.03572439779037262,-0.0070087810066604625,-0.0013413569595664486,0.04480645530634338,0.019725876122340995,-0.0004247686279605714,-0.0008378762364617355,0.0,0.13021498117192148,0.012178685274341643,-3.368652957027544e-05,0.0001794114497912525,0.0,-0.0006992444355576532,0.5124926648849555
492,0.1090423199822606,-0.016853900689818856,0.024047507529056752,0.8927627429095094,0.0013233688563286264,-0.14410772029146043,0.0042716819959657,0.005038823745253856,0.6998984653090035,-0.010445384501454996,-0.004162608498443769,-0.00031433618417114125,0.0071511865042279835,-0.025142096944677738,0.003381697329912621,-0.012771953849299375,-0.009827413769607834,0.02812350017875044,-0.006626401956168671,0.003856230331707131,0.022897570159002567,-0.004419219678217716,0.02645330257615821,-0.0176334515991368,0.0030133504663652872,0.00012986451749983616,-0.003229117297819001,-0.0006533469567525914,6.319434029190031e-05,-0.02371873279233819,0.018619495535211472,-0.021167449176159665,0.002337040047629316,0.006755243496163586,-0.00412670831370062,0.0039530065029776485,0.0008631225091116053,0.04900891889332268,0.0,-0.0005054810626776495,-0.013102087421409522,0.006368022682829432,0.0013106566947004206,0.008338094952074764,-0.008054419365347162,0.03087951104071265,-0.005965396493531396,-0.030454387180054457,-0.01873868188560728,0.0006601519023248519,-0.0004204639454402859,-0.0008238573094197673,0.0,-0.0636422719637598,-0.059816149990053746,-0.0006506605732282837,0.00012458346896899523,0.0,-0.0008874506548530394,0.3459766149459631
1398,0.1391552842633948,-0.21225089546211154,0.12197760830367085,0.26417421699216237,0.0021403263400080726,-0.07216172701777344,0.0064288421569826185,0.007030684180518357,0.5586944227394839,-0.011256479637894013,-0.0036627881541009123,-0.0005061649277362121,0.009573972969356172,0.03931638325921468,-0.01926242676428885,0.005115985289260657,0.0022636767918692755,-0.0028023683838511618,0.09015354258703784,-0.011719705636694005,0.01514482534668195,-0.004032755799434041,0.04188390812839196,0.18875767164576013,0.0006850804109149866,-0.0006016215188808969,-0.0032870688571236114,-0.0007556915432770813,9.928848152003247e-05,-0.009107881196695682,0.02189389021428418,0.008284534874178741,0.0015933598678737459,0.00547731001128879,0.006237880611398368,0.0020756718978131063,0.0016363682281949083,-0.0010609102191777764,0.0,-0.0004701893994796635,-0.010279597486294277,0.01983637574191004,0.0057837131750538085,0.006780126262806994,0.08824873705097173,-0.021376835887513844,-0.004339001181971407,-0.05982473095774022,-0.03199982645013154,0.11720286560524078,-0.00039887849103479575,-0.000671228537964557,0.0,0.14928258752106846,0.025032933781523617,0.00032057574414731026,0.0011299826813609072,0.0,-0.0008228067183673474,0.042436279212372405
1371,0.20530216564905418,0.004606813687513687,-0.06412977016382296,0.4358170232470517,0.0006871889208431422,-0.09427509308535767,0.01731659397528549,0.00623553106643652,-0.43815003243302336,-0.012139437249271906,0.002347366820397429,-0.0009285724300014264,0.010071512849773466,0.025751979273825804,-0.0006110288791681826,0.013987872945460144,0.0025654424921224307,-0.00266502704043071,-0.0033303116848966154,-5.404212316705757e-05,0.025313577845430594,-0.004481614578654496,0.03577152372468555,-0.023363012189792504,0.005027897994344398,-0.0005980304056393405,-0.007209038440114446,-0.001223277963719544,5.8809856217358636e-05,0.09106620228935083,0.04680518992593192,0.011914919397648913,0.0012419872228063415,0.003602030095103687,0.0026414377014071758,0.0022152410176136113,0.002066468571345138,-0.001087760718705225,0.0,-0.0006094521622187822,-0.011154733066335819,0.014764421798819484,0.001384167535441076,0.01193287388408459,-0.03209996554057601,0.009232121359427345,-0.010061565032375394,-0.08089766550961544,-0.02690459337282069,0.047985410980970686,-0.0001849016471360188,-0.0003731286742960054,0.0,0.32585421893049304,0.0193610844550894,-5.952201330014644e-05,0.00010588631028144089,0.0,-0.0005306788958704333,0.07362855709850681
36,0.2690407456548208,0.0895915624056885,-0.3806836593645706,1.0282531954310252,0.001893214076365249,0.32533719775199704,0.027363577496305386,0.0055217890252998525,-0.2748086110852458,0.02568641561309526,0.00022333698075886275,-0.0004942397122273625,0.022943647519278493,0.03712032483543289,0.0030024702336165993,0.01696951576813916,-0.00775019115278715,0.021639550204240916,-0.004033318241571424,-0.0011580549518453093,0.01347630660990543,-0.0032407871887889304,0.016877829510769736,-0.016179008221433352,0.009084951921589894,-0.0014875577236804285,-0.00269960299928559,-0.000505771135082149,7.588963105375449e-05,-0.01280969859829267,-0.11433067223935628,0.0016751453077384281,0.0010048584300954057,0.004111366436737789,-0.0009222304378985591,-0.0010259537435043326,0.0012771190090197922,-0.0006259731665038743,0.0,-0.000272357511857383,-0.006925876511850893,0.006752222517969428,0.0013195727084619876,0.0093721394644978,-0.018233582430434384,-0.003380352406525415,-0.0025587150960448175,0.029162969552233478,0.14136329976031345,0.17408731460415086,0.020910321661248,0.0486949593153591,0.0,0.1617669010775737,0.02683233479650549,-5.699335974863574e-05,6.147311282376768e-05,0.0,-0.00023808197232909762,0.641629737074413
2666,0.19473318901855385,-0.1415504101578993,0.0006455567702944067,-0.6210136777433856,0.0020148599001101747,-0.3014461446505311,-0.004002451495475125,0.009617965687418226,-0.8114016892810366,-0.0516014024191893,-0.023250775409242492,-0.0006266679911362403,0.005685800499629896,-0.031552289217471725,-0.0009399159109885427,-0.030873123704945354,0.0026421471051838994,-0.0029904692187455407,-0.007777618066561396,-0.0008176671048389935,0.03216469252348328,-0.005478543617538359,-0.029449048963497093,-0.026567993907857034,0.00222789974833261,-0.0008965557262373137,9.840535163732495e-05,0.017760994167076605,6.767194781022902e-05,-0.0210831656057152,0.04005590788082496,0.023681394458607237,0.002484061291215834,0.010642953118005229,0.005102308180031946,0.0032805887874958555,0.0019186577293886474,-0.0010821561045947182,0.0,-0.0006346620396439458,-0.008576958696419381,0.015192499472768236,0.0011407431152826292,0.03355745761042357,-0.0064147412894943094,0.03373086055548497,-0.011053601175894068,0.08248723560964757,0.05135479721754755,0.013281592171009094,-0.00042602463217379015,-0.000817183130913538,0.0,-0.12566583928417857,0.040410476792771766,-9.127780793309883e-05,-0.00029620331326015884,0.0,-0.0011018071378408735,-0.31705957692987574
3616,-0.3145686914141947,0.19769589899548753,0.17811558517423423,-1.0235705787168452,-0.0009591363490634774,-0.0854549883536742,0.034765259359845126,0.016024405433792452,-0.07896819940226686,0.01666935079974578,-0.005750245418034518,-0.0006603064988773889,0.013029331047610167,-0.08663792747953139,0.09371025884604324,0.013578270713891024,0.029237497435989048,-0.0016236146842503602,-0.004312858464408401,-0.003696095035541574,0.015438092426141144,-0.003384504194247702,0.00399412161966288,-0.019063544624739533,0.007777564214735298,0.0002697314904012812,-0.008545636185013963,-0.0006663879304782611,0.000467007728490504,0.08886245683784283,0.03141244063952918,0.003693440341979882,0.0040646593935110675,0.011967881983549575,0.010910032851278624,0.0031515821209069264,0.0018486458862369993,-0.0007458345483281214,0.0,-0.000494240636034438,-0.01778604987025191,0.010862876997212736,0.004833129133180614,0.0112210836642244,-0.0418815433961109,-0.10592401575178295,-0.0072215951675171424,0.09405309038423294,0.009619525481249476,-0.025149716968671472,-0.00021938325376529258,-0.0004154035705001757,0.0,0.2377801259598128,0.030025226088585943,0.00045717207699988986,0.0004248094428898465,0.0,0.008551141512943925,-0.2282049142987592
3626,0.01437055480757457,0.03455056477681393,0.10756926429993241,-0.7932923625994958,0.0099553275181904,0.0909774500263234,-0.027351672855664422,0.009278138244467158,0.6963769309298962,-0.02006949616368129,0.010702719424025349,-0.0017736971117494206,0.016039190558660696,0.06352910616704682,0.04735699875761544,0.01703872293336547,-0.0519125820012601,-0.0028518350351553544,-0.007152895289940078,0.019214427393785368,0.00985644310249768,-0.0032121145356065004,0.024427062473086774,0.0007771899375183008,-0.055446838196220594,8.354496391290954e-05,-0.018542620405614826,-0.0004191787898945258,0.00014825391228542517,-0.025216031794606804,-0.21143436439465285,-0.003309417704733899,0.0036064723439055,0.010038470931672067,-0.00809765395943053,0.0028714258394417448,0.0032782430809853882,-0.0008258935084589484,0.0,-0.0004475664274291261,-0.012448640826300292,0.01632133827722178,-0.18053576998703122,0.025952521310063346,0.06469150374874272,0.08946419367629407,0.3207631340688997,-0.017163731568922255,0.019447496905551694,0.011999708502493147,-0.00038209740296648925,-0.0006780290508201403,0.0,-0.04998318622286664,0.07063543193947905,-0.00020213521302941197,4.6739189884089315e-05,0.0,0.01054086769856747,-0.08710116271617954
2027,-0.12361298898885749,-0.033771463225249584,-0.06213773857388566,-0.2614959757686915,0.0005755253661622302,0.18077947435425554,-0.006601470888529728,0.009059304302404394,-0.07442322505270271,0.06010000319724664,0.0018539592484205902,-0.0006251394820117266,-0.03649015639607979,-0.08981383107376648,0.007053855801370027,0.01547816419698909,0.0029918768326298983,-0.0026256504121396312,-0.004625983861816469,0.0002665829490823462,0.02405256737384779,-0.005005047946865614,0.02526114399425744,-0.025310346132442686,0.008402321850628664,-0.0019156388271848027,-0.021526151936094695,-0.0007595594739043612,-0.0010825232087431727,-0.004175703004674224,0.030016827648004694,-0.0400104789617938,0.0012407027122754402,0.008956639357396795,0.005722854284577917,0.0017075006515122327,0.002543763401003577,-0.0010534692164753568,0.0,-0.0005903823758734008,-0.017090119034988846,0.01572534197566104,0.004285525813496439,0.015171691267863632,-0.005358154976901174,-0.05768391155455321,-0.0056954515687616175,0.06851190100678059,-0.007889275794173447,0.03388111638384006,-0.0004207720359961846,-0.0008051185160176071,0.0,-0.09143826076136154,0.06631883761388854,0.0007489288673833894,0.0006261337456477523,0.0,-0.0030449903290002698,0.06925608915060104
1021,0.09119440180855713,0.005856853977912221,-0.022886610881112393,0.41064922038099344,0.0008497632631987608,-0.19256532546105032,0.043900423686872685,0.003962613704965575,-1.0339807978395585,-0.011301370768113113,0.0024899268034352757,0.005143342881540617,0.007465583238054769,0.02864257240371704,0.03846851572142236,-0.01438854195888241,0.0032140724957370587,-0.0043219360509598875,-0.0037507760905129456,-0.005518472968987216,0.03782172699287811,-0.00454717588941178,-0.016353411221066576,-0.022200080013519495,0.006709738446046449,-0.001892929901490198,-0.005613613957111411,-0.0017545567978650496,6.439158323806466e-05,0.14050355574261017,0.05162354245507428,0.01484730085214756,0.0014153016387074267,0.0032562063698912806,0.006649503672521562,0.0006769233010610712,0.001983054655375585,-0.0011199895324269676,0.0,-0.0005947261492547413,-0.01996379731330097,0.010312494346679054,0.0013960030468249504,0.007015302763931928,0.030056464084778637,0.03898975106565206,-0.01315442150295007,0.06311896388208114,-0.043605925922712584,0.057707360878128625,-0.0001611007851004902,-0.0003652145902107341,0.0,-0.12888068616667708,-0.1582501527172929,3.237334980971189e-05,0.00010588631028144089,0.0,-0.00043437051704977626,0.1659104117700304
2403,0.12287682781587601,-0.005977805867550169,0.10822882266002289,-0.40785994057412644,-0.00014215885880064348,-0.07700809698971307,-0.004395618639074811,0.005884944846996677,-0.05286893943309674,0.049586089819572556,0.0014943393320482135,-0.00037257313497579385,-0.038923716809275685,-0.07893766130027599,-0.00787887349856099,0.002753082812544625,0.003738923726637297,-0.0010230094230946898,-0.005357810965070702,-0.0032208720725920913,0.03274766550223854,-0.0043880000460497235,0.03899809685807052,-0.028211966860321815,0.0043838776953175,-0.0008486105360479163,-0.013068732048355946,-0.000948208077355243,0.00011636825635642834,0.11474744514914842,0.037323837081446196,0.008340798630870089,0.0016073359182197482,0.008490372891552229,0.017065861543302946,0.003672330094747607,0.002174001899544739,-0.0010989859872559096,0.0,-0.0006219201820192295,0.1138930319203599,0.012691398009378786,0.0013651149928662137,0.010407220759234993,-0.04213714349293168,-0.003343377088587762,-0.011660531023536784,0.06833164524688166,0.006979776982040457,-0.014511728851321147,-0.00016027028187400407,-0.00038184615878351274,0.0,-0.08983208407020328,-0.06347193123084872,-5.1088347091462454e-05,7.285373461944912e-05,0.0,-0.0007793151003389139,-0.20497970697501672
830,-0.04849926651441649,0.06776715989598264,-0.04969886590295453,0.6244269381507184,0.001112773729223155,0.050421583898480594,0.0028822858924454444,0.005609651327718463,0.6029375030716541,-0.008368714679293749,0.001372651470973446,-0.0002916531890800252,-0.07288986735142969,-0.10288077475493031,0.003157855425226103,0.004080112799893419,0.0014943727968354686,-0.005424545570492245,-0.0031021117565466906,0.002803872615777687,-0.09111033493759335,-0.004245278963709439,0.009458756495132682,-0.008518223422820765,0.004018251360275193,0.0008743743034992517,-0.01491570850861743,-0.000558063801342376,6.529309921392332e-05,-0.02359434413671247,0.021456013843496283,-0.006778453552817369,0.002160602348155933,0.004727449681528662,0.008795039347003507,0.0003782444135503714,0.001226709835053294,-0.0010654147753741104,0.0,-0.0005606311339002553,-0.011197026657516138,0.011025940773629051,0.0014208829829378768,0.012780410292203882,0.027261327394542918,0.040441769149115035,-0.008848107428777672,-0.0025764055899489525,0.03347290766521009,-0.136180809656669,-0.0004245807080534138,-0.0008035228568203227,0.0,0.09277838501704937,0.01884792360977949,-0.00032473757912386347,5.750259631789073e-05,0.0,-0.003191118963054764,0.1645560800640853
596,0.10808208584045542,-0.005553915878096892,0.0027595829567807336,0.685158820909204,0.0006908381407177591,-0.047508377762063854,-0.08240456565392652,0.00484043141634308,0.33950639205379485,-0.008970777528803943,0.0009555191366698986,-0.0003320821072143513,-0.07249932695340361,0.02980241856855488,0.006137817448222961,0.003960277063139359,-0.010662867493796935,-0.014027259811109163,-0.005788645453913791,0.00044535091075869395,0.01727996948688458,-0.0048322912387079395,0.021334740318188498,-0.023042528075918,-0.04157483355799546,-3.1264429106200846e-05,-0.007034416315060305,-0.001221850005243533,0.0009555800209013946,0.016722143533670842,-0.21301119784583933,-0.005658127350089154,0.0010732280824607512,0.005723127017384047,-0.012892819950721147,0.00016283912636622487,0.0024889457377937707,-0.001087161457527944,0.0,-0.00047753155066430154,-0.01294706376486216,0.00986911492389545,0.001384289692412556,0.009937236879027703,0.00019668079206072218,0.007186418411546163,-0.009913804275302468,0.05159994644819728,0.0707915936511024,-0.06757491667113995,-0.0004256859449217651,-0.0008213294277393469,0.0,-0.06505894008871889,0.020677225973824386,-4.3717133843683615e-05,6.147311282376768e-05,0.0,-0.0007540467799064493,0.22788099832858216
425,0.1118896703590786,0.009893548706104696,0.08436881053256588,0.839841214602052,0.0006534330048977068,-0.08374274627255353,-0.002748733674464911,0.004983565068853471,0.7660520414038258,-0.00928798197708624,-0.0035016578180694395,-0.00020686143557199793,0.007720955572261006,0.019651313883105977,-0.009637324975326636,-0.004800260913267996,0.0016841810743037408,0.015805196189778367,0.09769547217271576,-0.0003213397074073731,0.017164765878068932,-0.003686633255830769,0.029050371429709076,0.10973470036152087,0.001865112723549339,-0.0006339850168904959,-0.0022632999378276652,-0.00044203803446192497,6.767194781022902e-05,-0.016967538812731747,0.013416813747851116,0.008355881402236302,0.0013484173316701267,0.004672245508821701,-0.0038180495259920624,0.0019498426138397633,0.0015574553619294934,0.04976607001833141,0.0,-0.0004657608242276027,0.07589935444607972,0.008271359633174652,0.005201827071221884,0.011426206191074815,-0.011160676943761112,0.010457180970417349,-0.0037106615387057216,0.024112990444285616,0.05556236866742788,0.024125078192591246,-0.0003971070253517516,-0.0005904292530492859,0.0,0.09330296228536356,0.0190058038884335,1.1366043973054049e-05,0.00012458346896899523,0.0,-0.0010390755377220925,0.3188590459189629
2535,0.0787927159621014,-0.0477364476725529,0.17250679452900416,-0.40305742449796217,0.0006124769749228133,-0.14428558936506172,-0.022612492587874292,0.010140554687665818,-0.24902268916637788,-0.045981087405329926,0.004933806450227441,-0.0003298208610710832,-0.027969022238536697,-0.09471614510495074,0.006927380611766003,-0.0014901349558900925,0.0032747163277229334,-0.001726246856006352,-0.007301948020031755,0.004973706410076101,0.034048329278239614,-0.0043648469936865535,0.05024030936986231,-0.03551546030497733,0.004220175736651197,-0.0018986712475467992,-0.023191914732345612,-0.0005586781661379544,0.00011636825635642834,-0.024937475155980205,0.03545649386907389,0.007621115321227766,0.0022252213411434307,0.0077052229693646505,0.010643976614162888,0.002177234525465371,0.0023849534262180942,-0.0009934466873590512,0.0,-0.0006167250449836904,0.11102985483184252,0.013945907172601456,0.00141020871207299,-0.22723682892572297,0.004194454243300514,0.0184888442628091,-0.013122620098157779,0.0796755699257919,-0.032754423815423185,-0.06667780974172584,-0.00031001704069804476,-0.0008382242247419366,0.0,-0.08850255204618092,0.06863777273993654,0.00042599563336765376,7.285373461944912e-05,0.0,-0.002699928272686187,-0.23681843051600326
2590,0.04636197759485599,0.041135683396648,0.0700612214903705,-0.425513896054905,0.0005350513888457771,0.09440055742293234,-0.030569695605628066,0.006666287016599391,0.6209739751346807,-0.015225747692936326,0.0011085170465006478,-0.0004082644449789154,0.011471614408703493,0.019768154713261713,-0.0006082266697151787,0.00866036493037179,-0.011975365551283595,0.005214498236553141,-0.004496376493267066,-0.005045493837900996,-0.0774400384617093,-0.004341358978023177,0.011883913004520855,-0.015740765118782703,0.003256203617407573,-6.374765787930636e-06,0.0003103237866949113,-0.0007703287115017602,6.532312548880024e-05,-0.021240467077312048,0.02047057835541485,-0.00899817588597818,0.003046230567407134,0.009208074138992805,-0.01018227485762803,0.0023125039461105515,0.0016500014239407585,-0.001061345619731227,0.0,-0.0005858596745618975,0.047434358948932095,0.014400481550299398,0.0014265232171282332,0.0199429158178493,0.032698612021694044,0.045685903090061535,-0.010660050033574403,-0.03397388985924589,-0.0012515348910799619,-0.04714670989080533,-0.00042773515455835293,-0.0008021986854013153,0.0,0.13099270189885226,0.0057542874171363865,-4.534110395266669e-05,7.285373461944912e-05,0.0,-0.0008880019066178212,-0.23928672289680553
649,0.12833037293422114,-0.060839172247959115,0.04556280381092042,0.725306112039604,0.0003699594735389552,-0.07575235534026467,-0.10730931054885089,0.005670139809216693,0.24820168022998174,-0.012121035928259291,0.0013887616920273144,-0.0004515483938561078,-0.05595239848718118,0.03704143998355547,0.006185209556992094,0.004224955427366399,-0.011030171109150201,0.0284775820663879,-0.007246601723569808,0.003866314514615597,0.02189142092602199,-0.004877061086310327,0.025284903367266687,-0.021902270003999167,-0.028072396833452973,-2.4842721086601193e-05,-0.00710407513432666,-0.001054944903938795,0.0003247876638425366,0.02310272717359179,-0.26782577958369946,-0.008954771368388815,0.0012910660865362794,0.005566284289255919,-0.005583605241454195,0.0030883657865019877,0.0027122705679107737,-0.0010758820368844564,0.0,-0.0004858454043186929,-0.013242714908213346,0.009527836168515541,0.001326498038865478,0.012081030694803348,0.0020018634209971473,0.028833652393390793,-0.010164917199699119,-0.06680190853267431,-0.026901784059345266,-0.09670857801461018,-0.0004222919209920748,-0.0008202481591880261,0.0,-0.07033043564330003,0.004166806647211565,1.7687239196185657e-05,6.993256874923913e-05,0.0,-0.0014429522427582648,0.23979976977006326
3787,-0.8042393237837531,-0.5216531168509011,-0.08160331546231027,-1.084424794550899,-0.0036664813148547517,0.02641950844524476,0.12548163651795022,0.011021505196497517,-0.3030963541719563,-0.016357540021388176,0.0016443200689570188,-0.0005594495334016829,0.020746056277774354,0.26488716736416296,-0.03749917281454885,-0.020748930298569744,0.0135610544493086,-0.0032326099989047506,-0.0019872931457805163,-0.16473312843308222,0.012347493924328263,-0.002353633761350307,0.0450202894411738,-0.014674999244289942,0.0046634210284645615,-0.0006919313520861025,-0.026302293344835425,-0.0003154711249193653,7.408612023412323e-05,-0.06042335735725378,0.020161412691004448,0.003580687505251893,0.002209051811375136,0.007054756730354943,-0.018535418286892424,0.00449109682651364,0.0024626330157936963,-0.0003918731728122381,0.0,-0.0002842853033866898,-0.016995868321890102,0.010641276342257911,0.003217990905213057,0.005314689013399007,-0.045879478982216726,0.025611191853144987,-0.013466675845975275,-0.037790825886606,0.01123343795946197,-0.016931348405769705,-0.00046712534014483963,-0.001342872975361279,0.0,-0.12028369081505302,0.04398858555868084,-0.00013904636108130934,4.23044786957464e-05,0.0,0.009117612872632477,-0.3283748889667627
3551,-0.25165188715391196,-0.08288411325342131,0.013853453779272726,-0.8856560852374654,-0.002722957027074298,-0.10392046570057738,0.061859987396328385,0.00857867633649024,-0.2555925257377229,0.005543901985733233,0.002643097899258168,-0.000219037113950778,0.0162864498518587,0.06630258484341513,0.03088147444025278,-0.012031575187675458,0.017116469525625008,-0.0012410971915423864,-0.003247286728037998,-0.01736898647570434,0.013540095040825846,-0.003044160772206528,-0.0014502677884621485,-0.033845753919502855,0.009628945976600859,-0.0017939137939078057,-0.018241995202056202,-0.0006934749357561078,0.00013709988137757364,0.11002510831451984,0.017689658390002402,0.006380650923364136,0.0036413871927481216,0.008950210602983816,-0.008137205395171035,0.0037762569828842176,0.0019031206137177657,-0.0005365330687415106,0.0,-0.00046932525228001126,-0.01558256182035846,0.00984813450294072,0.003852113074096948,-0.1563130334583464,0.05540811803858174,-0.09116394479044992,-0.009949790511489667,0.025588339995606967,-0.0810594048172808,-0.032431454015891516,-0.00018370818383225902,-0.00042941548994283163,0.0,-0.09841268543521188,-0.004178460468983832,-0.00024362900911355543,8.816866083157433e-05,0.0,0.0035104148313646185,-0.30757970010127605
1905,0.1207693086970568,-0.010518605110554509,0.0635300662047281,-0.24417324241657598,0.0013115228997244452,0.16970640129826067,0.014947862822845458,0.005137630535960334,0.5486289238315466,-0.016568176476488016,0.0008863324547639048,-0.00038479550396192813,0.008877906107966073,0.01695650207281524,0.0003246939944267938,0.014361004373744482,-0.012910188677946875,-0.0025686350937470636,-0.003702576293061499,-0.0005892226856422034,-0.06162272862258135,-0.003977657307851504,-0.020158210423883847,-0.015081333671816103,0.00439216295062223,3.3507422046895726e-05,0.0009484853880025868,-0.0006484099239031249,0.00011636825635642834,-0.022065219403583206,0.019054927929080236,-0.016034883874928935,0.001270291510521339,0.007859739590506456,-0.010503307756796096,0.0008447546415736112,0.0021367648635418146,-0.0011028288715436694,0.0,-0.0005833584780507543,-0.01030352572617039,0.014914966471663939,0.0013651010159364864,0.013364678988178707,0.0005789156373579737,0.024453899500944662,-0.0072960776001735166,0.03887441447815795,-0.0011617062191295246,0.05995565502089608,-0.00042591307364924164,-0.0008067580978329207,0.0,0.1253195927393568,0.027420947757504872,-2.4909548951142703e-05,0.00012458346896899523,0.0,-0.0005643960321569971,0.031601207938951596
3248,-0.19297665936399294,-0.002838992232524332,-0.150622160608692,-0.5310943721818047,-0.0004915531780717732,0.10689366354153011,0.012034753838182706,0.009256361849326666,0.45061393402563904,-0.009136858587474124,0.0014917209047840023,-0.00039057702145175956,0.0068961518382973635,0.022333015310777825,-0.03271639647654589,0.012085867427715112,-0.022586395957211035,-0.001920733879755301,-0.003598312787704989,0.010107025735877082,0.011360665562277283,-0.004990026987848214,0.029911188221665618,-0.021963192905199182,0.007199682903643194,4.562554726852516e-05,-0.010253745654471342,-0.0006776167844936213,0.000467007728490504,-0.02243576400169844,0.01371590409029357,0.006844593204020286,0.002238682139291144,0.010141576184584037,0.0023549588655668533,0.00305697075392789,0.0025058329457416277,-0.0006929357628557201,0.0,-0.000552536630654667,-0.013848705510681306,0.015510388976417284,0.004354399981937983,0.008912778046540231,-0.01824042275499365,-0.021283620310960087,-0.00694225794494409,0.047914450643272204,-0.08059813860084099,-0.02443789486067717,-0.0003678722200118939,-0.0008973125479139543,0.0,-0.06260338119463994,0.058373996818802856,0.000748244305687636,4.23044786957464e-05,0.0,0.006924344587141491,-0.3876766707482208
257,0.26445471524631237,-0.013443197027189583,0.048234120571664305,1.0683433230332493,0.0012138197550395126,-0.0671168155600528,-0.010253420691151968,0.00498454939601098,0.996950911227721,-0.011346018047550449,0.0007809327746501689,-0.0004489553683108822,0.010759390040674225,-0.03563150963419163,-0.006582254666124162,0.004080458678797907,-0.009822066356870518,0.03627722465855528,-0.00533881503844985,0.0013915288322807315,-0.07998856703834362,-0.003792192740084551,0.029390230099594458,-0.01297610079455744,0.001914878843096206,0.0003731576177827684,-0.004890746566648492,-0.0006249825128480929,0.00011636825635642834,-0.016257677331031426,0.010998382072984977,-0.014378239651001325,0.0010861276936184763,0.005017221633586687,-0.012345058569953824,0.0008161243471477131,0.0013595500841550871,-0.0011075117941787961,0.0,-0.0003496860448121532,-0.012814629528418007,0.0052587865600365845,0.001293660584189142,0.008033920178081957,-0.039151624030217734,-0.0015825562237201274,-0.010391505534933112,0.01979656611672752,0.022654743909068173,0.09699150160385722,-0.0004198122945564681,-0.0007511888413792053,0.0,-0.05628513384083512,0.006678019932978311,0.0003288301188558319,6.520130688246742e-05,0.0,-0.0007923253107755579,0.49433833231050306
658,0.10478009625413272,0.019817171753311984,-0.06843618633776634,0.5987301518653426,0.000828369707958182,0.013841645500640563,-0.01343130025143575,0.0067199813076914494,0.1616490020870929,-0.005528948294606126,0.0007942340799672289,-0.0005204534134366735,0.008181839410596704,-0.04578751110887087,-0.009786840154990196,0.004157527991972597,0.0017401579432806953,-0.008183882613031716,-0.004644820998711075,0.0019520186716003834,0.017033190854675632,-0.004534280610192601,0.026567930899603655,-0.018148638613893747,0.0040604305695599325,0.0003545283934332123,-0.003214596777725761,0.02828786780014182,7.588963105375449e-05,-0.020448958150789346,0.028214676913880084,0.006746951341195773,0.0008837551465935776,0.0031178853788979347,0.003656059160413841,0.0006208126253148767,0.0022487138246525067,-0.0011050458197441686,0.0,-0.0004128909290087266,-0.011756473014512082,0.010909304778619506,0.0014168670016131172,0.006779753065768902,-0.023840327757814028,-0.005322112695799416,-0.007510227392177834,-0.012372059906263218,-0.14073975064944366,-0.0027627125555676974,-0.0003389622588066116,-0.0008520427656147702,0.0,0.1339430007877823,-0.053205197445028045,-5.972204881904313e-05,5.750259631789073e-05,0.0,-0.0006494264336364945,0.20011398476646003
3174,-0.16624733368107258,0.12293987093064622,0.06199900591307183,-0.3930126572200897,0.00010361671217822237,0.02936989631454189,0.0627124191941648,0.010164585109743426,-0.02137575257677775,0.047986928133327056,0.007296839355282619,-0.0004624676665375335,0.01013359420900573,0.03937308901549213,-0.040534018821838796,-0.015750164974148412,-0.009330754719751118,-0.0026564223984142333,-0.004988777276997991,-0.04730664923503075,-0.10632296526022368,-0.004796966312457014,0.06396121806153097,-0.02129526395069821,0.007839426321712785,-0.0005971542524586578,-0.025912834511800115,-0.0013561705391493873,5.500559675698058e-05,-0.0009995448329287947,0.023659787282106035,0.007324836914758109,0.0025794374437768403,0.008986801414115505,0.061738246269508724,0.008992416429320634,0.0021043109591097633,-0.0006851585145655351,0.0,-0.0005843322055894154,-0.017921387285298657,0.011637382525925737,0.0029555862274908214,0.031494662254830885,0.07564016100668053,0.012892620141654052,-0.01624996216469144,-0.07170858196230892,0.013262512524074286,-0.01761870564862343,-0.00044874993360976444,-0.0009579615955111677,0.0,-0.07540022861568832,0.07469358534662869,-0.00022890868333316742,4.23044786957464e-05,0.0,0.011117327114948818,-0.2873857560978003
2369,0.13747722607321408,0.007323945338912279,-0.25375483800842485,-0.3943388106437982,0.000675639294900775,-0.054283006762901875,-0.03396554402252479,0.009150855184955039,-0.7066217567810321,-0.06602963311868763,0.0017747668297178139,-0.0010289303804185447,0.007110334653405743,-0.08855415286326711,-0.0121231418879332,0.003830575161351533,0.0012555046975774643,-0.0025874568124662264,-0.0009262850741427273,-0.020480722902261224,0.019068775393507344,-0.004447808825171451,-0.029141622916949945,-0.03510822832563949,0.0062865345685991555,-0.0019064777693429203,-0.0038499914994213104,-0.0005564144057522708,6.529309921392332e-05,-0.030614008024418462,0.06347296866141734,0.00768668432336655,0.001109329984004174,0.0041621013655900605,0.021543999296657766,0.0008140374957699912,0.0027633829007081773,-0.0009850699747216704,0.0,-0.0004446452504817061,-0.01314528442866954,0.01205171633199375,0.0012634153926448352,-0.22107444535254087,0.008123083439356445,0.015421502539927493,-0.014874219051417866,0.23683976410559926,-0.05849295680579709,0.02145903298166932,-0.0003156968994996066,-0.0009393601269621768,0.0,-0.09377927528434579,0.02399033931285866,0.00047869170664585387,5.41565759318948e-05,0.0,-0.0012841613917978952,-0.18858113974023358
2641,0.13402601382585697,-0.025996950790869947,-0.02536333289134324,-0.49196221434264087,0.0006951213847269579,0.4761732584018643,0.03532728131278733,0.012282863401516476,-0.7386205569107859,-0.028313033519947958,0.0075335319260538295,-0.0008001289445845084,0.017319675952202036,0.029027875723469317,-0.0002653754773519615,0.016914535182770103,0.002426317121128801,0.007887371580840461,-0.004257414739867975,-0.003966172095003417,0.0195041881855485,-0.004450835435307565,-0.01252587777512055,0.21518426950287373,0.009000234348343808,-0.00041758786548740963,0.0041982599713669,-0.001060062513424082,5.8809856217358636e-05,-6.865443640167573e-05,0.021957282238023446,0.006667603309365188,0.002156072551701129,0.007423543285441534,-0.006023975395685925,0.0018232180583572215,0.0023558348367981605,-0.000812683070850756,0.0,-0.0006288528041532199,0.08753410741866438,0.017060339966504738,0.00605869962963056,0.02815421659865027,-0.016374060413962103,0.033232621821912896,-0.005229475053750085,-0.09037048145859827,0.0027233253668583245,-0.02196718796735638,-0.00042700940069725625,-0.0008176566418756117,0.0,-0.09502452872269479,0.06973934589301027,-3.353206651123209e-05,5.41565759318948e-05,0.0,-0.000552292999998124,-0.32397696430993794
2464,-0.002405510670041701,0.13000556271862043,-0.030356558460381176,-0.40009074002370854,0.00047986501171163665,0.4674793169752913,0.017283101102739156,0.007749915506752558,-0.19715362271842168,-0.0015247346591422324,-0.0010846453115259877,-0.0007394354984259757,0.01467955945744791,0.04580061208919324,-0.0035603886559700984,0.015393385714277895,0.0049657184418563415,-0.0027356768260161767,-0.004397318821701307,0.003137130362705622,0.015137113061673091,-0.00439847561305589,0.01510114326547931,-0.020981973716601487,0.012390213970564983,0.04859424320988089,0.0026504887942713396,-0.0011239860620764121,7.588963105375449e-05,-0.02174237850610828,0.02550265670307558,0.004993039227477886,0.0018425723612064968,0.00835173917677702,0.001047711995604422,0.0021571531219271097,0.0016743804078276686,-0.0007846314718233107,0.0,-0.00045968921247439224,-0.008726263007046932,0.016123886794221373,0.0014448740451850632,0.022022506043898295,0.26722267698464963,-0.3582251213997297,-0.005079502246225498,0.05946686463899124,-0.01327216827082254,-0.05864431778498279,-0.0004913579937548322,-0.0008041357198830422,0.0,0.20627962154515414,-0.07149968220716844,-5.023596854496267e-05,0.00042253562356321184,0.0,-0.0006478356400836102,-0.22860381506429703
3396,0.016834521373977503,0.03826141191983282,0.04187056272176182,-0.6887070475150213,-0.016810547752663062,0.21407215423778916,0.01908730399830832,0.011233269818090445,0.0016368511371366327,0.028218953428957617,-0.0024383013589141483,-0.0006304673221405045,0.008662700692605118,-0.031136237870878374,0.004307877479769618,0.009427386397434677,0.01131652738745166,-0.002142783582740339,-0.004280691438193281,-0.004533907596042347,0.005357056990345398,-0.003094928195530043,0.005891275669425461,-0.01677235359315118,0.015354431089481573,-0.00040240144897230235,-0.002160182138130508,-0.000407370592474435,0.000165333687121821,0.07009697827912476,0.026829313764562615,0.0023710946163507333,0.003936845802963624,0.012027478526819072,0.005197347677582732,0.003993434384393149,0.0020663849074603175,-0.0006800811746421795,0.0,-0.0005636650941797323,-0.011629505032025372,0.010656670318284546,0.004834611406011289,0.03125123864606524,0.03978004684609656,-0.003524467028969812,-0.004885183015353162,-0.10655182351279023,0.07907538502250666,-0.01685039192139707,-0.0001606124079297196,-0.00032854639623592535,0.0,0.1630815999433535,0.04267479010205949,-0.00022049303533794597,3.641009713381273e-05,0.0,0.008523425445103979,-0.32142510486319226
1517,0.10102056221165709,0.016257791552031067,-0.021452229890828192,0.2988686929387621,0.0006215618421356127,-0.046727089506546984,0.011004582665682454,0.006253273790915698,-0.2050294011813127,0.021251198458178758,0.0008181349668529962,0.0038511971688406613,0.009109742491287511,0.026097458510321418,0.011195119124170342,0.018329587332182304,-0.015782316632032934,-0.0029328017528682604,-0.005721525097667187,-0.004087289124235716,-0.11513541803746391,-0.004555331438373199,0.029874583560264782,-0.017832360255706652,0.005433043897885981,5.407497602013682e-05,-0.004778420277669951,-0.0009803852499558649,0.00011636825635642834,-0.018946994772882603,0.042213258334958696,-0.02700454190113374,0.0011032356087975355,0.007246068129992637,-0.010053959875103626,0.0010272859225482615,0.0027934956707286658,-0.0011025704158114395,0.0,-0.0005824340074476678,-0.010232627163858688,0.015717658881983464,0.0013827809124320942,0.013563697879634948,0.012534951821102603,0.031226094704313263,-0.013965136663173634,0.05078588115303285,-0.01279563820697518,0.04455900790408175,-0.0003411423266338144,-0.0007818169682613205,0.0,0.19074197614697974,-0.021108878528541417,2.9044849836728908e-05,0.00010588631028144089,0.0,-0.0009256081751720588,0.039771874137101794
3848,-0.42773858727641756,0.041961211488080095,0.23540476103796296,0.043782156470420906,-0.017930602995783217,-0.3073512911280034,-0.0007139638721632965,0.0034175794117021754,-0.6435331963956017,0.004633256284690276,-0.002504333787895612,-1.953668892052301e-06,0.010575297819457354,0.26629963816231017,0.1207754956114117,-0.02180573556157052,0.012369326392570124,-0.0031125785286570035,-0.003956619463684356,0.004107331173568122,0.00860878858403652,-0.0018015639026474376,0.01691966683686657,-0.017504707946263222,0.011521147525140931,-0.0013463089356779935,-0.016003665796583882,-0.00045802980255117595,6.53231254887999e-05,-0.06418153174826437,0.016190975401168452,0.0029634605763937285,0.0036083606898523004,0.008417266007754203,0.007743799526349818,-0.027160573023796833,0.0022358029062568507,-0.0003810027852478578,0.0,-0.00034058046722954276,-0.021392976748983744,0.012624008633181914,0.0036555523088217016,0.002907319380939179,0.058333778998960334,0.0336391563231127,-0.0064658897491696125,-0.0725196535392906,0.010072326401912062,-0.018483969171116832,-0.0003140574457754295,-0.0006134139876448739,0.0,-0.07229453577989135,-0.00442945751823919,0.00035931798075319323,5.885286188706683e-05,0.0,0.006653696589432274,-0.003347250479669499
3489,-0.13815687995047804,-0.06056148185318684,-0.11996409548073948,-0.6796722971148267,-0.00208381615564817,-0.13070260812886295,0.03488504449289836,0.012986889309801759,-0.4249784234375163,-0.03658441768251443,0.003920569143665502,-0.0009682609940577062,-0.07059288810232794,0.15162082795758086,-0.03132636752552536,0.011537743748806064,0.0028258211633033227,-0.002837111985032273,-0.002017970900966402,0.09661716708176385,0.013031855368161345,-0.003615189047177513,-0.07356845329422143,-0.02758474609806737,0.009676729540120946,-0.0017899490665148278,-0.03184184561313271,-0.0008844405010181451,0.000945523712425672,0.02344407224049805,0.05194438847510472,0.01044579986000965,0.0028035149017781548,0.008024066126496261,0.01621543218345921,-0.03911995688055251,0.002634092725133813,-0.0004910538567689611,0.0,-0.00038963929155699296,-0.015754133018977774,0.012067548873364309,0.003919376204478359,0.017270211545346834,-0.12377091507608161,-0.0039038941396741765,-0.01588586849200775,0.25455381537736144,-0.19209334245437176,-0.044488499915102356,-0.0003171908217375574,-0.0008262103241738206,0.0,-0.11679790620571752,0.09409400024301175,0.0002823494723557031,5.41565759318948e-05,0.0,0.009778567463117227,-0.2681135446222145
1885,0.07560152008940682,0.001123009114945087,0.10840277587725841,-0.1389775669396782,-8.462732780887525e-06,-0.08775281733952883,-0.009433519943644999,0.0049841018611842,0.6761970679532097,-0.018057978995600587,0.0015428146917612906,-0.00033455923644541306,-0.04817150332741706,-0.07473916658205289,-0.004867764452916289,0.007988482001108386,-0.022615349001979056,-0.003544724210403098,-0.0057193635866347875,0.0013288892288372048,-0.09244161131286471,-0.004577498570067257,-0.03773785954998827,-0.02525630043837679,0.004033734753813896,-6.164771518998804e-05,-0.00522792576377976,-0.000713577965631721,0.00011636825635642834,-0.02130188344510065,0.020739723013767027,-0.022511266645900085,0.0014836313652424092,0.006565031689720064,-0.025146742774557876,0.0007197361520118299,0.0018368429666076888,-0.0010813982947265354,0.0,-0.0005829402138249427,-0.013822385813808053,0.014082526484975006,0.0014246526598460899,0.0056912658183643355,-0.011203710855712931,-0.00825468098952032,-0.013674708679435835,0.07847464727968537,-0.03450783299691941,0.008415964649162791,-0.00033458216984657164,-0.0007878311970398612,0.0,-0.0891094232962988,-0.03350783380129221,-4.512923285051824e-05,0.0011299826813609072,0.0,-0.0007813313274851264,0.04377030366707307
1754,0.07100097098483228,0.0018377556413674608,0.08655601909190666,0.0944196747429312,0.0009762666633353446,0.08922175863489262,-0.05765721351593624,0.00462779526270971,0.6022729568123952,-0.009813955388855844,0.0007705114147415498,-0.0022321172304992057,0.007409542122017819,0.016901576438032247,-0.011160394673647928,0.010017391182030527,-0.010806952214765695,0.007597589824066124,-0.004007607267158992,0.0002754494397122507,0.012562221763402315,-0.004253058338703846,0.018457060929617023,-0.01615001110693697,0.005923473073250906,0.00029800360787982403,-0.0004254902755964863,-0.0006852201860467568,0.00011636825635642834,-0.021008682185517543,0.019594396468844394,-0.01238544543680818,0.001269372210051604,0.007783863298275207,-0.007056156484486628,0.0008989603499169465,0.0017951895169424229,-0.0010791577707687592,0.0,-0.000560104461012302,-0.010388780296834621,0.016254927108229185,0.0014603009180610988,0.008739263486517612,-0.0005800106624981131,0.0270554333616506,-0.008240826029850951,0.0019124581610238036,-0.011014253512841845,0.003721089122851418,-0.0004217234932606361,-0.0007978079156290994,0.0,0.12004415365419371,0.028697111748509925,-2.976816522571565e-05,6.520130688246742e-05,0.0,-0.0006860977223488843,0.06560208496618206
3369,-0.14334669656896848,-0.046957095220630664,0.018836488568162533,-0.7230637211499343,-0.014464784432291081,0.056690713507404754,-0.3743526422174171,0.012585801029540489,-0.33746508055828756,-0.02590084828053347,0.0010162077016216543,-0.0013838980585612812,-0.05101116302572036,0.005672288055562954,-0.009630062560180013,-0.010275011929038572,-0.026868751818219575,-0.002449040086351779,-0.0036067261293127447,4.024014993947013e-05,0.008961656385242418,-0.003981906669058108,0.02964286345443245,-0.022533870998445844,0.01367142481433802,-0.0008183596365526147,0.0017518313924010478,-0.0003346899703898336,0.00028274180087079756,-0.0024052007952240005,0.02077871657229518,0.0036878735245443354,0.002517315899900427,0.012088340596310709,-0.008764480082066355,0.005672272556580152,0.0018822915230070078,-0.0007876745720031076,0.0,-0.0006037004695558455,-0.023047147407599434,0.009793976842474534,0.003629093727177162,0.03632654077489617,0.030091048337636518,0.0034838900612138087,-0.009115867809800364,-0.056312202707293826,0.03419752342365567,0.1881623016997757,-0.00018634170393336982,-0.00036533838237694114,0.0,0.2598169991031313,0.017340600597113686,0.0004063560982960913,-0.00029620331326015884,0.0,0.008568739698061035,-0.2629123585184404
3852,0.23840686612203946,-0.053622487275057744,-0.01378467129708244,0.18813079606193214,0.008320658486363547,0.032176600484642,0.12424392568495365,0.0044545221353588125,-0.4724899976507152,0.02686005581321917,0.0022297183978563515,-0.0003633199641298803,0.006514033765709996,0.3741466537804094,0.12615953753398962,-0.011193599819580959,0.01096896317149662,-0.003834593537155532,-0.0006177083952536508,0.019248033817001478,0.0198018704917121,-0.0018079239591236851,0.001325611798703524,-0.024027306403811965,0.011930706548259834,-0.0013855218393823384,-0.006393908631704003,-0.0006239937770796068,5.8809856217358656e-05,-0.04478851648076708,0.012376257693970749,-0.00915802452823372,0.0020312612180466544,0.008285045876849348,0.005163715430748011,0.0015955451682322557,0.0021115963692628264,-0.00029723180152302727,0.0,-0.0003172670123744624,-0.007313233882612103,0.0115309643160713,0.0030340122124801524,-0.009264462552684361,-0.05384204673912398,0.000324774653538028,-0.007154873773847927,-0.04106636735275705,0.0026924639435822076,-0.04906109409621387,-0.00046216911542554706,-0.001017435963790094,0.0,-0.0802645601708057,0.04471346968127204,-0.00012793106209434162,3.840857655195864e-05,0.0,0.005039593175423936,-0.12265551817338359
3451,-0.22929295071580416,-0.2536799822985462,-0.43485134660609126,-0.8512620420446644,-0.004712017222110915,-0.10825533368132155,-0.03937329494465614,0.011379231137480125,-0.3922395766337403,-0.046073566256229825,0.006892852877305023,-0.0008929766404251936,-0.10536683954606635,0.12888335071070603,-0.041712781398264266,0.01732492747278043,0.0015684504250997274,-0.0028863212361170134,-0.0010550203812911454,0.09994519395569798,0.014185022292694388,-0.0035216357060965696,0.08534634954661936,-0.024066947708672883,-0.05730359570922952,-0.0004070479413405777,0.3400285839002559,-0.00038153107371414406,0.00016364901722127774,0.02418714747071874,0.04015846424257622,-0.023827351748912387,0.002422896632307054,0.004886695678507477,-0.03538149075767314,0.002894432395945584,0.0022860960375682407,-0.0006582285795840917,0.0,-0.0002604273281003804,-0.029796564976454307,0.011846614164540546,0.0030188631624422876,0.020124512558932803,-0.07918389145933176,0.023410118148936353,-0.021135729630782266,-0.2327953297129559,0.022389875607766292,-0.03836906645925927,-0.0001826842038225125,-0.0004480670625885973,0.0,-0.10770374770304832,0.05344011470155831,0.003759459666010692,5.41565759318948e-05,0.0,0.02999735775490303,-0.33367597432451956
2048,0.10660506859782126,0.021426594227705213,0.177639090688545,-0.20714566353845643,-0.0003500909417598967,-0.0491725319307117,0.02741427361753154,0.0051404250597436646,0.6678015573818794,-0.01484370829251249,0.0015788830424821878,0.0011975146919752694,0.007809638493273195,0.039161358637907,0.02586880177291287,0.0084201131072369,-0.013569306607304309,-0.000878801746576341,-0.004605818070278063,-0.023952702811393434,-0.07098381036551869,-0.004239469457694338,0.02387363167510997,-0.024119678385007295,0.00252772697464981,1.4121666444514937e-06,-0.008088715627110474,-0.0011675874032897895,9.928848152003247e-05,-0.02144736180402641,-0.1554843307145988,-0.013785418899243429,0.0014191172932405906,0.005900508501982833,-0.00623896751385086,0.0020547225489765367,0.0017574931438677647,-0.0006873881692434248,0.0,-0.0005648150792536913,-0.008954161960895306,0.01494172857141375,0.001424556759371279,0.007849925138273614,-0.005926486403490119,0.0005385955221279522,-0.012063244651356664,-0.05424163334264572,-0.018323035855982092,-0.043150322671681306,-0.0004095339517547612,-0.0008447756845924694,0.0,0.17464333881570918,-0.06315149269089629,-5.961714899859089e-05,4.473692484821286e-05,0.0,0.002930897693948794,0.016220871898474272
3673,-0.11197214668519817,0.15594507935846535,0.12138513392808174,-0.7416028412875243,-0.0007418462085164239,0.06953586363362381,0.02063903690691057,0.01642214829619983,-0.2929141284805105,-0.035244896430903026,0.001348139781910265,0.012463618742826366,0.019375245560636314,0.01179449264123818,0.01740133558940824,0.008271135972065954,-0.08792950771006347,-0.00439865363362269,-0.006280290673774617,0.006502783318718789,0.011865079649496242,-0.003920331550794585,0.004372449987681907,-0.02809717270890689,0.012187834316519467,0.014255817120551231,-0.009666583603199521,-0.0005878891986294708,0.00044992795365410813,-0.031174824629283854,0.016157003659518887,0.009893714305796844,0.002307969315849546,0.013407595930869735,-0.016945349590437465,0.0006324072881130447,0.0019643194020318717,-0.0007072263694844326,0.0,-0.0003969667338892871,-0.0192405945994405,0.012858217737806595,0.004398836111787729,0.013026678768763733,-0.0590113575168274,0.0015116101117127083,-0.008166229957007335,-0.06258105839184135,0.02315577577626673,-0.013233561134356451,-0.0004580302169399989,-0.0009172067843817156,0.0,-0.0794557334323219,0.007262120955782592,0.0004511513405638485,0.0004248094428898465,0.0,0.008559004965800957,-0.1538221249561895
593,0.10170505205028006,-0.017136099564199998,0.04420269200503802,0.7173266105241157,0.0011544968322884377,0.06213601497745644,0.004022084341930781,0.003895483849611061,0.7375355939675501,-0.008690580566429457,-0.002372903882586284,-0.00020686143557199793,0.01224930865512735,0.03451309001144982,-0.009911243675571255,0.004806293019125603,-0.008066868162929215,-0.009290564115771532,-0.004572637246313476,0.0012166440105150088,0.013196401840597676,-0.004274794811489378,-0.023930296155759003,-0.017862204233600777,0.0031119771925942653,0.00037992867101835744,-0.0022681304035262993,-0.0009011875413403573,8.493978194578031e-05,-0.02788193437452826,-0.17609077887188446,-0.010042984788396467,0.0014953477937168958,0.006550627118396029,-0.008748619796344764,0.0008558631570625006,-0.07211694921876029,-0.001194748724706414,0.0,-0.00043236993196201016,-0.009145763527121384,0.007444461209930259,0.0012337164404684908,0.011963271698401851,-0.010426166643689021,0.021236108701457056,-0.003055908682037444,0.02107337227969825,0.08194625288419176,-0.04270900625418753,-0.00044395463334730666,-0.0008339035152236216,0.0,0.0836920329655048,0.003335095655707059,2.4768857842302195e-05,-0.0002439137855006339,0.0,-0.0006583533394654502,0.19852375158063723
632,0.07072372447813297,0.09192647689150235,-0.06266372324487628,0.6505424601302939,0.0014401564574277154,-0.05413329682363196,0.01006854558636772,0.005443125142041449,0.42548899553398856,-0.007745930470596397,0.00048604807729019653,-0.0002939449425106239,0.010744419221190711,0.024093819033972234,0.002426478396334863,0.005839609401303578,-0.011051579685037146,-0.009367700037657193,-0.003999352551319353,0.0007553728485529918,-0.08340408929601836,-0.004186975265372796,-0.03726744288124679,-0.017691721043005263,0.0053322222211155046,0.0004981357768878209,-0.004764915168255839,-0.001230282658036699,-0.0006149950864972904,-0.019379021419371596,0.020629249879459,-0.016789722000732286,0.001822146974036959,0.004706923236899099,-0.010539152162404128,0.00014270564130950832,0.0011585027400709696,-0.0011040116688887588,0.0,-0.000464703415377671,-0.009670482714863657,0.007922574069430607,0.0013939254308612803,0.0071798762510057335,-0.007092445484380388,-0.005049978772126333,-0.00877194215211814,-0.0008230069373459337,0.0017300247095888696,0.01957762435653568,-0.00042682149262439947,-0.0008335561150352959,0.0,0.11215779234750435,0.014970572974934917,-3.368652957027544e-05,5.750259631789073e-05,0.0,-0.0006752724713688127,0.21672788089724185
3197,-0.048638046888601655,0.07331013393964987,-0.011324107553399809,-0.3388680709346073,0.00054212566523246,-0.09026806998127608,0.020368344514676177,0.012086456647297539,-0.5513292743039899,-0.03280219568965106,0.0014120481130410693,-0.0011136119186415802,0.008595922539432577,-0.02271775593919907,-0.017626320602718584,-0.0117274600540594,0.0007902831571834298,-0.002238292739147012,-0.005139821333971387,0.004215026017821054,0.01868430042387316,-0.004165367730478054,0.002907721453472702,-0.026649810276625056,0.012154704477864086,-0.0017806304247343849,-0.0042072642937654335,-0.0007444089595801787,0.00013709988137757345,-0.027266076803033723,0.028371693545109655,0.0032112408189882546,0.0020659919081816923,0.007125402045491108,0.014834235453274027,-0.021694912638963094,0.002042069834585886,-0.0009082259310178384,0.0,-0.0005731380909902908,-0.023605747757364032,0.012111123557156279,0.0040465533348329,0.01633663767736272,0.04993367662715981,-0.05639460718668766,-0.005731081032534096,0.05995692249482432,-0.1519817510244579,-0.051051053069735244,-0.00037074419704077513,-0.0009730606016747364,0.0,0.20506312766365092,0.0568242811410074,0.00046562913841234003,0.00042253562356321184,0.0,0.00935403456686651,-0.22761692110464582
483,0.03908224924201069,0.15673989284610143,-0.460244604116352,0.8089245589577388,0.00037571725068127453,0.025723330796732235,-0.030353212073569703,0.00452025536726477,-1.1184385924195166,-0.009360337495630386,0.003291952314783219,-0.00025764354037373187,0.012718616268961473,-0.0046841372422633636,-0.0009864016227018643,0.005885301723873979,0.0008057864544154361,-0.014187988839512333,-0.0035548669269839287,-7.303033827917888e-05,-0.07206968643014014,-0.00440675757700683,-0.02444485322644626,-0.025189986481481286,0.007989547168249874,-0.0017230954390876955,-0.006853192951413934,-0.0016810614376519383,7.588963105375449e-05,-0.034038899012214865,0.03853575110415913,0.010218931252799476,0.0014664828054721667,0.005283835164013097,0.003344367267733032,-0.0005876836645131141,0.00179331139732525,-0.0006611276991566462,0.0,-0.0004572554186246015,-0.019841318574300257,0.010347830749064944,0.001462507868264675,0.007713662363896292,-0.00891156957999766,-0.12068814164258997,0.15972556961246703,0.07608675069817916,-0.05506112956166043,-0.04238796498557002,-0.00041975968263509365,-0.0007643595874100684,0.0,-0.1398949514171392,-0.16587785941806285,-2.3252202375991887e-05,0.0006261337456477523,0.0,-0.0003845456498312172,0.29140895803716393
2221,0.1385989013823652,-0.2663372913009958,-0.19857911646956014,-0.29280724997200724,-0.00011556043383943525,-0.04388252565469986,0.016182563249779635,0.007458747835308315,-0.36360556766538205,-0.04414960911916508,0.0036320407673510226,-0.0015219056878104547,-0.03709782005240501,-0.0837193515856378,0.008952667623252027,0.005339584033210403,0.0035483115893566743,-0.003123802547910268,-0.00543468211726393,-0.004384545778085813,0.030155371827599746,-0.005797737427145258,-0.04058365464286865,-0.036758522331769,0.006846667592912577,0.041377370126608214,-0.0073411600562818076,-0.0011445206536935017,7.588963105375449e-05,-0.020607721879792963,0.05232276782165206,0.016398326018829807,0.0011886076829432592,0.003813935647155568,0.006161092635955539,0.0037454138447837455,0.0018977353669645458,-0.0010910082479948762,0.0,-0.0006062564153194518,-0.01351595237191364,0.016209861796491504,0.0013719240366098075,0.014320468144341136,-0.10222703177990702,-0.037775599858799025,-0.013613993545286833,0.1320039751609701,0.014232030464006853,-0.032849460031804834,-0.0004248151307358708,-0.0008174909955632767,0.0,-0.15963229612753035,-0.29168356454927663,-2.74928139042348e-05,0.00010588631028144089,0.0,-0.0026923543148485943,-0.26896584697187
2372,0.1243376735527235,0.07351268911889328,-0.000545453132563233,-0.3374651218344168,-0.017085537533663105,0.08785103586880143,-0.007022601766397832,0.006493060239290516,0.4450449912295988,-0.014890497225399053,-0.0006670415069552976,-0.000824899683976467,0.007238608375245633,-0.05723121058526904,-0.007381260086514955,0.004939254616507002,0.001760609471460277,-0.0025256817993656927,-0.003874698653434228,0.002570136348505596,0.015216955257170806,-0.004219289628269066,-0.010061334163042678,-0.01221830726559434,0.002916447928099441,-7.299029160700351e-05,0.004030487082711991,-0.0005181854072406348,6.529309921392332e-05,-0.019016774819334416,0.030280193232393768,0.0034905153744574273,0.0009957236552158412,0.00978502753231936,0.0031880207339150565,-0.013187470102226323,0.002170527227029306,-0.0010739581998586867,0.0,-0.00048476098747608694,-0.007068506375968661,0.019491624856718747,0.001390038501765555,0.02004796067561027,0.0020405054577890534,0.038517384537729654,-0.007167008269966628,-0.055576623185329264,0.005688670645405016,-0.04264102093244481,-0.0004266983205284553,-0.0008141871227702439,0.0,0.12186943645368771,0.006955966916037753,-2.4173338396768805e-05,3.641009713381273e-05,0.0,-0.0009787139478749651,-0.18979309938054534
1158,0.10499383049864475,-0.0063515335584293856,-0.0027401588170700435,0.24076350415712008,0.0008992276958883853,0.10553819271711859,0.0198036135331666,0.005357940947284594,0.3999353524432411,-0.008690507644460891,0.001059554515726152,0.002010190641059955,0.017718443128664028,0.03135406998329333,0.009642355766396344,0.014448637807891108,0.007282405215632947,-0.004661286221498066,-0.003315090854353128,0.0008063859563958727,0.022424274262450236,-0.004196155548440163,-0.014965508879708178,-0.010338934778866903,0.004940907759881545,0.024264451717470048,-0.0031665436466263297,-0.0013678623018142338,7.588963105375449e-05,-0.0355257992871261,0.03461061753683582,0.007111094969243926,-0.03586253292458548,0.006696478390601714,0.002469156051686322,0.001440746695935882,0.0017893140400209694,-0.001031335596130754,0.0,-0.0005820915938041747,-0.007447282767019315,0.01614327053307428,-0.03437102213158177,0.009257814772210228,0.0006357362998912722,0.03321445928055633,-0.006830274283253101,0.04714997438426534,-0.003901408165638928,-0.04705659751072418,-0.00042192161573040336,-0.0008110074925078333,0.0,-0.04150741872012651,0.011483054503325875,-2.4173338396768805e-05,-0.0005791332888862479,0.0,-0.00044211844764370154,0.07568950380930804
1065,0.09802934767277074,-0.028973060089291274,-0.15465266582626203,0.4321538910488116,-0.017186636426487763,0.12176457744032719,0.07950507471436255,0.005604783078554288,-0.19667605236561111,0.016315397376796447,0.000909825819044305,0.004663456513646317,0.020741303551289735,0.022018775683029613,0.013763974034331076,0.006865144570246191,0.006821678319813584,0.018687701793161322,-0.004294142916980475,-0.0012006581906810426,0.017203736594740584,-0.0042962045355195,-0.018566473112899523,-0.016439106876709467,0.008556503818502065,0.025948054220377256,-0.0033161721432068167,-0.000748947251942942,6.529309921392332e-05,-0.046569192810490344,0.03286210757721408,0.005717520215420668,-0.024560551284518548,0.007403124349669305,-0.009115470310691478,-0.0005128237821298334,0.0016245959586814154,-0.000757831213652979,0.0,-0.0007151209542861603,-0.01117865544882705,0.013273663622792578,0.0013034473855434957,0.020686653840272115,0.018217201086867207,0.032462819337846796,-0.0055456561013479235,0.04388571434835523,-0.012127403817886705,-0.06850736443464835,-0.0003898417082752116,-0.0007825998160082374,0.0,-0.050974967919363234,0.021930962244729835,0.0001623039073359103,-0.0005791332888862479,0.0,-0.0006386349407654179,0.1652674789316683
2689,-0.1321259644394174,0.23223268685112497,0.013899993342235505,-0.6384844713812351,-0.0005923240426525016,-0.14136724843381276,0.015354933072098781,0.009771081955033466,-0.30605875485418776,-0.017350178042104522,0.0015895768506192993,-0.0007840028687969075,0.013098587054699094,0.043326395421422616,-0.011807608088373802,0.011276514068375315,0.0024002049378608224,-0.0033202404789320137,-0.005629855494022199,0.01147447443734877,0.02213242375497504,-0.005972166133813907,-0.01780917240370549,-0.033663253462172145,0.008461648991290628,0.07126042968575678,-0.0007575556739749157,-0.0015009944013591482,5.8809856217358636e-05,-0.033710562842194536,0.044966905587280316,0.01022473286559965,-0.06581635999364616,0.005632050882764235,0.0036330197216267023,0.003910566771163377,0.0012608700792975532,-0.00114713587204039,0.0,-0.0005532374037601415,-0.012961789804290715,0.01450790864693599,0.005144763440055709,0.017760278462498353,-0.036454635612947546,-0.14818731691180775,-0.016719668867320608,-0.06925569757239916,-0.00919440244005844,-0.00826406760793859,-0.0003421968485335727,-0.0009345051674726527,0.0,-0.14087754097304075,-0.625761730270625,-3.055040255349412e-05,-7.903949282330838e-05,0.0,-0.00044707889412458275,-0.27201512352197926
558,0.15170187772491936,0.032412817284560025,-0.11826368561231033,0.7633023168408807,0.0008222180028731722,0.042570649665463034,-0.17383916673846123,0.004968607302812992,-0.18308708573483073,0.012326216174706271,3.557724079461229e-05,-0.002224408695148959,-0.08616388434278846,0.022835805302202333,-0.001900272183554974,0.01089337028943232,-0.009897171046398362,-0.014235507638638999,-0.003693827701791357,0.0027661083594642585,-0.08695301102236086,-0.0042992009850613905,0.03350043355939347,-0.02330912868059012,0.006840890642450713,4.202012477649227e-05,0.03671782993703428,-0.0006192001293197789,0.0009151013955987208,0.013960067612384233,0.024598072849161903,-0.020420015249441377,0.0006202794445729152,0.0031818367531193438,-0.018698531160051126,0.002068919065263559,0.0017722284356370464,-0.001005107563756595,0.0,-0.00036343345639737066,-0.014144552736608307,0.007646896356653618,0.0013520611999184259,0.012506953967570275,-0.01582001331268379,-0.34281186461639357,-0.009574307117434913,-0.01966456284665416,-0.014532252050124825,0.08714149658112737,-0.000474728910477273,-0.0008655611956648428,0.0,-0.1084171096878274,0.016684517183568965,-0.0003475130506943205,0.00029440892722138584,0.0,-0.0015565906947062715,0.29857055826906614
246,0.13427235874052568,0.08112958734349421,-0.10798119474828799,0.8374945944847401,0.002313515032034455,0.019517634283014822,0.03183711403266166,0.004870061480814058,0.36711102348629737,-0.006782178188730249,0.0007747077678509728,0.001249430924342715,0.02031206740632136,0.03175680000034372,-0.001135934397562559,0.0038797210377714765,0.0015732835957889626,-0.014408128877083206,-0.0025062346770206322,-0.000235347523145431,0.01719788853550152,-0.003763527118905141,-0.035814805942253704,-0.01348506763898417,0.004666747831129685,0.0002943539896468942,-0.0036694716858353053,-0.0006402123237513407,7.588963105375449e-05,0.09467659541563696,0.01893452037895601,0.004002174706249501,0.0014486487651178032,0.004944521108892855,0.0017045068724856859,-0.0026562464128747627,0.0007364323004855081,-0.0010950600729966215,0.0,-0.0003361282386627204,-0.006886833034743672,0.00711284352224717,0.0013485994680206082,0.0072330587770775235,-0.02829343133542224,-0.015324728031275003,-0.004661445293552832,-0.05867546307214383,0.0684273046578295,-0.005771886594828962,-0.00017577830056648638,-0.0003635271005882392,0.0,0.09348566297430731,0.008489244177628696,-5.130780354775138e-05,-0.000981270786613382,0.0,-0.00038405656604165086,0.43879463364452714
407,0.11450476201699239,0.08698138086994248,-0.037669764084492637,0.7683977463092897,0.0023894585461831206,0.23939436907240386,0.00405297166683262,0.005337673993087702,0.10930948651030852,-0.006137848157354507,0.0008615982157676547,-0.0006007998035985085,0.019022534083908516,0.03326185472078816,0.006280281438530985,0.01075500592831811,-0.007686153739347096,-0.009460362800462844,-0.00531245429613308,0.0001413468010196853,0.014106110355740855,-0.0036704263717120093,0.016896482761990468,-0.013879641544140947,-0.09150249178209792,0.0005687939499740458,-0.0008258333650471596,-0.0007811665355630682,6.633140216599224e-05,-0.023549412916493904,0.014958942012366918,-0.004690580184141168,0.001425210626851774,0.00558647285128954,-0.0049459182166467705,0.000430572189559281,-0.09234424708680847,-0.0008556312640934672,0.0,-0.00029883797310622693,-0.00684556233881797,0.008197890091314337,0.001388198530744004,0.008937926674777693,0.002304258513423423,-0.024036805311976855,-0.0023559412386790993,-0.05036560517546923,0.07649774083006748,0.030634954078715793,-0.0004256085603994566,-0.0008874208735311947,0.0,0.10654107509288337,0.012303255290047747,-8.527611485107073e-05,0.0001794114497912525,0.0,-0.0004903706937132912,0.3362444461451419
2778,0.0527522869710292,0.06446692760632136,-0.05309421157604934,-0.32124357179322593,-4.517586851052915e-05,0.09645874826044089,0.02294204847263317,0.010202569402209196,-0.06337791297641043,0.03496068813060713,0.001663238450197499,0.003240952570683376,0.012698874461861931,0.0322539694973103,0.03855802354293027,0.002022872814446333,0.002544155067938365,-0.0022216366290036087,-0.0029310477694158123,-0.008050932625913084,0.03228939284543974,-0.004323396906342364,-0.012749925635092585,-0.025656517531378327,0.004718621083049606,-0.0019802180088663375,0.006535358872554582,-0.0014558451462803569,9.286709089435242e-05,0.08135629677932198,0.03496684923204446,0.004966170598302721,0.0015157376077527842,0.007492083152828758,0.00217557366163442,0.0038347977509781716,0.002005894380721136,-0.0010997261917762183,0.0,-0.000599073678636178,-0.008010385597421408,0.01475579056141463,0.0013909347980755194,0.02058946745596131,-0.03882739088192738,0.005897153429222875,-0.00898689926609504,0.0879237399009734,-0.11185828603620349,0.18583603101285037,-0.00015370882323510385,-0.00035404122838851555,0.0,-0.06900022236515849,0.024890307248768458,-4.604969825369443e-05,5.41565759318948e-05,0.0,-0.00054853382297502,-0.2350664783087798
1851,0.13733600686998193,0.12013364550071638,-0.07926339241306657,-0.0617217846534657,0.0023917708009530223,0.1606112223717773,0.025260812212682462,0.005796196202884401,0.09460809286486042,-0.008163305147469309,-0.0009516329398417437,-0.0009528928911463674,0.014095822512377154,0.03590199695383986,0.00148791530556249,0.00846470917843138,0.0017620859374541582,-0.0024293947066114084,-0.002867731354042589,-0.000153415754349865,0.01994790194158577,-0.003812872945217626,-0.023491532078166462,-0.01552722082394305,0.0063395828811826154,0.0005336714544784671,-0.001219201422512353,-0.0008850940798412367,7.588963105375449e-05,0.09849267447456722,0.03293483178558862,0.005849047089740259,0.0015480686858557323,0.006646278894530502,-0.0004039917955841782,-0.0003597088037644158,0.001507696553618868,-0.001000500682806686,0.0,-0.0004361923224746896,-0.005995890243810215,0.015236197143418244,0.0013620718248445033,0.013714763759699143,0.03478552652738786,-0.04490671875132024,-0.0037222342237021528,0.08610883297805122,0.009254436942598736,0.057040665781653475,-0.00018633833684660815,-0.00037016916459922005,0.0,0.13701731644492024,0.016627319053660484,-5.023596854496267e-05,-0.001610236581537376,0.0,-0.00032292378680681954,0.06786497814792598
389,0.14692102768322587,-0.00621754148071537,0.006975052676184139,0.7503694260320889,0.0008579006465374014,-0.13091093902795595,0.011512573623205445,0.004979742892892351,0.22923200977859365,-0.009281427734901024,0.0008482181739597418,0.0017402501461344108,0.007943489569385858,0.019295973048384842,0.00878504382316559,-0.014608592755749491,-0.008894426099561769,-0.009410215675157143,-0.006276211930870837,-6.0306134215497916e-05,0.02072174598691311,-0.0044843655989446575,0.033384372548159985,-0.0164314385383734,0.003940810044931487,4.8709558262898444e-05,-0.0031226693235606724,-0.0005286794819938795,6.767194781022902e-05,-0.022425483084451654,0.01962113008283666,-0.016263435520642924,0.0011414575514220072,0.00554761334617757,-0.0031232538530746087,0.0019994089995546017,0.0023885984140033867,-0.0010732337703577757,0.0,-0.0004849570513516042,-0.00996010081068236,0.006310977517552794,0.0012654956653652876,0.01218865809396731,-0.004266651394319427,0.026420846510182006,-0.009125857429712099,0.022270360851782942,0.08688130967458402,0.00039203630589603063,-0.000380439984074781,-0.0007821433653951746,0.0,0.15323036132571613,-0.14163189173414922,-0.00023342749853598127,0.00012458346896899523,0.0,-0.003000196382675757,0.3631999792391778
2698,-0.19394080317790854,-0.008413768305432464,-0.024600703665532544,-0.45913599430133767,-0.00017146525052369626,-0.09969153542749014,-0.020024220796594674,0.011674153534882537,-0.08026866655962334,0.0703378106693849,0.012092872265131768,0.008966801549538201,0.010825985526874698,0.021350726385294394,0.0173982951438162,0.008114910365136277,-0.012620639434934607,0.007974117807422755,-0.005250167253655901,0.00385347832069137,0.01543759517162015,-0.005076242999524318,0.040317369842195576,-0.025769770948455388,0.0033047367086487056,-0.001783051735284708,-0.004470087671233166,-0.001312589300408581,6.66310926805876e-05,0.004206804317472507,0.022870284530100166,-0.03842266594645967,0.002343736381014473,0.010483563694198937,-0.010404412318575525,0.0069601506252985525,0.0028924800631668817,0.04356683321134806,0.0,-0.0005260508573855103,-0.008716462395070226,0.014525277232394627,0.004112198961991218,0.02508577931614323,-0.011043254382513603,0.04768674567008642,0.22946690608633613,-0.07805016265679157,-0.00888658686880408,0.20981910015076188,-0.0003245419596788767,-0.0006839585954546675,0.0,-0.09083967009813383,0.07051283152701074,9.094093139844922e-05,7.285373461944912e-05,0.0,-0.0006574515808151283,-0.2361564226858886
2794,0.09921445741763943,0.05944104448377392,0.012078760809186162,-0.39234367149395166,0.0007555365458206639,0.31725287552713455,0.0013570802290017,0.010638974377207823,0.1024189011307499,-0.012638599812501216,-0.0025881122544974544,-0.000599545858269719,0.013362388450170345,0.0327286099132894,-0.03964124888205364,0.02146377371571719,0.0072660666580550565,-0.0027685547713429555,-0.006399928736683625,-0.002096817295072124,0.014787170428243622,-0.0042411806755509995,0.001759990352217414,-0.021157216456806682,-0.08796439557217164,-0.0008756509659814986,-0.03498106698775585,-0.0007804054556065146,0.000467007728490504,-0.026864615781549587,-0.17305566168188852,0.00930227460793198,0.002221328651087984,0.010899441554517405,-0.010241028066782414,0.001643747229742349,0.0024225714351592377,-0.0010469475351292258,0.0,-0.0005409374352811292,-0.007673981178870786,0.018748825390333814,0.0013377183965503213,0.017836907757845213,-0.030213004211352222,0.013653611413845676,-0.005232491406743113,0.06410441238501714,-0.03700163975262328,-0.05306043322206925,-0.0003511351196480954,-0.0008524264801342257,0.0,-0.05888495073138037,0.028133984323709903,-0.00036767041222819424,4.6739189884089315e-05,0.0,-0.003101009552904626,-0.26726474248707793
3414,-0.23510487541746064,-0.059111583978915576,-0.08133406001925712,-0.6418691283074631,-0.0010491990562372321,0.1326517570706182,-0.02166128781686991,0.011303056763730607,0.15023703993845663,-0.014894784842588011,0.004408457255836713,-0.00035042123353370584,0.008129104903400696,-0.027815935113884013,-0.01931949815725748,0.00636963176972658,0.010950694710609972,-0.0008638699371100657,-0.0034802061951735427,-0.002102608350297149,0.005610006925255261,-0.004518580500714704,-0.0576959656060579,-0.01394121895212604,0.007437844489681154,-0.0009121701437009654,-0.010760707021873168,-0.001089303627589441,-0.0013219734777374008,-0.01174769008564212,0.021029656492471044,0.005279607622068841,0.003122648302242208,0.010044408892950378,-0.010224870717069762,0.0028569484600334256,0.0026807500290191425,-0.0006783752675349886,0.0,-0.0005710519470864454,-0.01679356214139212,0.012865398375259544,0.004506596153259535,0.012967264732945547,-0.03575409696337078,0.02693250912322922,-0.010709634446770547,0.0693846283301198,-0.044367287758772994,0.04263780196932526,-0.0004482013158060373,-0.0011127454429810059,0.0,0.19654360126351533,0.025193487043663424,-0.00015574958496310007,4.23044786957464e-05,0.0,0.002617528727844281,-0.3620912317293807
3806,-1.0680184910441983,0.07818239275031502,-0.19112669737160362,-0.7960639019189721,-0.001289900030298826,-0.4027052561038747,-0.08028503509106157,-0.19288874034981274,-4.53633756314948,-0.008722179782585007,0.0006267011636465905,-0.000278652178905614,0.011823171322125074,-0.2034480266778514,-0.039273865819541336,-0.01960622743250281,0.0033245550334195374,-0.002852956806341475,-0.0019767259531605743,0.013326445697724178,0.015262379105930129,-0.001411686520709792,-0.0097693938813731,-0.008820430365765745,0.0028596699494547856,-0.00023025700624225098,-0.024236541360729356,-0.00034313478525430194,5.346021728484488e-05,-0.02149172725846307,0.01632701239190419,0.0047488471471092315,0.002244855700477967,0.001792862667045799,0.0083367714067589,-0.02303471293892889,0.0007823145747369785,-0.0002928896001140357,0.0,-0.00017749660079466277,-0.051567882183536674,0.006794229549943276,0.002812673286256566,0.006333127428883774,0.015250125311277542,-0.010388495594526155,-0.006569803767607028,-0.05376432758304612,-0.008987964574511108,-0.07137356115207871,-0.00018956055980061436,-0.00044556009523240086,0.0,-0.07965118725396356,-0.02724538340929863,0.0003488262934208733,3.9265632527722255e-05,0.0,0.008107101669023455,-0.4298047978450198
534,0.08987301710979717,0.03592933233513026,0.015608564981950616,0.7387171492889865,0.0011851701635975963,-0.02943081994434952,-0.022054076500053435,0.00515625865670299,0.4524988052770041,-0.0077071244419791764,0.0010454675561833236,-0.00043672488004262925,0.01024066143558969,0.029088982792431307,-0.006333959130482586,0.007305128252670951,0.00278782874657124,-0.01362839541077781,-0.0035256379457202763,-0.001776760809921229,0.01726598531325255,-0.003977694383221003,-0.04143716416042031,-0.017146752926614932,0.003601347679125503,-0.00010662421108270348,-0.004860429447314633,-0.0010762330158032446,0.00011636825635642834,0.09552452305119448,0.022871715924220156,0.009370847888979902,0.0011445159632638838,0.005779731477031405,0.0034903777822630523,0.000604550243170532,0.0014852880371141004,-0.0010912172412714059,0.0,-0.00040988896531177584,-0.009451112350358861,0.00777345083657991,0.001350870462708075,0.006518262416587748,0.0068103269049599605,0.017979393664344676,-0.007440553848760575,0.005279021540913903,-0.0005159341891800201,0.046591858487648304,-0.00018658262890523306,-0.0003675102353893032,0.0,-0.06034589491004426,0.014510332683120951,3.0642100816309154e-05,5.750259631789073e-05,0.0,-0.000859187754929535,0.2696971635088527
2848,-0.3343005976093526,0.009239032627551732,0.07381737887138577,-0.4933986658065802,-0.000739518971118274,-0.09294424860160275,-0.020226093841772853,0.008046399124820225,0.019823232814695817,-0.030044452182375753,-0.0010635982240404958,-0.0004931801137857768,0.008227429336637745,-0.055039128270254305,-0.02300560130315031,0.009026228674688372,0.0038297594500574677,-0.0017067426628953756,-0.007435611056507214,0.01254475073920364,0.014067620812303033,-0.00457559451164594,-0.04319765823480827,-0.016952400914157572,0.0029775641839132117,0.0001452712747149751,-0.007993880826452875,-0.0009650117838605901,0.000165333687121821,-0.03166239534450091,0.027761358928206255,0.007071510274737747,0.002414134171333325,0.008047974645877672,0.0030351143642300587,0.0018719024669504654,0.002535623971923163,-0.0010586610600315772,0.0,-0.0004886114189895063,-0.010273707573510689,0.014247893912579275,0.0039303456125988545,-0.4082407019123536,-0.1418019417903829,0.03423855852974951,-0.016882321418303158,0.03706003723984491,-0.019277933560416596,-0.06416957078805766,-0.0003452130020490937,-0.0008250957414216522,0.0,-0.09766239258109918,0.0014257162515514514,2.9312164602304348e-05,4.410880769838943e-05,0.0,-0.0012090677315998088,-0.329641678709159
2451,0.06441972188216528,-0.01078843873771052,0.07326011272701674,-0.32888082409423064,0.0006005874437713571,-0.06467908097001644,-0.017390102562676285,0.01090720101653687,-0.0761145389126803,0.03378583683316139,0.0012026466712463178,-0.0005130133430458371,0.008096346510462208,-0.058134160195278284,-0.006889721348368253,-0.00247159449153672,0.003911549215191739,-0.0016811704370728587,-0.0052571987627376745,-0.004675628761282802,0.02430208299361239,-0.004584833878824253,0.04550465518460784,0.2740974005278812,0.0011525989310865357,0.00018201326142998605,-0.009686524647996792,-0.0008570252193201622,0.00011636825635642834,-0.009527665177445065,0.02447319850735566,0.0025375166375883823,0.0021189406844653153,0.007560294550349583,-0.015504930656140375,0.004325087477797099,0.0024682430336723645,-0.0006714098653818402,0.0,-0.0005945147390899169,0.09273306194918128,0.014800401710132326,0.0062429813706169,0.01977805589902597,-0.016034944853854823,0.03864915198474718,-0.012408474114034727,0.03129277584890108,0.058032364473887856,-0.03443824024963736,-0.00040353591039314575,-0.0008259165792081943,0.0,0.13547798923336876,0.06215958408919295,0.0003543637519595629,3.03617799554954e-05,0.0,-0.0017625082853205863,-0.23412931043584406
928,0.08687749147688861,-0.00838323810185533,0.029127414736288198,0.5393588076109417,0.001068837052702157,0.03435255784965138,-0.008354792392274112,0.006658610207842673,0.0686651112939278,-0.00856147175033826,0.0010575713287692995,-0.0006583888683645186,0.012592398129926189,-0.05587396148104571,-0.005459092472449789,-0.0016182169441974897,0.00213063987648551,-0.0035035089828298416,-0.006104488617966566,-0.00012423461570288346,0.01883664279692466,-0.004175323129060033,0.02789239347492559,0.1478825628133197,-0.0356137471261408,0.00012357187035708377,-0.0007991620050218238,-0.0008991646851160632,0.00011636825635642834,-0.017684600101299013,0.02302560594653095,0.005460363848149964,0.001103772130416602,0.006809493302508417,-0.011433299901693825,0.0009990427059542218,0.0024897930328638255,-0.0011099455752895486,0.0,-0.0005233066571756923,-0.009563476251094062,0.012111742035273838,0.006012998741243314,0.00975592839762599,0.009047804324792744,0.021242703723912626,-0.007008837708732236,-0.005885773208207105,0.076642022161242,0.0487448066531158,-0.00042638353080576605,-0.000829989985760222,0.0,0.10454951490650781,0.011808097469423134,1.4629972023805448e-05,5.750259631789073e-05,0.0,-0.0006936833591039075,0.1899312850382675
1185,0.1648383951413995,-0.07734955909790854,0.002003503630320929,0.33883597528106607,0.0019688491660729366,0.3968290616821072,-0.00538283595258023,0.006499122631031858,-0.21337254976485792,0.027910494511159567,0.0006624688145377162,-0.0028624380004662877,0.014657126729312887,-0.033326977965395764,-0.012254538652696328,0.01746476797552092,-0.009577946925615059,0.004909317553505073,-0.0059576343322680775,-0.003811313477861877,0.015484660507127457,-0.0038330682536325627,0.019226083797942734,-0.019463344069966644,0.013880882722862678,-0.0016505648506162304,0.00035368824549313337,-0.0005486344233332412,0.00011636825635642834,-0.013550130722223596,0.03811483318846646,-0.015024529775154673,0.0007797797468540861,0.008796045318415463,-0.00959325064431821,0.00242700295048185,0.002483281484352803,-0.0009747002216750137,0.0,-0.0004960453521813379,-0.011537541130813211,0.01173853787568209,0.0013104969894964132,0.009517953852391108,-0.02977344474037231,0.02090622077559028,-0.004396128820622679,0.04489375085757194,-0.27208415639476075,0.09085670505992034,-0.00033281020372884386,-0.0008730168612904324,0.0,0.1254078739842499,0.004754297116519128,-4.733775565370694e-05,0.00010588631028144089,0.0,-0.0011509902936429996,0.11456973648191716
2158,0.07467339359683922,-0.03007395148255341,0.2139703825846267,-0.23474553679355842,-0.00010294020743972736,-0.06102556058175236,-0.014310696747934363,0.004448764580241589,-0.16062019552976708,0.06363610513037618,0.0008972817001180835,0.00010949520711901888,-0.0436760238694107,-0.09071541665485944,-0.005397124728365443,-0.0026357776100963473,-0.021997979628590264,0.000883708914725062,-0.005979887216243644,0.002467773818139511,0.022462516030883627,-0.005220487854719064,0.055597734781957356,-0.03188840852534477,-0.03808216721758344,0.00032649278909008955,0.10577952708078546,-0.0007976004053878473,0.00011636825635642834,-0.011440528493082976,-0.29126745642408897,-0.0050035781141996504,0.0012996710978859108,0.007453646918715521,-0.04305346858285274,0.0015090506627092222,0.0024012760719029124,-0.0012700334495369548,0.0,-0.0004549460206224475,-0.013028799901523242,0.013795069112218786,0.0013924897146420495,0.012755376124539055,-0.0028641444939863474,0.006368012301395378,-0.010132790703265254,0.02504049711712807,-0.030209685634096636,-0.02933362995810342,-0.00043957110679420524,-0.000849154647156807,0.0,-0.07575307416270179,0.05628245654465143,0.0008573841679760421,4.4596177199742785e-05,0.0,-0.003790636238758197,0.044265457515849094
1708,0.12080150165780829,-0.010243152649154324,-0.014071380655026715,0.1284311335748739,0.0022006483591143337,0.0881927288991905,0.02958682198142166,0.006197909024817056,0.6826025219716828,-0.008150152930871351,0.0008808309870810026,0.0016189019008631509,0.0153182029668325,0.035195798732083367,0.007341092065793248,0.00890782651550963,0.0017771347103453766,-0.003461557843157973,-0.0032708061958250834,-0.001763641471561959,0.019134364002039154,-0.004411917392235836,-0.03170734494174666,-0.020314465398128503,0.002734964957007365,-2.6083186681069048e-05,-0.0024258605254757104,-0.0007834908719479254,7.588963105375449e-05,-0.022809318608054796,0.02021326241605319,0.0072825658286249815,0.0010332130063473238,0.006727020167889188,0.0016153185343385857,-0.02043309253824845,0.0010084034730286826,-0.0010899039765669602,0.0,-0.0005489012407059072,-0.007333850803957988,0.01807847365125173,0.001224291743790176,0.010112603903883487,-0.0325695179690623,-0.003956650686969875,-0.007736347868253382,0.007880145485933951,0.012368713716726622,0.04630852857420408,-0.0003884591359803337,-0.0008017905881251328,0.0,-0.04796837426756095,0.021062957686662016,0.0002446737656472035,-0.000314503996187647,0.0,-0.0004283568512333584,0.0702054375361168
2179,0.007596592655249099,0.0362418395998845,-0.028911180234454173,-0.26766744109107965,-0.00022000449185277416,0.025813249984624906,-0.01502574506465932,0.005374758183249099,-0.18637235988700396,0.07777412090895812,0.009366521344237952,-0.0003813495863393161,0.007606933290550648,0.020973637800985587,-0.0493317043709723,0.011046103612943087,0.0007079925706777678,-0.0028347773633619847,-0.00533235905717409,9.745595591886077e-05,0.013974452196450096,-0.004177863946858822,-0.03215894536220816,-0.027597349749670777,0.009515728295484228,-0.0018257681664321924,-0.0016782157667882783,-0.0011765714011839792,7.588963105375449e-05,-0.02436609117533359,0.06025016739571924,0.007475471753776046,0.00118160964043154,0.0042119690176888065,0.0041006091619239255,0.011189430400576766,0.002301123156913661,-0.0010005816878540384,0.0,-0.0005704764206991372,-0.007330675945937447,0.015040245643846074,0.0014332132763948124,-0.1647171847774891,-0.014196254266921218,0.061168390656300003,0.11178505044193485,0.0407475160685126,-0.05290012201334647,-0.02210148306702451,-0.00034535300438880845,-0.0008785380206482556,0.0,-0.10050005198418034,-0.14014847080984547,-1.6923424989631917e-05,0.00010588631028144089,0.0,-0.0006054880175499018,0.03998616667133664
956,0.01593063021860512,0.06466138893161301,-0.3766150175184809,0.4831705129327093,0.0003270508193156223,0.02613348718733641,0.011878977107071958,0.004790466660388142,-1.2534542872730292,-0.010517001414106343,0.005322563780485431,-0.00033983211379015767,0.013937421304270867,0.01609291770736483,0.01622536738414779,0.007245999884745851,0.0007504332146518047,-0.006205323525794901,-0.0036892236881713595,-0.00015690739602622792,0.021700119759524638,-0.004776026599332828,-0.018282936184561133,-0.024947228990078722,0.009187044651029597,-0.0017205510616815185,-0.006538798222247057,-0.001927151486259589,7.588963105375449e-05,-0.04535369035915162,0.043128686610641856,-0.014715471031589775,0.0014192170291006834,0.006201972331031443,0.004365039482977858,-0.0031898694893784125,0.0018501930661601836,-0.0008507842416154873,0.0,-0.0005342117008737097,-0.01576941630933962,0.010095895392807707,0.0014835865722654764,0.009980858615250358,-0.007627711363184797,-0.13347121205204102,0.1449945631928915,0.06153902634071007,0.1889829432317531,-0.06020880647609873,-0.0004175665987697665,-0.0007599965581671108,0.0,-0.10251734074540221,0.025557373953776035,-3.30045782306877e-05,-0.006167877041330307,0.0,-0.0007416346876102245,0.16531044627065647
3846,-1.5882633172672953,0.1017321786431988,0.05011913132642172,-1.0127378899395802,-0.012313628429056605,-0.20121491156334184,-0.170581800483456,-0.17897411654555143,-2.0696217482627155,-0.06277444137801519,0.0030413753753314055,-0.0003242849709427178,0.02062213158877651,-0.48876496105596545,-0.2246618429072782,-0.0012083138825746008,0.004852897639115981,-0.003332703054524458,-0.003000581528545737,0.08857066954626214,-0.03681074918514724,-0.001956350288267083,-0.02644289398515417,-0.013694764326281729,0.005783847282369276,-0.00023938574368202503,-0.027206019871758035,-0.0004397086202005675,3.907519198360331e-05,-0.07135658500627465,0.011205291815684026,-0.012084911209923433,0.002271026021465418,0.005445707656265495,-0.007373539681529116,0.0012139041645344818,0.001710921457680648,-0.0003686826684050283,0.0,-0.00031776605593724044,-0.028917412141117836,0.008739253099999048,0.003657722656242876,0.004187957092763597,0.04962454365511618,0.04528040212437993,-0.025422615839786052,-0.09638829821459054,-0.012544646941548141,-0.021115091160919634,-0.0005450569583847226,-0.0010009388350788232,0.0,-0.1990669513706919,0.009998051551382149,0.0002651517565932705,3.840857655195864e-05,0.0,0.005224493176663279,-0.4369915720360627
3566,-0.0001200070540394032,-0.03420797677627055,-0.02473285704703706,-0.8831558039070979,-0.00023208692486893196,-0.1686641823698704,-0.05018254016285592,0.014380666856857523,0.036766823322974776,0.053179669635759305,0.005356946158187355,-0.0007480015690807046,-0.08705882912377182,-0.1283069466442739,0.024816244174045023,0.013995768626456262,0.013234696218820138,-0.0023375249502578183,-0.004172102120105539,-0.016582201596212105,0.013923696028575402,-0.004701571020897329,-0.02686031476376487,-0.033998671694727534,0.011321720131139723,-0.0018083786831484174,-0.02439846300157426,-0.0006861738999134564,0.00044992795365410813,-0.007523726860623966,0.03801689191603861,0.006101497151374612,0.0030332778906458275,0.007383328851408065,0.01642275886970163,0.006266095498741047,0.002554758937658903,-0.0006311337917279086,0.0,-0.0004944420593341423,-0.019219374100142416,0.014811482527032583,0.004840010762420681,0.015203610009130938,0.030757743712030623,-0.021664197462084114,-0.024900739593754283,-0.14110206055578833,0.03299046328526612,-0.027913072411581124,-0.0005036874703734011,-0.0009159722487921542,0.0,-0.13029296723211045,0.05908783753190458,-0.00022383504819438568,5.41565759318948e-05,0.0,0.010379050241047806,-0.11756669756054652
2797,-0.11974096152684255,0.0042516921197992205,0.023838421064393447,-0.4989349179760894,-0.00022547164012812787,0.09224224538254877,0.023387996113721055,0.008615862749414624,0.5460081297873438,-0.01323839738982207,0.0010150024931272318,0.003505928218732226,0.009984035125629932,0.024567041289544754,0.014931597516997457,0.007665695507345608,-0.01806909535844234,-0.0032817861459643553,-0.005673184363334121,0.00048071942670304985,0.014770534915884549,-0.005083814826348272,0.015348810986033933,-0.02620870850100642,0.002734421055764442,0.00023289104884774352,0.003097982447902643,-0.0013442452184592392,0.000467007728490504,-0.017896335258055014,-0.15714498063994986,-0.022211898685911356,0.002150979929444966,0.00959284558535929,-0.021546976758695036,0.001869043329693259,0.0023855423609817957,-0.0010887701846560287,0.0,-0.00047338035836519307,-0.009126661286661173,0.015876812360220403,0.003490603462699836,0.016384150907054404,0.007526328066834247,-0.1078979331178597,-0.011832020010106664,0.03918841175515054,0.015628817429009813,-0.024239672135147345,-0.0003554545036986533,-0.0008037420671825223,0.0,-0.05361216753350549,-0.0021597361137921664,-5.499336739016055e-05,3.265322405544547e-05,0.0,-0.0006857007871567516,-0.23148943002631786
16,0.2134982489117134,0.030890321675026464,-0.013919685206521816,1.1307152978136008,0.0013475359286188875,-0.11660076367715078,0.0012471284558725681,0.004811691351733231,0.9310562682753519,-0.009329831572822645,-0.0010865799142065027,-0.00026411316593756047,0.012481545733005184,0.018085860861116045,-0.015166893504291597,-0.010078455747368013,-0.0058952215449413975,0.020828649948898704,-0.004590865614561529,0.0010022062297325727,0.014068058987945288,-0.0035877791496821895,0.03101627881697442,-0.014563989680420247,0.0010371600058746155,0.0002583425655719028,-0.0035928952251506416,-0.0005947794068274496,6.767194781022902e-05,-0.018785121213992537,-0.12999230957264074,-0.009662041006104996,0.0015527664237351237,0.006159324248541491,-0.0005898874689431814,0.001101214881541725,0.0007381379118231783,0.046608068217870294,0.0,0.022766206027930398,-0.013094904798370725,0.006817266163675139,0.0011535739741403979,0.010544376519206358,-0.0012009807169994814,0.017367227947591303,-0.005416795856207953,0.019799220315696964,-0.09198185301123528,0.09554956113057177,0.016265758462328736,0.051584938356900034,0.0,0.1169082013513597,-0.014544311200423795,-0.0004365443500273199,6.147311282376768e-05,0.0,-0.0007975555300368817,0.6338389451758542
379,0.1665250301452023,-0.18302795886887144,-0.03648570220779809,0.753029936956101,0.0018308752138137194,-0.0888086017997411,-0.03969740784538315,0.006322430783707327,-0.06630358796812359,-0.008998623312155424,0.0013533711545744085,-0.00043145632299460235,-0.059709039156384015,0.04002489930199436,0.00743849495335967,0.001499668910581682,-0.008694756780194907,-0.00932799816689689,-0.005518127638592895,0.010001998427329436,0.023135155195046903,-0.004337561132185275,0.030946539412365616,-0.02444066194083304,0.003136287500623518,7.647038938533328e-05,-0.013301342078909517,-0.0010935764064747664,0.0009555800209013946,0.015307804748775243,-0.2530876849300605,0.010828162467225112,0.0010597773888781745,0.005323294395282247,-0.004168112863067941,0.0009148283130414299,0.002643187334950561,-0.0012337953224879545,0.0,-0.00036618573398357275,0.10177665345400999,0.007706796082998167,0.001329319256709283,0.012803928109796935,0.019926244313863674,0.023812203178186837,-0.007464925828196708,0.0513245695409752,0.09898913185391402,-0.09213457084637491,-0.00042469883437259943,-0.0008010956663527763,0.0,0.16299988129562887,0.030035287171828427,0.0019055550696598104,6.147311282376768e-05,0.0,-0.001297064073471478,0.43009017181718995
1219,0.08241315826364838,0.10900957392722523,-0.5373636138254496,0.2471177949318812,0.001753806255025132,0.33715360209614054,0.00877445117509775,0.006515445585555124,-0.4111257992960217,-0.010350976509351708,0.0009274817399977346,-0.0005126690987289063,0.01878742247074031,-0.047061895452049925,-0.003184990048896738,0.03144180207560028,0.005030355796603149,-0.004102320945494465,-0.004182729597620751,-0.005174276235137951,0.01970223140986356,-0.0043280784303000985,-0.00269000144738714,-0.02025214933314817,0.01141548887825221,0.043015767720808944,-0.0051184677408958905,-0.0005404887643591006,7.588963105375449e-05,-0.024244191408261888,0.03343901570201216,0.006233758514567187,0.0007135099307068024,0.006806182840296267,0.002486602243849488,-0.0033904635397204457,0.0016296956479636747,-0.0007394749409988244,0.0,-0.0004964813489923099,-0.013094408236773282,0.0138701663105045,0.00147052569858423,0.011253401923219178,0.012811167898076634,-0.07206912698476316,-0.0036681535173942155,0.05901674790952796,-0.13308062774159218,-0.06037509227401318,-0.00034149386434888934,-0.000816050288240302,0.0,-0.07115330042721472,0.028450505467512172,0.00023844725341618507,0.0006261337456477523,0.0,-0.0006219107058785114,0.09824705248347432
762,0.12288455055381253,-0.010455836038469737,-0.07131225052765568,0.6368066937225054,0.0012954703928252896,-0.03406407065164635,-0.011174750146155165,0.005659046645726285,-0.03896503069408334,-0.008880986656638348,0.0011085951467815242,-0.0005846009075560322,0.013691784050896383,-0.05485568061622089,-0.00942449215162838,0.003534357167327126,0.0017763269011635626,-0.00929832618865954,-0.004325639677919453,0.00044350819438281503,0.02301346199755615,-0.005051116120851685,-0.04513238891329544,-0.017972345967626518,0.005376346379593783,0.00017439721781564054,-0.007307416531571959,-0.0007789764195312646,7.588963105375449e-05,-0.018102646845561097,0.03497765121066039,0.007803194906774385,0.0012538953792592892,0.0035224331162684963,0.005504025061178194,-0.004451691588692475,0.0022601926004079645,-0.0010853808699952275,0.0,-0.00045758998816919035,-0.011122998091562617,0.011359524791854102,0.0014177993692881096,0.011125159874436465,0.0018244236856802157,0.02462703090516824,-0.008768327334239111,0.005981676852152631,0.10855846039528662,-0.039530049581194784,-0.00042733998102810586,-0.0008197616718062442,0.0,-0.06256567947220308,0.020513615992310153,3.4226081652520486e-05,5.750259631789073e-05,0.0,-0.0007017858705292537,0.27557624038772
2591,0.18523007911509845,-0.08887558881571807,0.019472347362768306,-0.4277939635281418,0.0020114201583246497,0.2885432362505019,0.0012602222088257751,0.011475656873907133,-0.4534175405805144,-0.025045316223665733,-0.008468377210501993,-0.000446916026204473,0.006775635934141967,0.01746859823279854,-0.015656598791870327,0.01712743526848069,0.0030427210828960984,-0.00034059752822260063,-0.002987642877745401,-0.021278731184161532,-0.06165694394593908,-0.0045711866682290655,0.013154450537198176,-0.03346381792661743,0.0011066931806061958,-0.0012529356311388668,-0.004670296788889684,-0.0007209256920089822,5.8809856217358514e-05,-0.02400365075640168,0.023606383894270448,0.004769231384165051,0.001713591446141443,0.00943148886995753,-0.0007437053594225848,0.0012986214309308442,0.0022790317791090866,-0.0006411318871286144,0.0,-0.00041795861810715396,-0.00830005780754797,0.014045474470265237,0.0012514085396809723,0.01668164403581541,0.11621033461269577,-0.4194073860561585,-0.008571836005893996,-0.11026340415389453,-0.024424628819644134,-0.0886581626700305,-0.0005073189676780926,-0.0010197969787049377,0.0,0.34495714959297463,0.047841706091926485,-3.760624051283076e-05,0.00017832894119022965,0.0,0.001361428607011145,-0.26520394346533194
366,0.16258983224832374,-0.023056482602764224,0.03143518081482946,0.7776683986234648,0.0007275306751265168,0.080349148528815,0.023838323130309036,0.006247008903606383,-0.21204664526971476,0.00802689419482983,-0.0023293695606705182,-0.0005897143749524182,0.012249897914820989,0.02612661835037251,-0.00468972824400116,0.007889486992135061,0.001987196718719535,-0.014311922462657249,-0.003908023415409687,0.004804191189829294,0.02181810508180451,-0.0035934792287963934,0.020805377458737777,-0.018788156417584936,0.010950176818163796,-0.0018443546645944607,0.000383814988901951,-0.0006462859794341261,0.00011636825635642834,0.10754207672587866,0.033978464657383224,0.006533852167448794,0.0010296731291143967,0.006512786863183651,0.001840136795368033,0.002620228861757053,0.002138252609228034,-0.001087683365137781,0.0,-0.0004541659741662713,-0.006968169254376662,0.007501753416415907,0.001369345441228944,0.007726787194080464,-0.00863366871663004,0.02212975247820917,-0.0031530410154946694,0.03326919572836499,0.13015473953490947,0.060464017018151434,-0.00018211468232417683,-0.0003628470442496954,0.0,0.15599117028357964,0.017386110014760738,-3.544704013201591e-05,0.00010588631028144089,0.0,-0.000603533186133044,0.3672604649708433
1308,0.09856780041414806,-0.011590865794121575,-0.021038568055745135,0.2539047555170943,0.0006403612375052108,0.008580722695815075,-0.009225887091189848,0.0067949585399895976,0.13130302174860214,-0.00833673566030847,0.0011827537427655376,-0.0006746007605006521,0.008660259860101764,-0.05664236915441106,-0.006092324854123845,0.007666857020069191,-0.0106103318622267,0.006923384191645619,0.08112314662581051,-0.002921443317683921,0.02409314026320845,-0.0047091137600542435,0.020335814896785404,-0.016337326325447942,0.0026017633147160375,5.580437275881265e-05,-0.0019454137402728799,0.03207845850832744,7.588963105375449e-05,-0.013457801940525704,0.04471506358846207,0.01063495388067575,0.00119032917870774,0.007521415003939609,-0.007646142618199261,0.0005044439086955903,0.0024911320094077962,-0.0010877624217403255,0.0,-0.0005422260411542532,-0.011587317944750562,0.019555451876191576,0.0014103943928567319,0.010442040079941617,0.0023619866971788406,0.03925015755718386,-0.00811534865080001,0.053106497497657966,-0.00737206546136255,-0.048563552421148626,-0.0003995278219874117,-0.0007307878055809705,0.0,0.1376395737782326,0.014098831320984896,-2.1650800647150542e-05,0.00010588631028144089,0.0,-0.000920785838109928,0.06471501186310263
1183,0.11223268819796578,-0.0016179358932607902,0.1551063131772974,0.4015911306297638,0.00180090759700746,0.4445995242115113,0.009783225309525257,0.0047150516206870465,-0.13329669000348712,0.02214605961604708,-0.0016982261145385895,-0.0006755120377150624,0.021769236209728954,0.02743362375001397,-0.0052534514029605505,0.03637456814094456,0.0039011280976629114,0.013949859921770572,-0.004542007606373682,-0.005019451644834287,0.014824095399981361,-0.003380194801268018,0.020824641657375412,-0.020844394995360817,0.013196083044130048,-0.0015706679566001632,-0.005908260190959576,-0.0005064571069088598,0.00011636825635642834,-0.024743644337925183,-0.21790538457975206,-0.013026704468184902,0.0010352986995466142,0.006849601743984226,-0.004269207499081341,0.001363274694865516,0.002429364462530739,0.03950805408024374,0.0,-0.00044790875326529943,-0.009722176566858316,-0.33908547164461694,0.0013613587899244683,0.008621593995844078,-0.012807942265159826,0.00989204572119702,-0.003117717536384577,0.013128584345931421,0.15202114721940424,0.09172713177992323,-0.0002824154573686333,-0.0009272815588120632,0.0,-0.060354417164623524,0.04545827147772336,0.00022606549773377543,4.4596177199742785e-05,0.0,-0.0004901533302402887,0.1168906789680491
2785,-0.11958385542260459,-0.00912676110485959,0.150120569861723,-0.34244087183750277,-0.005515135644603277,-0.34184228338705197,-0.02544946976413967,-0.27041610159500823,-0.689696755746503,-0.052145379171452226,0.006794554039240099,-0.0020155494737491924,-0.07095124604196452,-0.08318914109374302,0.002353726652040297,-0.005231377889067837,-0.005254034976586391,-0.002642162118587247,-0.006206315229702083,0.05967906917510354,0.02200308543686049,-0.005386416701376927,-0.043210682759006705,-0.029157627191657844,0.0023445813823784476,-0.0006513699008276657,-0.01554919652177043,-0.000498848971875569,6.203814166027992e-05,-0.02091672821209942,0.03613234152114666,0.004134256457976188,0.0015518641780359651,0.008128209048878678,-0.053402656407837604,0.0055171542035032575,0.0020070190722809213,-0.0010219530154665648,0.0,-0.000496495889224668,-0.019626824458297654,0.011157090783397779,0.003522871123767675,0.028412799592763133,0.11152944589660391,0.0615825488079045,-0.01445162169724669,-0.13702724985732123,0.009350411301649058,0.003099295295219246,-0.0004219304228309877,-0.0008602968495695967,0.0,-0.12342930616649406,0.06186160473969179,6.216808608091939e-05,7.285373461944912e-05,0.0,-0.0017266834327728856,-0.21424047564429238
2462,-0.18380217789835046,0.03407338379026953,0.015392929902001662,-0.5466191612495321,-0.009316033017322565,-0.23722696841194088,-0.04753280069797739,0.009726177271731803,-0.22687469066390933,-0.05079781896182099,0.001613086614617944,-0.00038755670938996973,-0.025566423037514906,-0.13381878947945153,-0.005729748016679073,-0.016250742131792936,0.0021766389922091736,-0.002788269236830624,-0.006590641654195905,0.005645060693122787,0.025359342318822458,-0.004564894434774653,-0.028420222266346846,-0.02351766474818943,0.004301149760826421,-0.001957972000026669,0.0029337468076668463,-0.0006452428934199428,6.146671619582163e-05,-0.0413855858747762,0.034286068634857864,0.009670097726685013,0.0019117516248086078,0.007314457802188011,0.012362611076623401,0.0060877965690751094,0.0023509771596528064,-0.0010788357616592227,0.0,-0.000623843573848864,-0.011017320453725677,0.012835091520116861,0.0041075173584166035,-0.36359033798193796,-0.10944353407065995,0.02405364328858472,-0.018869969010438283,0.11947439985385253,-0.006578065513827334,0.1271482357113696,-0.0003418253742861317,-0.0008201270443648183,0.0,-0.09455434913939079,-0.03314578410561163,3.2196161466743975e-05,7.285373461944912e-05,0.0,-0.001589883192028916,-0.25100388068312834
3199,-0.18587733214921334,-0.05565277896941653,0.13604900965713762,-0.387376426370721,-0.0005629504089741949,0.10100289455214737,0.054230281896016155,0.011280419246464833,-0.03683326227425376,0.026476117337824456,0.0018783499396415125,-0.0005412464215764436,0.00863935493976717,0.016811135424354706,0.014129880243607704,0.024207930232158652,0.009421279429640703,-0.001943876537969402,-0.0030170695905694786,0.006330436984000358,0.017755798939873245,-0.0040183034443385,-0.01400978421934829,-0.02366561284086066,0.010363447174494417,-0.000736412224767708,-0.012572899397469663,-0.0012742043694007141,0.000467007728490504,0.06795817319700713,0.031907215043339474,0.004556487591107695,0.0035030873060127093,0.009457781371673867,0.0034468221938605036,0.003928891370363985,0.0022701381953370474,-0.0010215377152825908,0.0,-0.0005874925643150653,-0.013353142873883837,0.011739278960239642,0.004443648041200674,0.014788823444260338,0.07006679737533496,-0.04443578390088522,-0.006119353312085491,0.0765670996923373,-0.07683308139014554,-0.0381730867648127,-0.00015794716914676926,-0.0003485385805002559,0.0,0.17845299774984177,0.04709038407108252,0.0004437327610942745,0.0005149697232485019,0.0,0.008296223344909917,-0.28849805577666054
1921,-0.12730852160507614,-0.025266630991352002,-0.1749588892929599,-0.4544710712327494,-0.00029463410783203247,-0.12892094075481256,-0.033923360262579055,0.006836418223647971,-0.9911768445959831,-0.08004943241827543,0.0010271637770517797,-0.0007070899427458249,-0.09542861948357315,-0.14543409702682125,0.015485577253291817,0.0020393787477661377,0.003118030552344346,-0.002664584992103034,-0.005373529750379529,0.006323987923619446,-0.1297742192510402,-0.0043743937045970975,-0.01329453956960137,-0.030048858525295197,0.008592938092349301,-0.0018306716880283251,-0.00044914758986987723,-0.0011176879576440138,5.8809856217358636e-05,-0.02007303020551684,0.04523874280812227,0.01349514834520509,0.0010115344203676417,0.0025455632044327895,0.01525550242157184,-0.006535965181162474,0.0023240231715597995,-0.0011570628453686533,0.0,-0.0006081017055140803,-0.02162176668737042,0.012216847720642719,0.004559791781374438,-0.21883727981699305,-0.08810181090620314,-0.00356342167025359,-0.018965969557049153,-0.30890342858221015,-0.012569826817062445,-0.030278692595691548,-0.00034393500714290277,-0.0008994692496909866,0.0,-0.18015690753238972,0.00856108046920136,-2.74928139042348e-05,0.00010588631028144089,0.0,-0.0006442187339332617,-0.005998123903452193
3688,-0.2599134731282769,0.027206806093035427,-0.0039014906477440004,-1.2738669735568462,0.000848771635489396,0.08302905771134649,-0.016784952961167235,0.016873158013626995,-1.2648780220903886,-0.09802472202061457,0.0077651568275564666,-0.0004724269799423805,0.01579304255883942,-0.04374143991222174,-0.08060676349672415,-0.012750195898459474,0.02644784389398421,-0.001650489812757928,-0.003415368767167392,0.0541684647437745,0.007440975969091546,-0.003597753141685717,0.011585166496492324,-0.0062965613975546845,0.007045144279232279,-0.0007462751888341909,0.15614840749303557,-0.00017619846717563533,7.408612023412323e-05,-0.04689075809085707,0.02236256260493799,-0.008437772938248655,0.0030713274767947304,0.010134618546931347,-0.005251601934585465,0.0026497054501415963,0.002717095245887366,-0.0005123878727372626,0.0,-0.0004945331817045605,-0.00979194220129413,0.012706117757075197,0.005515743306149896,0.02900110605218741,0.11896238401151968,0.121075014583635,-0.01852144358107191,-0.044356149713461315,0.029423120913095215,0.056696709755342745,-0.0005432048117104212,-0.0008174160741909561,0.0,-0.11247694842132294,0.00521330806767561,0.004689129157768032,4.23044786957464e-05,0.0,0.01578695565972428,-0.23915614125360293
3441,-0.17508139027510652,-0.2296825575537821,-0.18058158441891148,-0.7082811754702644,0.0012164183282845724,0.05164610061898568,-0.032319481156660834,0.01194867127034596,-0.48612660303474725,-0.03869794671892202,-0.006103728281453801,-0.0009463276114462858,0.03393867939517912,0.07464436425515476,0.0014375433616834793,-0.055724328389318435,0.006542566005857128,0.007144665932802552,-0.00019811589555354518,0.09728864622872138,0.013904431097855165,-0.0033438497772211345,0.04783224805149902,-0.037608820056319825,0.009744037797457425,-0.00039858891404841477,0.17215650001481547,-0.0009031431971440765,5.800149243048014e-05,-0.02285676770947314,-0.21804828219556405,-0.0016971112360732257,0.0022006426891099926,0.0059207570447002145,-0.05016033888419694,0.001765515861404957,0.002621567590738891,-0.0007359181300955445,0.0,-0.00042741518391278127,-0.02401158498653928,0.011750195193444219,0.003992445248128772,0.02164932868420401,-0.07187197123813792,-0.0170346854386224,-0.006357957052258576,-0.08344887793919949,-0.0005525822196269344,-0.0609522693640164,-0.00043418439685161364,-0.0006237927534371609,0.0,-0.05589029879786035,0.0713892473151956,0.004397362435907421,3.8279733958617865e-05,0.0,0.021609602473321565,-0.26899095116523664
487,0.10969553620722412,-0.01592371676342348,-0.23070249731638034,0.8237116217547457,0.0007808431570952428,0.008980949866892704,0.010139356828231198,0.004079582387085112,0.3499944478143895,-0.007399020850449043,0.0009745952193488658,-0.0002680077959912589,-0.08303244001917484,-0.09258580287897503,-0.00574364095628974,0.002451198689426803,-0.007538518906387581,-0.009105754243608464,-0.0027329800396280863,0.0008485396130739845,0.011718664577758978,-0.003350503020158878,0.0016341174487828113,-0.016241060330615217,0.002676326791661782,-0.0017630003786746403,-0.0016607312984079053,-0.0007505752265932594,-0.00049884429054947,0.14883283054991542,-0.2191056828536491,0.008681653833674207,0.00038712783228880306,0.00238999496101511,7.173768605396798e-05,-0.00012824007701234703,0.0016189279119260818,-0.0011086608139935406,0.0,-0.0004406308696664129,-0.015846181132001196,-0.2704070273594551,0.0013751014922950629,0.004885101476359068,-0.014908003321370778,-0.008806417179717902,-0.006065827252274098,0.015704194237264088,0.0011073515018340848,0.041771968372785476,-0.0001451906693885133,-0.00047145440899673855,0.0,0.12431215831581532,0.004993683913300912,-7.563716489926623e-05,6.147311282376768e-05,0.0,-0.0006446871452082815,0.3629325272801572
3276,-0.15139264607732691,0.005662789719734368,0.13637036352810783,-0.450979735677464,-0.0011538659349358612,0.16702187024252224,-0.02529180436757121,0.011617367355368589,0.04109019373600069,0.0319838929402144,0.0013670359905757017,-0.0007486679755923609,0.010788685682308768,-0.04188581062423667,-0.002778471543473485,0.011264244210141633,0.009099655070593713,-0.0012429069793013095,-0.003495119403092279,-0.00896098382860328,0.017610387196258796,-0.004093111014539166,-0.008569327993769114,-0.0223937228647377,0.007486983107677709,-0.0009191720776327865,1.068208963101114e-05,-0.0009538578609706006,0.0001544217783657837,0.035907859243185826,0.03426731546573161,0.0011814722837974305,0.0022762662264685595,0.010081859747046477,0.008480100781098789,0.00619233892201909,0.0025438900494614497,-0.001085342755571696,0.0,-0.0006066065055059037,-0.015329372834964895,0.011472665934946846,0.004742182322908448,0.018567603554173678,-0.02347790233720161,0.019630726073840376,-0.009097750087499797,-0.03597518550333136,0.019646117688468766,0.15086864843915948,-0.00019479256628365804,-0.0003761820755741669,0.0,0.24784770175098322,0.03964093600842565,-0.00024533005631237955,7.285373461944912e-05,0.0,0.008989447300733876,-0.2991762342942957
55,0.18865853547210526,0.037384686833913584,-0.020893431282397235,1.0315537352749131,0.0002624210150899012,-0.052586973185338115,0.000994332104517533,0.004160920440886998,0.8545188614040756,-0.009679804054650172,-0.0035244895497783097,-0.0002316069130983418,0.012560502996432773,0.011789544455471798,-0.007949052756090527,-0.00704995433862732,-0.010871847005379293,0.021446671061313764,-0.00426438753513509,0.00212067456017692,0.01818434607614014,-0.00412220718625904,0.018308067269773708,-0.01667716832941419,0.0015910202077269208,-0.0003672921005390097,-0.004587320621856982,-0.0011278357475791514,5.9653430257283096e-05,-0.01684040427368589,-0.16579400388767443,-0.003801987195430015,0.0007042876466985649,0.002658878714508219,0.0015495072622598687,0.00027353276140469347,-0.06735250368085852,-0.0010961254103463937,0.0,0.02061260810745969,0.08919041960350126,0.006804958465618197,0.0011357406459025158,0.008863901535000399,-0.003536865814104416,0.014096382644286315,-0.003626793347788072,0.017717218470871404,0.052844843435509346,-0.06260029315117482,-0.00043847391877761257,-0.0008310777296531269,0.0,0.09762414908322964,0.02073820774347109,0.0038978925053818054,6.147311282376768e-05,0.0,-0.0005665880604197192,0.6752276253396313
421,0.1527225174056144,-0.02671544518522173,-0.45669312398903966,0.7861239181682084,0.0009327459400074937,0.09319041387547741,0.022828909089415976,0.0045020697369631485,0.04750355073866147,-0.00852291204303913,-0.0018861016370997246,-0.00024836045881581785,0.012674241423098767,-0.055157637335599634,-0.06022801312640578,0.006127919867639034,0.00025409905455254036,-0.014054203697816615,-0.003471946919007725,-0.00012245609080023052,0.01922605297659072,-0.0036444820848046226,-0.00982342025538368,-0.011850333080225744,0.00446971571175394,-0.00013881747481710754,0.006495117042668732,-0.00037502962065003715,5.99447310308012e-05,-0.025025613123445884,0.0157279455782895,-0.004557462270584237,-0.03853054743848754,0.005388162016179789,0.002823254286982571,0.0007792228000116578,0.0013486897653907925,-0.0006818063813640491,0.0,-0.0003371784558054298,-0.010424796516129368,0.010796519583964137,0.001194641466578991,0.010510696494140668,0.026391125948602177,0.041613523776908565,-0.0030035264458406047,-0.05588233675694395,0.03987648393413451,-0.31245748243254207,-0.00043010890259592157,-0.0008990871351488064,0.0,-0.08035369212448658,0.008590047654471316,-3.7026117961618644e-05,-0.000314503996187647,0.0,-0.0004863899609156113,0.3422242625186676
3068,-0.24655535083435054,0.043191622012821576,0.08303520983213518,-0.5244332863620067,0.0004711072689989289,0.22493631509613218,-0.023223841055561606,0.008478672191747269,0.4942107341751942,-0.013910995567235192,0.0018899510551781747,-0.0007301453219123431,0.01110259812268384,0.019285430109380258,-0.003987723667622677,0.020972000111355922,0.011703459149523861,-0.0030994480280746224,-0.004169199796869719,0.006270502574694586,0.012370062048122398,-0.004415898341247816,-0.008641620876731133,-0.010294335345970062,0.007246626680040538,-0.0008564485141028477,-0.008477634815437634,-0.0012638906479943586,0.00014825391228542517,-0.022306375352035272,0.017464888376912714,-0.007747895460912783,0.003395810973500544,0.010574945490596474,0.00041142982753933376,0.003168012754211983,0.002813915712363046,-0.0012253486251192435,0.0,-0.0006019577031138784,-0.013109055989328622,0.017063623671119098,0.004933819906168927,0.021358292406635657,0.044180442774482014,0.03773784810714614,-0.011501127565162602,-0.017395696830236625,0.022931824447152496,0.0201396395173613,-0.0003899823082588895,-0.0007660913472799198,0.0,-0.04865358987054821,0.041932426658216004,0.00038123450671459215,7.285373461944912e-05,0.0,0.013562039439427204,-0.3250779773091817
2036,0.07784714404420043,-0.004410739966366904,0.14803924744853378,-0.2069647964515625,-6.55193625823486e-05,0.0320189697906433,0.03560614314416623,0.005154806235292991,0.4136986887367815,-0.013452839179389048,0.001080595855309384,-0.00043990976750098827,0.009385763468483478,0.031790535473922625,0.005988850392730327,0.015535588791624358,0.004085717466922812,-0.0025756993300545417,-0.0033793210934810595,0.0035013312212318374,0.018324949482836833,-0.00461047022590917,0.0327694686701221,-0.020257769247739633,0.0047910069522579205,0.00013095432295877595,-0.007829550892459148,-0.000892527246176594,0.00011636825635642834,0.08195827085586904,0.02311942388412574,0.01069706351463959,0.0015658703842236774,0.0087616639313386,0.004682966778136071,0.0011514909842717126,0.002101797862084837,-0.001007479478386531,0.0,-0.0004631220962974049,-0.006128919480108558,0.015241469309720835,0.0013571853377561908,0.007878264722463887,0.019310673230774723,-0.06422365944966014,-0.010898827602684246,0.023166453553874516,-0.016132473019296732,0.010233718795459897,-0.000160423056388432,-0.00036490236885571475,0.0,-0.07029179281678759,0.030893616701590663,-5.403662528701386e-05,0.00027894043410968655,0.0,-0.0006722801187069113,-0.0018495428195845144
1122,0.07221961930829586,-0.0008363497141542134,-0.022965997028603632,0.40484422424187644,0.0003752638761213828,-0.000243155655451159,0.008537905355704707,0.0036243255533728773,0.6124167654935097,-0.010311787626143282,-0.0036731007033892465,-0.0002683840736338164,0.00554446220833763,0.008986223107143308,-0.010518265180787217,0.005444094098438579,-0.010323689885637746,-0.0015273406290628544,-0.003271108460666588,0.014269848480985049,-0.09072385121383056,-0.004220484394177692,0.031482041885402906,-0.015444085166272947,0.0030107608077229353,-0.0005211893432650101,-0.0013902470473858828,-0.0007249809852477437,4.3166393958009444e-05,-0.02386061952172831,0.022789219183291097,0.0059622200960251165,0.000953735257538575,0.005821637098327922,-0.006124725337456655,0.0015393515843854248,-0.10848852072420066,-0.0006719287345806095,0.0,-0.0004884887570843196,-0.011064718893358253,0.010002524630359513,0.0014034937822304868,0.010724685950163739,-0.002247647809199396,0.03937603334881889,-0.009164408566278249,-0.03344814105506372,-0.01957248937389337,-0.06648863338944862,-0.0003898578571042053,-0.0007716278281689151,0.0,0.1274141754404741,-0.0577458813266134,2.803103243139837e-05,6.566798740165892e-05,0.0,-0.00015612526084630895,0.08686739163408673
423,0.08880943563520402,0.06845809586804179,-0.023394261103784175,0.7421571445418026,0.0009792185738380832,-0.05851093525140738,0.02367113456076003,0.00584957235650676,0.3469804310002634,-0.007913717806149254,0.0008095731636867266,0.001249430924342715,0.013860270203299675,0.04133524477386799,0.004839332883429582,0.00476089068608567,0.0018319798082274653,-0.009427798322543276,-0.004290107915464905,0.00048438302541970043,0.017434790133513053,-0.004438023788920036,-0.034497753020853596,-0.0163906796221418,0.0035188025872505287,-0.0005551088721322655,-0.005563014439530754,-0.0011010480320228192,7.588963105375449e-05,-0.026752879512817206,0.025453688345899405,0.005649490379276411,0.002153028467378002,0.0051060845692607725,0.0022418601233824796,0.01810293664820204,0.0012099105993359403,-0.0010752083245397345,0.0,-0.0004328755053843252,-0.007429135150299508,0.009667478245887661,0.0014152349404450582,0.008349377578652966,-0.009166570778259444,0.02218396033210595,-0.007836869450351995,0.037701381538199734,0.07812126885758419,0.06036361318747471,-0.0003866690065331547,-0.0008207764165883596,0.0,0.10546661654405433,0.005021760919914346,2.6724868311206252e-05,0.00010588631028144089,0.0,-0.0005522728654691225,0.348132203840717
1877,0.053132239775509814,-0.040187207238759806,-0.19187735212690987,-0.19580768720176336,0.0004999393470720535,0.057361487128692955,0.013973237452168252,0.0048801424255852065,-0.19042349367763167,0.06013812039203115,0.0015349091454994112,-0.0004378811896266826,0.014045169080259734,0.03140489419230049,0.0027629290162970582,-0.00029242985775737877,-0.02828728717030952,-0.0033191746581871717,-0.00341038688790101,0.0002882783779032194,0.02064605044023969,-0.004178173989494247,0.018560340340081447,-0.032244425603144326,0.004922559655249426,-0.0006209978244831693,-0.011542634185461132,-0.0011566810454974855,-0.0005236182911225726,-0.03000776886404837,-0.4013171145511921,0.0006773088272013075,0.0009973800448730187,0.003817348727046169,-0.0004284434521493786,0.0014594125689375108,0.0021020889941506817,-0.001219251882423804,0.0,-0.0005341769453916284,-0.014014109417751629,-0.49285540584916754,0.0014043449250847587,0.011953000857718544,-0.017821197290404055,-0.037734635098293445,-0.004910520600273531,-0.030984044145548936,-0.038050285102422386,-0.09738466959936626,-0.0002843158901862041,-0.0013242709005898867,0.0,0.20606309909555717,0.037984763165492895,-7.0773913082931e-05,0.00019899583098146077,0.0,-0.00048114773424572284,0.05776331497396414
2633,0.040336898701611994,0.023053993985787707,-0.027092174248475067,-0.4413044650507659,-0.010566777116341082,0.09155021629723724,0.0020558708209674377,0.007050435084926615,0.6387873366180963,-0.01401905416195365,-0.003674406310256418,-0.00027355020844065575,0.006577196458795026,0.026484726467261393,-0.022471863127612575,0.008837517483133312,-0.011982533645502674,-0.0025009050617145322,-0.0035385729085661843,-0.008073101559748911,0.010031790048811537,-0.004438186579461237,0.03319794079360634,-0.011539692794816337,0.0029261926888033496,1.720269982465127e-05,0.00043688669546416097,-0.0008205789642158559,8.24029003251961e-05,-0.024275168863494973,0.01594497300685493,-0.011501048643297235,0.002073784979363477,0.007598869811934341,-0.008819049359209349,0.0006291982324564151,0.001868199653500543,-0.0007638463236381279,0.0,-0.0005072927679366603,-0.008162103930857936,0.014282653792056827,0.001450106557731761,0.01487647566194176,0.012130342814880136,0.029546624325568628,-0.007240907279317481,0.031905318969622044,-0.022594648473820967,0.004825500600303476,-0.00035152700371212465,-0.0008729454966089206,0.0,0.13326931102558645,0.044011533703966585,-7.597184572698663e-06,4.23044786957464e-05,0.0,0.00019356551171027532,-0.23708724060847788
2789,0.08076776383954719,0.0016020220916531033,0.1354062284899724,-0.3142140151165458,0.0005164358622474363,0.32171284956772317,-0.007806120064963118,0.009782872586851555,0.024341094186945234,0.025448607665087917,0.0007335443647697947,-0.0008878915172233057,0.014008458444993103,-0.056042149848616954,-0.010214980528044239,0.022737600318687816,0.0029738859831658793,-0.002680301166894614,-0.004081798292446539,0.006386120037137313,0.017939519147540897,-0.0039000477215701025,0.007091594691451356,-0.025587971756766553,-0.06518161204590175,6.870551357540912e-05,0.002682650806613336,-0.0005742701594495988,0.00017150155320217952,0.0601944577784344,0.021824575782358732,0.008479338357447717,0.0022577242741121484,0.010545658215824302,-0.02076273377778981,0.004886026580013156,0.0020419691270807286,-0.0009428025701144138,0.0,-0.0004927715175162358,-0.010231558014460157,0.012467941353772006,0.0013634831874019726,0.019754589293256405,-0.03464994360021622,0.006544497468206467,-0.007710162744550627,-0.07027841186537395,0.023180742825671487,0.1566250540382721,-0.00018752578851738454,-0.0003769732605851784,0.0,-0.05262504174392127,0.05821691987027182,-4.1403150815261426e-05,0.00013576576555308968,0.0,-0.0007255484650687281,-0.2555252213558376
2882,0.08356633756259343,-0.039288493190083935,0.0025222646112076624,-0.45626727033280473,0.0014562887004484343,-0.08713768433210492,-0.006302321234919554,0.008185342659514117,0.5589715298149927,-0.012145977554608018,-0.008145749136672778,-0.0002453705404302625,0.004415764820885722,0.004328281116712616,-0.022866973345819927,-0.0008181698089410629,0.002180565283796163,-0.001205999692248926,-0.003176939258476444,-0.013607979464275166,0.020547003183583618,-0.0044275306516393985,0.017956635842479855,0.19869239672094474,0.0003381120032972017,-0.0007527252073374185,0.0027937700568857362,-0.0011754816406787736,0.00010049145058689609,-0.01724135126759224,0.016175893667428498,0.005513562782070135,0.002387496818064901,0.00620424948039232,-0.012540167910252661,0.002897522332116812,0.0015939553905045462,-0.0006489372795879967,0.0,0.0358857360373526,0.039775751928073234,0.016007131109100105,0.005505151117226971,0.007599875774033235,0.02570790947027868,0.026769326522441735,-0.0057631806004792155,0.08398565998043031,0.014371866663110341,0.0412614915486022,-0.0004775808547518058,-0.000924798801077633,0.0,0.10699624544498673,0.037984471577706194,-0.0004093308840949939,4.23044786957464e-05,0.0,-0.0015127588719189144,-0.22896889180831675
450,0.11901047499804697,-0.051280150044427056,0.0828129269142014,0.8772488243809516,0.0009185589710892285,-0.04524693159343788,-0.0684324184116128,0.0032453544994361975,0.31208593728358963,-0.009073854688229578,0.0011955260429341492,-0.00023747567658803285,-0.03826867425131191,0.014622251099842207,0.003730916855685456,-0.015201013645362015,-0.028397893452825073,0.024090739766980864,-0.0064947630067573574,-0.00048132194238576046,0.013213733268668882,-0.004018541916915467,0.035945041060507076,-0.013870271355970904,0.002180683873514274,-0.000795038796119541,-0.006802703842781216,-0.000538891493210042,0.0002760913552963373,0.010046031957448215,-0.18210268360954768,-0.011085001823478458,0.0011535536457970025,0.004398686015651303,-0.0055522115514527945,0.0032916689993300508,0.002096072145383504,-0.0012948256001105998,0.0,-0.0005147605730865275,-0.013841492846657533,-0.2849943484523841,-0.03555643980670686,0.012901828944027536,0.012721145633814516,0.02264417429906325,-0.008669295858126298,-0.03865105485419366,-0.016411856315883287,0.020594575483215995,-0.0002795524305310857,-0.0012135754479676581,0.0,0.1529582401080778,-0.0023913920867683386,-0.00036857950665198107,6.993256874923913e-05,0.0,-0.0009486582199759594,0.3501060045600183
1924,0.17122137932413362,-0.08931686083150622,-0.14522255116793226,-0.22615089487478607,0.0005907723882471572,0.02275227639766343,0.000202264489884,0.007178537548458873,-0.6031633721630195,-0.04652066619078805,-0.005660525363530074,-0.0016984299864135225,0.010618954180987147,-0.05267602767952214,0.006214204767933798,0.004056834059709783,0.0010028280666747689,-0.002166884314938968,-0.0047345470641884475,-0.0042750476910072615,0.025851522161249786,-0.004669184668592071,0.009202301327550375,-0.024806982414717755,0.006875746716903891,-0.00179023583507525,-0.0020478478973191927,-0.0010016338832589298,7.588963105375449e-05,-0.016392087847440267,0.061521568867079,0.004030075205138252,0.0011770324229081744,0.0050695246641659485,0.008521263614793884,0.0017716035148444642,0.0023420587207980182,-0.0010393896986146036,0.0,-0.0006050320809629067,-0.018841391730520296,0.015516170212179775,0.001401330602719527,0.011610504007427653,0.0012562154941006005,0.042502279026354506,-0.00449119098496541,0.1174832167119103,-0.14815714853376546,-0.05790477513323949,-0.00033463190402740345,-0.0008905814988532517,0.0,0.3074447525286127,0.018845175480072963,-4.793540079001458e-05,0.00010588631028144089,0.0,-0.0025796801950886735,0.015697037579012748
2781,0.1021373123823276,-0.06976721541160866,-0.11981650699246653,-0.42633945247985366,0.000601862456489684,-0.4592336072773978,-0.06970448851832224,0.009263189561228827,-0.669676487417216,-0.07392955652425287,0.0094042651340939,-0.00041206983866608416,-0.07788158406250231,-0.21015100516758964,-0.0011568280338921492,-0.009972380600875862,0.0020586333928224324,-0.0027102958380255844,-0.006491471169840666,-0.01717690799709094,0.03425990292477842,-0.005185195974604474,-0.05238579947251583,-0.043663068387900926,0.0025116268648406,-0.0004919613885591707,-0.0049395764118766936,-0.0009236931516711224,8.529107101126063e-05,0.006715630271375077,0.05237848299073009,0.016320720902480695,0.0011649594279646049,0.007124039459664891,0.019261816289912335,0.004676006395740658,0.0016863680737098335,-0.0009302665439065223,0.0,-0.0005262659956730267,-0.031668888244459084,0.011019118001695822,0.001322596861051593,0.00592765110485061,-0.03159356853351124,-0.06302384078434414,-0.019654758393954416,-0.22642202562558972,-0.012592690963946595,-0.040222672192831155,-0.00019736783724779117,-0.00048541056650864975,0.0,-0.1344520492165038,0.12711519839495258,0.0001269819828526813,-7.903949282330838e-05,0.0,-0.0027369569809614397,-0.23807274494612277
1509,0.10234192073347835,0.06580103120402891,0.09927702572594077,0.2836705081752848,0.0025725722494221387,0.476833268021069,0.007557446909314901,0.004771588448050915,0.22456106813767965,-0.00836121685230469,-0.0012312012342924018,-0.0009815143184755037,0.02222203413374143,0.027315114905088658,-0.00537695018391316,0.02888775256236611,-0.013072024892279143,0.00916585726158922,-0.004995435034336903,-0.000596106729485681,0.010761193337684926,-0.003917827409360352,0.015265926503622691,-0.015400048566322181,0.01192462145433765,0.0002319881827647964,0.0010317493167131628,-0.0006752455425347289,0.00011636825635642834,-0.029814406921455452,-0.1298643058771865,0.014782837468114316,0.0019984705531804025,0.011196026990843388,-0.00015558781848488946,0.0007742355117751308,0.0020975949942345774,-0.0007771621218821018,0.0,-0.0004967901077434867,-0.008271851212358145,0.016852258543398783,0.0013700771378017443,0.010868893184624905,-0.011686751206426364,0.011749879693276673,-0.0025125461451201876,0.04837563443349052,0.07356589575039599,0.058536446447325814,-0.00043975180371708924,-0.0008239899035864972,0.0,-0.039967716863448494,0.03968348351332689,-4.921638961935303e-05,6.993256874923913e-05,0.0,-0.0005857829496157097,0.0634521272500925
3782,0.04746470512980509,-0.011214505174734957,0.09123492795910829,-0.21776873659992432,-0.0034126557473251077,-0.01802299186678172,-0.10968759151098613,0.012549381981355422,-0.32144731665388887,0.009457232323985777,0.000978719482573029,-0.0005315346615945447,-0.07026471717686483,0.23625354641608964,-0.025356197231926655,-0.019627181262254597,0.007068601715143902,-0.003175890369958129,-0.0017459952523871686,0.04645227618481482,0.024445050226276306,-0.0016749995576794568,-0.07179189147140044,-0.01703551829603659,0.006302762243394053,-0.00035493367000588805,-0.0183464004620918,-0.0004214144850637555,0.0002658540149105264,0.01003135791164266,0.023677509468562747,0.005647370771137527,0.0012229714733350441,0.007882630892149342,0.015107967512976947,0.002332309293399306,0.0016705627337770545,-0.0002792256230779058,0.0,-0.00018205417944630687,-0.026662999886805313,0.009782616590571926,0.0031456976658196974,-0.002965930851835618,0.0312681096652899,0.03108386740080298,-0.008306916786793515,-0.1407191263947452,-0.001501670797016666,-0.04815616998370518,-0.0001255164603785315,-0.0002549529653850728,0.0,-0.06803130334731487,-0.006180305642127616,-0.00013525196505281337,7.285373461944912e-05,0.0,0.008072028116507377,-0.05171920892539402
521,0.10741444196987791,0.028155343597450696,0.007981738947703959,0.7683710695865313,0.0014175033332200853,0.15065076783910133,0.013043927978572125,0.006705362131318533,-0.1436204305455554,0.015210709409238944,6.811388272884716e-05,-0.0005773461311068898,0.01664084341627388,0.03308521171618565,0.003494610032419592,0.012691120053031317,-0.008074524403808887,-0.009307096203216186,-0.0038741303019419675,-0.001981907403704542,-0.11121445608764301,-0.003993514613585749,0.019739084239404913,-0.015312266025891808,0.005385376850770626,0.00039735256064750527,0.0019949657978288074,-0.0006998637217454828,8.240290032519608e-05,-0.024584572616818477,0.023610170693724404,-0.010998772057498262,0.0009173702104151972,0.00670498682773305,-0.007956934817642944,0.001056681217527553,0.002600318014608452,-0.001110642549331498,0.0,-0.00028219439250705137,-0.007129260223282198,0.007792700657918427,0.0013734691125471573,0.014796507247928355,0.024838761600824256,0.019013514378420273,-0.007089217884324893,-0.05685286590665657,0.08781245777931851,0.11261200066987676,-0.00042621596023558345,-0.0007992822399966195,0.0,0.16232559682093112,0.019903112779641352,-5.114150165833383e-05,5.750259631789073e-05,0.0,-0.0006204809744476938,0.36165393592847284
1352,0.1053513600659193,-0.015325022491144211,0.09735110763749041,0.2396339147148951,0.001071307311072041,-0.02526286032223724,0.01988719903739139,0.004283269965861986,0.31888472009900687,-0.010431340884811667,0.001529147810467971,8.769104268166526e-08,0.005051300002753443,0.014598664876159583,0.009702814450337854,0.01513490541151786,0.002354533927105072,-0.0044421683334734344,-0.0037695641341656035,0.004599139935138141,0.01623286623282211,-0.004837795657735767,-0.04590271674878338,-0.010112187594619874,0.004716949197860124,-0.000805633658455246,0.058837264634245254,-0.0007802696682956059,9.928848152003247e-05,-0.021465056258658983,0.022960621653299165,-0.02004452608090922,0.001441559760755192,0.008043004656058866,0.008770509802520489,0.0030132408390553256,0.002869605713384723,0.04937465371954045,0.0,-0.0005937176453218119,-0.011735055380714685,0.018759267562249268,-0.039529022603084094,0.01608026112782044,0.023890291408508683,0.029349450380052176,-0.010852173943807405,-0.04038925778199983,-0.0362096574616506,0.006411974998092705,-0.00042438287069005126,-0.0008139067874826872,0.0,-0.06868598137291698,0.02139487696247673,-0.00029717635285827826,0.00012458346896899523,0.0,-0.004026816876746,0.0720877252673545
2499,0.06413663413523847,-0.1959474455633628,-0.1809035886233564,-0.3751051621993726,0.00102753192187909,0.466402078400269,0.0446381348909843,0.009572737968319906,-0.78073848527344,-0.014793395864107462,0.0006171976369613821,0.002473347723332063,0.015270345387902555,0.05647963989103953,-9.9820394280959e-05,0.01127465075621527,-0.0036816831307235082,-0.003060565595737317,-0.00439289488285547,0.010505962169990286,0.022185902227594784,-0.0033379926769228916,0.003951790078267708,-0.03206573282307517,0.006066455127648632,-0.001393726495828418,-0.0009328925503472988,-0.0008467033560710306,7.588963105375449e-05,0.14798936547058053,-0.23519806885299324,-0.002196884352664997,0.0017875192035640836,0.0050289032328267955,-0.006111671631110618,0.0007079042611179039,0.001735020818202311,-0.000826314586265274,0.0,-0.0003938833392294328,-0.018570228473883548,-0.36060956405199995,0.0012687857363500132,-0.1261990973117515,-0.00295079596536436,0.00564649273119368,-0.007052844139725497,0.048110501164286924,-0.019956934976436067,-0.020592967136641153,-0.00011696861287112205,-0.0004945124315916016,0.0,-0.0787166067361092,0.06970214428306981,0.000260986047957693,2.8267637401184502e-05,0.0,-0.0008045017480566019,-0.18749935473897394
1600,0.1024693553580576,-0.007260831763895674,-0.1144885519063809,0.32141449493935337,0.0009388199315710421,-0.24243593314249476,-0.006513879140588464,0.0053060792907937545,-0.19046283412525228,0.0178580520915974,-0.0025902503860101983,-0.00035894269046887316,0.00443120734733287,-0.01358853910433239,-0.02168900969438563,-0.022799584243059386,0.002273660852635334,-0.001538761516780429,-0.00447505268991281,0.0017293819562417797,0.031412335986373746,-0.004804091246443801,0.05968644977818368,-0.025161100042417717,0.0034902469674703155,-0.00079027615039202,-0.00828310554630957,-0.0009348607695166899,8.027411512829616e-05,-0.007783161095820914,0.0346566048231558,0.01830898989248673,0.0015172956627582852,0.007539651874031511,-0.010928802405285442,0.002970611595854915,0.0021689102746605877,-0.0006712300703780004,0.0,-0.0006273382342771859,-0.014330901072415173,0.015418789667897524,0.0012258703910976083,0.00890092850628339,-0.01633404502397001,0.0007125539755054142,-0.004570708475975033,0.038996403896628354,0.03512657183839865,0.04843847615312123,-0.00044451483345172156,-0.0009002988616640978,0.0,0.21312368717924413,0.03154235657652421,-0.0006142850097982511,6.566798740165892e-05,0.0,0.003747799970368868,0.05036568104621227
2800,0.11962217828898034,-0.16588954220143667,0.10451237241089595,-0.4027999501170191,0.002086396741067813,0.09055895013488804,0.01593131507735172,0.0089098203055282,0.30342198958008615,-0.01251403001022661,0.0009440772005319265,0.0041892915825083605,0.011950941624354384,0.02806308545802167,0.003760354924930002,0.005852906173889021,-0.013045084617235818,0.005947386478500139,-0.005836662982400354,-0.010086108218012637,0.01806358359121095,-0.00461229786194132,0.021594590889616974,0.23708243389875103,-0.024747658226412835,3.1774481705420815e-06,-0.002452630082549898,-0.0007236038122225123,0.000467007728490504,-0.016253696819520064,0.01692937739781493,0.008461789989208806,0.002216970727042215,0.010017147608130227,0.0012611502443563374,0.003247933830538712,0.0026814808396570995,-0.0011106892317133675,0.0,-0.0004097824461690244,-0.009703415535114404,0.017169056171688252,0.005707154962491371,0.017662170424395322,0.03562313941425398,0.019710187158041206,-0.00982018593443119,0.10130632583082168,0.0076145726175447246,0.07581746393887706,-0.00038522009627743056,-0.0008044767416292939,0.0,-0.05564664666909901,0.05215293374092617,8.508723386502745e-05,7.285373461944912e-05,0.0,-0.0006732984764260458,-0.19021621330013658
3869,-0.7489681064359448,-0.027998351035520463,-0.010910419178226695,-0.30426371087161125,0.00763594290022653,0.0256611494269703,0.04015806100733865,-0.23552377118864137,-0.699078312092865,-0.016272332774328033,0.0055498701000319915,-0.00045164301704405426,-0.08572189752272186,0.23588352612118843,-0.15249317375667185,0.021559126291688876,-0.01644119050107694,0.011038832030593991,0.04269204497839188,-0.11377837277016474,0.01282135243925138,-0.0019013163390402975,0.02638369491978543,0.2521009059652433,0.0019231090316872421,-0.00018663920363056255,-0.02303358622920511,-0.0005243233075847949,0.00026457437430610744,-0.02124607610428702,0.0134733580839582,0.003907829124722209,0.002700655874352484,0.006188567816024059,0.003032026618537104,0.0032897486346797457,0.0020292043364842135,-0.0002697816381075435,0.0,-0.00027536210673486603,-0.015021697754704248,0.00835597522442877,0.004703111589366057,0.002596200973293733,0.06603345442567798,0.06629347846141997,0.36627987619018526,-0.062496917331959966,0.014774153743057492,-0.03420165067654697,-0.0004133090957690906,-0.0012654813169793238,0.0,-0.09947696024473948,-0.0073595109373043414,0.00034599550649651436,3.840857655195864e-05,0.0,0.006671124849615686,-0.2789028789320404
1576,0.11788905534569104,0.10266657231796837,0.014316233279100617,0.36569321473417665,0.0025966858004543257,0.5419762760058179,0.011443304131648513,0.0060306653057905345,-0.09714317461645072,0.01773414734745875,-0.0007817937265008024,-0.0009245220690746589,0.02083546458946024,0.02482015896450336,-0.0025396182424927715,0.02781658853063633,-0.01137200724452699,0.009353938905111025,-0.004155901437642302,-0.00117814231000894,0.01969331878855885,-0.004003776079624743,0.025374230586072563,-0.01789982333176629,0.015353754035639258,-0.001182353243829505,0.003661581054242918,-0.0008936807429429016,7.588963105375449e-05,-0.024505171763614917,0.024762382418420645,-0.01765496152070134,0.0018362972794272075,0.012284859747295871,-0.004164982093646195,0.00145754461791631,0.0018824667200178391,-0.0007498907730249605,0.0,-0.00046732531109006255,-0.007408842385892341,0.015996710307227744,0.001386105853532033,0.013428282770964937,6.197325735467404e-05,0.009389425897072324,-0.002172560576267036,0.05860909539310833,0.08169371187668754,0.07515453083450822,-0.0004221959427835773,-0.0008000690310857753,0.0,-0.054591589615628794,0.021384085328256423,-8.06117831734743e-05,0.0006261337456477523,0.0,-0.0005531043461902094,0.10865635720459599
730,0.08254028943137658,-0.0005056011781884034,0.09037156907238458,0.6245840359286967,0.00037063333695340424,-0.07460374163517178,-0.0012517404965994429,0.004508085890868211,0.4260901746247542,-0.009239384563802681,-0.0036639337332115265,-0.00016272821507467967,0.0070826184000944955,0.00813760529970714,-0.02920481924539893,-0.010259563331006461,-0.013145695943784315,-0.0065115558903186465,-0.00693710090696598,0.0012604806048576954,0.027097151257373574,-0.004359173139264381,0.017854972587341776,-0.020921966566186327,-0.030896710779168265,1.9287030319935883e-05,0.024197917117024244,-0.0011472194389085225,8.027411512829616e-05,-0.02531276719087662,0.025029250345458522,0.012740211487441488,0.0013329949046911394,0.005717396638991039,-0.008856182289503254,0.002865440090186166,0.0014063865770560127,-0.0011074608871387774,0.0,0.031224115023546824,-0.011201703720284553,0.008359631884407803,0.0013340665906172407,0.007289949276805082,-0.019598295070221802,0.004085740756490509,-0.0037094858830146312,0.025788265303417237,0.0037535287795913853,-0.04084820796914929,-0.000419493364722466,-0.0008441420397149666,0.0,0.1046720166640835,-0.037774514176024086,-0.00034258544522442955,0.00012458346896899523,0.0,-0.003350858382126331,0.21321362954445483
477,0.12964837885254482,-0.020268873826754154,0.04152052290820566,0.8468229978734377,0.0006353558384992426,-0.051820859726243805,-0.10355008369923288,0.005924302976487373,0.5271527741220898,-0.009919674036069448,0.0014141414909818336,-0.0003188928275100534,-0.04050958961940982,0.03741502119978166,0.014276931244927347,-0.005284704484926442,-0.009170272306878635,-0.014240943033636448,-0.006560666092021607,0.005275737345779392,0.03369961461221146,-0.004459292175840113,0.020761032690995298,-0.018604920150612457,-0.03275177955961682,3.6352607412085547e-06,0.023301615474685608,-0.0009540813881320142,0.0002760913552963373,0.020503170717542603,0.030732182233516505,0.008863794345673782,0.0012049461911526887,0.005445585103093947,-0.021583013744275036,0.005144207011830189,0.0015236556050333536,-0.0011027386925524082,0.0,-0.00044040742077532113,-0.010494488902152387,0.0084024774151325,0.0013590086039564973,0.01413424390310017,0.03644213557304699,0.03187539354409082,-0.009363726796422923,-0.04844982440948801,-0.01291437924609317,-0.045163358843415304,-0.00040911188342456845,-0.0008024451096867035,0.0,-0.06397258781029395,-0.016999850181192943,0.00017201141763928187,0.00012458346896899523,0.0,-0.004295776449508899,0.3226900805894192
3854,-0.7372213511372189,0.1645024074412914,0.2592400357148641,0.6425688400529808,-0.018176137376369913,0.7833849059283274,-0.07999552719996975,0.003922465745008582,0.5131988179367305,0.02194265332719565,0.001476052068058473,-0.00023528760657595747,-0.04680443774152354,-0.6845161295993067,0.017601789587496464,0.022724311210772875,0.0033916571739022196,-0.0026658305621003946,-0.002225375934553836,0.033157271300693666,0.011481266965686942,-0.0018513323405622676,0.05155581543878002,-0.013171388871598457,0.003204854254464718,-0.00023477146709141076,-0.04490811792753593,-0.00047342559916371796,3.905920865579794e-05,-0.029914779738426704,-0.18699859381569758,-0.00013861358423416492,0.0026909685261863976,0.005672556778522871,-0.010444958607903562,0.0026367871685086895,0.001398917062705058,-0.0004033819751292672,0.0,-0.00024017115471070504,-0.028953382944852606,0.01068984770693364,0.0025183546422679467,0.00537021269279796,0.0254111947413226,0.02358352348513801,-0.013468551026297595,-0.041669125755402915,-0.010524039669658692,-0.07146333259893084,-0.00019189795955468913,-0.0004375423894227652,0.0,-0.08850144628507843,0.027238788592697488,0.0006095156747105007,2.9557942922097866e-05,0.0,0.007903342798753573,-0.00278660893510912
3701,0.32664404721343687,-0.06490092738670529,0.3015084203380285,-0.37680571435845556,-0.0001232227578588643,0.4536881809577772,-0.14112193894196398,-0.5168648670521588,-0.034200429742780716,-0.00672891952971546,0.006224850491761711,-0.00014661319187027726,-0.054009374514855886,0.06896257732048953,0.016042709067318982,0.02253877923556715,0.007629575946604348,-0.0034816733146747396,-0.0038493631888541,0.10811569570160717,-0.10468730615887077,-0.003692469734419759,-0.07800314848505847,-0.012097325382509475,0.009088826286173721,-0.0007481330049692005,-0.02609509406584959,-0.0004680838759570274,0.0003109558170926211,-0.0034208184142479627,0.02932165217311756,-0.011427499625459508,0.0025919607334875766,0.00859115401321305,-0.02021633728270755,0.004520995906520283,0.0020212342632966195,-0.0006752402914766189,0.0,-0.0003602609376216962,-0.017726076161607297,0.012276223592608174,0.002962349726672298,0.011455633786026584,0.02870903413081247,0.023457973489882676,-0.015961048428651155,-0.14166751039878273,0.022302681970699248,-0.05904849917543285,-0.0003808104341871558,-0.0007183883753302318,0.0,-0.10115041585207758,-0.0549587722285957,-0.0022421550509323755,7.285373461944912e-05,0.0,0.009339734214080181,0.05876409314832383
2810,-0.16241469089915556,0.024225037890505674,0.04388310231420545,-0.5152747601041591,0.0014169185906549437,0.1823962448454221,6.709441746802547e-05,0.008082230444808802,0.4418589407934268,-0.010183196277074475,-0.0038104722636555697,-0.0007547585939085084,0.006554240954959628,0.009963287543191974,-0.034744127090909564,0.016693130598517607,0.008394686978821458,-0.002040301403254185,-0.0037359997549428555,0.0014418707883663974,0.008984840121822804,-0.00376972681318792,0.002511693103671265,-0.015072087477503474,0.006439052399522583,-0.0008346305811403141,-0.002024253603669658,-0.0009483964886487176,0.000467007728490504,0.10676785089000959,0.018937782817637965,-0.005007212046963863,0.0022688267937626834,0.009695042481891673,-0.0008055212897003103,0.0010726970837556696,0.002133021241862043,-0.0008816649922202285,0.0,-0.0006310645196236564,-0.012779848359149781,0.01434607860044339,0.004215951494782167,0.008233493517213959,-0.021658198835257714,-0.0023715597493892833,-0.004210702297637339,0.05809444673725552,-0.07349944428031203,-0.017366166641939112,-0.00015988221477839927,-0.00036917093161695447,0.0,0.10211281544408889,0.03824558338736081,0.00045203947352487366,7.285373461944912e-05,0.0,-0.00033441420976691494,-0.2566762297308898
930,0.03759263665478423,0.04244492263458078,0.03383741570458965,0.557215624658249,0.0010476876669387827,-0.2040887404168419,-0.01001232139660245,0.0037618287973137277,0.4052829410137623,-0.005319749756640049,0.0012007377619341248,-0.0003754990071661944,0.008684917235924345,0.008372104928260701,-0.0019721523320122246,-0.014345200476777108,0.002823024190375658,-0.00529374194490498,-0.00548304567777122,-0.0022428421922630953,0.027148309954052,-0.003946543446958667,-0.029685105924937526,-0.019051582442300385,-0.038355502037988966,-0.00019453569821756508,-0.0070916156724635795,-0.0015199774929230009,8.027411512829616e-05,0.11540392679934,0.024363896678965595,0.017672076311742915,0.002645886184484553,0.007819939600582021,-0.0071635576556210705,0.0015128765959230494,0.0010408863280221164,-0.001055102165835416,0.0,-0.0006204193720670425,-0.011048772962276819,0.009464864193384196,0.0014155789245035417,0.0075706032383597004,0.0008966220063117622,0.04231698270128484,-0.00815227928206946,0.035810342800597576,-0.021388713773934587,-0.015344094328417093,-0.00018555702076142176,-0.00038044368948171283,0.0,0.11052494576372907,0.008986092309674834,-4.9805687168495034e-05,0.00012458346896899523,0.0,-0.0009019869353406872,0.20291969894340156
1616,0.10496798673462437,-0.04532618256715973,-0.13320354970149859,0.1373261739199743,0.0007308836671262077,0.19141547011025392,-0.0007694652958716606,0.0076010810441037606,-0.15606840968984004,0.018797115221324632,0.0032281816383474163,-0.0007496980326887165,-0.10154769398458034,-0.10975034717217591,0.0003681335478638211,0.0038752780964687386,0.0015884471449466948,-0.0032519510265320854,-0.003782111351576939,0.0002780837641749889,0.033269229263777594,-0.004601674973620038,0.023382691492166718,-0.025794332551060617,0.012556046726305151,-0.001669110470131915,-0.004693195051366112,-0.0006514453956797471,7.588963105375449e-05,-0.014387519226053193,0.04215396627955793,0.011780112400202856,0.001125243300445523,0.00508972863727203,0.004043224910671389,0.0012105641329961995,0.002310100690979773,-0.0010494504440690768,0.0,-0.0005470960346017416,-0.012568191731505154,0.017018065732990677,0.0013864814524159094,0.013740829645414747,-0.061432221503762756,0.008131664056075008,-0.005951500194181185,0.012772922495534411,0.032724653225571665,-0.058634335554261514,-0.0004224324341673735,-0.0008127280169618319,0.0,-0.0801398498940627,0.01134206539818878,0.00043198835302497954,5.750259631789073e-05,0.0,-0.0008396776541749632,0.09779946887284174
3317,-0.2782629157361252,0.07921403572691334,-0.0722534362317835,-0.7305051821086449,-0.009383450583853715,-0.1561480513619818,-0.02568519282287648,0.008423672758585866,-0.015450947871374406,0.021698169590440127,0.009837974198337969,-0.0007283156261149415,-0.054273115897414306,-0.03907828732398022,0.02993960028565653,-0.00655170768717548,-0.007885055921128748,-0.0030652820586061437,-0.005126431962345661,-0.006046106729968515,0.013678466216965038,-0.005070261418903076,0.05722529893540712,-0.023754376047028156,0.009712551586686243,0.03290410195404906,-0.012950195437570446,-0.000824974082162007,7.208537159337651e-05,-0.012186811326971646,0.03556022079556805,0.013070688948856813,0.0026568082308077484,0.0047652029231952395,-0.00514608496460035,0.008181756511925748,0.002021574422802771,-0.001115472778179488,0.0,-0.000565014331332848,-0.017692351640902746,0.013090446942330422,0.004340475476617862,0.02589801170247743,0.00959510521808716,0.07646758846885598,0.21949587430853643,-0.051229255861865976,-0.13675193991454407,-0.020992741223382943,-0.0003393392778458174,-0.0006190137137208154,0.0,-0.09030875901625537,-0.13364484256969167,-0.00019075502274721652,3.641009713381273e-05,0.0,0.00978284451981874,-0.34220570485284413
3581,0.11347518549469301,0.1810572190454161,-0.06766286809780363,-0.8249383750581781,0.005127624394384786,0.055200793488671476,0.029348419494146204,0.014906535501843001,-0.14209444263038792,-0.029358669256645646,0.013705341240991837,0.0036894738146892973,0.025270481717052772,0.05277329208559707,0.051065266535500996,0.014996248552080637,-0.04384075236656895,-0.002994117993498751,-0.003682254038811665,0.005117443959715335,0.010131955422849307,-0.0037263433242522475,-0.022976800097211734,-0.015929290984175407,0.01001295212479141,0.01423799927665549,-0.015453658471558265,-0.0009796410491347016,7.408612023412391e-05,-0.02987919713182816,0.04018950156322267,0.005359273104590657,0.003449803003129279,0.013661194872851206,-0.0249331844525055,0.004878366704937304,0.002547477865703445,-0.0005655440793382729,0.0,-0.00043208236536292365,-0.009882741350552667,0.013690905460506771,0.005096641995904791,0.04274011855573955,0.04210872449810993,0.08841256537801596,0.250133701150866,-0.02424115502777889,0.037532758521405404,0.018500809399179533,-0.0003882546124859883,-0.0007941169005201771,0.0,-0.08224480887088388,-0.013917929729945443,0.00027325436661887573,-0.00029620331326015884,0.0,0.008537985053591402,-0.16476993702066367
3880,-0.13361683243483116,-0.07189817995278072,0.23825780772544908,-1.2590114046263257,0.01214109612286996,0.0059320952866338175,0.007490589622289417,0.008852200254654073,-0.29818510060661724,-0.010215214643103624,0.001978790422777477,0.00014881926047158222,-0.03146980867703501,0.12417038848479905,-0.12973572419376014,-0.0008612458531806972,0.003132790482057839,-0.0025918795503696085,0.058797957809778076,0.04345542838458323,0.00975433654727969,-0.0022405429895894164,-0.086809740433057,0.2036802842031383,0.0039586612829048485,-0.0024024448405481546,-0.021026763433897144,0.012360712868313882,0.00032478766384253676,0.005831172196241119,0.019145057151959455,0.003057115902269666,0.0031807314570676667,0.0059805740540042635,-0.007176254320106333,0.0021760290994418206,0.0011441537876711793,-0.00040894663765883945,0.0,-0.0002427119590088964,-0.006754745616568938,0.008990247470813157,0.006727157835523551,0.010381086460448902,-0.007965518764250688,-0.08811754626344519,-0.009332613792377216,-0.09850197798220356,0.01770845422639301,0.011950551283706824,-0.00020807651346611567,-0.0003690273486246357,0.0,0.30552071129785513,0.018443719761944574,-6.283227780271548e-05,5.885286188706683e-05,0.0,0.006893040854595351,-0.3229450817519322
2108,0.1091961079722863,-0.04112652817637858,0.09198378210943678,-0.22546341152891106,0.0007666412229086334,0.3707656951192899,0.02634502480191389,0.00475818230270621,-0.3987446557941534,-0.027953179077900823,0.001029630624318327,-0.0008355990855492695,0.013722769474448226,0.03067715167686467,0.0012296812149726593,0.019352268730822287,0.0040263782530633166,-0.0023228816719745716,-0.002928947854397495,-0.008412557376165678,0.021646858909926348,-0.003637156248639632,0.01535502432617961,-0.018421200387320497,0.011382532442301,-0.0018193964705324713,0.004184683627752773,0.026082093350602593,0.00011636825635642834,0.08409698181879978,0.03404512102652767,0.005782060713858281,0.0014111561754846572,0.010280254268819391,-0.0018341436729667191,0.0025260484661184645,0.0022337016493643694,-0.0008314843063674936,0.0,-0.00048020599133538345,-0.016953814152890108,0.012789553708866737,0.0014233035297405042,0.012467304284328688,-0.01662610009216843,0.024046338270940867,-0.004074242828081363,0.06883703851557378,0.03225439932413367,-0.04786424644074329,-0.000183735686217175,-0.00036814842398193544,0.0,0.22385080251931702,0.02777022026983435,0.00019497408615589326,0.00012458346896899523,0.0,-0.0006066593164769483,0.009311292643735314
936,0.05396721848345274,-0.0009616036985619787,0.031141655849428133,0.5964858420815984,0.0010211880808916668,-0.07816520919296067,0.014356252969793606,0.006458977006522316,0.5684446756929931,-0.010260129739012021,0.0011476241701636931,-0.00037631785499446334,0.007858678568059732,0.0051553453177891236,0.0032567307174097664,-0.006317040866031419,0.0018441050797929851,0.009555737244783613,0.08655039393367386,0.000687937935556255,0.02262518952831133,-0.004246134240693423,0.034671846528221605,0.15721838298355517,0.0026375137439023245,-0.000643823627539738,-0.002607521276001832,-0.0007277640064162691,8.027411512829616e-05,-0.010775326218635218,0.021566626809273796,0.02065550689493854,0.0013262164055607,0.005470157586764483,0.0003949828460974722,0.001621891436771621,0.0015458420870722368,0.04979255933412646,0.0,-0.0004899159428106382,-0.009270086368187418,0.010805670281599337,0.005795216322611637,0.00783000528715077,0.003364421556824348,0.021155804926088793,-0.006431330230717227,0.035956634367688534,0.07428496386579216,0.01655890637804358,-0.0003971725606881562,-0.0006682778054281587,0.0,0.09719525459065476,0.019069189420172956,-0.00043660490695267447,0.00010588631028144089,0.0,-0.0007564425293877397,0.15995432984951125
304,0.22944315030726453,-0.09121204856322124,-0.10055674383665636,0.9558989175919551,0.0007593183715540691,-0.1390675530223101,0.010654318290109042,0.005426919425806299,-0.19593496905341756,0.030437718822187123,0.0007042328049471934,0.004437804747855898,0.011021462685778664,0.008951840510462048,-0.0012761317103926297,-0.00820536878426262,0.0017804335615698012,0.029125039646757826,-0.00514619484740468,-0.0008092236594432716,0.026251844660218106,-0.004429877127368506,-0.05472830874914038,-0.022399398616878136,0.004755454375906326,0.0003204963179659749,-0.005944485940474721,-0.0009514111707946811,6.439158323806466e-05,-0.012977595671155947,0.0328207092501808,-0.018244452769245422,0.0011831073594908163,0.0028059230827430053,-0.0018744053835631474,0.002651462835560211,0.00200800358517192,-0.0010844503225402769,0.0,-0.00040079263624122905,-0.013535924812002458,0.008382648876279694,0.0012935353812573644,0.008297127135827524,-0.023903713159834344,-0.05762298837453059,-0.008340104093633791,0.0008513240734576433,0.02920006733398975,0.02207295433309802,-0.0003815480437368894,-0.0008120314514440607,0.0,0.2265622837448512,-0.09349173053974191,-2.4121024214968594e-05,5.750259631789073e-05,0.0,-0.0005881198505720087,0.5194325897337209
3525,-0.04852306977316982,0.08797647950740951,0.17668172603754673,-0.6711642412403722,0.012014198468506954,0.07595922565785822,0.08179440343453095,0.00997288155850428,-0.05250357677742956,0.06879376046933232,0.0019040553608977969,-0.00022269863000884906,0.020944239560828574,0.09581905893789092,0.02067764690359383,0.003046028408060911,0.02155770652181565,-0.0027288937577025583,-0.0038419922292681533,0.009255132505055092,0.013020239940075572,-0.0026924849306292193,-0.002724284263264377,-0.011754151616095002,0.011941365069951549,-0.003166238988398193,-0.014849838797812941,-0.0007847256116097209,0.00014825391228542517,-0.027879165540433817,0.04504440233417166,0.0035607349295281223,-0.1217006617265135,0.009799678305293222,0.005195782436884299,0.006508926309326298,0.0025542705866781245,-0.0008539546783707388,0.0,-0.00047457549316622924,-0.008569008839614327,0.01336606606017764,0.004357499991038426,-0.33052188467161775,-0.08044562982063151,0.03114368470878331,-0.01124049078889749,0.010181728006978698,0.025845114823467682,0.08932179134534128,-0.00041443422918993654,-0.0008944896541086619,0.0,-0.06603427497544291,0.11824803522159419,-0.00022250373966124144,7.285373461944912e-05,0.0,0.009143484504682853,-0.10230285751778385
252,0.13002887296598836,-0.029369805906728778,5.925785458397134e-05,1.1496592432479376,0.0011877673352869945,-0.11720462005746199,-0.004708423811890483,0.00390091636025009,0.8506746286219005,-0.008394073099056069,0.0008720438289623765,-0.00039628063738295305,0.008855403406883748,-0.02180388954525124,-0.004065564987694687,-0.007153280028056569,-0.028426530386235275,-0.021006357192283574,-0.004664760180343015,5.074211730546178e-05,0.011515622293435519,-0.0038303285574134084,-0.043399862197718825,-0.02041606433589843,0.002456091047660521,-0.0008972441801993677,-0.007237948390870853,-0.000649394471913362,6.439158323806466e-05,-0.04294046812460624,-0.2071945748130738,-0.00810823438941596,0.0010185972203204103,0.00501900468541506,-0.008436214633670438,0.0013342365407002892,0.0008183111063970341,-0.0013532043990258451,0.0,-0.0003309045258241873,0.1222812229006855,-0.2491287999178824,0.0012206019111661657,0.009649827670161794,-0.0023591023669859556,0.024911988580587133,-0.008850206106593969,0.021230076401532138,-0.03512414462753862,0.020191445216007863,-0.0002861107554397281,-0.0012233465582531646,0.0,-0.06707152424546953,-0.07924813129453069,3.0642100816309154e-05,-0.00033622029054632114,0.0,-0.0005731848009976065,0.5359466249194419
679,0.12351333743157221,0.03787543876704657,-0.04109396385719544,0.6738874252863081,0.0015095156481566958,0.16133129139622776,0.004512789482515853,0.005331416940816802,-0.16102908787938608,0.014787070791080922,0.0007421747341354044,-0.002201068574392891,0.017007021830891544,-0.06770940612692021,-0.008677724052098636,0.0063737635430145025,0.0018395891687316872,-0.0089023876539207,-0.003215560586930847,-0.00168302917249806,0.02211185692429209,-0.003982148085409209,-0.027941399568396186,-0.017545547810719396,0.010756088977121108,-0.0017969360024403494,-0.004683502506098654,-0.0005526245076424548,7.588963105375449e-05,0.09131522885619237,0.038752587783468864,0.003953671337485827,0.001088708040687283,0.004023915319104864,0.0032797258277549274,0.0004769732660650065,0.0019201408759039642,-0.0010920255520569814,0.0,-0.0004743852960754966,-0.0100354930889022,0.007921490919825053,0.001357213221441336,0.009982370020698206,-0.012137349067887241,-0.004339084973370964,-0.0040974784129260075,0.04283185531716685,0.10623796984645649,0.026751285074091333,-0.00018501083215275674,-0.00036819150140900316,0.0,0.14290056509052917,0.009363865670460148,-5.062585220816364e-05,0.00010588631028144089,0.0,-0.0005109675624852464,0.2628380983966026
1728,0.09990513004898346,-0.04585444971584207,0.1458340976846231,0.10800395753290529,0.0010550932898716148,0.12017573679639415,0.0164293653261212,0.005562724843567192,0.5307797163384522,-0.002836311154706784,0.0007990988368447065,0.0028904039256305225,0.009206150825204226,0.010965407812294495,0.0005711215567112079,0.00423254711780643,0.003117660055117829,-0.0023409648851264253,-0.0043781603703658,0.0020699151639937377,0.013944378747906326,-0.0038505773514519717,0.021211138682966025,-0.018578948743797962,-0.04355234439651788,-0.000788273021155441,-0.0007438923181918556,-0.0008702128557587492,0.00011636825635642834,0.10654371749332658,0.02179038086071695,0.005544079050607602,0.0014534590503440666,0.007774495267278882,-0.005262061250895809,0.0020771912456709766,0.0016091587863310535,-0.0010585721307333202,0.0,-0.0006191657083744034,-0.008075683701192484,0.014732058724122428,0.0013317229728124086,0.007207626866328518,0.027553244982692397,-0.04854762050294531,-0.005904212352115296,0.047308464786375994,-0.010322352217256352,0.03121763970969097,-0.00017450147891689077,-0.0003672162857704131,0.0,0.11405711293798104,0.016693901591672763,-7.930271499005945e-05,0.0012201429617195625,0.0,-0.0007745584401651232,0.049168872427870804
2612,0.060932073268128065,0.0027990990630184986,0.08867432846891364,-0.37571031623793244,0.00040927835269443215,0.31418122862453635,0.016217202041952275,0.009525656883407996,-0.11674061200713994,0.03674985671446708,0.0009207861241808277,-0.000694080673131958,0.009590091692097177,0.02599386107417334,-0.03892623016197442,0.017517100968525257,-0.017749957796962226,-0.002167718981491654,-0.006693428487652535,-0.0013153968484274662,0.012086538309121667,-0.004040402007879352,0.013379966139959856,-0.022644187110069096,-0.11863045628283383,-1.654863494159489e-05,-0.004536818327547743,-0.0010249066096616154,0.00011636825635642835,-0.017105059765481146,0.023146662887700127,-0.015941474979282937,0.0021830651974335522,0.009873778767438578,-0.011854461651051402,0.0025575513962793977,0.002440718516932425,-0.001046968037187304,0.0,-0.0005037451101511879,-0.009543122963077926,0.013997369666424838,0.0013863163659704534,0.01778280393201743,-0.01830721674081604,0.008434832790439512,-0.0052023638749531835,0.04105285875071168,-0.1341991491556786,-0.03933829855825284,-0.0003362611379392718,-0.0008309451884947862,0.0,0.1301743607666604,0.046115763307185496,-0.00033729459759968266,7.285373461944912e-05,0.0,-0.001760210611474333,-0.2316465642875521
1578,0.0853145333749292,-0.015315714354876598,0.11139203569953615,0.19891930838366037,0.001086806986445971,0.05443964117535034,0.013727250370821698,0.005855489869425739,0.2974001240522975,-0.008696781644127209,0.0019520922603532187,-0.00043283875729808183,0.010020246177885331,0.030795783891177597,-0.005092157772067761,0.007739466489428025,0.002577314950812416,-0.0024583374894806605,-0.004369664518115246,0.0005001878090696836,0.015347951423507875,-0.004157403417037421,0.027938948365667345,0.12778775960940905,0.0022706842351292176,-0.0007500821316381561,0.0006900931052390133,-0.000819911501847002,8.240290032519608e-05,-0.01940544571694308,0.02025342155960764,0.00747720261534985,0.0014151513892517052,0.006415607392529517,-0.005332445267750308,0.0017490164278743928,0.002167632027179918,-0.0010766407281666056,0.0,-0.0006046723038124329,-0.0076523348872918045,0.018245793031623585,0.0059978760262782834,0.011864709076136806,-0.0033008120553709324,0.016349906197256958,-0.0052043363325792675,0.0159702021178094,0.030517903647076388,0.023819647362974292,-0.0004244772016234608,-0.0008075478164166658,0.0,0.09099934152337472,0.01846209520883519,1.3281017593837866e-05,0.00012458346896899523,0.0,-0.0008066843369950944,0.057440016331120135
3498,-0.3742792656382062,-0.7614344138914091,-0.26167213291830405,-0.5046951381139534,-0.016908804599004592,0.3559323494338475,-0.02473985923331243,0.013828470815834649,-0.35998020038304374,-0.029618628955436585,0.004783272840249446,-0.0015493013084618055,-0.10410472074796442,-0.21354767012712533,0.01326157243381082,0.021080033276146888,0.003653450406111417,-0.003242070642071805,-0.0050016941635480485,-0.13528885026797544,0.02639172755447503,-0.005882511882642801,0.0803794334437026,-0.03225981904100665,0.008048638701094743,-0.0017401347970854282,0.2824236094025557,-0.0010293447869649535,5.500559675698066e-05,0.005845712029467629,0.03514560864903384,0.010503106764780406,0.002353249001613594,0.005076628969779343,-0.015741280778325165,0.0073472044207852655,0.002474836161337837,-0.0010164758470171617,0.0,-0.0004463298350661299,-0.025461043018408146,0.014254717594763742,0.0028313316277576088,0.030320449261754246,-0.20658923984092156,0.007142964597158492,-0.013669401494295262,-0.1045013275766229,0.013842493661175117,-0.0026938295954424445,-0.00032500937355602126,-0.0006568633407344108,0.0,-0.09897574988680843,0.02999538945458611,0.0076470767293935656,5.41565759318948e-05,0.0,0.030449159812668717,-0.030930146832020024
1086,0.029810285294270444,-0.0026169738289402032,-0.0544957063263725,0.3658676087129843,-0.01307160541227461,-0.2022809305687603,-0.008789250456871213,0.005780382690133991,-0.2881449747634332,0.026867484579817746,0.001427091250735116,-0.0009387191335981193,0.008933198384708251,-0.054520147470458254,0.017980433452792703,-0.008793826529312114,0.0002494415016013474,-0.0032412255019591517,-0.004133324681975327,-0.009863925633261432,0.03805965866663152,-0.005023839277039977,-0.03597921031350105,-0.020198999282935375,0.006488975948669466,-0.0013811229412784248,0.005207002658403298,0.02123774349660437,5.595341576892422e-05,-0.008551045835118383,0.05184833979735441,0.016946708907176707,0.0011495461789190534,0.0044562097953027525,0.0072551625345741505,0.0010632790626700366,0.0024409443494933453,-0.0010837328981641802,0.0,-0.0006368408542051356,-0.012878952387035349,0.01184658842950576,0.0015336510977011365,0.0160110735663259,-0.00794308391268993,0.03344439856835815,-0.010731527062212776,-0.05078298654254526,0.059948333869956766,0.0816274300065091,-0.0004266043457104063,-0.0008247537414916522,0.0,-0.08082599147704679,0.005255308522124408,-6.218508217284302e-05,5.750259631789073e-05,0.0,-0.0014450469573998293,0.10122395837696502
1531,0.11208297475141735,-0.0006147788191574179,0.052340023450337135,0.22601411786936096,0.0008013378221774811,0.14802095625595102,0.02560292530859854,0.004736464533639077,0.3542452930686272,-0.004480264435625911,0.0005149614780406624,-0.0003395152004776545,0.012119319116923424,0.006293654593119434,0.0026700642066674603,0.013945502406390625,0.003074839407139616,-0.0023772861168047566,-0.004123180941003777,-0.0047925892673230525,0.01683462206218085,-0.0038690001013370933,-0.02853028308633241,-0.01619697818176892,-0.042264095741018574,-0.0008141808489722162,0.0024270109441358574,-0.0010152667427182618,0.00011636825635642834,0.0992312427147901,0.02260766640301366,0.006953803795116684,0.0010193015139927286,0.007312771938587769,-0.00744859917683195,0.0008572696307763143,0.0016285607758600253,-0.001075337046304538,0.0,-0.0005853760448117872,-0.009615181961045069,0.015566552156709228,0.0012925165630203294,0.0073603664595624325,-0.004629974770048778,-0.051442500349252664,-0.0056260788574650136,0.02808088869602634,0.0013240686521522774,0.0640336891738922,-0.0001859013641866755,-0.00037372805086355874,0.0,0.11050317550022853,-0.03234948132870172,-5.29286242078459e-05,0.0006261337456477523,0.0,-0.0004563787044703658,0.06119697393690417
1478,0.06903990337517774,-0.018395878074779402,0.22679649355346565,0.2101447885384699,0.0013527021986808893,-0.1840778288429867,-0.011012214543611565,0.005160508791646612,-0.45297893817630563,-0.017115021454011756,0.0032065836861927656,-8.329781204338273e-05,-0.018672445172509346,-0.038958289641323376,-0.0017709962721106506,-0.02598298012280356,0.0016769344049585853,-0.003241864766226204,-0.005490637027067014,0.01465472264591112,0.028599480766848723,-0.005176797608842335,0.04936162618304596,-0.02543248469608685,0.006684775850473973,-0.0019481948001632467,0.10160270087975566,-0.0006035019506449696,6.319434029190031e-05,-0.009749532665956394,0.027242664330251562,-0.04334222738596147,0.0014066509570235895,0.008054960370607376,0.013977870276929575,0.004637303030705822,0.0020331622581026185,-0.0010864195037073871,0.0,-0.0005825021672009661,-0.014909516412059837,0.015088266018276985,0.0014818146103708905,0.014200572429192815,-0.046948523440976934,0.017311365309468543,-0.005652088812406026,-0.03365045398459098,-0.06399666116846439,0.01285072649891403,-0.00027806767902924945,0.06406303510146043,0.0,-0.11666805390507505,0.037081525218744894,-0.00034669273042145694,0.00012458346896899523,0.0,-0.0032358041408705003,0.018653570776139203
413,0.06819410341487923,0.03236652090377798,-0.11582739973427054,0.9028310538671273,0.000637905293970125,-0.04165469295777116,-0.0019257919904396561,0.004382497406654587,0.6478520920445892,-0.008449272221090792,0.001002279338751436,-0.00018154279895282738,-0.07869545298857152,-0.07610125639062082,-0.0019413749442084324,0.0007836517433658846,0.003710653810889604,-0.00958264743184352,-0.003265681961212439,0.000495976921183203,0.013661376171880058,-0.003953132652764156,-0.022129715937666168,-0.02021121106840303,0.0030406866023557928,-0.00013760879956786946,-0.004624172641694337,-0.0011256595016093222,7.588963105375449e-05,-0.024520198472793367,-0.2514085299905769,0.014509270365964281,0.0008719825989752703,0.0023789174621260006,-0.018414532022932726,-0.002108484148697932,0.0014009535512447824,-0.0011953443816037333,0.0,-0.0004145006528539744,-0.014522730797922588,-0.23308869471595015,0.0013750505549013242,0.004651884857977805,0.0019975818360441597,-0.0022412188287221544,-0.007132881853329687,0.0232809999803055,0.0663126704761602,-0.003821001388997802,-0.00028515592401091167,-0.0009344643981266756,0.0,0.11337038984862417,0.006903118388671608,-2.819853399195256e-05,6.147311282376768e-05,0.0,-0.0008015474856300557,0.3615121533506376
1849,0.059559137464294434,-0.005911983695644763,0.12375717783775658,-0.09575424336657604,0.0006473725631149425,-0.1517786770691206,-0.008487742155032745,0.005044438858953416,-0.133125437924691,0.0536262852471869,0.0014632933305990233,-0.0008451895865995846,0.008494880552103358,0.012251364809378183,0.00604757448600412,-0.018652109758713203,-0.013081119073855316,0.002909717579923877,-0.004336436175179006,-0.0016201602707417355,0.030384666893467922,-0.00481155541697249,-0.03752501954022432,-0.02646835288152612,0.0068331161609249255,-0.0017729732685788297,-0.007584127976444154,-0.0014471321440429426,8.027411512829616e-05,-0.02180386327591672,0.047106405177267975,0.015041669193117719,0.0013426262131931359,0.007356058066872562,-0.03001427263806413,0.004974611145478388,0.0025242808557863973,-0.001176063074677787,0.0,-0.0005545851044978051,-0.00951324616605094,0.013756094212174452,0.001443571454187573,0.00622478217684134,-0.025992287932635826,0.042373073371068444,-0.012039861964854388,0.03848928232511861,-0.07448023663047328,0.11146104841935098,-0.0003365503084368588,-0.0008731476663030114,0.0,0.3188677350765101,-0.08124235198983265,3.797139054718591e-05,0.00012458346896899523,0.0,-0.0007377880355684838,0.03618046372642253
3755,-0.7024839559088057,0.056549989495267766,0.18981761468086164,-0.7633811422452571,-0.0033055419485018465,0.06422774993724988,0.06494287956470526,-0.4166419752623471,0.2197060113793613,0.03722174313177181,0.0022889538712171334,-0.00040929736051517504,0.016879820719636417,0.19958792794184815,0.009059258600823156,0.012631400166815805,0.004868431906865558,-0.0030342647875157,-0.0023764434359399163,0.10946917598134814,0.020412594796345232,-0.0022774454063654572,0.0347734889787701,-0.012113932992410509,0.006732780060335167,-0.0005267245867407385,0.2514100721021369,-0.0004857469811585088,0.00010253640960651287,-0.06537483221321905,0.012540850629516685,-0.01338358231582217,0.002703199771394953,0.006808049364808567,-0.030665948756935197,0.003974361491173395,0.002011238364132486,-0.00038343902905303256,0.0,-0.00025739404597587457,-0.025002086366305225,0.01037626893961522,0.0031502777623714623,0.00039626440980905167,0.08497024699261965,0.013225283833725145,-0.011433812423822524,0.06955862718446625,0.006102449014490683,-0.008520077205331277,-0.000374253968547773,-0.0009116187968205499,0.0,-0.06745528530916751,-0.060412202792069714,0.004423922377760154,4.23044786957464e-05,0.0,0.0181186376966475,-0.11859080292729214
944,0.12109558889067022,0.03788277216250618,-0.19265705890300427,0.4292410743565912,0.0009086050204927484,0.0865064364352697,0.04910086876151115,0.004294128822524483,-0.8987653832886962,-0.012860680643219899,0.0009672943140972805,0.005256776031333685,0.016404392035087118,0.026043752018166295,0.012096647017283023,0.00488379513993868,0.0011703574693338388,-0.0070332163213101115,-0.0027700987922830316,-0.011260465617433383,0.01996327062407931,-0.0035144685406394167,0.01253494986748486,-0.018317463730788394,0.010119058808244095,-0.002126377319677469,0.0034318253331863846,-0.000577602421348137,6.583328508424625e-05,0.19350686447094995,0.027243622763544344,0.0040323100923125915,-0.04594800990337224,0.006461408924360635,0.0023400603730828096,0.0003574329669631795,0.0013820662735063367,-0.0006900176291175391,0.0,-0.0005333266200241226,-0.01631959725257026,0.010427158484794084,0.001296505405036347,0.009158127556434548,-0.00486973386669765,0.04293507034097482,-0.004644187527816707,0.079330100590271,-0.13735573578371513,-0.0647509483547593,-0.0001551549443648261,-0.00038126488513906054,0.0,-0.0957973764448255,0.02836524771932505,-4.175140837277041e-05,-0.0005791332888862479,0.0,-0.00045624436707310034,0.14246477230833865
3080,-0.0700501136446908,-0.04542949586910447,0.07723343636758757,-0.30333855514402464,-0.00039759975743232443,0.13482565856767828,-0.0038575352448802043,0.01225953466207561,-0.8797080166657588,-0.019058943817981767,0.0017866642696496775,-0.0025656627263253465,0.031241955585147845,-0.09358173252495959,0.012774961978303846,-0.001694238570355546,0.007171128826346563,-0.0022370692433041147,-0.004951894341145753,-0.0037272289624781657,0.01328581513766646,-0.0043869389489917315,-0.0012801098499200998,-0.031594057950421174,0.00907018065348976,-0.001890598569454499,0.10154969868831497,-0.0007438121609333868,0.00014825391228542517,0.10298041382089361,-0.25754615793215474,-0.007526834657173939,0.002189995106435389,0.009507745026683901,0.01606343794889787,0.0034801133895586067,0.0023058976062121143,-0.0013303314294385216,0.0,-0.0005888525401547377,-0.025853927660567162,0.010317504937134696,0.004657913838926984,0.030440256453390064,0.07409266951389128,0.03347587039434966,-0.009467984996964341,-0.07934713131500724,-0.00865142313830547,-0.024384704216480854,-0.00018030342210355468,-0.0003858221323501341,0.0,-0.07408129653509674,0.08341012121732039,0.004733285676195787,4.6739189884089315e-05,0.0,0.016490706520673297,-0.17771462644392017
2643,-0.2044317673803875,0.02687766344354756,0.07400987403583427,-0.42344111426904124,0.00030968430120330726,0.1647202742240359,-0.010562729339715577,0.007145000583375445,0.4213311948264677,-0.010519566878790828,-0.0036068147890205055,-0.0005178689713256985,0.00862496055090026,-0.047646557921588166,-0.0038433649517731925,0.008507674444473126,-0.03548616201603041,0.00021152489571033708,-0.005737603761004856,0.0032432261478684246,-0.05239177873670997,-0.004261433913036876,0.013003272967006239,-0.021362041719358224,0.002275866788362004,-1.4297458603883066e-05,-0.00416163034898848,-0.0007762622013372964,0.00011636825635642835,-0.019685993854440982,-0.16458299003199262,0.00262271449678945,0.0029675618140089636,0.008466807601505656,-0.007483635820007062,0.0009723969829453735,0.0026733904700389985,-0.0012376888837648398,0.0,-0.0005884040736961722,-0.017013621579919008,0.01399149941590125,0.004462379110701066,0.011171669926755076,-0.032035207974794026,-0.0001611203820225319,-0.009416067677384716,0.03692181298614972,-0.10222186246788462,0.0387397283490321,-0.00034989190978358675,-0.0008253450474906692,0.0,0.14885171384207335,0.05343756961205672,0.0003366252014808473,4.6739189884089315e-05,0.0,-0.00044029465616017923,-0.18644757921546637
2506,0.12369546663773187,0.0670418211391156,0.13591706165769105,-0.4394486099302096,0.0008784858187936006,0.09890031057105875,0.020915101093528857,0.005192259348784413,0.6577989715339121,-0.011140744420778899,-0.013762489700801645,-0.0005058815823449289,0.012216874542943944,-0.060017330576014855,-0.0025688649490138425,0.005880749124198454,0.005336934644819564,-0.0018283596604383933,-0.0042349174017893695,0.0006834216011446932,0.013446352704645522,-0.004114920046238865,-0.033135865060964186,-0.018845594212423482,0.002794245579703175,-0.0007907595512596342,-0.00426633200722458,-0.00047134688336612784,-0.000991146413368455,0.07416867274950938,0.019201656473708164,-0.017347544360597843,0.001876287755005919,0.010210942256549371,0.005541484362565557,0.0012687106302950333,0.002220956695052424,-0.001074847663222686,0.0,-0.0005291792554260225,-0.01071422136607892,0.014136573593795033,0.0013746064867484087,0.011771252456869311,-0.00798436469278989,-0.09149151054046299,-0.005826364897191195,-0.06540629132113744,-0.019797910931127833,-0.03893147563995979,-0.0001844322288664576,-0.0003665408397486622,0.0,-0.059434574395714215,0.033706333591507674,0.0002584848983541921,7.285373461944912e-05,0.0,-0.0004934625479214115,-0.2503891525987425
1208,0.06056896071835218,-0.06352521056396114,-0.26961198625487764,0.24004371232158944,0.001291202890055567,0.04904933581488088,-0.014706335929820654,0.004694482423516122,-0.9281360503454575,-0.007261632228921568,0.0014496824143300118,-0.0012967474655541443,0.022659297189889675,0.024561271499545293,-0.01019972100103164,-0.0031274927102289715,0.0014446473907843969,-0.004289824951145808,-0.0027172762640404863,0.009596879457969238,0.01944754483531663,-0.003970127158140345,-0.0016741460520232013,-0.021205276827908952,0.009282768115606969,-0.002501994058376818,-0.001500251388228692,0.01969514195705134,5.8809856217358636e-05,0.17978961772776283,0.039626254750911985,0.010972835859881805,-1.3287374741318665e-05,0.004594130432430384,0.003173517906148075,-0.003524926962704543,0.0018113662921279171,-0.0008757232331219872,0.0,-0.0007007622728743403,-0.02073650950262624,0.010837957927674412,0.0014500693319723736,0.013410306589689065,0.04011912552727142,0.04819020929847078,-0.004022762230471275,-0.10160868410065173,-0.06806044554876241,-0.060266282446312824,-0.00018489022094871963,-0.0003615996801952766,0.0,-0.11460942800118562,0.011469895420307253,0.00039474923654070967,0.00010588631028144089,0.0,-0.00045310275188053004,0.06826453861733787
1338,0.17734199266304346,0.012280884261865483,-0.02637859516613318,0.46153914066441776,0.0016766147851978589,-0.24879971894188918,-0.007653848528435777,0.00456154478655996,-0.4390949795340816,-0.01608710211994837,0.003764299150444172,-0.0006266679911362403,-0.042010598178094403,-0.053810588537575546,-0.002320831115769877,-0.027154923523442776,0.002590099201169049,-0.0021606557109766127,-0.0054280471325088165,-0.0009189509850877717,0.032865484039679996,-0.0041902303415866,-0.04791414595333978,-0.013021309804976953,0.0044011131681091775,0.00025732298061474244,-0.005503703944632439,-0.0008805216507628095,8.027411512829616e-05,0.07904128839806773,0.04592896592039858,0.01998420560811104,0.0017266901906163134,0.0083356114427775,0.00958122381629281,0.001424664684715402,0.0017073034072891946,-0.001084661506007873,0.0,-0.0006230769471071167,-0.012288375514620831,0.012504430023026132,-0.03772368830770784,0.013720510841988776,0.021749131242538522,0.0201163246530294,-0.008231508250223372,-0.005581312937244885,0.07424407519754778,0.054001947475107594,-0.00018490526977363786,-0.0003684738034579522,0.0,0.24877638844689096,0.009576964286176845,2.970323149580237e-05,5.750259631789073e-05,0.0,-0.0009688648075982342,0.08000245041501827
2385,0.16012045803773223,-0.05828215170610996,-0.08414738353690615,-0.4588445028867911,0.0006723683705750295,0.30389799235150455,0.005481340190556904,0.009103603916825001,-0.5309917797514704,0.062310923316325324,-0.006244352367510269,-0.00047195528691708203,0.00607903790861037,0.0030717362436824378,-0.007074568614762051,0.019021349921012638,0.0015107879478497466,0.002816852840240367,-0.0028434069000726797,0.008359758329562433,0.016948944291954125,-0.004100502805229883,-0.0036061269523946704,-0.019229001870703245,0.0053210492283012265,-0.00034232389530609457,0.0012575698446496818,-0.0009735470932658878,5.880985621735848e-05,-0.013962192780646435,0.02626219293174804,-0.00874091808892858,0.0011835800805379965,0.01003919794906302,-0.00420079101439065,0.001960586753114482,0.002479789295566226,0.021886759159348308,0.0,-0.000606422464259301,-0.010683036345532925,0.014862795040189438,0.001314391469422909,0.024344750668014708,-0.05738949235269318,0.03304226160424538,-0.003698008595060914,-0.049309720145567004,-0.007493525308885781,-0.04153592902088321,-0.0003931114104944105,-0.0008151118571752471,0.0,0.31376519042109363,0.05198870591771806,0.00019340130667591115,4.23044786957464e-05,0.0,-0.0012834415354642794,-0.2570509372443896
306,0.11590734908973134,-0.014747001443308582,0.07504178436370312,0.9409115448869485,0.00048345652296680105,-0.0533591786737593,0.0043341921221915405,0.003800154501081987,0.7377428266789632,-0.010569852071858626,-0.003828729240731298,-0.00022997912723092713,0.00808453021201144,0.017035208392363485,-0.008720239284426421,0.006868602171512898,-0.011837550488468256,0.028307348539112893,-0.006822869748925948,0.0017747945175644966,0.014971410188149865,-0.004181350744399828,0.02651776076595347,-0.017395326497406275,-0.03255739776348183,-0.00024815361958905534,-0.0023244294688983674,-0.0007068424564687447,8.493978194578031e-05,-0.023805657953677395,0.017401553025090697,-0.013462036736943302,0.0009455021801919253,0.0049495394938618275,-0.007432433366410986,0.0018307861239451537,-0.07459395373707638,0.050815991841939155,0.0,-0.0003301090909430621,0.09732208567941085,0.005501029313107082,0.0012989843020032462,0.005345910875929149,0.00022144951932621108,0.026155555855424308,-0.0036229346700517133,0.002099865821533606,0.0011588547916019344,0.027757430678689767,-0.0004209667032058606,-0.0008509159346498389,0.0,0.12084100004501779,-0.08061934713759951,1.1366043973054049e-05,6.520130688246742e-05,0.0,-0.0007902780342097097,0.47771425706364656
1724,0.08903971026085625,0.10025507515670842,-0.1076698444644101,0.11547672511665175,0.001039949822435014,0.13079935987768423,-0.0014562503891519857,0.006402344396143801,-0.25816138532019584,0.016256172005421645,0.0008185670463665595,-0.000991316259264628,-0.0704412125001678,-0.09963166128044425,0.006166211085574565,0.01006782632287932,0.0025857792841725235,-0.0034659389771619785,-0.004193265546380021,-0.0006386920761243593,-0.11365160396636696,-0.00473206511029204,-0.0326365374372672,-0.02745604403170878,0.011238038985726962,-0.001844084111374399,-0.006485207909999364,-0.0004822025437317439,7.588963105375449e-05,-0.02743555064871021,0.04428535459130832,0.009036052569194482,0.0015708336341590363,0.005668353252471499,0.007991060113018969,0.0005315237367457756,0.0018636615513064887,-0.0011403400579183397,0.0,-0.0006374960545895242,-0.013147371721065015,0.017163267885789257,0.0014622717738806545,0.012384359890489171,-0.08505489798873579,-0.0029298731874514805,-0.009349948014704103,0.05363658049744706,-0.12089167647426495,0.07357325500343066,-0.0003359400733339533,-0.0008766946756681089,0.0,-0.09369631551049035,0.007467980923202345,-6.0195267765469176e-05,0.00010588631028144089,0.0,-0.0005861510176312394,0.1055377885062954
565,0.13050162632939077,0.05665229210538156,-0.04699601834872174,0.7149677556722891,0.0015440005630599142,0.18508633144781453,0.021087951878404197,0.007274130363189114,-0.016187337799118955,-0.0055214530930971775,0.0007946742266630576,0.0031183355623633346,0.01803777694454067,0.02392856452682935,-0.003346156448073904,0.00798292242803525,0.001158696418692632,-0.007920176034443852,-0.00350320715905677,-0.0014849637443528389,0.021058402533868346,-0.0037488797299193204,-0.023906764768645873,0.12510791071404925,0.009722115077744328,0.00013223696007242384,-0.0022428201872292516,-0.0007520051185741163,7.588963105375449e-05,-0.015644905872822273,0.019574531801527437,0.003380873422134063,0.001614554419276975,0.005376725065568158,-0.0042691239474473,0.0001012672825020677,0.0019940568061507704,-0.000905670674006994,0.0,-0.00043484453685829955,-0.0074040130668823504,0.011310480984141832,0.0058566616361584905,0.011445243192894533,0.06804940391503503,-0.04282817803408073,-0.0045211079354478935,-0.054214401825116346,0.06608654217934667,0.04216061274320913,-0.0003925811480254337,-0.0007650090145703101,0.0,0.1298977300356145,0.024096147415967842,-5.062585220816364e-05,0.00029440892722138584,0.0,-0.0003789613048143277,0.2584117864449856
3663,-0.032160324102613214,-0.16260117242070413,-0.1907783811444953,-0.4282602012476558,-0.0017956274856746543,0.2543750986143342,-0.020025743588770874,0.012794360346848355,-0.3876633496110396,-0.02008291987593413,-0.018742156287425423,-0.000543607351053976,0.014948036244786442,-0.09095305552021493,0.002041470709367151,-0.011199785132281924,0.013187066678275483,-0.0012271587623377833,-0.0038487367233980573,0.06950518142784912,-0.0648688945516383,-0.003907389967615894,0.03920519762603012,-0.01772780064004408,0.007245554816152132,-0.001779476557419807,-0.0319403458056086,-0.00042903746052093124,7.13287740349583e-05,-0.011181203210092224,0.03047849756655279,0.0070742369378367235,0.0030637189508190216,0.010163196617219455,-0.027401540041628734,0.0030212455126096115,0.0021197168177257255,-0.0005361597299014854,0.0,-0.0005998759274161882,-0.026880224185752206,0.014257856219385997,0.0029603133315991323,0.004623467506734087,0.04351504571395449,0.07456228254348603,-0.01607178338697499,-0.10280293801034439,0.020837293593004437,-0.0027114567003826617,-0.00036202667849746746,-0.0008360284667690495,0.0,-0.08385140029177998,0.07664218358042844,-0.00022890868333316742,4.23044786957464e-05,0.0,0.006195093258737223,0.06422681890888088
3376,-0.1581517623309292,-0.004183920082348744,-0.13319298006640934,-0.6370883237858409,0.00023531442111930954,0.03309918571439061,0.02042957371869293,0.012025806274458619,0.02012557417842552,0.04960124401918098,0.000948833582564921,-0.0003208325894467504,0.0006668230614729585,0.007309516884351493,0.038275604709951144,0.003203418138857326,0.008868504183442835,-0.0029090377416433745,-0.003374456520217299,-0.0025644097512617374,0.009774423373607614,-0.0035688151026673416,-0.02506646820676131,-0.03167764288499781,0.012755863353295595,0.04355883948887608,-0.004511598053460617,-0.0006933658374240681,9.286709089435242e-05,-0.01721016450326186,0.012696864964715128,0.003354949083962975,0.0025343831716239645,-0.4666335711942526,0.0001256322347989126,0.0046781651143079335,0.0019251565538801853,-0.0009264205706073616,0.0,-0.0005170378154458132,-0.018510816245053827,0.013221315548320624,0.004290338133024521,0.014111052246132107,0.10096305834545294,-0.09070684149294089,-0.00616468358572741,-0.003461615452037697,-0.1489057408396098,0.11442335950806191,-0.00024734982345497956,-0.0006924760370772815,0.0,-0.07796003679367076,0.04530356729883454,0.0005306869421428495,0.00042253562356321184,0.0,0.008778253070992385,-0.32003100790517186
2836,-0.02175991697612953,0.033207351118429526,0.14791428503680207,-0.33718491956758984,0.0003822308707201117,-0.19318000034256286,0.041420138938066585,0.010479001851982826,-0.07852825467384557,0.03974909588039964,0.0037558558161959682,-0.0003724963703068448,0.007759001966435399,0.041163282553544886,0.012775947962230588,-0.009836197560835902,0.0012643472657647191,-0.003204178169952413,-0.005016757540021295,-0.0041703605131659365,0.03207283578500916,-0.005415563540640235,0.04902378469686699,-0.0349401201008725,0.0023666199393709477,-0.0018295906753616799,0.13606088429340862,-0.0010029239311682514,9.84417607357588e-05,-0.013893530830937837,-0.28817217246066373,-0.007486573421017982,0.0022977427327852892,0.00957892295782148,0.001722755437299055,0.008868621898383227,0.0025205749912861177,-0.001368601222537652,0.0,-0.0005940169139693783,-0.009442619203156234,0.017235670337169363,0.0014716047990784677,0.03060924152074273,0.08509581783312792,0.027876033166792158,-0.013986654410147636,0.013566328176490963,0.014103424518298954,-0.016546061889599024,-0.0003741699293899949,-0.0008272867881667496,0.0,-0.06384015122093507,0.12426640482220819,0.0006536951257414576,4.6739189884089315e-05,0.0,-0.003548513952813187,-0.23456701459458593
640,0.09748528604460323,0.005857725539564214,0.07097104718718504,0.6557525393180245,0.0005108744642562136,-0.1441745721122898,0.014491219755846916,0.0039849659075813825,0.4973445141945671,-0.009397792412216933,0.0011580001388200364,-0.00021201380094535468,0.009368131795811762,0.022387612328028158,0.0010726047965186917,-0.013448725503066255,-0.010347220398255173,-0.00934838475440852,-0.005698063115608278,0.0018893948007059835,0.017986491799868633,-0.004374171661331542,0.01545955996521826,-0.020897189955208915,0.0021663961781007396,4.874109212310096e-05,-0.009046410607451089,-0.0013268510915594818,8.027411512829616e-05,-0.02623825700357018,-0.19278104296153323,-0.008538868882131432,0.001282202853134713,0.004876312740452967,-0.002407172474321768,0.0016038926152203944,0.0015490629996314485,-0.0013669290332520997,0.0,-0.00048826612651431595,-0.01037609360386194,0.007861653249827669,0.0014115816440803672,0.00683168228918733,-0.014025174238562928,0.013402836264873787,-0.008094167625041077,0.024281275037904407,0.07875194268605366,-0.04495939219816936,-0.0004379628742471073,-0.0008254388288260805,0.0,0.09815160391429575,0.00950817384889839,3.3939616501649995e-06,6.993256874923913e-05,0.0,-0.001047828301484878,0.21713075270733007
904,0.10155882327916597,-0.013550156020073261,-0.25427693484941993,0.48448266410064555,-4.9493084705871e-05,-0.004531720079135308,-0.3137131375869573,0.004392131480802232,-0.24152258994785855,0.006832126034369313,0.0009008824773006914,-0.0008387579060760638,-0.054525530925402986,0.027739590025073584,0.0780031020542353,0.0037288442966601975,0.0009166963591487362,-0.0052468553626713625,-0.0027450751932841123,-0.004854622404044157,0.029511493182739868,-0.004042727293318094,-0.0303198280733727,-0.01646253352819435,0.008016824999700103,-0.0020922331196979557,-0.00025637651420106004,-0.0015223974987207693,0.0009050450496292126,-0.07503367709219602,0.04070184729690683,0.007824924151369698,0.0007511077515669319,0.003015223979746808,0.005753657888163564,0.0003123015613871296,0.0015930487951816518,-0.0010784240767757053,0.0,-0.0005180289838497472,-0.015562757064008396,0.008371013888271764,-0.03529665595520238,0.008009292663584569,0.015363511965931064,-0.060888246019187575,-0.0059414438550482495,-0.029103550705605104,0.03862661014154646,-0.07466874077126169,-0.00018247452643474108,-0.0003654601165589198,0.0,0.18168448095188275,0.023010528146455975,-2.0509357234095044e-05,0.00029440892722138584,0.0,-0.00029421628879862464,0.2232878969405846
783,0.1458164089179066,0.01591016198048743,0.007060592674002728,0.6334796886989827,0.0010915452754519555,-0.05245577622101228,-0.0041208018668084136,0.00512340608215784,0.4165381831892786,-0.0089466489409288,0.0008459667031760269,-0.0002990482962238416,-0.06008274986765727,-0.0668494669353174,-0.0013152093265707849,0.0037460028560234795,0.0019151456670357546,-0.009333367767069634,-0.004104855930317375,0.0007208579776674964,0.01658714113832605,-0.004238911228408672,0.02491603564997022,-0.01615241554423929,0.004760151306008438,0.00019357581554184933,-0.006049889683278907,-0.0008478667966478492,7.588963105375449e-05,-0.023191401837732047,0.028257411321620213,0.006344288563563846,0.0013876615615253766,-0.18877079108377143,0.00792457003470479,0.0004206423510770885,0.0013667391210535795,-0.0010923179938529628,0.0,-0.0005577113678071308,-0.012286426323591218,0.010288745648151717,0.001403087715140717,0.012146694371000629,0.011883406539449618,0.02441191587835165,-0.008529311947042477,0.011242059956902486,0.05645608288727459,0.022385955528888654,-0.00038060994545187013,-0.0007648560189369632,0.0,-0.05598579688666777,0.005219103478774075,3.3939616501649995e-06,5.750259631789073e-05,0.0,-0.000654751580241025,0.24309061225555784
2798,-0.0890550915372662,-0.009408195552171338,0.04826735273057404,-0.4155163270233866,6.249599819832237e-05,0.04595563358650211,-0.10055552092877036,0.0135710214511044,-0.014470006272129347,0.028369554474453235,0.0015693953433656299,-0.0009162847846924274,-0.0406152023745534,0.026918698916011452,-0.0019039010093796736,0.005671690457101083,0.00684685744289313,-0.0026442812823784106,-0.005527660975197636,0.006714280907733697,0.023402009766779176,-0.004852090793511507,0.015168785856019386,-0.028380459491604212,0.0074496858907778865,-0.0019113892829048984,0.0022381543383511067,-0.0013727000242753503,0.0013062194930354703,0.024835781467532132,0.03694991053777223,0.008904961965863,0.0019200383673813285,0.009556444999497975,-0.0020442358334449647,0.0036351858802411794,0.0025089961584279603,-0.0010941668853271082,0.0,-0.0005990568429644646,-0.009806109985437288,0.01567633249351541,0.004160559662034136,0.023612700379748358,-0.008179883616421444,0.012378208861761896,-0.009476002769956105,0.07070004074744574,0.00271692293942431,-0.022548490982351028,-0.00040986098900641296,-0.0007840974161519171,0.0,0.2064596263112017,0.04517144278860788,0.000260986047957693,5.41565759318948e-05,0.0,-0.0005473538194117859,-0.23894454601872964
3785,-1.1599450902215804,0.06265672994638159,0.33988261104365597,-0.8688369665462405,-0.0022685397531622188,0.4203474125000093,-0.1519079804306681,0.01276769919452733,-0.3338473667170061,0.020959494123128985,0.005124343479689103,-0.00010635351328525905,0.019097504527902962,-0.43081616183849436,-0.039693393996004064,0.040385035404961335,0.008618949654822936,-0.0033271104570961976,0.08076136130118848,-0.03842061251942012,0.015483872094905926,-0.002411950547904176,0.04381527116013464,-0.01741563512412183,0.0034887588847517083,-0.0025463762857769676,-0.028499311451280335,-0.0005373629868784967,8.136198589936294e-05,-0.053669224525493844,0.02086677043328821,0.0008678176261345894,0.003040451091663053,0.008274564999253622,0.028134960759961827,0.004979492506303002,0.002444725199040614,-0.0004119125698915978,0.0,0.022919650745025805,-0.022684171670350053,0.01335980146749306,0.004488222972143518,0.011747954109641046,0.13222155664884333,0.11182125442263235,0.24403169457213605,-0.019975377198419318,0.020882887005760787,-0.045703974161821176,-0.0003121241701898625,-0.0006508620987686414,0.0,-0.10684966063494375,0.09584402417395592,-0.0003633634374029301,7.285373461944912e-05,0.0,0.013659408807506747,-0.03471561818707479
2455,0.1076521721931187,0.08184016793531788,0.07729631997681995,-0.4142249566205511,-0.021831301453645854,0.15255771817634103,0.03010501569573965,0.005966221240323217,0.5795553346289737,-0.011893580245144456,0.001044094501151706,0.0018227981527256095,0.0090813855547111,0.039298251694457526,0.011255004142692166,0.00791836346624621,-0.01262144955419063,0.004347112370366782,-0.0031700564581166007,-0.0015320635691873996,0.01771232633641282,-0.0036248712999404505,-0.005401068369265131,-0.010538862418087342,0.0015585046956032504,-0.00024684153371356795,0.0020868484760440177,-0.0010051590943858893,6.945274650325113e-05,0.1187224907725911,0.01834265730736194,-0.011095965865349448,0.002321391978517346,0.0099935334767474,-0.006471304945299576,0.0009399909924197519,0.001556008303771629,-0.0010320738657119896,0.0,-0.0005522847394508846,-0.005949631887728963,0.013433311552818338,0.0013661276684158892,0.0123580543570834,0.02280771353934139,0.03248829875839772,-0.009348440341475405,0.04104017018044045,-0.043580477604416204,0.11614914955533358,-0.00017536058006102753,-0.0003584235410397485,0.0,0.09972604218341606,0.01670660660643035,-2.4173338396768805e-05,-0.00039846532404106853,0.0,-0.0008123650377160766,-0.24175640064780782
3113,-0.15207442530289253,0.1321804646225902,0.020004356061957648,-0.6649338665948548,-0.0017420138231871126,-0.02505148256507494,0.016967775939424296,0.008931746099683594,0.49031935218621897,-0.011180200117654467,0.013511808539397251,0.0038996543524041564,0.00698742757684037,0.03510985374321156,0.046547236359692996,0.020037503223198295,-0.01341640500729981,-0.0032965689647593533,-0.006626909756503494,0.004593414987017666,0.009504188187931563,-0.00553934078475873,-0.023662743097746748,-0.010372522846157904,0.0074501341343797154,0.012984356755994863,-0.005279352825557704,-0.0010161924998884605,0.00014825391228542517,-0.03233389854680464,0.02772965223600918,0.008378094905691691,0.00216698136349604,0.010668638964588334,-0.01650472833494913,0.00368155792553913,0.002241962107089242,-0.0008291856070304985,0.0,-0.0005681620871530871,-0.011542866810790614,0.016001741269345577,0.00490298507217059,0.021503846034958578,0.029079058972863284,0.087276388751856,0.22270069894152714,-0.014114212259960207,-0.0028455738499609815,-0.039952029640733716,-0.00034726029032719664,-0.0007875657068574838,0.0,-0.06762947546183111,-0.2831005126663704,-0.0001646508358200268,5.41565759318948e-05,0.0,0.013726394360831187,-0.39545261284550204
2837,-0.2068580211023159,-0.009689023271638838,-0.013058350822155755,-0.355407358461992,0.0010672132292191515,-0.09024112936080081,0.004330081109155184,0.012201532931221497,-0.27526878735118665,-0.0220187295581672,0.0038415579895326227,-0.0007054111230455958,-0.03647763489502895,-0.0014850946981958982,0.012831849610115296,-0.01615905103592694,0.002260189806175892,-0.003101683662365404,-0.005357010345823569,-0.009292996057497175,0.03192612538178736,-0.005928210013670974,-0.07339509227680652,-0.03684500503873389,0.006475280846978276,-0.001846318086180813,-0.003120033187096829,-0.0009402301922086911,8.840854887135395e-05,-0.004059306527227273,0.039973558834927,0.01848953202415782,0.002312997108188489,0.005013507553498875,-0.0067431486024106995,-0.0610264089221695,0.0021863542152971466,-0.0010895402498648568,0.0,-0.0006042027185300423,-0.015439648762621055,0.015085767594523587,0.0034040458425138483,0.023765938826686633,-0.020379739756828205,-0.035456876798618676,-0.015247794773908793,0.08464172636336263,0.04286962257125182,-0.05480238749878113,-0.0004227250548000459,-0.0008393934309193996,0.0,-0.10173211765181724,0.03154614698297206,-0.00011098266068672678,5.41565759318948e-05,0.0,-0.0006931919612135794,-0.18143774390859976
456,0.13785575472568642,0.04542059976548324,0.011493091897439356,0.8453178451718066,0.0008821182723870056,-0.024570802337681046,0.0038475654504973966,0.005531417254181853,0.5795760259720641,-0.008525072763385157,0.0006318142277957355,0.000932736620534606,0.010557400182144195,0.018525081805021392,0.00445820132840867,0.007440844552189416,-0.011055450239466793,0.018902048725245753,-0.0050036193867274,0.0004987886659490501,0.0186228929692013,-0.004186086764775516,0.024156667558385282,-0.014879601890108195,0.004213270978910495,0.00033722476226438405,-0.004074508012759406,-0.0010322727663714729,-0.0010825232087431727,-0.028890734101831704,0.016456702025799012,-0.013089712228660103,0.0017250986925342548,0.007100121107228693,-0.00790501391133365,0.0004633981289521283,0.0011056566024824168,-0.0010818814071559522,0.0,-0.00043899954711516207,-0.008578084887295778,0.008005481578526409,0.0013785909285901996,0.007509531950088103,-0.006598506813121299,0.0027479044374423933,-0.008572731868076972,0.011268212899350124,0.02047318358202555,0.02674738816861198,-0.0003834319476100103,-0.0007763946438707686,0.0,0.09586476016004312,0.007622542489851948,-6.346861886970583e-05,-0.000314503996187647,0.0,-0.0008765252797805895,0.31278673898097137
3211,-0.14370555033419977,-0.018690300741848895,0.03594442199701333,-0.36177704224990104,-0.0003000196912107439,0.10020495586804469,-0.0874673652180286,0.01610420438603382,-0.0908851350766181,-0.02134789834386804,0.0018807271783271894,-0.0009162847846924274,-0.07299979534986162,0.03312545978345611,-0.0008422569546973047,0.003177229643092358,0.0072149575672555925,-0.002503635160157885,-0.005504081873015924,0.006175190610022509,0.021173881378597565,-0.003868270276739751,-0.013079817189679663,0.3083518342285602,0.011658826732897759,-0.0015762381381682709,-0.0033511208084516645,-0.0016573069209870782,0.0013062194930354703,0.022635344453664424,0.029665714569823552,0.010959905212423886,0.003167543098102515,0.009294859547277967,-0.006489228408055396,0.0045386599747514085,0.0029117030300115677,-0.001101751262918017,0.0,-0.0005991353784151963,-0.015269665650193656,0.016047271263737947,0.010361853110208586,0.024906272017034773,0.02597671130958393,0.027134817132941913,-0.007870492875802524,0.09582421763926577,0.013732157328438153,-0.030539106346276223,-0.0004453522395050005,-0.0008102081659396686,0.0,0.19424446887129745,0.020361687971198163,-0.00021423558060985787,5.41565759318948e-05,0.0,0.008625938457967058,-0.2800992908328934
3642,0.1686095657859936,0.0945023028513974,0.08852714737951316,-0.3070397845344873,0.012633848040057015,-0.22863751108545752,-0.04679423101660579,0.012659033371565447,-0.2826216521150284,-0.029390357662421478,-0.02052791821102701,-8.13931145988081e-05,0.017539527053909168,-0.04844309112600195,-0.041667740685688126,0.018982316074337723,0.013955874296672558,-0.002832346685127322,-0.004822515782389727,0.002230658140295243,0.015238565152644564,-0.003432774456956146,-0.029057305308704907,-0.01763925734557747,0.006301886048344679,0.009908650901636585,-0.025468341430327276,-0.00015183283831677843,7.903996807267022e-05,-0.01120469688830638,0.03519564567049784,0.0054167904848596,0.0024723051752981624,0.008673487878059636,0.0014988944016611772,0.002728438481734175,0.0018866285447199545,-0.000699941448762211,0.0,-0.0005392976710321127,0.15387992195032638,0.011931812394149243,0.005835001233831182,0.017762983700144137,0.162973732413196,0.09329019616533075,-0.014540511342916429,0.1264819983888794,0.04545294473555657,0.013304131632801672,-0.00019574184577349918,-0.0005052831978830294,0.0,-0.07944658533972603,0.02434262482864208,0.0002462256711137912,7.285373461944912e-05,0.0,0.009188742680674284,-0.01641613852792344
3192,-0.1468013338605561,0.226245160408727,-0.06975783572220937,-0.23834424090294837,0.0008819554650532581,-0.009429090680544072,-0.36330097870126227,0.013208632832109306,-0.3383254268091597,-0.01802965409609625,0.0008103123756460025,-0.0009473416740617219,-0.07239795262761553,0.019805248356474497,0.004985700751887552,-0.002766102450821007,0.0018436525317646643,-0.002806080502924572,-0.003082125168675311,-0.00870351272462178,0.012171318476759427,-0.0031521966117908132,0.039917000544242236,-0.030305010311076335,0.013224982146134675,-0.0007050256311121668,-0.0026188790208047006,-0.0008996679770050534,0.0009320788554393187,0.04696072386681257,0.017795213874888707,0.0029525335505941786,0.004821079055761906,0.008960163451732566,-0.0004741789618106857,0.004306112253625778,0.001773044219858704,-0.0008030618312737608,0.0,-0.0004291421379123557,-0.025227653597252563,0.011746467388155447,0.004463406771966785,0.022158358052282355,-0.0221235337225334,-0.0038264075888975245,-0.009232714765608486,0.21520453866434894,-0.1503396477300267,0.17594532822911751,-0.00017107060301445288,-0.000392293499878605,0.0,-0.04955143111705398,0.047813461774485186,-0.000258889853940033,5.41565759318948e-05,0.0,0.00809106326054221,-0.1800595676187578
3647,-0.0688972256019156,0.0327745062097503,0.10118599083325529,-0.7399105563252224,-0.006635897531091567,-0.03005119788972668,-0.25988063303594006,0.016071339072129036,-0.08530718320256506,0.02909600720004193,0.0011458764414247332,-0.0008265860914331126,-0.04903359742888734,0.05020350707600344,0.014202437848146374,0.0029789246496826982,0.0205699521171151,-0.0028896345420444487,-0.0044208547068486405,4.567107213283823e-05,0.02133917878953264,-0.003693548539037809,-0.01569149990871039,-0.023128632545964607,0.010566905844966909,-0.0018173659147774617,-0.005374557849998881,-0.0008657221248239132,0.0013062194930354703,-0.10258462312787911,0.037212498578381804,0.009637045022901154,0.0023491859570912237,0.009605719106557851,0.006361712112381452,0.0036274145160610626,0.0024236472580387823,-0.0009221236609362776,0.0,-0.0004717677492566609,-0.01704034081720484,0.011475230451480615,0.004447980697612282,0.010659544322089745,-0.014905252544366417,-0.1034059436533148,-0.00971433422738934,0.11808932847734213,0.027889805255049836,0.0039933768846104984,-0.00020643977771798365,-0.00039703660289114426,0.0,0.3474887852156137,0.08818098585048094,-0.00023774538510541228,0.0005149697232485019,0.0,0.008313175525010754,-0.14394456133328873
2705,0.021372824090197896,0.16586797156258482,-0.043067515786802034,-0.4447683599848675,0.0009861277114896908,-0.1436609649667153,0.020725254114392654,0.010057040125224367,-0.16244787552575074,0.021438374710456117,0.0031011906875814095,0.004084376362590754,0.011592680931790233,0.030813027516007386,0.016701145462107943,0.004409746820848768,0.002472392189545344,-0.0028436297609427995,-0.005371773217653423,-0.0015040615005305477,0.028653985560582657,-0.00545513680696587,-0.0484888384415238,-0.03199726917085439,0.006818467028828695,-0.000747100213247822,-0.005742728731564223,-0.0011475105237843967,0.00013709988137757345,-0.017163935726533262,0.04465658894761887,0.008930663686139463,0.002636248791806134,0.007317699040385627,0.006604254772362338,-0.024897445169852307,0.0017341166651547648,-0.001003653312815007,0.0,-0.0006028675640694677,-0.006123382460988799,0.017639752606303138,0.0014465394196820388,0.020733397032440717,0.060145811443564436,-0.07775409615352617,-0.014772000599680377,0.045647942186291944,-0.017145334791511646,-0.08633189687234132,-0.0003200268313358057,-0.0007451537976637102,0.0,-0.08256811914951105,0.044963760880897194,-2.9890988562880098e-05,-7.903949282330838e-05,0.0,-0.0005648191753108502,-0.20940257483716446
3687,-0.04151413850035058,0.05123447230145746,-0.20778654701787938,-0.5884407674195341,-0.0072886190223204195,-0.32459814776977514,-0.05763933554214084,0.018006502863397125,-0.5760326010745777,-0.048588532911592146,0.002581506613826237,-0.0025431812917114122,0.019733193594136337,-0.22168936562720531,-0.02353202665431441,-0.016643683662983036,0.02294127134013952,-0.002369777457156842,-0.003329850397981897,0.006155897946805653,0.016408053982793016,0.24260655477010012,-0.0002036954420857293,-0.005265813964997128,0.00903480880605544,-0.0024797763700429467,-0.006531875217328017,-0.0002948056518280593,7.408612023412391e-05,-0.040094063529686585,0.048692651497624716,0.0038469037901370665,0.0023406616170181817,0.006008326761506442,0.01110312377969612,0.002239937316131004,0.0024098390611230714,-0.0009345935608105599,0.0,-0.0004201193050327493,-0.02030921672749556,0.014684416219289837,0.00488586824640827,0.03424917500573266,0.15700949991230065,0.13407471007140673,-0.012219328281714553,-0.08712321435830538,0.05269316642234913,-0.005191080772448098,-0.0004829874041160586,-0.0008795305683562797,0.0,0.2970451318042303,0.06679189832112531,-0.00022316212132031485,5.41565759318948e-05,0.0,0.012291363084489016,-0.078762620078627
3847,-0.6372379603645906,0.13157700505167189,-0.4022783026079573,-0.11857692568601577,-0.014950920707870574,-0.33454294466764845,0.16058468982651802,0.005473973346888679,-0.47317996156726394,0.0076412518356889815,0.001171569965751533,-0.0012131667188490325,0.022844994815330404,0.3975116197773026,0.11952032970242248,0.019199330091947735,0.006602480181039574,-0.0030860774935213085,-0.001083313431554413,0.005238151989325907,-0.08605361075485952,-0.0019170072749889859,-0.005964486833111265,-0.015780957131530365,0.009554572452347409,-0.001311662676739351,-0.012892580463637466,-0.00044119564833139917,-0.00040122834837252186,-0.04489493525970496,0.02550919077267001,-0.017258141600175102,0.0019049203170099476,0.004113741370211706,0.011023010561207915,0.00010372274711929205,0.0022740774539817096,-0.0004766339306095115,0.0,-0.0002580870565200973,-0.01819714315083082,0.011911412056440628,0.0032652232562997993,0.0032857778466169325,0.11064242646360967,0.0320042855783967,-0.011792152557946495,-0.0755253470346566,0.02205859295735132,-0.04074965127387221,-0.0003789598662533001,-0.0007738312019285628,0.0,-0.09752891528388384,-0.02272687284416925,0.00037087690137830345,5.002187990405542e-05,0.0,0.0071095542491597654,-0.05065516160301797
137,0.16484743559526902,-0.0549478963400969,0.006511020088489048,1.0522576197764963,0.001875542351074041,-0.08944587301374493,0.011242463006699495,0.004762507404495012,0.9670851767151093,-0.008945150865231821,0.000770091186481298,-0.00026411316593756047,0.013064160134777247,0.018352377956871214,0.0022281483847924315,-0.010007297062029075,-0.006801318768466382,0.021554502789119162,-0.004537210710681767,-0.00025264333489459213,0.017175443678723742,-0.0036528316960327285,0.027414309118006422,-0.011402830786341895,-0.017601948613226635,9.617449870657116e-05,-0.0011805984454870463,-0.0007849127449487823,6.181024006409768e-05,-0.016759188653651367,0.013496845572277956,0.009466934393699021,0.001700870030087695,0.006635746809312111,-0.002151435708336591,0.0021397474232064595,-0.04464628055918325,0.04977394584824538,0.0,-0.00031977399897871223,-0.0091393212396014,0.006370671517016933,0.001047175334673108,0.01276867678133096,0.007175083613162703,0.02162197923470315,-0.006683107323007675,0.027889020962287334,0.07252604393450578,0.0626103898447884,0.020606706772500934,0.04371951745494459,0.0,0.10471139793508488,0.0036648310974089,-0.0004047315338667987,-0.0005791332888862479,0.0,-0.0007883282457062027,0.6625383140979078
2339,0.09236496011730326,0.012418865410301221,0.02272072281946382,-0.37405210711439874,0.001183660268260655,0.17829337884315705,-0.006453857380763047,0.0070466029900579695,0.5668504648712056,-0.01576189864897796,0.0010760051718267834,-0.0008248996839764671,0.010175461157740102,-0.04824079594828243,-0.007517471026577018,0.0061970643412258865,0.004134404437598758,0.004232265064417657,-0.004059594368230141,0.0001432609216427961,0.014951379901457,-0.004965249979817133,0.011211904138959738,-0.01948031784563463,0.004299189254357391,-4.548292077252155e-05,0.005708224049431923,-0.0004467875739174295,8.240290032519608e-05,-0.019768199619773934,0.02325219041712805,0.007837699271948355,0.0012761289325312235,0.010353665494663806,-0.025992393687929702,0.0016078200133397829,0.0027608593094000356,-0.0010902681439497472,0.0,-0.0006082371649479962,-0.010914817225500485,0.01924289714549321,0.0013590807181653314,0.024742512656106934,0.018040279465016087,0.027056735153884872,-0.00951884248011659,0.008645372305319343,0.006549782874393184,0.0628104838664102,-0.0004233190482979696,-0.0008040840135654355,0.0,-0.059544955541708564,0.04020504824137795,-2.976816522571565e-05,3.641009713381273e-05,0.0,-0.0009096280807685574,-0.22377091720228034
2420,0.11864014065383251,0.12619636089442948,-0.04931025281928388,-0.4084205982203137,-9.448764205368017e-05,0.18502359629052953,0.06344593772268918,0.008804326185130499,-0.06524959062997712,0.025776036980432054,0.0014446272563768312,0.004772351551262443,0.01361427696703439,0.03438987294317127,0.0072430181499485834,0.006484853338144201,0.0022559752935285703,-0.002392885794991606,-0.00376225642899889,0.0005897319611453182,0.019566040950787882,-0.003993464296768159,-0.006958766337851261,-0.023910338533169435,0.005347729101584374,-0.0005697931715136974,-0.0035477155296814297,-0.0012827950261048622,5.8809856217358636e-05,0.07624562757927841,0.03694379111360942,0.005427958528352353,0.0014313056082126267,0.006429829546333153,0.003374232562350587,0.0022871648447032726,0.002201882011128801,-0.0009641715952305619,0.0,-0.0005262330833906312,-0.008483877527204711,0.01389095546510204,0.0013026888296016152,0.02228951657728029,0.08132925617302478,-0.30962432339035423,-0.00625606868087417,-0.03769277379063125,-0.022443276575156396,-0.09701537493467967,-0.00018279274956941956,-0.00036535586445687147,0.0,0.19519032907280928,0.012055402587140107,0.00023844725341618507,0.00042253562356321184,0.0,-0.00037075393643114924,-0.24880230754109708
3377,-0.03868442525280986,-0.026939428017499555,-0.019580437698221508,-0.6011925931917839,0.0003085140829163782,0.07126913748932204,0.02683427998607681,0.012342931144028742,0.15118233550725005,-0.009968355601253922,0.007188112726297528,-0.0004938128691102815,0.005313813932322132,0.01908335587923081,0.026308661347693704,0.011305415874507192,-0.04664630594059956,-0.0017634193607351935,-0.002420736557014178,0.005073744547802499,0.005882253728844856,-0.0036910805895580185,-0.03703280914464383,-0.023937835604998917,0.00909987567505158,8.75181583449207e-05,-0.012296514753482122,-0.000531263624540523,0.000467007728490504,-0.022871941320904504,0.023085034517012586,0.0033070162312142724,0.0037028916351730815,0.010114888327070892,0.008044199361583654,0.0010861236689302584,0.0025535769952182833,-0.0006513202219789116,0.0,-0.0005044023099674464,-0.015711573162221833,0.013848854857919824,0.004558840299016169,0.012996037967185159,-0.05758927717978885,0.0019155172801538526,-0.009431559170148297,0.03987920113992406,0.03539766227807447,-0.0419812927698031,-0.0003798428519786128,-0.0009731199766087838,0.0,0.20135443075926654,0.04655986798059817,-0.000248815943325317,4.23044786957464e-05,0.0,0.0015314167944895448,-0.3340097473168855
3720,0.06106691774552976,0.04366260460844221,-0.1810934730632299,-0.9911308559546839,0.0023437232774581648,-0.09522817257104833,-0.0569547075929929,-0.48023990690820456,-0.2502081483310975,-0.0508183306129069,0.008804719622950655,-0.0003650037016830049,0.01963180458342842,-0.11215724197835988,-0.0383635251831805,-0.002572286825828702,-0.052943357509570986,-0.001886592589660432,-0.004535068989828871,0.08858211964305025,0.005830268075489661,-0.004005583581044503,-0.054586622944685546,-0.021942025165664753,0.00611441258475361,-0.0006035170746833358,-0.04264875657389748,-0.00017334925847369207,8.94125369738943e-05,-0.06818693870941027,0.02212648185674876,-0.000272923735641624,0.0026156556666292255,0.00810728483980911,-0.028629812493525867,0.00019947197802469655,0.002236795801426136,-0.0004890295528890675,0.0,-0.00044540840846840575,-0.018823138660833547,0.007906636155128878,0.004525841076226582,0.021207947409828575,0.11651672116954774,0.13000621432712473,-0.01781117948291589,-0.06324464512222641,0.03163884257657411,0.020656188440993494,-0.0005540419204669722,-0.0012080080578437808,0.0,-0.1072231800950783,-0.08228474081606155,0.00023967016781571495,4.23044786957464e-05,0.0,0.009998260211563314,-0.3136697049473871
2032,0.14947328009130498,0.060759011312985535,0.05611165801512435,-0.23689658717732837,0.0012676009206672842,-0.03955420272890304,-0.002106801211255025,0.005896642603692616,0.509810913564922,-0.014603748056561885,0.0007616272483717333,-0.0005668962572009209,0.011561413822846324,-0.05213444651888657,-0.003928619001224495,0.006450858705860281,0.0032839625966619426,-0.0016246062875206653,-0.003639420577030252,0.009343495278253214,0.01575890575684269,-0.003971399503349042,-0.03909636612070177,-0.016199132165078026,0.004705106394933557,0.000251052727608428,-0.002809301924350914,-0.0006375422072643189,0.00011636825635642834,0.09918696610040727,0.027202692061016515,0.006154778628103932,0.0021347450212248435,0.008805229342187667,0.006666263745888518,0.0004967851366026408,0.0011013470977522038,-0.0010901621372179761,0.0,-0.0005374093967922595,-0.009665177539580036,0.013401016767183275,0.0013262028419382041,0.00728838300586807,-0.007219570448109969,0.0004956886512624941,-0.009390904633837046,0.024899736440402904,0.020994551820318966,0.007959394170086368,-0.00018771339859520732,-0.000371870535633354,0.0,0.12206269867067406,0.019273760809995398,-3.057293990246784e-05,6.520130688246742e-05,0.0,-0.0009168841660539807,0.015520235808752692
400,0.10868687460650238,0.015705204228528658,-0.009298558942243346,0.7164224456552324,0.00025138447968511444,-0.10103391848300168,0.006558077971604285,0.00641006671657232,0.3837824407614388,-0.008773508257285012,-0.004134661963655831,-0.0002231349248849685,0.008740403488507312,0.019019666967104335,-0.007601723581691417,-0.008575023950314018,-0.008377513717028055,0.019625625275888223,-0.0038460391015301154,-0.00439647213321977,0.026737542790007594,-0.00474726261345781,0.012212558966749637,-0.017682446263721067,0.0027133192589398184,-0.0001097646952022022,-0.0024049818951271166,-0.0013456588698938549,6.439158323806466e-05,-0.018364562167808893,0.02767078051369919,0.008935775234083655,0.0011243020608504924,0.0030634424749529108,-0.00730598868848248,-0.0004021450156265768,0.0014524752609466926,-0.0010584516131595574,0.0,-0.0004288215054153963,0.09737960720198723,0.00887161852797561,0.001403254404997096,0.0068277381533132266,-0.0010453355731431047,-0.043212588341191634,-0.003802697674347452,0.026557215944515145,-0.009139490176966966,-0.07880796099824539,-0.00042716225272925736,-0.0008303406046471921,0.0,0.10732601518702191,0.018697928786107314,-6.559054885960216e-05,0.0006261337456477523,0.0,-0.0006670640333007143,0.3545473387336907
482,0.05495377892238335,0.0693649014680378,0.060024268742594686,0.8595811202073826,0.0007732254673414329,-0.20254959491901353,0.01860038845208673,0.003486213065652188,0.3355648434079125,-0.011367773063258216,0.0012611802667927888,-0.00022969886814071334,0.009561726548084862,0.01949980165694036,-0.00018622768082892076,-0.01646578239031424,-0.0031219762800812033,0.02786524206917892,-0.004244937509041586,0.0006594621794870645,0.017638858033563007,-0.003557435611910473,0.02124757714599576,-0.011899151374767276,0.0026397021847649224,0.0006040336162167771,-0.006663518994703749,-0.001286315587339118,8.027411512829616e-05,0.14584595359585187,-0.17025044489846827,-0.010018592506646726,0.001995856415804389,0.005848326615055762,-0.0021543932262042603,0.0016508761219597137,0.0014281679247715566,-0.0011056412380439902,0.0,-0.00048281718957428565,0.10313964465694123,-0.22435343249239448,-0.03761842429463227,0.007700610411215615,0.012688711387668606,0.03331547903724721,-0.008600997498106631,0.03302191158394548,-0.022800228654845624,-0.04704790663939228,-0.00014483051089390504,-0.0004078932841383068,0.0,-0.05923736644596712,0.010022623193248481,-0.0004047315338667987,6.993256874923913e-05,0.0,-0.0010330384787099528,0.37700564757064253
3753,-0.11250824963313667,-0.020184247518438683,0.06426300291254838,-0.6727236157689049,-0.005838238522305383,-0.061813031195438115,-0.09675184822495332,0.01719682016137889,-0.38085589963353345,0.015479447495390033,0.002376590989340613,0.0016033373197433189,0.006572942678578311,0.0020638249427156834,-0.014350841080812384,-0.019609461101883278,0.018914481644371883,-0.002765961264879024,-0.005228958050262185,0.005522776212217958,0.02179714943985361,-0.0026431530877778324,-0.01376086670392712,-0.028847656196426617,0.008814448272884308,-0.0018242604425379545,-0.015024684142332363,-0.0008915782230155417,0.00017728626495612464,-0.05658478774171986,0.031101232449692505,0.01183000860234034,0.0036699420062072815,0.010047500797471192,0.013516120024170561,0.001101909905723159,0.0022225796508799065,-0.0005817674358970657,0.0,-0.0004886382416123041,-0.02423353749612903,0.010575722715938934,0.004455917522772359,0.0378705022802572,-0.03156862610471237,-0.022295141844828094,-0.012038120389143205,0.17041312309616494,-0.129975134389872,-0.04816109212402342,-0.00033883164753312786,-0.000980158844613604,0.0,-0.11176654868683435,0.024914105837799086,0.0003480743784853494,7.285373461944912e-05,0.0,0.00820486640519419,-0.09862899518936367
1407,0.08215451764465098,-0.01794506975633199,0.13582202767888213,0.22783961766034364,0.0003871740230307944,0.04790134599841974,0.003861706067325898,0.004734464307378618,0.0943334804544193,-0.009502307452996052,-0.0032105945840697598,7.403026865093652e-05,0.004871897243968493,-0.03362049861648773,-0.0010247946656835958,0.0027742733879102207,0.004203003504079084,-0.00021356391202361567,-0.0047360306482102325,0.0019230545847459687,0.018579428969995076,-0.004418738576623277,0.0072377565939998,-0.013044456820682478,0.0034883292308556598,-0.0009339765433442625,0.011151024185843243,-0.0006454876893872961,0.00011636825635642834,-0.026519751234443997,0.045321874446896775,0.003101896960105959,0.0013699267945293011,0.00804023232752024,0.0091243586935146,0.001092602317567783,0.0028587625302330367,-0.0011104125491287306,0.0,-0.0006071727400214453,-0.009945895483646904,0.020730672452516804,0.0014530874862070883,0.00946097748646997,-0.0037290591523643003,0.04164942484233204,-0.003926235539353237,0.02623490852357477,-0.08697531648249067,0.0009996340621209656,-0.0003349978865128447,-0.0008465217390256922,0.0,0.1498619026650465,-0.06725964671673337,-0.00031485052318019067,0.00012458346896899523,0.0,-0.0011799143640968545,0.056990501517280995
2527,-0.25942416117289313,0.04530774428326581,0.1312152487734928,-0.444125466681812,0.0011792094072464658,0.1994748989523323,0.0040562014824333074,0.007306709528769661,0.6395316893163964,-0.008790655076703196,-0.0012240105645724105,-0.0002827603892257242,0.017666761535316107,-0.03439763398016425,0.01765690206988687,0.022132125730386892,0.008794305448614818,-0.0024491128285664084,-0.004768842897918594,0.0028648084051367934,0.009096560854016993,-0.0040387760080436725,-0.01334058816230955,-0.019454886715332385,0.0036633681069079232,8.718713971948463e-05,-0.002406471297676877,-0.000802275465957447,-0.0010825232087431727,-0.014805077514689664,0.014788578889307133,-0.008815039109933365,0.0035241104998862067,0.008682809015098407,-0.0017254845506681766,0.0007645525926871054,0.0017591019712266465,-0.001080662451739463,0.0,-0.0004951113155539506,-0.014799767420635919,0.014599184651933352,0.004216575146251539,0.010729797163591816,0.04424091805098101,-0.0579228641351976,-0.0052744039796393015,-0.03589447202193126,-0.023139988997084738,0.016821524241670285,-0.00042430461582341035,-0.0008093998613246653,0.0,-0.045341833040335476,0.033315057418241464,-5.177115376184461e-05,0.00013576576555308968,0.0,-0.0004492228392210164,-0.2409219989987564
2023,0.09297008639543304,0.012838935651101169,0.08120990730704733,-0.2598428063558225,3.6013057848687174e-05,-0.0921498267040436,0.01670570465505337,0.005482031644792101,0.5458009667565216,-0.01737705120225467,0.0015232874404962006,-0.0003431772480204993,0.008953420519120183,0.004044442108313951,0.008045205817446006,-0.010047879281069177,0.003425956091784842,-0.0023772677301791474,0.08538884170206557,-0.0013635670803306564,0.023326898930266626,-0.004196129022110353,0.01928390203725173,0.18047066808013254,0.0022861166312585926,-0.0006332789525037647,-0.006317523638049258,-0.0013700482655912712,8.027411512829616e-05,-0.01706537305081215,0.018679905767410142,0.0081914744933852,0.0017021847498794637,0.0062941468208544,-0.0012519884958227749,0.003716001251613789,0.001712485484715007,-0.0010775896940189468,0.0,-0.0006349384466041358,0.09484568139038306,0.01748636458210871,0.0060425458154795214,0.0079032332425425,-0.011090846828485454,0.02874620149685704,-0.00792355008717761,0.03984144786982226,0.030009143871888935,-0.027773774677741742,-0.0003964776821051884,-0.0006705506168851329,0.0,0.11394876156328496,0.025320674191307832,7.367747752855419e-06,0.00012458346896899523,0.0,-0.0008715666989735052,0.011220327238237017
1331,0.10865716137328281,0.09341667931179143,-0.06279138739515955,0.3503820200835504,0.0012691958809126888,0.4143452048618852,0.03302003945455941,0.006798945203286437,-0.17294551244901193,0.013240139134267095,0.0006458635101466834,0.005485597663219442,0.019560452509635933,0.03233866016483031,0.005652460399258094,0.024001990032481314,0.0007168037569437165,-0.0034904461097497235,-0.003287309857410001,0.009548283498753755,0.02242210108323278,-0.004048811772046812,-0.031195226427186085,-0.01778373387004857,0.016946340812929304,-0.0015689308172073422,-0.0018346201812462868,-0.0007582347044275507,7.588963105375449e-05,-0.022051869887096606,0.03034109422378944,0.006850984491957762,-0.04708014112787605,0.006389145368514389,0.0006999825942381993,0.0006910851194896546,0.001793329915237616,-0.0007895323520278674,0.0,-0.0004342627926295731,-0.007313928590560329,0.017922776200063058,0.0013670180830755373,0.014740190701250492,-0.01644329335344082,-0.008268232571245749,-0.005111645021375166,-0.07995547913430932,0.031927584144019625,0.05844609981132028,-0.0003872850437095933,-0.0008073625585270645,0.0,-0.05782465300959582,0.028352586194983508,-4.957655455434866e-05,5.750259631789073e-05,0.0,-0.0004344823338775117,0.11724252136468744
3035,-0.08624151047928914,0.07192765219198444,-0.07764874355616627,-0.3435839149692679,0.0006390618902412954,0.13961785345707167,-0.0018842764729010027,0.01107759777517419,-0.567000927101113,-0.02365950195831606,-0.0025237204621282113,-0.0003676919661397144,0.011837663778305503,-0.053441791141767954,0.04118300003316484,0.01285350682050586,0.013577875152852038,-0.0024162207235214625,-0.003938583750327371,-0.005321586757454744,0.020946547359195936,-0.0037634376059843605,0.010059110412933898,-0.03314184785822762,0.0064225755795911865,0.04184052897955223,5.8718206089121764e-05,-0.0009581223896686446,0.00013709988137757345,-0.01962569710546177,0.037834031256532855,0.004189347883327215,0.002296214795837777,0.009199995943170754,0.012155787838600387,-0.0011810232638169733,0.0021704827310912397,-0.0009525203697611533,0.0,-0.0005909351071248974,-0.022924594354967503,0.014270766172345075,0.004815175915936667,-0.1796020242160064,0.1945563060754187,-0.24729281856297583,-0.009286893773247767,0.11690688636490604,0.04086834659235124,-0.050299432842982494,-0.0002877173057121792,-0.0006537674969593804,0.0,-0.09488367648737474,0.061837803451922184,-0.00023904799359783797,0.00042253562356321184,0.0,0.014055337948970232,-0.19299432923930634
1344,0.07409683206323045,-0.02632146807592603,-0.07733187575310224,0.2526213710837474,0.0004756109469293019,0.0750424610931394,0.06576545976293909,0.005740501238702092,0.14156934532725415,-0.00832627323728695,0.009460739093506825,0.003938186854567872,0.013614402793402492,0.03863482001416787,0.03750891438877672,0.006535151722437627,-0.021394201496134486,0.009150326708558146,-0.0034769801776028363,-0.0009304921303810428,0.02071525197702701,-0.004879342253508492,-0.023297454342815445,-0.017381194171693554,0.0045040389486232695,-0.0029543769188482144,-0.0026605300781297023,-0.0013781426524926302,7.588963105375449e-05,-0.01654061450731097,0.03632134308504262,0.012553539150097213,0.0009496306202257522,0.005568450870213228,-0.010805373908559523,0.0003322395807605779,0.002194247705658755,-0.0008939929929246568,0.0,-0.0005031285164564201,-0.008627204815056124,0.019319689597122526,0.0013697785705567421,0.013307912249722819,-0.015312029664159945,-0.004119552581527221,0.11533062093216528,0.031086881026045312,0.03647749039834875,-0.023917546717318584,-0.0003378970644110961,-0.000754330392359085,0.0,-0.05237499298668314,0.019241302277024846,-2.2958558374786627e-05,0.00010588631028144089,0.0,-0.0005217250173539265,0.05740314936319713
2780,-0.2662344099224614,-0.039177566340333626,-0.027892708773378856,-0.4459069196133428,-0.0017109191431547658,-0.0757441102676252,0.04052542419670508,0.009269884400945292,0.4013729340825029,-0.014074166615855097,0.005473966218553311,-0.0003133708703949094,0.004512590470036217,0.02961396866816248,0.015848523550594143,0.005948069757660975,0.008164831719172238,-0.0002872658919744139,-0.002749374518166664,-0.0007789433477578431,0.010821870707105262,-0.004433851959631052,0.04025437495246157,0.1943119276068626,0.0026458525478463934,-0.000651718154198841,-0.005633334655695844,-0.0013525191100200956,0.00013709988137757364,-0.022722599123701233,0.014788762520906305,0.006268752678245351,0.003931891370971883,0.007187637213806851,0.011802980678495332,0.0013245304233088832,0.0025351559677604823,-0.0006885269768774369,0.0,-0.000548477093348269,-0.01566776271778305,0.01704746632108365,0.009331178290489645,0.007239251980188671,0.0065548096308176975,0.007009274822332636,-0.013667373232721464,0.07103426374549952,-0.10470664547791561,-0.0414842543145757,-0.0003531111078849294,-0.0008883900463338475,0.0,0.12953085403997394,0.02852732984403856,-3.296562474884696e-05,4.23044786957464e-05,0.0,0.0028857311100439257,-0.24201339310439746
1584,0.09883623382675959,-0.009143785801135859,0.05674938354397654,0.20974034695457405,-0.018227166926811724,0.3843086058465179,-0.014976654164812777,0.004915683083116429,-0.30269969178027534,0.0007730296203340679,0.0018490921154387223,-0.00100513906470648,0.008344256163241134,0.03253226267686987,-0.0004790473753430508,0.016687481501846325,0.0018023318686335235,-0.0024829678063912715,-0.003240082684307961,-0.0030432387211665477,0.019945754110118057,-0.003657630777903365,-0.012601523253152112,0.1372473624247554,0.012229836390410021,-0.0018099226555159293,0.0038705257611145426,0.02445858070388856,6.532312548880023e-05,0.052446273536792716,0.03474879759865611,0.008123288497168953,0.0010341404572535113,0.008715111220230954,-0.007402789379729569,0.002793602322249008,0.0024947126877659003,-0.0008156208883509229,0.0,-0.0005452807222597728,-0.009746025900445104,0.015686774013850605,0.006350412454756526,0.01667569531479488,0.012465845095938222,-0.0017869162569561126,-0.005671267171791365,-0.02619245405515249,-0.014148070349798925,-0.07163434699903061,-0.00018483551314930856,-0.0003673512607299047,0.0,0.13403577631488614,0.021050796514544022,-3.494170753319187e-05,0.00010588631028144089,0.0,-0.0027459702222082188,0.06092455040001307
2441,-0.1207146739276611,0.12520668605312657,0.05822623753642879,-0.43149835154929017,0.0006270152164770662,-0.08689540580221541,-0.007651825425429684,0.011834281154000157,-0.5592962344787915,-0.049781956186552734,-0.030679842502932982,-0.0023017095713006312,0.013203802477945621,-0.06880263953343267,-0.015929586503879562,-0.01310144135888177,0.001077209199135103,-0.0031439629355848892,-0.004863908846682243,0.012039200045406841,0.02304994034295759,0.4001256623367193,0.025620591642366984,-0.030546044862174233,0.005250441619353669,-0.0015222260832962232,0.0010483335771896618,-0.0010107965759097877,4.73118084016688e-05,0.0005888006608024289,0.038091075921846615,0.013453031478890326,0.0014160608093476271,0.006183722035551116,0.010787891131178536,-0.001965945461922409,0.0017618905811536056,-0.0008599701267687883,0.0,-0.00048799822984398175,-0.01737166427813567,0.01512882409172742,0.004423778081665056,0.021805221943627513,-0.05907843420770945,-0.136239448793394,0.20677261388032667,-0.16159684254904652,-0.0034835533403837085,-0.03471704163381825,-0.00035288813565518043,-0.0006664833419533932,0.0,-0.10640627706432994,-0.002283103320212633,-6.092621718200576e-05,5.41565759318948e-05,0.0,-0.000589278731226643,-0.17597954442391214
261,0.17626146731005995,-0.01580502282401061,-0.4869003343595749,0.8681661639850791,0.0017743434065048262,0.2174522783077816,-0.002733448981530104,0.005464844164898126,-0.12050324450237185,-0.007540720317339721,5.5006692723547735e-05,0.001060716166455469,0.016475562363229355,0.030208739735824,0.003779807903188693,0.013278791135865147,-0.006718224719482028,-0.014731849167186992,-0.005357791492472603,-0.0002253146803017689,-0.0970969201613561,-0.003239962304725877,-0.014084673000343762,-0.012863131927637843,0.0031257597713927306,0.0002118559897012336,-0.001532692724975363,-0.00046032718115789214,7.588963105375449e-05,-0.026323195708324185,0.013689661823703306,0.0073136264586600485,0.0005400751779134996,0.005502715608285763,-0.004713582207812785,-0.0008698571114512843,0.0016885974613589454,-0.0007141183704873673,0.0,-0.0002586491445361933,-0.00842788654585625,0.008623866873943191,0.001224243610899412,0.014470084707409453,0.019475881012337593,0.03733569034065434,-0.0048845041084559955,-0.050288538048071964,0.03835209093139141,-0.10966460074522631,-0.0003874528803401466,-0.0008586467660912783,0.0,0.16023829616512494,0.016898791246035084,0.00011963567293127458,-0.000314503996187647,0.0,-0.00036692325938629387,0.4345515352944799
408,0.17450425061832053,0.003922854447994039,-0.08766530854854748,0.8907869265502008,0.001284820575033666,0.38701815484870683,0.00126639828851568,0.004776929822989549,-0.17154413987310388,0.012208042384297553,-0.001312768154190443,-0.0006092717918118822,0.01937528471025965,0.02176832472704686,-0.0060267385216841805,0.030215699715233843,-0.010761305928050217,0.019353440948665254,-0.004341926616862299,-0.004252476077275052,0.013634169213909803,-0.003680981799734629,0.022167821457733567,-0.01807790101151864,0.009459616290219902,0.0005289745894914139,-0.0020382605335407386,-0.0005880401341995488,7.588963105375449e-05,-0.025718999421847626,-0.19257515612865356,0.004469028185602652,0.0005779214524229852,0.0033254842904107927,-0.0015023300718352629,-0.00044531362847429287,0.0024100157098453315,-0.0008076369942178053,0.0,0.026280533556463342,-0.012452361293934143,0.007519870107871046,0.0013651790414533924,0.0076051835191823965,-0.014361430519413153,0.01112156483286789,-0.00255283218100382,-0.004697556449692832,0.07436884866008703,0.09665584897838199,-0.00043883894146020183,-0.0008262222581363053,0.0,0.1554081314404375,-0.07645828626495794,-5.455770795170038e-05,4.021059054548182e-05,0.0,-0.0004527461591184846,0.3887347115283649
2102,0.14503592027459633,-0.04885711033780528,0.07000739195740227,-0.21736382960054715,0.0006443370055487841,0.09048511688280138,0.0024010714132332144,0.005164301291811731,-0.051699553596204054,0.049840956687565593,0.00196981699560832,0.005148487940259351,0.0083989610948997,0.006986559641050694,0.004766068872688327,0.00988255678487118,0.004742357469890882,-0.0021623412607065123,-0.004078269117158377,-0.004357147129098505,0.018151086967506492,-0.00391038593374401,0.038652411420754575,0.1761881639055314,0.003983093742144143,-0.000621666744397687,-0.0008522890788245576,0.018417883417894052,8.240290032519608e-05,0.06033197457764923,0.03595267774464254,0.006822698748924726,0.001609238921854672,0.00822873964742823,-0.006494415238301783,0.003039840489289468,0.002581781877890119,-0.0010773447432672722,0.0,-0.0006100790074330132,-0.008210925705333697,0.013536626963567286,0.005040613139070887,0.013763153429361638,0.007242682528339546,0.03314847233273817,-0.0078099127070865365,0.041018828179372614,0.00398886657925584,-0.01057878532718611,-0.00016054404980961155,-0.00035790300220477745,0.0,0.16045889555909637,0.0073772811804678345,-1.8702522451598922e-05,0.00012458346896899523,0.0,-0.0006259437817363485,0.05278769087247935
2016,0.050429106771882476,-0.05803347785892922,0.15620083585579536,-0.3132267072767801,0.000668526992556937,-0.15017174999756006,-0.019029876950166714,0.006516177108190058,0.5418721381591439,-0.019841694236138723,0.003942975694311877,-0.0008163099873966942,0.00885493824690396,0.002807128065747234,0.0035496684584121274,-0.015125923700653339,0.0026755369855700566,0.007387478185032836,0.1030030893899905,-0.012176843004742527,0.0215481621094256,-0.004921842028129989,0.06086792506249358,0.2446098584204386,0.0012252902303538501,-0.0007100806221755882,-0.012016180745727426,-0.000892527246176594,6.319434029190031e-05,-0.005210310297241744,-0.17799701772614604,0.005283299539816927,0.0016562333576053399,0.007314244834818097,0.022990999400750174,0.0038520567130649,0.0022885365196549504,-0.0010805494459304647,0.0,-0.0005890845791394493,-0.014966680981114021,0.018590232136941047,0.006419329023887543,0.012759634445028034,-0.006825805663937718,0.027041317159629857,-0.012925246102650632,-0.04688541416541868,-0.027587834401965616,-0.00015059538298181697,-0.0004032252361409045,-0.0006793590220596851,0.0,-0.09849979554356286,0.02656770418999909,-0.00013588237704395374,6.993256874923913e-05,0.0,-0.0010165236082346288,-0.017727190012406822
2151,0.1277698599046694,-0.015207473430539359,0.05288762663570233,-0.34906471738464184,0.0005790062469620335,-0.11757708113033204,-0.00306565046224375,0.005519197215476659,-0.12751957632957917,0.09662183453271124,-0.008788929237041394,-0.0016505920606602682,0.012824568275714104,-0.05383745208045627,-0.013755950628790578,0.016313455104797224,0.0038617740205922164,-0.0026733147797366476,-0.005375172391683465,0.008101627030922555,-0.09748608167460747,-0.004906891441383029,-0.05119402119364609,-0.028601311742381022,0.007569654347981638,-0.0008212441991334765,0.06640777158594022,-0.0005145135499706077,-0.000991146413368455,-0.0118636921107495,0.03622286319682878,-0.03121627232379447,0.001406841229065834,0.008318435161255855,0.013719580754891518,0.004663323107106917,0.002559701041916218,-0.0011126478199708005,0.0,-0.0005834585519630972,-0.012583150228548546,0.014799508959947711,0.0014304636868596907,0.01250668762815065,-0.033380279053026936,0.013026710573602973,-0.010037115105702142,-0.11512352449407919,-0.02803838678096062,0.020652343923294052,-0.00042099623150990676,-0.0008372503144986998,0.0,-0.13990093042229543,0.0038602953172070507,-0.0003186245766462131,0.00012458346896899523,0.0,-0.0035186098751727245,0.015408514515558087
1731,0.0915423260591387,-0.05767670037018541,0.1352699242328793,0.09712813674609144,0.0007959015890902955,0.09563001003012375,0.0048480164300104085,0.005186763994076202,0.3482294036216588,-0.00738844443833892,0.0009675088587150113,0.0027880702818796725,0.009932605093469295,0.009878734499557429,0.005525169381461446,0.006451980064197701,-0.013697867663848848,-0.0025681027655776447,-0.004792604362717131,0.00034793434380544456,0.013044561715430236,-0.00456173213283041,0.026383260207486034,-0.022955099874508146,0.0016381488856085193,-1.6089186158326623e-05,-0.0030053213639857643,-0.0008695320684457618,0.00011636825635642834,-0.022027134247363564,-0.19101258178471567,-0.0021123730059526002,0.0012771481408667099,0.008046563695026496,-0.0038966164217048116,0.0013002549521968592,0.002540793023764973,-0.0010626546991452908,0.0,-0.0005428479698588138,-0.010320882409370232,0.01610569606499996,0.0013665533229962328,0.010393522183369103,-0.011864197904419822,0.0019158143369121952,-0.007581550923876203,0.02868987024737196,0.01493580554686507,0.05917386318728711,-0.00040006069730077364,-0.0008074935326442394,0.0,0.12067472616014205,0.0006842062603488375,8.508723386502745e-05,6.993256874923913e-05,0.0,-0.0008388054167473804,0.05843546764816317
2793,-0.2618692911783463,-0.229046575448021,-0.1967351201409583,-0.4370046799707427,5.817934678612365e-05,-0.1624764502798391,-0.02800642494250604,0.013586487861560678,-0.04407292462262236,-0.03280276231919034,0.005964221474382224,-0.000897422905777515,-0.03110946751975734,-0.08640286870115546,0.028463646857665757,0.013229225494749036,0.005644432345932779,-0.0027329325337140924,-0.004440319005302127,-0.019432618022328527,0.018576525111195535,-0.004842954900406831,-0.04173990185244577,-0.02360704030810531,0.004985158048568685,-0.001858775245462149,0.0021122127909988346,-0.0011516120291147963,0.00012002010654117759,0.043749184659599524,0.04277193336006932,0.006721155988132574,0.00248744943164814,0.00844826971478096,0.007280569766129921,0.0053341811068351305,0.002233047027399957,-0.0011003539521412112,0.0,-0.0005985491411829101,-0.015897953572735393,0.011361589101578029,0.004380144229699179,0.02165785998006696,0.026191156805127496,0.047707427293892324,-0.019041464524547382,-0.14241507279894428,-0.003424827450728676,-0.001390310074138538,-0.00018373406605115425,-0.00036482544837330777,0.0,-0.10755966264504234,0.03263115823628996,-0.00029593537930728447,5.41565759318948e-05,0.0,-0.006892954709551215,-0.26604746773371746
2262,-0.05154225629720933,0.045502422802630615,-0.09214795269683293,-0.4090451177489162,0.0005848424351295789,0.38724023037376415,-0.0026401172280672482,0.011698752424043656,-0.03870910703720745,0.056399111687077765,-0.0022836470742250577,-0.00040376099971472644,0.007427675981140325,-0.038076327063295855,0.004824543825345283,0.01626616638911366,-0.0212909453343087,0.006104325283524836,-0.0035417036305725384,-0.0006801852029503097,-0.061279053205138274,-0.004039536873366118,0.01223762683984184,-0.024838609952948724,0.012586216975515672,-0.0016855666100266595,0.005935019836870725,-0.000830772749734819,7.588963105375449e-05,-0.005036575843240293,0.02885714024034078,0.004232127196001129,0.0012078316790789987,-0.42393655983392103,-0.012503051747469414,0.0023496150146485742,0.0024329992787600445,-0.0008420096099181996,0.0,-0.00051033458428912,-0.012948435416035697,0.011746942372491201,0.0044776260652683005,0.016205276446962718,-0.020893002987950063,0.00021475007010597603,-0.005126310328945195,0.04378571344652244,0.022468002884594097,-0.007362061902497995,-0.0003798740174843176,-0.0007601266076345969,0.0,0.1954082492382249,0.03214831068808093,-4.13638898041974e-05,0.00010588631028144089,0.0,-0.0005650163475351173,-0.19338039867028262
495,0.16675378299519653,0.041449301235288165,-0.09420325498125927,0.7259398949839239,0.001994252217338475,0.355517208174592,0.021344959086317464,0.00497646700697086,-0.8634115501257728,-0.0112075495540504,0.0009157473644651956,0.003420090784586296,0.017763118293942348,0.01057145804930275,0.000720794602764314,0.0019159235137935062,0.0027052403233466154,-0.014141968383712804,-0.003455863730758164,-0.004097939328538378,0.025459378068060683,-0.003803292251109453,-0.0015433863525151064,-0.016063694761194968,0.012728902625858567,-0.002546037406137645,-0.0029626782662107356,-0.0005415920784964047,7.588963105375449e-05,-0.021808037294820098,0.023415517860219157,0.005254008065186243,0.0005049425751019038,0.004601242675046832,0.0023449386621532593,0.012943609878959492,0.002177647901237922,-0.0008252023793429784,0.0,-0.0003515312251423691,-0.018474502405638474,0.009645847986694791,0.0013900164098312638,0.009381314924090745,-0.02898728467757549,0.012374103366090862,-0.0035597901340402374,0.06653108233335428,0.07752990020061755,0.12525237419909774,-0.00038715721159953,-0.0007007257144615486,0.0,-0.11129054613068172,0.03407295539223798,0.00024802779721188776,0.00010588631028144089,0.0,-0.00048824004713195657,0.28918854097809915
160,0.1879566988614188,0.019184268208283867,-0.0984457146351763,0.8764887580246778,0.002057081561818335,0.019648735986689262,0.003682618074137528,0.007731250978164072,0.34085415808522895,-0.008965059493666007,0.0013306567898499113,-0.00046930376668803236,0.013120748371191709,0.021399643495933648,0.0029459753911062325,0.0026914204349099153,0.001340354959979956,0.0180547307972626,0.0366257198853619,-0.014894567843524826,0.013923641639270342,-0.0038690944448290117,0.030418532667909254,0.13838410502979023,0.001307267665352035,-0.0006338752886575999,-0.002848021953837508,-0.0008314321180680901,7.588963105375449e-05,-0.017867766033981575,0.017837890435957085,0.0041454500812516054,0.0010075587560439572,0.0028745923266785536,-0.0037546120708787946,0.0017532550110514016,0.0015723812397129646,-0.0010229598307976786,0.0,-0.0002588013395921281,-0.00600749851088133,0.008426694265987003,0.0050244663160087175,0.005887782762027659,0.050464282812219007,0.026435853210519507,-0.004200818154622941,0.036905135657417674,0.06398102824330666,0.11779825575908007,-0.00043516978109942614,-0.0007826324285974759,0.0,0.07701464881237964,0.013342999902991858,0.0018873150592277645,0.00010588631028144089,0.0,-0.0006750673190810961,0.5212984961037518
2570,-0.16284382052518115,-0.05526370346358038,0.03822625361684363,-0.43741807954731465,0.0007739053895409396,0.23734753358669933,-0.011859636456760641,0.012876712988062715,0.15966183818810442,0.0008238091067903247,0.0014487507878190313,-0.002653843329819001,0.009628941385634,-0.06803308196413539,-0.02131989167757334,0.011603751314704602,0.0053870267270883015,-0.0017853127411992372,-0.004763729727324643,-0.0016959292460407332,0.007298903065736876,-0.004507010134313187,-0.01266265078509433,-0.020306638824275337,0.004024894884402983,-0.0006798981794901022,0.004145411662248196,-0.0007715987226263458,9.928848152003247e-05,0.06692748517971132,0.026462244696530947,0.004530879289116268,0.0023834381484507884,0.009848615946152325,0.0014566716591231496,0.0018308925542285636,0.0023469546283998058,-0.0009585424426260501,0.0,-0.00046758918585336425,-0.012170452660951035,0.013458863634877291,0.003943094399932703,0.02155630347137435,0.15884308010072531,-0.3024350671844012,-0.01022976663976858,-0.06419773017721729,-0.01803637163824596,-0.046028587556883334,-0.00020418543686411616,-0.0003710856231831951,0.0,0.25266691366499,0.06030737382907259,-4.1403150815261426e-05,0.0005149697232485019,0.0,-0.0005044567971740528,-0.2891406571522445
1184,0.08836569631359811,-0.03313187776846149,-0.015507205559014194,0.2286741112764611,0.0007713875446634477,0.05128842218555212,0.0007387393480297895,0.005133069528164762,0.4271057104103593,-0.007703828394903009,-0.0026336983911080226,-0.0003359400987231458,0.015287818192787352,-0.060052641568831486,0.0010194450698491817,0.004790444779182299,0.0018348626690936635,-0.0020783022135966575,-0.004252401427108431,0.0015491795481078511,0.012326307720487574,-0.004092851647314832,0.0032819468877992274,-0.020960465649616792,0.0019055065176186402,0.0001398491700611123,-0.012039570812891738,-0.0008845374118399623,-0.0010825232087431727,-0.01984196490796606,-0.2827645717099962,-0.011722443797951338,0.0009978913495013076,0.0056806975292562414,-0.005024698319611666,0.0011929357599854283,0.00210569762020184,-0.0012662382783703483,0.0,-0.0005408886049278154,-0.011471182429667826,0.014561009161509294,0.001404725186271475,0.006299007879026091,-0.008501472497640132,0.017375129889476638,-0.0024509753616600884,-0.0010431907097132132,0.029546992210961288,-0.05419193997565415,-0.00043832595977731523,-0.0008254940086822162,0.0,0.08662827843108646,0.012509805899323588,-0.0003392657305213349,4.021059054548182e-05,0.0,-0.0018390919244770654,0.06830242753789689
3668,-0.43209756183525455,0.06616243497701599,0.0852988017812802,-1.0686283033213126,-0.0002178685074403907,-0.011643579479573996,-0.042594109709935817,0.016615434708853762,0.0439057342231945,-0.021891578304697845,0.0013228886960381095,-0.0007935792467646988,-0.06131337082598929,-0.1696765568459544,-0.028029906247042574,0.008714565657478896,0.027427329489577053,-0.003104607608032243,-0.00530005536129523,0.011398867777531258,0.012556670277949565,-0.0038710307085161213,-0.017041424401486985,-0.016792350746138555,0.007803961168698369,-0.0007513574903499802,-0.0017546854815790873,-0.0008771519222931945,0.00044992795365410813,-0.015693556366629575,0.029056977044434225,0.003168091167789072,0.0035650864164885774,0.00840280205604843,0.011715698726586211,-0.01758127876279098,0.002551129393598329,-0.0011807247880653018,0.0,-0.0004890227703712974,-0.019603293968475655,0.0157114940118769,0.004477063132093082,0.005952459368783062,-0.06434006939898645,-0.1090550791311343,-0.014088772827940499,-0.04172038150191609,0.03999923820229489,-0.015080442412473213,-0.0005068685218133084,-0.0009172483280706704,0.0,0.33793226804572485,0.02784546411259985,-0.00024858890715840905,7.285373461944912e-05,0.0,0.009080069739928375,-0.3155143966243947
3117,-0.42114218749639587,-0.07225188174813536,-0.013374649815315573,-0.5426435835806515,-2.6709894581513174e-05,-0.09572940802492848,0.053062175325020236,0.014100754498436317,0.04446602779446181,-0.019019870078120057,0.002925870812575839,-0.0006950083003390548,0.01196939525449004,0.03278634855577094,0.028074148196385148,0.014679769369847596,0.004051311784870748,-0.0026914971173932043,-0.004303227221642928,0.00493303295347016,0.011088831775576683,-0.005631388145639204,-0.01831480306628474,-0.02179337381662162,0.008484715830465079,-0.002333759734293602,-0.015623350863427728,-0.001705238201490511,0.000467007728490504,-0.018630606202915848,0.027326537296579603,0.00826092541977982,-0.1293655719978201,0.008260751403765776,0.002949126321289868,0.0034446141698537104,0.002211114410279702,-0.0012183227593919495,0.0,-0.0005692512597858384,-0.016352484485474397,0.015781114042678124,0.004943607124617604,0.009254572844049826,-0.007574442433950292,-0.03515876235734776,-0.014011451021118159,0.1086161847637234,0.04489923193058511,-0.04489295102012142,-0.0003987533419979369,-0.0008812083186110851,0.0,0.2102263351132064,0.03735416071386373,-0.00022890334116694048,7.285373461944912e-05,0.0,0.011487567074203207,-0.37501793034256875
2719,-0.1961473666085031,-0.1308687084847514,0.11466721226042847,-0.4568495379740497,-0.020116843363456722,0.1178587558541268,0.004319690963323937,0.009742853964800508,0.3455503633716556,-0.017893472043773985,0.001572966926434893,0.0048913778882058384,0.01018548229524203,-0.0033543466037041308,-0.003565591447301764,0.003335764606506432,0.0029341424513277966,-0.0030498453887570364,0.07886611283832952,0.0790075385787699,0.01500250515813857,-0.004556031099579426,0.03265679072459579,0.15464166804876472,0.0015613468820422,-0.0008400141727732497,-0.0006437254021135191,-0.0008479821986077214,0.00014825391228542517,-0.010127685816915748,0.01699542469342966,0.003400881118873931,0.002145128401408128,0.009874585111785855,-0.001475919977301835,0.0037132218485816833,0.002869426226573588,0.047059971626350866,0.0,-0.00044905583265336446,0.06742526859226453,0.018165363475927856,0.008298859823958454,0.02929567921990351,-0.05490423016541786,-0.0004585176241179418,-0.008442471880102395,-0.055186957720254504,0.0018092030927627629,-0.016003509959629212,-0.0003575679457197135,-0.0006382701611375185,0.0,-0.0523871941885364,0.053284219798114645,0.00036775994916371665,7.285373461944912e-05,0.0,-0.000986638026984409,-0.18803624346263267
3173,-0.16501258885851075,0.03264822623766563,0.033431510866433756,-0.465152297761915,-0.0011735508236365814,0.13005535619729858,0.05974925138013241,0.010833152406889516,-0.016602477064738833,-0.015401004393119786,0.007896961750456571,-0.00038837998349693586,0.0056429089071463505,0.057785804280182665,0.027756790520709035,0.007651915296463277,0.006867627593864972,-0.0008057747956482171,-0.00245466779714546,-0.011041072592772415,0.016169857792537934,-0.004375333707397235,0.0182919503507834,-0.026971257645414862,0.010510141392778541,-0.0017966672926758027,-0.012524416134453221,-0.0015405755763447542,0.00044992795365410813,0.036058738556027585,0.031627275895733484,0.005712427215538561,0.0024941739491527453,0.009654581290993282,-0.005857825357481318,0.006428633584689129,0.0022189043688950194,-0.0006693555939962881,0.0,-0.0005954363594630298,-0.013297144607232723,0.011343705927560918,0.0047557171604987085,0.018907317091227713,-0.026954442995717996,0.013434083385984084,-0.00814243012960352,-0.05406271637770735,0.00999885678232708,-0.02156786092182109,-0.0001966394743669101,-0.00042217950444873236,0.0,0.2075811554030953,0.05458003067117255,-0.00028121686382287145,4.23044786957464e-05,0.0,0.00824641049936802,-0.31252890965837166
1982,0.06988052840073547,-0.0006513470556110474,-0.1334112798192712,-0.24848711503546214,0.0006796354064567765,-0.288659322084939,0.01879179740784852,0.0038974212718226016,0.45316139939467315,-0.014626871855193077,0.0016461562050352773,-0.00028154796804005897,0.011108845706715904,0.026960727073311576,-0.023531555195685974,-0.02675012183237075,-0.02086823076458491,-0.0020506676194440806,-0.004725187761540566,-0.010489627056881693,-0.10477012729406425,-0.005184324510882276,-0.0670349480867017,-0.028315997220348863,0.002020887326567976,0.00032265035330889094,-0.010802595265973334,-0.0009840713151426962,8.027411512829616e-05,-0.01775734201398189,0.009757928990888794,-0.02981669412302197,0.001409750269516689,0.007314408858167236,-0.0021048231721216225,0.002834051589277283,0.0021106836707794332,-0.0006740750047524984,0.0,-0.0005909485128029944,-0.012158874194604541,0.013490675030203755,0.0013410153806049897,0.008192015288896069,-0.0427315269479475,0.004324253787004882,-0.012046457501867463,0.029408147675512378,0.09228432051614321,-0.012290204569154337,-0.00040397007634212503,-0.0008409023818004011,0.0,-0.11401154570501452,0.02341456352186885,-3.226783588324594e-05,4.237596629491524e-05,0.0,0.0028116884933250415,-0.015428811285409169
1083,0.02839430054328814,0.015280895426403873,-0.1502777864725881,0.3145588273552227,0.00041616756443097256,0.05958585583378693,-0.07480833079413493,0.005469187348643064,-0.7854109868090868,-0.017694004811037667,0.0009688453003378594,-0.0010787555228111935,-0.09750688434239912,0.030387866706150984,0.007815678635403231,0.010243559979198626,-0.007730574104678512,-0.003634002337367632,-0.0034067992015963744,-0.008720308962334774,-0.16429814491437636,-0.004607172374359723,-0.0006660000286008087,-0.027011790138037933,0.008046042061828832,-0.0017875529657032333,0.004743409085153788,-0.0010796570205642028,0.0009050450496292126,0.010819619614524625,0.03980087765403616,-0.020164034119197413,0.0010152717865545926,0.0037317697776666748,-0.02197212741393595,0.00198649048494357,0.002287155100321655,-0.001311235824853948,0.0,-0.0005794661660041616,0.11523108911699015,0.009767056317801514,0.0014740127491468067,0.010422461888596092,-0.005325376847301305,-0.010915105204337984,-0.012421352096614253,0.095910423550108,-0.25512542798176474,-0.020301457892784747,-0.00032332546209403894,-0.0008634715533652935,0.0,-0.09524401971104503,0.023768886070031085,-6.195888711776219e-05,0.00010588631028144089,0.0,-0.0005354797449566653,0.12094215269783797
2691,-0.1290208303761648,0.011453193675250863,0.13615177009805324,-0.5444762709730417,-0.0008309411170340153,-0.12926173490266216,-0.010687278442269695,0.009754263812314872,-0.013837958707857716,0.020348127550760986,0.0044068880665113054,-0.0006264751063603928,0.011637023065326242,-0.05910583462453975,-0.0033810631567755232,1.2132582407437419e-05,0.0026757548972771816,-0.0018099991394722294,-0.0047282130273255205,-0.007405192829228102,0.02503348652064257,-0.004706786216304595,0.025777593931760552,-0.03145974198411908,0.005789035981324163,-0.0018880788970226977,-0.015459880205479568,-0.0012506605585074935,9.928848152003248e-05,0.017008872726139494,0.029800891732055263,0.005922630571162139,0.002469474518565607,0.009028738798676888,0.013511913277786159,0.0030131817634570803,0.0019402634251523357,-0.0008846492733045369,0.0,-0.0005836309507471058,-0.01372684890658755,0.012131088100183172,0.003935331186429797,0.02182208282693203,0.05200277274928945,-0.14347713107661936,-0.015324894313963095,-0.10751690130049593,-0.022101530186616605,-0.02766331596618742,-0.0001846228825085155,-0.00036669793710047337,0.0,-0.08381670361818969,0.076782178215007,0.0004606388376467752,0.0005149697232485019,0.0,-0.0008794292921040571,-0.2617633326309448
3714,-0.11546850907617112,-0.12249880896988535,0.18315901398522405,-0.7767300263618808,-0.00024098498913721476,0.11346838499571063,0.08966412021779561,-0.6598058965040512,-0.23167121155751577,-0.005783503647558853,0.003671825735138876,-0.0009656529948743538,0.03171621358325353,0.05483356308896344,0.0320956930760461,0.001173223460403897,-0.05511311590408462,-0.003160208649355447,-0.0016737514252181235,-0.06588463885802091,0.014987985179511575,-0.002978734304394037,0.031014011984268616,-0.01977989215779899,0.008727999018703275,-0.0006183074863676609,-0.026260260376769737,-0.00024957995715056566,0.00017780195006122538,0.34276316103165183,0.03124996885969341,0.00404687793414323,0.002719645185303249,0.010148972958982766,-0.018793734426945482,0.0036112159181610312,0.0018904353594901846,-0.0010184839555734382,0.0,-0.0003213731295509756,-0.013337116243567959,0.010136079810889187,0.0031508068978505547,-0.0020906659461725277,0.05529404170173744,0.06101276185710069,-0.009760215190946234,0.04905425217780255,-0.14886318551543345,-0.016143456719825134,-0.00019829721525738253,-0.0004971422092489515,0.0,-0.06517310119411478,-0.12831134561838364,0.00013418631331321492,7.285373461944912e-05,0.0,0.008049997600498704,-0.2240436667075342
2813,0.06782372425318457,0.06361167489488334,-0.05616350621376881,-0.4414290240335278,0.00213059826764452,0.1401053756736335,0.01865743114523163,0.009504654386088761,0.10756000624378305,-0.016356319513627864,0.0003617162157692929,-0.00034030060654356015,0.013397780562108495,0.026407356457616736,-0.016088632121208375,0.00510822506080311,0.00319886125470249,-0.00294792264743859,-0.0052766037345453876,-0.0049312143872339,0.024082150415003896,-0.0039727001560881615,-0.01446109163297802,-0.019956303824055985,0.00458145298120971,-0.00011072454462289857,0.0021964329568593273,-0.0007499351694058246,0.00013709988137757345,-0.029505344517747504,0.031169509445981205,0.006391174189759715,0.0024689666564870778,0.007436062878329225,0.0018167803719492314,-0.009137799663740582,0.001960178287345117,-0.0010862278378445975,0.0,-0.0005955446154328255,-0.007980172126764091,0.01765887309746966,0.001392224685049653,-0.23099665720046958,0.025337449186874052,-0.0013030357388125562,-0.0067218904853918095,0.016473977794865355,0.03340179872716045,-0.007644330597319574,-0.00034240783434117956,-0.0008857882657257013,0.0,-0.06723202656218867,0.06115555098574451,-5.023596854496267e-05,-0.00019914093942575127,0.0,-0.0005175222505969184,-0.2826599227871875
3366,-0.1807925480503725,0.11382510971869893,0.04613980192768528,-0.45876691077248233,-0.0051870100090004746,0.0016985037298179184,0.05526889125657323,0.011429185084880236,-0.5920328199669583,-0.026047979854144768,0.004193860637497155,-0.0018451042548249747,0.021205376547006625,0.023611310673128185,0.02997016440591077,-0.00502608028888757,0.0027801477254690535,-0.003166609118405927,-0.006026486498659232,-0.007284071382718535,-0.12475246241374846,-0.005182049242637143,0.028336393292580198,-0.027790979506491915,0.009487073492147407,-0.001766955336242687,-0.02633527841759432,-0.000532863336421495,9.84417607357588e-05,-0.00838176518573184,0.033171239503335406,0.008965217515513078,0.0034503912761465676,0.009981579401847991,-0.005966099981087717,0.007099734888508545,0.0026009164804155936,-0.0011725207264897434,0.0,-0.0006249088021595911,-0.023856073917635837,0.013589629170979592,0.005420272764077256,0.0336152147402163,0.13075771929265292,0.06010579504620296,-0.017148192993977907,0.07544533500844296,0.03510980721445938,-0.003738006167960598,-0.0004151140581660007,-0.0008178473919271292,0.0,-0.08687790466986263,0.09719823808001014,-0.00018602620834174403,7.285373461944912e-05,0.0,0.014092470258781875,-0.19130925567940146
1568,0.07936325624832229,-0.040569825872537976,-0.08906500272836076,0.24044597980377652,0.00039740944215441355,-0.07057798944052183,0.007529052222456977,0.005486394924635873,0.6936973632845759,-0.009840091411250734,-0.007897074006125718,-0.0002856502640208823,0.009633966043607445,0.01385933055846413,-0.01950288680313022,0.0052722833701323085,-0.013979417551144378,0.0037657193201276096,-0.004329372493647215,-0.011443444739516768,0.02254514506355401,-0.00428646324856451,0.019636801411021268,0.16943643424904273,-0.0034465551717174983,-3.619440541503609e-05,0.0010815894267132795,-0.0015504182148849935,6.663109268058763e-05,-0.01741265089976411,0.02200769468074659,0.006185237341580038,0.001478459647790242,0.005537312047341668,-0.004620854174442282,0.003200531656402882,0.0019723541651033164,-0.0006787140791529762,0.0,-0.0005772623394234028,0.08141958395907464,0.01725351011756726,0.0058575279638466305,0.005460008149688634,-0.023062841215449163,0.016958720194632456,-0.0051707672441181005,-0.03913311723298802,-0.017821126703819332,-0.0016113037802951938,-0.0004653077894087429,-0.0009131959075397987,0.0,0.13406449737690632,0.023005955927644824,0.0018808369162496012,6.566798740165892e-05,0.0,-0.0015552290203102645,0.05602908937215197
3686,-1.6051927940229047,-0.1688845526646003,-0.4167150093729153,-0.5782380880988108,-0.004682692103298153,0.2966133567505269,-0.1414567549224558,0.014868029021740118,-0.5390983900422548,-0.021257349614070484,0.0016263776779034747,-0.00363355068725384,0.032682341379143665,-0.5604841351559544,-0.0424359146860509,0.035944861105118,0.014564577414055042,-0.0035892947514831602,-0.002927518521832946,0.009705808616224235,0.018813029475383103,0.17612557672423856,0.03127980727624331,-0.017934722417278517,0.008399306894221355,-0.0010595592032412368,-0.02572546584471538,-0.0007165041783210992,5.500559675698066e-05,-0.054908805144708195,0.04015249571206358,0.00544133440399834,0.0027216114190510114,0.0034179427916822356,0.003776473002817028,0.0055626640914929505,0.0021971122735638927,-0.0007432774676765057,0.0,-0.00036854347258134313,-0.02964695906347122,0.01115833751773945,0.004586182485135089,0.010915133256897842,0.17452628876118506,0.09503360881010982,-0.01949794620457831,-0.09217275905509306,0.017130703999640787,-0.08198581945759705,-0.00044387927000826883,-0.0008431938499144254,0.0,-0.11758202397809378,-0.006445398402883964,-0.0005315859636856422,5.41565759318948e-05,0.0,0.010166604655852545,0.0014685630225203714
3160,-0.30155190314078173,-0.06966164371451096,0.01290640556788444,-0.4923366935131528,-0.000141449259944457,-0.20468899778741326,0.07539937318857282,0.012573086912855297,-0.2596886984290065,-0.023468876832233185,0.0074756173409604755,-0.0006283543985928859,0.015084043759789004,0.03591128922836908,0.02633060027064949,0.002614033357597336,0.003302628257000245,-0.0027697938572839955,-0.004883020724046171,-0.01796123778307374,0.022720979292475896,-0.005329674495522704,-0.04592135231386805,-0.03792954991979026,0.010256995318949462,-0.0018173552897404125,-0.023023336979986236,-0.0013662250456280025,0.000467007728490504,-0.02083458778644529,0.029730029279769057,0.018968891322398457,0.003153259997898133,0.010158710907464565,0.004151542427113201,-0.024466593760272114,0.002441350318127948,-0.0010520481108036224,0.0,-0.0006249028991068276,-0.016028082590815444,0.015395171953541887,0.0042498491465744,0.01410532882070998,-0.02732764904412873,-0.1004470520228144,-0.011595713474547409,0.08471488162361696,-0.06900708415655096,-0.13252848410228027,-0.00039323391027120774,-0.0008919758877339742,0.0,-0.08763857729172948,0.04713827952217833,0.00042326224358845717,5.41565759318948e-05,0.0,0.010181685371435118,-0.3036695739160903
3499,-0.2445720211142037,-0.06197382799872348,0.12485388325184803,-0.5308178748449967,0.0006617652075100386,0.1538572076634147,-0.02994000885127921,0.012041984389694813,-0.701728162263568,-0.02671825962388882,0.010589793422196517,-0.0006086123946201921,0.007957515402609805,-0.006805726728753086,-0.02364132845981098,-0.020316210227673895,0.019275277435508296,-0.0004169005887102226,-0.003481312157925613,0.0455915364251658,0.009885073940031904,-0.0033913278428262536,-0.012541380852505335,-0.011351937449111397,0.006765523645788461,-0.0007418603786218386,0.1306666320760364,-0.0006534045566593223,0.00012002010654117777,-0.012133258331539717,0.028345844544949067,-0.009153447311194992,0.0030077998883823328,0.012309201637749513,-0.001570389294132727,0.003551435557342467,0.0025254998968976057,-0.0005517431643899708,0.0,-0.0005456141994844382,-0.00955099651996141,0.01428453100630388,0.004315372855272802,0.03110894314551037,-0.019483404823708625,0.03205019804127761,-0.00967586190943385,-0.05788895395265323,0.02529285715154494,0.013730817166165192,-0.0003132325346193126,-0.0005145737158351949,0.0,-0.09213675385923323,0.049853629671162296,0.004689129157768032,4.23044786957464e-05,0.0,0.014890268879749606,-0.13952957685053374
2567,0.046943061581858236,0.015351744886224568,-0.024382412384706096,-0.4142659754348683,0.0002988206748144009,-0.18759269826196398,0.03665860815551808,0.010342054843825619,-0.1468602511311144,0.06426249063795425,0.005329567367758304,-0.0007328196888256549,0.003659806518601793,0.03316829014354547,0.02023164932117765,-0.008254563517099987,0.0012558771574519186,-0.003323471181697596,-0.004150556174689429,0.006625051163672371,0.04466730837584022,-0.0054012186588556456,-0.052315662700334234,-0.034681931091168516,0.005733245872562582,-0.0018929034640146442,-0.006124436060035942,0.034583561306401854,4.73118084016688e-05,0.0022178196928544494,0.04431147704592467,0.029619530146835552,0.0018948606937017553,0.00906621990984372,0.005639451846748331,0.00728407743913723,0.002192303475821002,-0.0010891284426701247,0.0,-0.000598366568883851,-0.013408376934331223,0.017177178746231203,0.0013671445847936875,0.02238026290194643,-0.04996365005506599,0.01112734115477112,-0.015010939322896042,-0.07743822032571114,-0.01901392445906995,-0.014327805117322694,-0.00042391810905812,-0.0008368950850549795,0.0,-0.10240910943689592,0.062091579337557906,-0.0001269875756620863,5.41565759318948e-05,0.0,-0.0008110376241655909,-0.22443300981310904
126,0.14069608237213668,0.07211990017793216,-0.27839874090972133,0.9558234942740202,0.0014308308657355587,-0.029068032231277317,-0.03006926360256537,0.005216612782640494,0.2875879716386977,-0.008946908175677155,0.0008696940717584096,-0.0004363064773847868,0.012338334857632867,-0.056972774500127214,-0.0050532025513612055,0.0031723157757859543,0.0013413102361729053,-0.010512650279467455,-0.004949373456033333,0.00031342266476249683,0.013351205839445615,-0.0040719571691021205,-0.03575218899272495,-0.012589004746085862,0.0014792095558325091,0.00048312205209511484,-0.0051050333417824835,-0.0006718273151097503,-0.0006149950864972904,-0.019123592247550517,0.015283701341678063,-0.011867212098954855,0.0016691243402786405,0.004686654725009556,0.005294337251871768,-0.003360371497601249,0.001665944077808242,-0.0009297314992182232,0.0,-0.0003961548829587985,-0.00984515303534323,0.009235982268668345,0.001393369428162746,0.010146081503574402,0.004941526505499441,0.03253101919264858,-0.006753690479297473,0.0014147127982922017,0.0640194778111835,0.020658982108055158,-0.0004277148177849633,-0.0008180742587122377,0.0,0.1390924048693251,0.011740685030706487,3.659427535279656e-05,5.750259631789073e-05,0.0,-0.0005596626547555538,0.6883290644479281
2310,0.0800064529923655,0.032093676632909095,0.07091834363241253,-0.39168055368812793,0.0017662033267768504,0.35723441568765185,-0.003648880925518709,0.006939949822754926,0.3617189723110122,-0.01287888002211579,-0.001956237797818098,-0.0006547430086432275,-0.06831529281744943,-0.11260263649150441,-0.001509870131427021,0.015909098072732348,-0.02000547842757691,-0.002574849584596148,-0.0051130684257067955,0.00042613726265351357,-0.06985304559155776,-0.00397773805459753,0.010786103178503405,-0.01583304836414877,0.010141076150930328,2.1484584586308692e-05,0.006247790013179617,-0.00045518351114121535,0.00011636825635642834,-0.021913895961010645,0.017631626020881017,0.009530510672943105,0.0019372550630480342,0.011028447058791068,-0.010146507507848011,0.0009969878753863467,0.0020148814459192655,-0.0008047575128237352,0.0,-0.0004234689754583021,-0.010205644247478092,0.015441309283024807,0.0013600455164607416,0.015323203483863389,-0.019201296377746504,-0.0001074367800039632,-0.006751558887877591,-0.02963946601239754,0.026275780355428484,0.0753668942367694,-0.0004238580894315667,-0.0008009350027940243,0.0,0.16833568489264136,0.014643452879201673,-8.680254777969508e-05,4.410880769838943e-05,0.0,-0.0006948550931266603,-0.18775294316212024
191,0.061044162949899984,-0.014142983068620874,0.0744581698350606,0.9035842245996997,0.0006083916795987215,-0.0173342593606721,0.0006390311109937373,0.005431947666910742,0.6559890662639479,-0.009799887675696884,-0.004087363918703893,-0.00028385537325863533,0.005844807686770016,0.038639786518611725,-0.015522967798820246,-0.006727572288074748,0.0027091617339295043,-0.013194028300781136,0.10084643274664817,0.0030751799332420617,0.030210622283410617,-0.003948355221459204,0.02006329971404031,0.1704658176285576,0.0018094886538276179,-0.0006580801875396843,-0.0027073176299838415,-0.0012098039898068363,6.319434029190031e-05,2.7119537537387308e-06,0.02339563210658441,0.008078486721038695,0.0016643089848089666,0.005420839660282595,0.005831287156460814,0.004711292782343711,0.0012623799870398794,-0.0010828854210245755,0.0,-0.00040707686394935653,-0.01116984186841914,0.008128883048074522,0.005766106594557934,0.007784077534710824,-0.003946120050823281,0.01016412399058442,-0.004081481506429144,-0.019399188823920797,-0.01574581963603006,-0.04389258733446146,0.019629378748638213,0.03934221333842509,0.0,0.11122509133774063,0.0044030355910193485,-4.661305752915328e-05,0.00012458346896899523,0.0,-0.0012752463274433112,0.4607170821631404
1425,0.07196111981197875,-0.0005318861141169651,-0.1531737134494713,0.17429683922391015,0.0008150691590580585,0.2182076457023934,0.0013656963756911024,0.00710971292244276,-0.523239152238521,-0.014985362033058018,0.0012712376764503115,-0.0008393967259480312,-0.0789265765469457,-0.09618988084702108,-0.020959832031415052,0.004395848546644485,0.002848817438395626,-0.003724989303797176,-0.003228405462076754,0.006225222024287427,0.027430290985249305,-0.004606280611024942,0.003658652176495496,-0.02133426086803892,0.012201016588491972,-0.0013813224676828544,0.006702783065678065,-0.0006561757945962121,5.99447310308012e-05,-0.01841601977355941,0.049111154715177296,0.010393306975427412,0.0008622669360683889,0.004234451739562036,0.010223639650007412,-0.00032931907698416363,0.0024093614042885046,-0.0009802697511197456,0.0,-0.0005051507433161699,-0.01292588829808484,0.017956660892679565,0.0015037391563176485,0.012865967690779445,0.04606491892961125,0.033533404764139324,-0.005310154341759135,-0.06109469804268453,-0.10561297687034818,-0.03706409580737008,-0.00036488828520400506,-0.0008225509520771634,0.0,-0.08805850454682365,0.010831480300847237,-4.0879299061923323e-05,5.750259631789073e-05,0.0,-0.0008690302680886477,0.07438218720255682
3725,0.26709035601273656,0.06199324430214478,-0.3579987194714037,-0.4201383528285996,-0.0024671579810031556,0.0509385359138774,0.12073929433039124,0.012747456926804006,-0.2717600400869142,-0.00891526367437356,0.007051463638154534,-0.00034190450544861316,0.008666664178315383,0.1122315565581168,0.02355532769993894,0.024054668347779615,0.014640003089306648,-0.002709353321118627,-0.002681126102441939,-0.1094939863484595,0.016340782640837805,-0.0037321504671064113,0.021753036191488013,-0.009979546742672027,0.004495036114828205,-0.0006913014585033122,0.23384405603853628,-0.00022866574973724036,5.500559675698058e-05,-0.0538925962888197,0.024224945150986565,0.005061325053033156,0.0025266941210750475,0.009205238741721902,-0.011546349777957815,0.005037592042747482,0.0023995670180519185,-0.0005059807297375767,0.0,-0.00041198589597528937,-0.02207103658468475,0.010859051918509338,0.005463251291958225,0.014973204852546476,0.15059840789422044,0.11212480536238967,-0.016906763323725697,-0.07124022074239826,0.014964139679640448,0.004767116003880625,-0.0004210124051648203,-0.0010831031557223365,0.0,-0.07582378611927035,0.06753319553801099,0.004673643405154338,4.23044786957464e-05,0.0,0.019500927742327458,-0.025615064227995477
1932,0.04111795163045239,-0.16946095176234288,0.21258907631638888,-0.1624604981114463,0.0009161882131537057,-0.06852279006365439,-0.03779821380472538,0.006580450433908102,0.1753638025764581,-0.01633204898840976,0.004893797715868561,-0.000510157621322738,-0.02725602693894861,0.04037512533488996,0.020258606671682628,0.013564761502554068,0.001665415959482138,-0.002628603958438763,-0.0029769351593966287,-0.036259151072799915,0.029091499970830274,-0.0052611490761305,0.051918588553251724,-0.026354922962346337,0.0027275934847508436,-0.0003728000475062939,-0.013577612641856893,-0.0013362747267232813,0.0009151013955987206,0.015404068041346152,0.02864599252334097,0.006033212231960696,0.0013765836952930814,0.008004735497245993,-0.004194243557610943,0.003026861377250474,0.0022432041285191575,-0.0006677268782910872,0.0,-0.0004514754150761845,0.12134283567625859,0.016959833171527786,0.0012503359416940068,0.010849084588480823,0.04288435163814473,0.03011558510812956,-0.009712834600760206,0.1353009433051001,-0.010022939594247007,-0.005838822374564977,-0.0004288354141875603,-0.000842853223847841,0.0,-0.09114247738828592,0.07297040678907017,0.0003411956190446214,6.566798740165892e-05,0.0,-0.0012607387573612284,-0.006560282423151318
1333,0.05173892709774938,-0.03164108032215342,0.09255414123536411,0.13089719536690148,0.00084106412043845,-0.18914677682732348,-0.0040235129504606485,0.0037635831196601594,0.04836066825800606,-0.005224079158511029,0.0007569677315526735,-0.00034900228617918094,0.006185738518710696,0.0021417280265140577,0.011686949263101742,-0.030603004518613114,-0.006982359496784606,-0.004359025353499227,-0.003902274773166998,0.009814354497298707,0.019744803837538103,-0.0037799333448659345,0.04642782277851903,-0.012477345284184801,0.0021380959478153358,-0.0008958686326209202,0.03800430762980874,-0.0005881492044074353,6.767194781022902e-05,0.15040479980464114,0.021331188989128825,-0.031122042820388187,0.0010938520458777174,0.005770889800269975,0.000625643386034295,0.0023113782907024697,0.0018225152157618709,-0.0010757308742539943,0.0,-0.0005929332951404635,-0.012800092452902683,-0.4880229333525103,-0.0338149017076251,0.009788204438179692,0.00830686888874005,0.022084456969843156,-0.009545598070707992,0.028471166731375293,-0.03541134420462742,0.013568995011959706,-0.00014271367860650534,-0.000491908911836084,0.0,-0.09214033602757316,-0.10845164980310508,-0.00037911055429903874,0.00012458346896899523,0.0,-0.0036476798886550424,-0.011841798810299214
188,0.2876679911396932,0.04345062782127845,-0.3036431323380864,1.0058931040328558,0.0021668373935909285,0.27151240884586003,0.005803272488071041,0.004702344894891671,-0.016399058259983192,-0.008179317104507523,-0.0004364570603602509,-0.00044187069609240634,0.020162411919514362,0.03004829746431071,0.00714610551142796,0.009211893018531519,-0.0280296992759319,-0.015061678579392489,-0.0038987015742950326,-0.0011132640855663158,0.01264724426846716,-0.003182081791859622,-0.025926670975931296,-0.012428912954536561,0.007977769455275991,-3.204701414152007e-05,-0.002097069504573674,-0.000531915372143467,7.588963105375449e-05,-0.03102353655922733,-0.11118851870306337,0.021278457486037086,0.0005505038216552776,0.0027084903872522034,-0.005686345584114913,-0.0018079138998637657,0.0017004023333487637,-0.0007928670545268293,0.0,-0.00024386220065360494,-0.0085676602830985,-0.2524845961369665,0.001265290959821108,0.007076799033069701,-0.01730038908468588,-0.009805064514926354,-0.002138698737880462,-0.044411577018288496,0.14583721669329175,0.07817549985804101,-0.0002847525010712195,-0.001221351620383648,0.0,0.1392486573024501,0.005775802331905848,-5.2214625115742703e-05,4.021059054548182e-05,0.0,-0.0004242404979425605,0.46967179637299117
169,0.11175602536368552,0.028646066122780072,-0.05297462601276603,0.9448618369617549,0.0007748804545649284,0.0247664536430423,0.017697690031429146,0.005056766603141941,0.6587695783433182,-0.007322291248672065,0.0008839469319442284,0.00129341100658186,0.012742841624422307,0.022895689191203907,0.003118476616128494,0.0059696792590979994,0.0024977770959698008,-0.01065005627296846,-0.0032028043528198784,0.0014673362364491735,-0.07086378038759719,-0.003912453921327452,0.022079001266788766,-0.01411614345821738,0.004236701704399311,0.0003443306433985214,-0.0031073272172326173,-0.0006191383795469583,6.529309921392332e-05,-0.02798181806189015,0.015675565263752644,-0.009207205536267844,0.0010579874209494828,0.0029802942573756695,0.0007179615992719433,0.00048782677856385316,0.0015950781638032008,-0.001098174545183644,0.0,-0.00034415797187213165,-0.009233928883392726,0.00886464645873631,0.0013385502748961362,0.011210463918254872,0.021386883007885795,0.022300416278081523,-0.008415886509098065,-0.016371711110822914,-0.008550544610289026,0.018592596151570457,-0.0003829349543907759,-0.0007861394582268258,0.0,0.11815928736212336,-0.05476526135166972,-4.795843596383196e-05,5.750259631789073e-05,0.0,-0.00047210762479451234,0.5077140514149558
2940,-0.24378576290381565,0.019869935831422252,-0.00535009095192428,-0.4514581222236146,-8.861370984924931e-05,-0.09728260720380705,0.006990508444220767,0.01070613085736259,-0.13778180555844616,0.03966674035550986,-0.019343205903404787,-0.0016399532531283234,0.015194646864916353,-0.011043020167734601,0.009846629655325838,-0.029523986611550933,6.424073720496397e-05,-0.003133243940652476,-0.007639302373197238,0.013262155826768728,0.02972638397931379,-0.005438916731600776,-0.05310246725445731,-0.026619083236139533,0.002560210462151085,-0.0008074238875662296,0.001545021168098635,-0.0008839623043225636,0.00013858729075921734,-0.0016404015037080801,0.03689359680885084,0.015093717560349279,0.0025398474540607955,0.009589558346146816,-0.006763559024702258,-0.12041708805058333,0.0024239732332764275,-0.0010876031329298784,0.0,-0.0006019172098852308,-0.017179415430462967,0.014675192079269471,0.0040034979915315235,0.03227166613556215,0.0031347261616631833,0.04259245056664113,-0.012244880020148603,-0.1079321476078474,0.0018196488568345604,-0.004078789001741724,-0.0004239048940511703,-0.0008193002124990258,0.0,-0.1025006666356559,-0.04604940085874381,-3.240000423149675e-06,7.285373461944912e-05,0.0,-0.0008497083724157197,-0.20624159369696393
305,0.08249290522214811,-0.032831542939713285,0.03832948002678745,0.9180760899790182,0.0008969025042789375,-0.1126112805552746,-0.029769192317770404,0.0035922134612515924,0.8232467378325019,-0.009786319244565482,0.0010147490343603066,-0.00024433556009104975,0.00867310400823274,0.005990209668854571,-0.003359651863624775,-0.01064739778305134,-0.008594682791852977,-0.013108834690498289,-0.005792739822343484,0.0011550601858902776,0.019125645090989764,-0.003766193840088237,0.03509620438557733,0.13804157697027558,-0.03174012240636247,0.00039883147235046304,-0.004436246751679625,-0.0009442234410892918,8.027411512829616e-05,-0.014080500650490083,0.01330451503716086,0.010647034089837422,0.0013334520497381682,0.0047828797849742265,-0.003067835262887667,0.0016232016775280158,0.0013409913339680229,-0.0011022900279294083,0.0,-0.0003572671735327139,-0.012128322309635245,0.006233298150325592,0.0057221566260026785,0.007073197682543088,-0.004061779004548267,0.019665535342562275,-0.008405008867876944,-0.0019696052720792655,0.0573062799747908,0.013502313562844507,-0.0004209396194536443,-0.0007748430779539372,0.0,0.1091396074154756,-0.05396251414075639,-0.00036857950665198107,6.520130688246742e-05,0.0,-0.0008535158838280141,0.4552500917761574
1253,0.023548772845614928,-0.00959801111775109,0.12334564355439856,0.2833801378048511,0.0010854941938025177,0.09295539557410447,0.011579394359456393,0.005764809290772501,0.5842545314304078,-0.010008839527831019,0.0016996722706565715,0.0034147650072995812,0.011142940755441961,0.0033154239006053738,-0.0022604993349870147,0.0063651781458559376,0.002642773194485277,-0.0027383664049684853,-0.0046352716316041655,5.077331785752673e-05,0.01140913240774614,-0.0038788815651990393,0.015194481499785254,0.17073228157482093,0.0037662685415074297,-0.0006513477346718525,-0.001439492218076744,-0.0007454115837066612,8.240290032519608e-05,-0.01719913439602157,-0.18164341452971114,-0.0012934725389249903,0.0018332928605152578,0.005597169123666907,-0.0012559267534626494,0.0009881805535199083,0.002056554560145989,-0.0012408516294657697,0.0,-0.0006148224822817351,-0.008885214386967563,0.014707315273541922,0.006136876858938251,0.012615854698587,0.0012181119353694744,0.012480201870390253,-0.007087486571045643,0.006622965991241669,-0.01804710566147565,0.038288338562772306,-0.00035874481402010716,-0.0008082211953766151,0.0,0.0936566584238334,0.02659726743591748,-5.5561187510989665e-05,6.993256874923913e-05,0.0,-0.0008781123463814845,0.055278012790327104
835,0.07964217076267709,-0.006318798311955262,-0.0682420873721201,0.5801528663317671,0.0011473614243762626,-0.06389017826588932,0.055229665590808406,0.0064332293958473214,0.29729133558771736,-0.008161020705338019,0.0014030990996507595,0.004166944194304823,0.009959603645137177,0.027602605669979127,0.007534346239285195,0.0013290985538003965,0.0018471651103286269,-0.007471572120527669,-0.004103927815451448,0.0023988853064774514,0.017787711180185174,-0.00496331045868038,-0.04733912639228011,-0.015300091805769219,0.004238921478290894,0.00032885707516125965,-0.006301504564772155,-0.0010006149298461004,6.529309921392332e-05,-0.015380654387143798,0.03406425508192026,0.010991851563755269,0.0013166890591896558,0.003912506955158301,-0.00027359073753275344,0.000576615772606922,0.0025214256834564528,-0.001087192481890456,0.0,-0.00047325568652610924,-0.008944616949727204,0.013356205141475239,0.0014300637311336576,0.017715166274056428,0.01280890521024221,0.035253995731671574,-0.00982938786066539,-0.009296856336083853,-0.02068037084023196,-0.008598019415384985,-0.00039034433336246365,-0.0008059292745862296,0.0,-0.06288606307410333,0.01798488879153099,3.432697760501644e-05,5.750259631789073e-05,0.0,-0.0027352138262886796,0.19731304051734205
2472,-0.116411831581763,0.0955634351859936,-0.004841800648423224,-0.4215374137617004,0.000977030896379218,-0.06373443190992016,-0.01581780706714027,0.009166669878154017,0.42108692490303873,-0.014399230023873826,0.0009626608085778838,-0.0006831222174358194,-0.032626154161755024,-0.10537184067782775,0.00550028592026483,0.008665386558559359,-0.021079247169767154,0.0023945739224829135,-0.006300188998191348,0.00387009334183695,-0.07752167813927531,-0.004877863528125943,-0.034387933805896866,-0.011748094610126011,0.003340146926149236,5.5930620688906695e-06,-0.00020158380629880433,-0.0012494056511883874,0.00011636825635642834,-0.016883927828044012,0.029554490496295355,0.007447557871507679,0.00289487907276853,0.009028002978928015,-0.026056157350837182,0.00012188514896696759,0.0023508551993464623,-0.001103138600409489,0.0,-0.0005825296746840758,-0.012220945389459715,0.015355489733627225,0.004444688921359884,0.01604342439050587,0.007316762007920933,0.01573493821493859,-0.01572628192067735,0.04777849781035213,0.011979756402410429,-0.00644635471489265,-0.0004275926889216268,-0.0008062282133748167,0.0,0.18893771473937584,0.038726493029967765,9.115613282923109e-05,5.41565759318948e-05,0.0,-0.0009249822856073728,-0.19587053363725926
103,0.15316155732532336,-0.019620866717208037,0.009175566823564919,0.9974423252891214,0.00044449154269470437,-0.054867206054850536,0.016335950179947982,0.004665417221687583,0.9526182660207608,-0.00748830541821887,0.0008854884045029177,-0.00020433931679796476,0.009715583965442405,0.026914463888285146,0.002206349760138163,-0.004909345344688599,0.0014205116697914987,0.018133373320455202,-0.0038720864038655086,0.00029356685219472835,0.02404709386517596,-0.003615261187098114,0.012829022530245884,0.07698291603669653,-0.021183567883952866,-2.481386828031781e-05,0.007668271972256381,-0.001107261193465746,6.829867699666796e-05,-0.020599693511684468,0.015348724355561826,0.006347965119353767,0.0008810230382011444,0.004908885840096716,-0.005632351595452388,0.0016984601849923855,0.0010495004252876303,-0.0010928555009494046,0.0,0.018987926878880627,-0.010314070032414354,0.009091771000638599,-0.0726296738008513,0.005846020429605234,-0.012282178708388145,0.008000725061732316,-0.007864207195798466,-0.03392449156010762,0.050320870274507275,0.04048036868135408,-0.0004218687651964143,-0.0007806667241251304,0.0,0.10199763449929246,-0.00736142660209033,-7.211030859861201e-05,5.750259631789073e-05,0.0,-0.0009991591520725125,0.5988078998867672
2351,0.13485922425936075,0.028285922892993205,-0.04187584409292541,-0.43798402999435976,2.3178009925473543e-05,-0.0869955684049616,0.013923215105198172,0.005589967290771816,0.6457533152999176,-0.0171303434338141,0.0012629695071651446,-0.0003678944092702467,0.006500122953787793,0.013273237787933722,0.003676859354962695,0.01006012711029901,0.0036224455478810545,-0.0026438039879726123,-0.0040408412067561034,-0.005631063986497083,0.015208765753029763,-0.004639370254156321,-0.044885035619712604,-0.020851860723780414,0.002509165536712557,-0.00013050841751977742,-0.0030316576380650124,-0.001127085978494626,7.588963105375449e-05,-0.01636983815401894,0.029449336695084708,0.011637209692475699,0.0011422213946995388,0.006682592883787124,0.00593372239195666,-0.020550185096157764,0.0016054467730451884,-0.0010884653841335538,0.0,-0.0005793038910672485,-0.012243254875635344,0.01776297549750402,0.0013593677695972928,0.008699101996383605,-0.001719166650710784,0.004502618479585911,-0.008822816140891565,0.02405984208006129,-0.007894248934685025,-0.021754816882811365,-0.000424773071242301,-0.0008183582035473566,0.0,0.18372872923246175,-0.09057680126130678,-2.739191795173883e-05,3.641009713381273e-05,0.0,-0.0005950025902602097,-0.23961241942941916
2307,0.08659151265672695,-0.1656118238896711,0.1555053913876998,-0.3348908043665246,0.0010082756096579625,-0.05303936019836197,-0.003486029811884047,0.006655235853303754,0.5486188601293461,-0.01904052574690898,-0.006379041357064594,-0.0005645263406881428,0.008589861480376817,0.010809347385333835,-0.01470919099989467,0.008319379202612054,0.00461716651647395,-0.0004992793392975971,-0.006217988167927411,-0.01666758056624027,0.016898165489601442,-0.004716727493398027,0.029311657297241642,0.23460438444686763,-0.008561475126681891,-0.0006524747524465854,-0.008521175082351123,-0.001333976569376405,0.00011636825635642834,-0.0220517657474058,-0.16509070967988765,0.0005138987838672423,0.0014735935538103095,0.007051847854136408,-0.0020834050903261758,0.001229409475172286,0.002780609282705843,-0.00123769310422326,0.0,-0.0005107063340995825,0.07570680019718289,0.017846787389201698,0.005485661240873845,0.009798377621294142,-0.005762038803702298,0.025196663084257102,-0.0048066425825683675,0.10298006955304989,-0.03243940968293959,-0.03974536941208062,-0.0003528082511280813,-0.0008941077601983589,0.0,0.11722405173077617,-0.027803463521417732,0.0018808369162496012,4.6739189884089315e-05,0.0,-0.0014717519817497454,-0.2307293892692567
3605,-0.1379915194472559,0.017952290593429666,0.18493795646741032,-0.9086335947414118,-0.006480448858750318,0.1382873783656573,0.048776495552431,0.013197480174455054,0.15919704116507183,-0.02701391050942901,0.001281214106759773,-0.0004121314406258128,0.01969071778985507,0.01137715020834835,0.06738049733691501,0.0007015187032509994,0.015699250075640905,-0.0027024670926942334,-0.002184486685835526,0.0007851672560588319,0.02171280782276636,-0.004221298291250905,0.004816140101753276,-0.016938337202663384,0.005949465386563422,-0.0009586852408139943,-0.012459055259377962,-0.0008728107078532678,0.00017150155320217952,0.09047063647106762,0.020856950012823894,0.005824357163724613,0.0020698431208225855,0.010237707340692478,0.002770112856131587,0.0026037079278415937,0.0020410299506765203,-0.0007632152717132088,0.0,-0.0004901408860507491,-0.013142945440736218,0.012521505610745508,0.004616816380951745,0.00906259138855362,0.013252662106364268,-0.09402679374018652,-0.010107010233721528,0.0803175975052564,-0.20132706857991103,0.01468766637868133,-0.00020601298449073182,-0.0005102823224334635,0.0,-0.07356423620398968,0.035490916602024844,0.0004920814184545867,7.285373461944912e-05,0.0,0.00825545092459361,-0.23947833985258615
2333,0.12164784037937772,0.03560626750309334,0.00016952998458331478,-0.4084256934172717,0.0012784720697326952,0.2927952678251393,-0.020010848192341606,0.01007422010147622,-0.8023869493681253,-0.03895807833394676,-0.0008086570978079691,-0.0009568528904699171,-0.051819277234644315,-0.2487115256696891,-0.0026150563033025534,-0.002110368431582781,-0.016679097391693282,-0.0025429938598431645,0.0003915194478244186,0.01436379582467496,-0.10350966700230553,-0.003969789364419541,0.028006040551947536,-0.032287183590223895,0.008490817854624452,-0.0013666974381687446,-0.0051537102322857095,-0.0005132858338877183,6.631692545550221e-05,0.0004665713798876895,0.040190745385570596,-0.012673266306494617,0.0007811238402844162,0.00823949145294932,-0.0586839554600645,0.002031920732190283,0.0026727411488351844,-0.0005624424941854817,0.0,-0.00028325263474052246,-0.029394824926118415,0.010041783858309755,0.0013738917010565127,0.005453391207935589,-0.027597331281676508,-0.03906245255111632,0.07572878622306142,0.05342594747409772,0.0165030481361702,-0.09216525213466861,-0.00041378898178697697,-0.0006463331063563689,0.0,0.2256160677709083,0.05907409599006968,1.412382342466501e-05,0.00015123425866478895,0.0,-0.001223712625360153,-0.2042766910538425
744,0.04408554795080179,-0.0698752562282955,-0.08155474830002128,0.7030908338293742,0.0009209563324564582,-0.17229671409890576,-0.006129935445215986,0.005622966348322916,-0.3623773959113235,0.02548443481132878,0.0016527135224217828,-0.0004062513291443358,0.007328947102651703,0.005208042391565321,0.001619419777027958,-0.008685183497457406,0.0002860064596117276,-0.00925209357041805,-0.004577705919407687,0.0005405113254416921,-0.1856961359593964,-0.004845131965472382,0.032813633030941966,-0.02798934129988645,0.006923238797849129,-0.0019233084893156263,-0.009386741864593273,-0.001186070344590341,6.439158323806466e-05,-0.014185244374059727,0.04016230594358864,-0.03305482008020812,0.0010027065461074196,0.006125804877839524,-0.0031543310182172886,0.005367168480803553,0.002146523258553543,-0.001152005336144814,0.0,-0.0006383402337277917,-0.014378366704504689,0.010936541492245933,0.0013896728166725777,0.00821307561379253,-0.05443483841709318,-0.08572158532391493,-0.011472972574664774,0.026740760827467427,-0.20901011634480274,-0.0831827746401821,-0.0003306172711240612,-0.0008429018602529877,0.0,-0.09429064156787348,-0.1284183269279578,-0.0005103640978777356,0.0006261337456477523,0.0,-0.0008268577178434218,0.26168320491464436
2109,0.10921015470386641,-0.06535145231575308,0.0004063178186234688,-0.29574568022971415,0.0016769566750831919,-0.34559719318772775,0.005899898896719638,0.003994235550324975,0.18258275419695538,-0.02371095737445495,0.0013625099081154867,-0.0005253076839890554,0.00840643634629506,0.011445407367195997,-0.026602860869933572,-0.039400314320837376,0.0038653686582500136,0.0020510887381744182,-0.006908978208049368,-0.0019955684756106217,0.02634402924248508,-0.005410810236131984,-0.04162861013970519,-0.017038909825015092,0.003237313964229363,-0.0010883423813227012,-0.003988827896882856,-0.000571600113270274,8.027411512829616e-05,-0.05437464697441097,0.03709877050024408,0.01584045860321881,0.001944760598709763,0.008568864967825031,-0.006243816329652474,0.0020079167938890016,0.0019593875521817738,-0.001163167238162523,0.0,-0.0005029036215374489,-0.011389686161372191,0.014939093809656469,-0.03729882531145037,0.00642706881842217,-0.03766453290184724,0.028751088896113268,-0.012351476568630186,0.05542425055369014,-0.09841253038811336,-0.007309725881722735,-0.00031315082739391255,-0.000905815816332274,0.0,-0.13492384034898425,-0.5454256439257801,-1.6923424989631917e-05,-0.0006813952996671577,0.0,-0.0007863963193484004,-0.007363202470273271
2028,0.012939531989441028,-0.009198150631670931,0.20549805427129147,-0.4191655135372813,0.0008577441181866502,-0.3159485267832014,-0.04442218661126292,0.005205944246442957,-1.18147566668219,-0.07771085454650979,-0.0090768011030823,-0.0003767770069886586,0.01461062944076003,-0.0598384011041833,-0.03898187311062125,-0.016355928430269256,0.0010586317346571326,-0.0018442689671214294,-0.005050945387332991,0.014077298465061231,0.027405401823076544,-0.0057965560958520325,-0.015923662744819708,-0.02758583827793636,0.003099615857850669,-0.001890965065904939,-0.04470404910020112,-0.0005814480657046065,4.438694135942577e-05,-0.024868182364769533,0.039014283437525527,-0.024501816094010743,0.0014363048810528834,0.007775301978411949,0.019634103156979034,0.005094732629125874,0.0024457515500222707,-0.0011231742147494077,0.0,-0.0006236040614543352,-0.016009167975666202,0.013359129881011383,0.0015377477882448645,0.015532350257024865,0.0681878935367357,0.035755528964402115,-0.01038038880033957,-0.13412355201458517,-0.035471099210503565,-0.18769660719702114,-0.0004222347006338589,-0.0008189704242318979,0.0,-0.17104011836383518,0.03523695268178549,0.0001909929604978564,0.00012458346896899523,0.0,-0.006867401600152045,-0.05396864166111674
154,0.18003750593057066,0.08150918741684865,-0.06625444850122314,0.8483237255631889,0.0023754628427124906,0.30241945978992135,0.009704075345806952,0.005318360489680984,0.006847930891345611,-0.008219550936560923,-0.001362395546045146,-0.0006060512821486084,0.01820640579358925,0.02615779952242085,-0.0003298231467109296,0.012511875324388256,-0.007825308997576367,-0.010688728031715567,-0.003450070873584991,-0.0005330904185626802,0.015871627747783713,-0.003634478249912952,0.01819361110166222,-0.005701722866437378,0.010754108266490297,0.0006861779848798236,-0.0003861002536555541,-0.000586648803170578,7.588963105375449e-05,-0.02626408747349327,0.015909269151414534,0.011765477444390925,0.0015897552798228485,0.005724788222363335,-0.0035063656952773006,-0.002140393695079566,0.0017464477307695648,-0.00076132781633845,0.0,-0.0002829156296423281,-0.008116410925781989,0.00785652865833422,-0.03743707197330825,0.009024015745918285,-0.005630121162208101,0.01789652277322407,-0.0021477653452948034,-0.020632347614056728,0.05596106163001574,0.06322822376671935,-0.00042390090382191467,-0.0008044640137259217,0.0,0.12712752925124782,0.012757957585126864,-6.310817985900605e-05,-0.000314503996187647,0.0,-0.0005060152085492134,0.43778820922464934
3648,0.08252411882548795,0.0374290971411097,0.20348037408859607,-0.7201797802642862,-0.0013280977860580137,-0.18618791850826777,-0.06582974237822865,0.01579416097411872,-0.43117452213552876,-0.029192137663073364,0.009150254424768123,-0.002307444403669503,-0.11970536093424161,-0.20941175624530786,0.044961408162738116,-0.0010880710231102263,0.017560217669303466,-0.003309214342927107,-0.004781112011307833,-0.04879509937844347,0.021083198062696616,-0.003407687733018436,-0.01498919277204089,-0.02975168083462644,0.009024968746758052,-0.001799401355634585,-0.02162819893277634,-0.000683372333485264,0.00044992795365410813,0.1035085074539498,0.03671990199241755,0.001975156271994708,0.004021234320876866,0.009478304458931993,0.016193097346521707,0.0034425485413485286,0.0021357290906749704,-0.000913119482467595,0.0,-0.0004939568029380148,-0.02750935072461637,0.011368372027546736,0.004737494874773998,0.007605094480352555,-0.0006470512212529359,0.004183925291340309,-0.016508746317322343,-0.18986979950371513,0.03120239483137547,0.0021551769691991727,-0.00018151557900980238,-0.00036186363138081756,0.0,-0.12992050792690416,0.011651072823577729,0.00039339911090417956,7.285373461944912e-05,0.0,0.009210563808667778,-0.04269706060764636
2236,0.09284133433180318,0.03383305640806305,0.06686892126844113,-0.23335622310743678,0.0008371767099695247,0.12369941419696019,0.022826124549640794,0.005545072437473208,0.49835086375891485,-0.01630174895894125,0.0009024256524537291,-0.0007520634085560508,0.007557748190939651,0.024980584722618247,0.002346491345323178,0.014529928606189775,0.004775721275697012,-0.0026328282526814173,-0.00397921759217867,-0.0026004178318596504,-0.05857015945330219,-0.004281831003816621,-0.03376568688984441,-0.01797556639794351,0.00442861577709594,-0.0009006325973852053,-0.0012977734130151517,-0.0007988426366514899,0.00011636825635642834,-0.020529519787592498,0.023619963657205457,-0.015552467182336353,0.0013148096471326442,0.00953623633731609,0.00212963850055416,0.0007833404053779651,0.002405568857864574,-0.0011057239090259312,0.0,-0.0005808085425599308,-0.006102762078418132,0.018030576143929205,0.0014090934032875938,0.009395491351871855,-0.01613297305539191,-0.0006109572578526197,-0.006736487748270235,0.035118163725234165,-0.012215446793076441,-0.021369674057163914,-0.00042638130378939895,-0.0008174195268200647,0.0,0.14651786220090787,0.015220302115306946,-3.324305821637734e-05,0.00012458346896899523,0.0,-0.0005685714788315505,-0.2328966892720667
2082,0.1551853757623777,0.07745196288107672,0.0794200916568405,-0.2474307798274693,0.0024304353585282907,0.2552554677118426,0.01859998765848163,0.0050017684042169015,0.5783961440284044,-0.010985568203192912,-0.0024007383202475996,-0.00037884614608853364,0.020926231868642793,0.029048709238886194,-0.010044540514554064,0.009814898600988243,-0.013957984079862023,0.005737657897541239,-0.003098206446171508,-0.0018707535727841486,0.01862442614139667,-0.0037315552102120076,-0.017876841639983987,-0.01634800400789654,0.0040133582462537395,-3.717850000685679e-06,0.00017921089275795517,-0.0007422001299083355,0.00011636825635642834,0.12778361853774212,0.018789017940278426,0.005716529933199128,0.002189200677817307,0.010427035360700153,-0.0075785142946387975,0.0008235496204979358,0.0011914719114220252,-0.0010880419682191933,0.0,-0.00054571910900764,-0.005743900566937635,0.013329040567698647,0.001306389355938579,0.007555459095908765,-0.04136021640778875,-0.0056651936054187765,-0.0021041185539542612,0.06144610221036132,0.06675339739575714,0.049387887316698235,-0.00018586638781040117,-0.0003666649294223304,0.0,-0.04270911208824061,0.015975767989258555,-5.177115376184461e-05,-0.0006813952996671577,0.0,-0.00045558609830744146,0.02254023764601974
3062,0.17840785267450013,-0.14342543647053124,-0.014486008598891006,-0.4041147312474513,-0.008427368059055546,-0.08602945006183492,-0.005979699412851272,0.006306293672197425,0.4967058034639184,-0.013618301670272856,0.002980966339775785,-0.0006266679911362403,-0.043965290124779254,-0.08021861911409721,-0.0034942629077871572,0.009849135492855423,0.000261483368355328,-0.003074888652219496,-0.00503982284006013,0.0020648865500072972,0.01916489079206123,-0.004876714519933314,-0.014548890595035797,-0.015898706357776238,0.00698890093462707,-0.0015082683125456151,-0.005764334573652535,-0.00046544497918305834,0.00010426578343485303,-0.022290025529854027,0.026143786608643416,0.00711480464563758,-0.05506065504905031,0.00990141602471264,0.01361485295309251,0.0033564146758853146,0.0019458077339371592,-0.001075821660241096,0.0,-0.0005342896334985118,-0.0073817992011082,0.017937422260065308,0.0012781972529525003,0.015739511487625837,0.010613191711386806,0.03902436556909365,-0.018756702866337405,-0.009535463181788361,0.04703048792289043,0.1147576828949488,-0.0004056992563616609,-0.0008391071169040265,0.0,-0.05257301925007394,-0.003240828965594397,-0.0001673209541339363,-0.00019914093942575127,0.0,0.027248050551465296,-0.31390875697785736
3172,-0.18735567692732524,-0.0818875524974437,-0.1439182284522949,-0.365743608594975,0.0006641847467425549,0.08448971687137288,0.050397790439712375,0.01709268603356068,-0.3419772951074236,-0.04083970814696752,0.004189212253135487,-0.0008647758436520458,0.0200659473923205,0.034953572499487176,0.05628644008514719,0.008165239864950557,0.006483149896290536,-0.002937545923149508,-0.003142656546107371,-0.007634838842701647,0.028186841344109384,-0.005142941885820716,0.029141989639437746,-0.0346761432618075,0.009383578554835318,-0.0018075771392792358,-0.011371909012823114,0.04039380210167595,0.00013709988137757345,-0.01460522426277812,0.037405461414076156,0.005147298370773283,0.0029750730717433374,0.010373528253980736,-0.0021130502928052297,0.003953354144588549,0.0022659777153286233,-0.0011862165879525106,0.0,-0.0006060464948456729,-0.015204776667824828,0.015337218931515384,0.004491093227442438,0.017431197660963148,-0.014937993417184346,0.0007626454269207081,-0.011123558672418123,0.04811609014385566,-0.10099828583671079,-0.014526040427952665,-0.00039272804714337586,-0.0008959007956338161,0.0,-0.08203464825757543,0.01948405818561245,0.0006548661500483288,5.41565759318948e-05,0.0,0.011903505672889442,-0.2857232949587668
3274,-0.31496670288863343,-0.09913978448710574,0.05203912520895485,-0.6422682269118809,-0.0005751433380611552,-0.2946138836832538,0.09341746463289496,0.007804094168281359,-0.12826413874730241,0.04091238264857581,0.003811565505220839,-0.00046885345768947625,0.014746285587070536,5.877259959614259e-05,0.028113619667303427,-0.044473901173474814,0.0065727936741491735,-0.0031491651864794037,-0.005429603802735083,-0.004117658638982716,0.02165067003395935,-0.0052591967791284005,-0.03489746594289682,-0.03872389639165291,0.008890495628990096,-0.0011393114025593295,-0.026726444165851616,-0.0014309375925129011,0.00015566706559561316,-0.02211347216263191,0.0321730434620446,0.011900753211716977,-0.13494408175721684,0.009218050915932299,-0.009396590655128371,0.00837986027653716,0.001923658292256562,-0.001139892229996318,0.0,-0.0005004549224030865,-0.02455974735948072,0.013970366484838279,0.004060526647843205,0.016638134821976704,-0.05405563178534653,0.03168054777677871,-0.011915425555291488,-0.030036461042213445,-0.04603797080631876,0.018839930040611647,-0.00043502211003183935,-0.0008391032485640219,0.0,-0.10719678049648301,0.023406518793104524,-0.00016663900279434855,4.410880769838943e-05,0.0,0.013666576612383189,-0.36976484105589397
852,0.10161686036463888,0.008773641016906832,-0.14996219090776838,0.5763991768776598,0.001540096061675903,0.2607681333770606,0.003335080867809344,0.005900828969229996,-0.16844302073880146,0.011978684813978294,0.0007706179975384852,-0.0009873704220952331,0.01606639226576118,-0.05733648948195782,-0.0014211171212698214,0.015267863170031681,0.00949215220723476,-0.0054239020328890565,-0.003747985400188339,-0.00032517318380697756,0.020633778601290852,-0.003919480128828995,-0.001441236008594599,-0.01613819078927337,0.007321075508031788,0.011733694438124097,-0.0012262996006927895,0.01665846008726514,7.588963105375449e-05,-0.027145142173750293,0.040708083181494735,0.00369336261145233,0.0005091574193231541,0.006239586544893159,0.004358244960092308,-0.0012385228094664049,0.001695211399530861,-0.0008426524447611983,0.0,-0.000449087858366992,-0.010223843137532837,0.012575014438587493,0.0012717804882233636,0.013656971818915465,0.0010518469554815254,0.049899996038913874,-0.004517417793236896,0.061439387279082186,0.05700820643933526,-0.07846367246579859,-0.00043008535254664815,-0.0008238086831185622,0.0,0.1353787356136002,0.01160064278433297,0.00020293682334188897,-0.0005791332888862479,0.0,-0.0005658005357505295,0.24129755741138698
418,0.0655008298014522,-0.008055863762542402,0.021063944935807245,0.8534451026777308,0.0007188369586439449,0.035302734477305336,0.009946986625481994,0.004994868233400614,0.2017719777077308,-0.007367464056245779,0.0009994876671845462,-0.00019409144877795053,0.012216980622157715,0.023821224639330178,0.006995292692338225,0.004605853951509848,0.0050072299998423124,-0.015552279882475099,-0.003421619888320898,-0.00031820522402953354,0.011281242231944917,-0.003799039670755439,0.026130426513570844,-0.019363708113268326,0.003023116662263931,0.00030603317731837216,0.011593631346312333,-0.0007135731128653486,0.00011636825635642834,-0.03053419385506514,-0.15053829024924759,0.0014159054362779637,0.0008218348491717757,0.005084228124651939,-0.011298948319196356,0.0009837115028432587,0.0022152603794273968,-0.0011309719318761484,0.0,-0.00035329610181434657,-0.011299344914182226,-0.27579954121706185,0.001356219253706011,0.006801475098590534,0.0024188753399013658,0.006909795150936225,-0.00629723381299819,0.005053391716076363,0.03716921846375049,0.06008418909048498,-0.0002838722046838939,-0.0009278086950562811,0.0,-0.07217021027152482,0.0073734814032643346,-0.0003515559822377922,4.021059054548182e-05,0.0,-0.0016380331425632708,0.3462035849925019
3044,-0.15333682529980538,-0.028535821498609896,0.1299076561089155,-0.4474366879248646,-0.0003992167728410055,0.06822374816895135,0.0059563757284231324,0.014166123143474183,0.09357330304793078,-0.010436029889237324,-0.003916620008974582,-0.0005078043236244795,0.010542779341127066,0.02158858321758003,-0.02935471345483807,0.01017907858309094,0.010100347707388642,-0.0024038715382265676,-0.006411056911247746,-0.0018884815628125908,0.01647165837084147,-0.004375099041598573,0.010087662353965195,0.26796724940498534,-0.020574972942137858,-0.0007249695868294812,-0.008040070909759969,-0.0016374265977484354,0.000467007728490504,-0.01796332428640107,-0.18146825589139948,0.004047047133917066,0.002314601098146614,0.00891912645431159,0.0004198948838147802,0.0018699209347391595,0.002525886773336505,-0.001264326338192095,0.0,-0.000603171268826033,-0.013380644694295073,0.01706993076205159,0.009277113998908276,0.016733445496348424,0.01590398429166852,0.009911724109716864,-0.0051265959073459755,0.0374910673810371,-0.007577048725107167,-0.06045446391668723,-0.0004079578034844274,-0.0008078770532863566,0.0,0.14582488472203162,0.06855701206558003,-0.00011196163453825964,4.6739189884089315e-05,0.0,0.01590807310228388,-0.28742884531473
225,0.13421334101293042,-0.07356747025697358,0.034397198277495024,1.0828195281994055,0.0010374536283906193,-0.07951694183195043,0.002319138365034377,0.004052565348961732,0.8200623330954812,-0.007705530204966691,-0.001244272477489157,-0.0002795641638690866,0.01515023479992983,0.023993367976980068,-0.003182745116916121,0.004147221389676909,-0.009533049364608049,0.028583429442940022,-0.005973252361264484,0.0009515854116641785,0.011347401575050252,-0.004251362948826205,0.02544638257989589,-0.017020940476201212,0.001941288213187348,0.0006124484642920359,-0.002554599990730054,-0.0007241958857329224,8.240290032519608e-05,-0.025281002851982367,-0.14785794822479162,-0.003606784986152953,0.0013194545521481756,0.005654312076776565,-0.006869314077768961,0.0010748830097112264,0.0009948859961896718,-0.0012687276517498159,0.0,-0.00025100722571640285,0.0766343788622717,0.0055369042963852155,0.0011588714601299874,0.011643068509056505,0.007643584669147579,0.019903405719846248,-0.006257536517374901,-0.0007885064316086968,0.06509605160179288,0.07892965137397634,-0.00043996965841343544,-0.0008778679994147797,0.0,0.10282474122373174,-0.0719829236588929,5.784370913164638e-06,-0.0002439137855006339,0.0,-0.0009686903328042077,0.5481990899319029
2545,-0.00300968828280928,-0.06303441762064191,0.061116737405628216,-0.4207191198866516,-0.00042844936821948205,-0.08455856803367064,0.05611196866867567,0.008829358769857739,-0.1386281624387107,0.016157951192102872,0.002893420166957862,-0.0007075581239758581,0.008865791147301655,0.0418872403731533,-0.010776493616410619,0.008782947125978945,0.0036652939034969093,-0.002891587550759785,-0.005388399352816232,-0.00038432133312959354,0.023866807744995423,-0.0050060571553255575,-0.03569760047305335,-0.03204854263253367,0.007136392841697243,-0.001875486933777033,-0.0022981273096130505,-0.0014182873242790206,0.00011636825635642834,0.02835778028835885,0.03960947655837243,0.008944712692370281,0.002434977280962897,0.008920834563453706,0.015250735148281302,0.003128344884586067,0.002187830511145853,-0.001051475239637865,0.0,-0.0005921320858639686,-0.009690842239223634,0.013069684738394552,0.0013941378203600895,0.017342819115836676,0.018104294241192385,-0.10549351347779727,-0.010253318534403616,0.12552731456550675,0.013432677519730525,-0.004035298943700973,-0.00016748936592288262,-0.0003722665097565579,0.0,-0.07933674373726149,0.06253256049709692,-2.3020193316218556e-05,0.0005149697232485019,0.0,-0.0009700482067683167,-0.25534279320253833
2491,0.06573917788802294,0.00847772548905197,0.07345276077294247,-0.353271967038719,-0.00010727322162450916,-0.04239590236680174,-0.05356322823134326,0.006910009185521404,0.44605954428470773,-0.015247758140330511,0.0029649918624086898,-0.0005167862270538884,-0.038841045244379174,0.031037555614866697,0.011329799627725061,0.004661680579798018,0.004391872614592222,-0.0028418243954657476,-0.0067864359498845525,-0.004155881965723785,0.021069167043638162,-0.004928929369424731,0.027942065277544757,0.22479034043328885,0.00311664706731303,-0.0007128242071476308,-0.009315375090375118,-0.0013749845713464254,0.0009555800209013946,0.01646813401768746,0.02032926574070496,0.006454141751070972,0.0022674074771994526,0.00808286574039254,-0.015344958712886004,0.0018669825185997574,0.0028245681394968845,-0.0010750117377984001,0.0,-0.0006095244500127477,0.07841420873764045,0.018740814552507822,0.006308671197902243,0.015998521364377637,-0.012006479329522741,0.03020169514413317,-0.01382534976196258,0.1263693014550237,0.001914102304295186,-0.02675703649463674,-0.00041329240554723083,-0.0007936132419676081,0.0,-0.05604367569889619,0.05259623708088275,2.6096571641177284e-05,7.285373461944912e-05,0.0,-0.0006823388479060166,-0.19795882963261446
2773,-0.17546297596514274,-0.0005451370866387007,0.06435100123802832,-0.4466070799227516,0.00022656175390382927,0.14431951779636548,-0.0003058760695852742,0.010392847179706656,0.0634725891110066,-0.011463232897974785,-0.002451282211566472,-0.0005178689713256985,0.008290228743794866,0.01252188741899178,-0.014324041794437426,0.008388912667452638,-0.012627998190337582,0.0053279795990177885,-0.006206925434636382,0.001022311851889097,0.008218155208515206,-0.004440664287662527,0.01011131194099839,-0.01680873054651782,-0.02778489142451325,-0.000565993641939731,-0.007077280527128328,-0.0009877363369760344,0.00010637395633073636,-0.026966743941226192,-0.1969085682518142,0.0008371436372508392,0.0017589516947885521,0.00914264957048992,-0.002722225411167775,0.0016832604877051222,-0.1456001640938367,-0.0012912036236609331,0.0,-0.0005137060007254083,-0.011354542423989302,0.01446949865197254,0.004230339638432464,0.03432188653470953,0.012957452683064679,0.023516943081271287,-0.006669059262133985,0.0208621627056761,0.011444530942995593,0.005621415276380019,-0.00043819728096055135,-0.0009039308381242671,0.0,0.184596803493942,0.08144848757949277,0.00022606549773377543,4.6739189884089315e-05,0.0,-0.0005687186115746232,-0.2812602302684511
259,0.1103020178900823,0.0049566410852414765,-0.02087665246101797,0.8336913275374708,0.0011178232473528645,-0.12444817072931813,-0.003724660508654663,0.004536695641890273,0.3621690027396837,-0.008733207486051898,0.00045598780400488246,-0.0002316069130983418,-0.049068508996731146,-0.055715214972019624,-0.0018277959814427642,-0.009166135250340107,-0.009370965489273192,-0.014618314665696882,-0.004551533969310167,0.0009177180835095156,-0.11628296520100727,-0.0042119509614188845,0.0253516757909296,-0.018173426040178617,0.003459421466107867,0.00019806885260785384,-0.00469354687519535,-0.0009003384395578272,6.439158323806466e-05,-0.01914241278232179,0.014718655244249618,-0.020503642551625435,0.001505662960811504,0.0038447460410929515,-0.010124686409052204,-3.919280280070299e-05,0.0009213169687870857,-0.001104237149581119,0.0,-0.00040224795427158574,-0.014055621863440448,0.006209960501235664,0.0012870072259710344,0.0070395318044946045,-0.0010285687160417598,-0.012427505908252787,-0.010395217406747693,-0.0018454626787000425,0.004584115902878302,0.040857370075561054,-0.0004225361901245449,-0.0008268777089545256,0.0,0.12721760296563997,-0.0573012888689983,-0.0007258322237439814,-0.000314503996187647,0.0,-0.000650747884667086,0.46281383044850427
1580,0.05280664269337929,-0.017879047158910675,-0.02731102163803783,0.24443671120138719,0.000547099019262595,-0.2833540796051091,0.026694142455256815,0.004957670838690515,-1.1534565733392983,-0.021727592212912157,-0.004307631949366066,-0.002234915381110662,0.00800716343215298,0.010170942775876697,-0.023244452743462804,-0.017859070924654025,0.0020231390544919827,-0.004687838695880765,-0.004079524587547946,-0.0031452826409541466,0.03321213220380817,-0.005404005253723032,-0.011958464899086363,-0.03276940626623103,0.008269318180154965,-0.0023599301747120344,0.00479309563315925,-0.0018494933232861411,5.121890216027211e-05,-0.03576841315742239,0.0346108636919556,0.02357215360941803,0.000778038869505342,0.006542813286683172,0.0028082439145471418,0.0025218436940152994,0.001990367466163517,-0.0009171330504157503,0.0,-0.0006108788794897169,-0.023258427219311886,0.016353553070412995,0.001418925074024267,0.009596343331940978,0.007309280392997251,-0.493598968070487,-0.01466407131087483,-0.13677792281304818,-0.10352279215523859,0.09122473182089909,-0.0004920223233228963,-0.0009269604246675778,0.0,-0.19494567195983184,-0.15668012559880592,-2.3020193316218556e-05,0.0011277088620342726,0.0,-0.000840121204176833,0.027191174224523603
3107,-0.2218057045589969,-0.06358130120594402,0.015986285440749093,-0.5070109511961929,0.0006043680880946227,0.33384368418409377,0.015400827581779786,0.013532763314980713,-0.3501614772659689,-0.019996094736391357,0.0017857725655733236,0.005232620095416174,0.0072295424317324036,0.034322765484503574,-0.007852320847281952,0.00883113669277965,0.0073475404721037784,-0.0027827638156952207,-0.004877193291451312,0.021168867532061538,0.013989063389661202,-0.0043591158530212745,-0.024980780606991333,-0.026043998237083473,0.015706189764561226,-0.0020283529018932708,-3.2972566113309885e-05,0.03588253392180683,0.000467007728490504,-0.015191887100799705,0.01938150072999621,0.01266956818877627,0.0030373894808053085,0.010876097984451591,-2.1733338450199128e-05,0.00336851113650341,0.0021059449919470685,-0.0008408592857421273,0.0,-0.0005076594957332268,-0.023175967746891825,0.016081144853951256,0.003735142516717564,0.017556266374411277,-0.011465657347663019,0.009359674244357581,-0.006351233454757277,0.07495153662383916,-0.009671380865350743,-0.04136782252200159,-0.00039269934969657713,-0.0008977932535613466,0.0,0.23619193490584287,0.06840970178260479,-0.0002561175501385069,5.41565759318948e-05,0.0,0.009070976758693882,-0.26538734217205434
1895,0.11084997140642083,-0.07579462946882529,-0.11979466851399363,-0.3294627890159199,0.0010254035567499333,-0.40981519380726533,0.017982539649381277,0.005918659555471318,-0.6829710002414942,-0.0590184676492618,-0.009580195018696485,-0.0008442473611670672,0.017312771298551775,0.014150869553460257,-0.01805816979348876,-0.02568141923588245,-0.007776615788298138,-0.0046589142565910254,-0.00587855097410201,-0.01575612380175261,-0.1921494206272752,-0.005571602450122964,0.02669188630544918,-0.03850285199571626,0.008163199621935435,-0.0016089329650455257,-0.00648441437765033,-0.001515275252022318,4.73118084016688e-05,-0.024540087273440366,0.03723890878834217,-0.057761381561984716,0.0012606730628925047,0.0027379199931450377,0.0030227502769688322,0.00627073166501376,0.001885629271199823,-0.0013634197752140876,0.0,-0.000675328140366573,-0.01500195452685478,0.013476488163177432,0.0014284446896698163,0.01573686020655447,-0.09725325170322334,-0.1232630079224292,-0.02009511017987448,-0.10337847204191881,-0.07324290245309191,-0.06991111391325028,-0.0004199087253361867,-0.0008280072227442382,0.0,-0.2110127458521285,-0.252272464296021,-3.601443551182822e-05,0.0011277088620342726,0.0,-0.0006467148324040815,0.022885546139490807
1898,0.10803476152990107,-0.061136633575214545,0.07463542443902048,-0.12224909594500027,0.0005239884029378491,-0.0548957802753846,0.0009396609332335313,0.005360343895667165,0.5342432320747004,-0.01408169401784687,-0.002860973611413905,-0.0003018247667298416,0.006604708128598442,0.01419159188388007,-0.015391596618107186,0.007387626664797148,0.003584400992338195,0.0033642755677396638,-0.004805778860884847,-0.012354492226577795,0.011216743685662332,-0.004496122204904864,0.03632678119135127,0.23144230902211588,0.0008679142395443446,-0.0006052873063396024,-0.00427735471326734,-0.0010203038279571906,0.00011636825635642834,-0.020768109455159924,-0.14003048602971563,0.00013871969331825506,0.001680097557075477,0.005595014764730667,-0.0019858879008882997,0.0014581182873731127,0.0018713195915060366,-0.000723636393761556,0.0,-0.000614919458330381,0.08728389052574576,0.016844312417003945,0.0060024361158711095,0.005040557757423771,0.018753887564054206,0.008271442753578719,-0.0049454175505353115,0.03689490030979044,-0.03922142800442072,0.03232256513630503,-0.0003826275328260275,-0.000880370898373603,0.0,0.15225586757762724,-0.100009559704427,-6.400333437296668e-05,4.473692484821286e-05,0.0,-0.0009155375302642077,0.05703548859926677
2052,0.13971155985938916,0.007547371603763572,0.04834928024748112,-0.19221799499134343,-0.00020341622378258948,0.029759687534368796,-0.011095199432699623,0.005882088842476915,-0.06431679780554592,0.059335673250511325,0.0012094391767189213,0.0035900879615743874,0.00871643275686403,0.004977552699617419,0.009265904767055836,0.010957241888591403,0.003985474677418342,-0.003096911774653873,-0.004764238240010022,-0.0006106330708951397,0.030920363812708906,-0.005043330653449336,-0.02796955682514147,-0.0144116905973138,0.0044874261865463115,-0.0009624976295741971,-0.004158270896958105,-0.0013686816828209463,0.00011636825635642834,-0.023006946775724027,0.039564396751051056,-0.02352822144561362,0.0014645916259079367,0.008924900608336757,0.01037011489855682,0.0020333838008747213,0.002868955122649169,-0.0010783805080231308,0.0,-0.0006091667891885892,-0.010821175714924273,0.015967544329975613,-0.036936915015832794,0.016344243713522704,0.013428629179941972,0.033268208704774746,-0.012553079634493479,0.07513061055777127,0.018536270333078378,0.03943192496991008,-0.00038519993873300357,-0.0007926788849518154,0.0,-0.08085761843997087,0.024150625171078303,3.797139054718591e-05,0.00012458346896899523,0.0,-0.0010003238329289478,0.056026714066172933
1516,0.09542475786775459,-0.016957594982511804,0.05489768651545655,0.23905559685349115,0.001266179588043844,0.1547068890910889,0.013954093731785074,0.005260196785541097,0.31995180268472184,-0.006588218238748562,0.0007852138979512102,-0.0005973453191896998,0.013421028457373946,0.027328425244957547,-0.001725266526140639,0.01133895298717188,0.0019025436682000008,-0.0026996958576790886,-0.005761376599008944,-0.001869320481399035,0.015120887262978295,-0.004210115081487419,0.017810472082483132,-0.013927119191803066,-0.056082156624611065,0.00019768739210322377,0.0035113493307848474,-0.0007454652307596047,8.240290032519608e-05,-0.021807547943673202,0.02200032274603689,0.009713920274655143,0.0010306783197418445,0.007452400438467602,-0.005506814752253987,0.0007429324855064919,0.0020574614816543883,-0.0011112087265391242,0.0,-0.0006041521592337092,-0.008572543874033754,0.01862288248673156,0.0013545674796842458,0.013223928583297117,0.010871031927103111,0.018250740671682465,-0.0043242502223920214,-0.01171328003091938,0.03756319322441195,0.03500712460359812,-0.0004225282779654579,-0.0008226018417457158,0.0,0.09998822261995946,0.02432471308755066,0.0003366252014808473,5.750259631789073e-05,0.0,-0.0006438690082034036,0.06629559391535748
555,0.08596942776143239,0.026802166341439462,-0.05960022619378987,0.7014582238395729,0.00036541728082855,-0.034750883005616025,0.013039132178943693,0.004410066256310398,0.29334614122582564,-0.009838436678209462,-0.003112614097766613,-0.00032861813414294987,0.01280328087775912,-0.05077269852360362,0.004863277127029966,0.00344236054748858,0.0028687377978296297,-0.008877315473319868,-0.004863997431104236,0.001373197466155401,0.020026887257133138,-0.0041329424499342675,-0.021655910522682068,-0.013688216733327565,-0.048355887011481746,-0.000617066731124591,-0.0004102919743765244,-0.0011799738122211304,7.588963105375449e-05,0.10722916558717445,0.030067776970792884,-0.016783678482161873,0.00135034798502219,0.003003255947409943,-0.019519793903458777,-0.00015115288039345304,0.002218373782339161,-0.0010967344205711509,0.0,-0.0005149230737754375,-0.011255474857415234,0.008801215870029524,0.0013488834319996242,0.008495546052763136,0.001369737492364308,0.037173414905627325,-0.00451770281043568,0.046072275605548746,0.08249432912960943,-0.040380697986688266,-0.00018499392320004118,-0.00037391156429112234,0.0,0.11898809089543179,-0.031803772164803096,3.237079827148445e-05,0.00010588631028144089,0.0,-0.0005181294980488706,0.2416790445433721
3341,-0.34378633541246834,-0.07357469219757429,0.22108235979880295,-0.6040157889543069,0.0003831563793952177,0.16047653104762888,-0.033525979464283456,0.014128697718040881,0.18079509979699152,-0.022235254296398888,0.0012376304978127925,0.0029657955059080913,0.012117127641053578,-0.01483079848525312,-0.05005905899193561,0.014096353521042083,0.012133356997718444,-0.0025948978040703317,-0.0043722049059433795,-0.0007844482533363315,0.02043699626087188,-0.0044302318935940015,0.003403240974947795,-0.02302720469594784,0.007744056308151126,-0.0009304616549202483,-0.0017043726973077773,-0.0011557826391929498,0.0001544217783657837,-0.005805865555942915,0.02855235081090228,0.002544429570241462,0.0036962319225404133,0.010458830886782709,0.000715769391538006,0.004013002416034298,0.0026626258500291405,-0.001064556531982634,0.0,-0.0005965807127448345,-0.014012021620565186,0.01705868804728942,0.004467084767668189,0.014033246128006901,0.07243189309247033,-0.1385220101991733,-0.00954483195519897,0.013515680504376059,0.011310636533963223,0.2447442911415838,-0.0004302308266210255,-0.0008295779574655892,0.0,0.22803201775648863,0.019549075252317208,-0.00025620340142167,0.0005149697232485019,0.0,0.010485907069878132,-0.3442902472237303
1061,0.056274305646719834,0.02617239643084967,0.08531646730329137,0.42050618992958316,0.0009234548657050799,-0.1529277002708667,0.010716576046558523,0.0054680796125852246,0.31643781054357706,-0.009249485060512286,0.0014015323872367395,0.002384217761366707,0.006016637962250019,0.011306856409839696,0.01564823297677227,-0.005003898643323931,0.0021016372799369447,-0.0029028987315256483,-0.006442526293862623,0.004752487044527666,0.023829731418021846,-0.004559026497722574,0.03956762776170028,-0.01683208419315913,0.002784937779299887,-0.0007707373745501907,-0.008600332592327132,-0.0008097968376562586,6.767194781022902e-05,-0.012921510600295016,0.0256070947896427,0.013393257446219211,0.0015318756347450983,0.007464669091126281,-0.004178068728538559,0.0030057302392235293,0.00246802542333658,-0.0010775619310497097,0.0,-0.0006161262198283939,-0.010210786516015528,0.01288692642958581,0.0013211512080962395,0.01562961226936869,0.023704125918732,0.024435349076757328,-0.007901550002136548,0.024449278816661545,-0.003766776916204771,0.01973222606859105,-0.00038421255751248603,-0.0007910027723029107,0.0,0.14292957936965411,0.021686094257602016,-5.0979013525010235e-05,0.00012458346896899523,0.0,-0.00073530893351878,0.16534843239981814
3882,-0.686724032402038,0.0076097312878084,-0.6437288969817966,-2.068594805497846,-0.01937342919282212,-0.2841416172454029,-0.0844335708981321,0.0048980669857467095,-0.4014306601181172,-0.00034232729104318355,0.0009520425710217212,-0.0003564202675820666,-0.07924373362504095,-0.6878450939450296,0.08772902844860053,-0.012830540514114093,0.0031998322572580505,-0.004048224067044332,-0.004153705064064679,-0.004622159017916523,0.01258358000670854,-0.001778295319052922,-0.028166813442303745,-0.01845977260095219,0.004773710680844414,-0.0024213945426671307,-0.01257812324689723,-0.00036903736748385613,4.8213324377527416e-05,-0.015722780699032986,0.015468227344944869,0.004455618185556143,0.0012413921992441832,0.0027977334829654586,0.005025428756688703,0.0007149446748243772,0.001041742012185,-0.0003914637781205998,0.0,-0.00024360986704357536,-0.025399491747977763,0.008067929807086387,0.0031325402576986828,0.0019101734541426202,0.02264719930542451,0.023155751408304125,-0.008657563320386493,-0.06025705338956625,0.015310931666440718,0.03159551063803251,-0.00021419112147337554,-0.0003901403432845305,0.0,-0.15432968153042165,-0.01736093892339657,0.00020349169937641955,5.002187990405542e-05,0.0,0.006844678701595454,-0.46407055337006364
1820,0.10097158126436015,0.012244048470508218,0.08930165101228146,0.04406360385878467,0.0010936657866822876,0.13972732327228896,0.0012507612962677974,0.005832762598868004,0.1711116961352404,-0.004477020310578519,0.0013130674385210112,-0.000689659824383079,-0.09332700595228632,-0.08302676061340512,-0.002643644441424493,0.008120514338600466,0.0027797100771455433,-0.0025528396535537574,-0.0038785499794896537,0.00051302015553216,0.027125748210247075,-0.004294599736009782,0.028730239511995746,-0.01898126870017112,0.004441894852957151,-6.635007679652626e-05,-0.0018622693955691308,-0.0006348506092668839,0.00011636825635642834,0.0703131852305669,0.021505207949222137,0.005903635883757413,0.0013624227711581817,0.00925756917797571,0.004579896999098566,0.001217236891008192,0.0021357056421766273,-0.0010764443043922054,0.0,-0.000585994646295456,-0.012318194403580165,0.014643049782106855,0.0013444002004551485,0.011489442399814606,-0.0154392906305494,-0.03991572742755279,-0.008093109814582817,0.004871351721768785,0.04590097896127404,0.044940728257517035,-0.00018534319421688355,-0.0003667268454896951,0.0,-0.0698759139972392,0.03205119069158362,0.0004230515624688473,0.00027894043410968655,0.0,-0.0006435800091567344,0.06867848831385162
530,0.1410676611269894,0.07527389628008381,0.013032912740352126,0.7676410151088898,0.002389770718156917,0.23114709347136453,0.0010103923055221615,0.004993664297412933,0.4643371402288037,-0.006849361188070035,-0.0007598138605371217,-0.00025194584928110193,0.015455379424614078,0.02862628879612841,-0.002844319791942387,0.0036323876829642897,-0.00904671788823176,-0.009442956070759513,-0.004280583283992792,0.0007760500444540024,0.012200435475717761,-0.0035718777370484524,0.015409962798277785,-0.012178879146187073,-0.06540414201773669,0.0004683484020074927,0.0028378089679862626,-0.0005313569480568481,6.633140216599224e-05,-0.02681133439984591,0.015881866235779484,-0.005325262052012953,0.0014069875760462241,0.00763375637687311,-0.00443063894124649,0.0003495593358720403,-0.06185189498595517,-0.0008585960638438971,0.0,-0.0003066194862202684,-0.0067554093210165115,0.008365178710131009,0.001344440486626514,0.0076179734115294825,-0.0034349761051401706,0.018411107969100435,-0.002331515915411974,-0.02761012606481632,0.06626028571960975,0.06409415481086331,-0.0004240828007219958,-0.0008255797514195334,0.0,0.09102555384892393,0.01824150310547762,-5.00803659537283e-05,5.750259631789073e-05,0.0,-0.0005066770745371592,0.2585119284921331
3342,-0.1647319968303657,-0.061051679046921,0.1770009475648368,-0.4966098601376749,-0.00018765230224704628,-0.048093300255421065,0.09016606141475755,0.010187010044922468,0.024565870666517393,0.039525469395742134,0.007709372107688473,-0.0003730255899298516,0.006475624548084328,0.02401063057822135,-0.05369273725688756,0.014829502996049963,-0.02257413890741967,-0.002438803885309943,-0.0037384060109359775,0.03274130033917738,0.014337134309510537,-0.004721330924161601,0.06474976747341657,-0.03305279304082089,0.006173802491227193,-0.0006513175953576796,0.16422104034782364,-0.0012292832227430207,7.57873160579561e-05,0.008700959697877491,-0.1706824043162696,-0.0005269861551742123,0.003032278129417203,0.009352580967661747,0.012109643939345908,0.007112608790406552,0.002344157999725495,-0.000676475875879986,0.0,-0.0005478844888315835,-0.016895137397059893,0.012040382659735347,0.0036048521974586458,0.014927969615509384,-0.05616400998316089,-0.005899239470358183,-0.006707178925953605,-0.024990160207108775,0.010542700154883145,-0.005479065113562445,-0.0004223485215366364,-0.0009685774174861279,0.0,-0.06091777845790225,0.07000212908807374,-0.004205780022278639,3.172731586095273e-05,0.0,0.03078162512926801,-0.28033143334579175
3403,0.05709588440810764,0.039989611076941364,0.12963985744665688,-0.5628466431614956,-0.00022122524222752823,0.020178093598878597,0.02130299360832909,0.013059328698478423,0.17762288215019062,-0.009684901216622686,-0.004170096973824643,0.0002830800947926047,0.020651057790771678,-0.014077835970652387,-0.023147051362320287,0.004949748395766575,-0.05055014007935886,-0.0028726717283185602,-0.005553426361578759,-0.013470980187403876,0.008935355304169735,-0.003983582292697645,0.0026004889282365946,-0.006767200204549234,0.007868685282113838,-0.00020542518760955841,-0.01087767261469433,-0.0006221600345822693,0.00014825391228542517,-0.015454695094365251,0.026524813130549975,-0.008556457340745961,0.003455879447800871,0.01183348795369565,-0.008528649868146778,0.0025473768528403704,0.0028040944936260762,-0.001108468713895931,0.0,-0.000551390339272089,-0.015430228798102007,0.015359752660768921,0.005172293130019329,0.03258787834336433,0.05909497220763948,0.08809795202105135,-0.009510841864499082,2.7085100470330676e-05,0.03170659908952509,-0.12368112309278163,-0.00036234684860961275,-0.0006975099051456699,0.0,-0.07360180785997161,0.03870177210080822,0.0006687115177346681,7.285373461944912e-05,0.0,0.008695966003753934,-0.34936100050261604
2701,0.02349705757516393,-0.04475181968669163,0.12781534730664632,-0.422549594630727,0.00023901637124056053,0.09538268740275987,0.039894229234178964,0.011198167460545127,-0.015409175106464529,0.032758403182562346,0.0028295116629332316,-0.0019360620914516892,0.014843572261242942,0.034092937355566295,-0.010002142764571707,0.002789273411003737,0.003109870868343227,-0.002972638923435689,-0.005764164178729613,-0.004793923240351518,0.02470808530931625,-0.004802565149506993,0.027705329470716435,0.321127699776834,0.004919205620483526,-0.0016090475814860975,-0.0033541620075842765,-0.0011271436879340929,0.00014825391228542517,-0.010334876635274612,0.03037511156060802,0.004766920590123218,0.0021511851041086743,0.009522260674616876,-0.009012633521906203,0.005676430153955244,0.002695476866892708,-0.0010910209967909617,0.0,-0.0006061222038557257,0.049800286474231896,0.016928114734082667,0.0058728500727574596,0.03476848450121187,0.025415750269394646,0.04814436729517397,-0.008917280681359177,-0.03046983011872244,-0.0053888283514774765,-0.02842715481684126,-0.0004211862593484347,-0.0008004888263263112,0.0,-0.05548988106436906,0.02498282989344496,0.0019103094897961145,7.285373461944912e-05,0.0,-0.0013713134767399532,-0.22559331925353202
73,0.23913740505636594,-0.11451161688448008,-0.42183751069344577,0.924478333439044,0.0007660369050049231,0.05354610741243426,0.018790858097471413,0.00554780814626712,0.28308364400222585,-0.00911640510039117,-0.003543331421184674,-0.0002945576289663715,0.013621498539011102,0.042745019799112716,-0.002146498310001313,0.0034613411665211907,0.001753021757247659,-0.009191688427142127,0.0563856749982167,-0.0006058239823702734,0.02088993829742976,-0.003583647866577294,-0.020226526888375566,0.13253268613972832,0.0021056972169251095,-0.0011834475635803796,-0.0011693463525182983,-0.0007807212175812399,5.8809856217358636e-05,-0.006796890075317012,0.02532033022371485,0.0035591947252060414,0.0005631284215613054,0.0032366055759676564,0.002201895986848596,-6.088372390782585e-05,0.001416334450262493,-0.0009099332856767334,0.0,-0.0003537035047932882,-0.013085970351475292,0.009486052021316296,0.004318731913452146,0.008422559919135477,-0.01894484379273941,-0.033592161454532816,-0.001374257398581936,-0.006247276578387174,-0.010122863195836614,-0.104072846309929,0.020688911831884173,0.04545694113357447,0.0,0.14751429524939397,0.02298305263919133,-4.1153211997059e-05,0.0011277088620342726,0.0,-0.0005278776826521247,0.6742845933048672
3310,-0.34492651238117483,-0.08694015216976912,-0.010740309061936267,-0.737705518679291,0.0002505169148636602,-0.20474218401605762,-0.03294601789953436,0.013679180914976784,-0.896749827928,-0.06108289236341157,0.007802316780993415,0.004919730600522401,0.020791558032872137,-0.036599898779842155,-0.02242779503860958,-0.021501158119560746,0.005859178340983055,-0.003013283304645873,-0.010020770737870187,-0.008764660086475954,0.033627174849730296,-0.004726665040469112,-0.00013979910929467557,0.3221108602913169,-0.06921653226805508,-0.0006038550636049321,-0.017924259830915452,-0.001419064865527489,0.00015566706559561316,-0.013833958371025988,0.021864173601604107,0.006177057036113456,0.0038699943480623483,0.009081735337845289,0.005971417834268079,0.004656653083263333,0.0021452577343462577,-0.001110912367039137,0.0,-0.0006844171340101176,-0.01877182311550534,0.014769649077235795,0.008659107321349507,0.020752763217473096,-0.007375972304950606,0.026363709044526215,-0.01770951178996446,0.13703681444828344,0.027937102016606666,-0.005427003477581797,-0.00042142647770811506,-0.0008633468496828621,0.0,-0.11932485240481389,0.07057545366105641,0.00033155919707654073,7.285373461944912e-05,0.0,0.011722389908214283,-0.36155421839223534
3536,-0.050698802950550445,0.0066065782174490415,0.17770769734878944,-0.8430494940569253,-0.0015723441517963832,0.4779137592668394,-0.021919802111261513,0.010453720337972434,-0.7618582779426882,-0.05061605835406157,-0.0010200177026993824,-0.0007490860551192565,0.02364760391071989,-0.04930922608640558,-0.010526932775763508,0.021970768338770826,-0.05625728961395015,0.006189512658619792,-0.005540801822847387,0.0012401348738443686,0.010112520079295768,-0.003638727480011781,-0.03833020918928943,-0.029592000407766043,0.010783146233926316,-0.0002623606420802175,-0.006396604651352776,-0.0006752533324548499,0.0001544217783657837,-0.016179273445503718,-0.20470427386234213,-0.007828378874669329,0.002263543475907975,0.00853574531930406,-0.014833132858675002,-0.0008014372320925603,0.0023071603045267362,-0.000684568164123867,0.0,-0.00041861896818869745,-0.01611588781329103,0.010350546723960314,0.004101945476200501,-0.1628960197312027,0.1373205107563321,-0.04601050872804372,-0.01051668276094692,-0.09051831731018867,-0.008264402453077557,-0.37032551639329203,-0.00043910334142032315,-0.0010803513699194343,0.0,-0.13014264993569308,0.057467466057230056,-0.00013493806017851275,0.00014954722425590807,0.0,0.006838626044257227,-0.3160555983191459
749,0.19193375360566226,-0.04525338733998828,0.0017777629733173165,0.7234567810281858,0.0009274261667725214,-0.05003926000965361,-0.007677224620660486,0.00463458659183331,-0.7760074591621019,-0.015059771934994243,0.0012513443060876489,-0.00045170481809091666,0.006207557717351116,-0.03997085717351038,0.004315357430609125,0.004321646956387062,0.001511491733538661,-0.008743388677957162,-0.005756362632881583,-0.0018634414866723864,0.02666403863647218,-0.005119199046038696,0.04157727997990566,-0.023394916706659177,0.006710337390440076,-0.0018535695871287228,0.06720874359948932,-0.0005869229519871366,0.00011636825635642834,-0.023962802064232278,0.036118180700262854,0.012498953745219124,0.0010668021998244239,0.006320497212904844,0.00940053077208435,0.0028497171126559157,0.0026563634766412587,-0.0011278358326993968,0.0,-0.000539916306506452,-0.020527593358869136,0.01112863617184725,0.0013386571181627541,0.011326948099164848,0.0042269653468843356,0.02694089878927856,-0.008107011144672244,0.06116821547942747,0.08858510826097843,0.06194455320469595,-0.00042287718053740533,-0.0008122868503800062,0.0,-0.11326374374369118,-0.035698349708466685,-0.00030749602338229126,0.00010588631028144089,0.0,-0.004172020122363206,0.23785115958628494
3591,-0.11633400425427308,-0.11371836549205602,0.3086291551291369,-0.9773950552129796,-0.001764732051980587,-0.009667552030008192,-0.05862969436921759,0.0139190334399903,-0.2198040633478229,-0.024913507862000448,0.0037927179093440767,-0.001114457585788725,0.019371904281037376,0.017299302561991706,-0.014836924051117804,-0.006320294705415069,-0.06009883428720287,-0.0026378303421548573,-0.006467033538984816,-0.008042489375781146,0.024854038124545827,-0.0038295667682814827,0.03345888166086265,-0.027990139933267537,0.009580156694981492,-0.0016144938109219056,-0.02413906345965941,-0.0006046023706374385,0.000467007728490504,-0.029084987312002247,0.03094275651440711,-0.0023313479915175674,0.003664411188730988,0.010173608509355928,-0.01797558163497839,0.0033150862220819735,0.0025523802760763674,-0.0007811220750425129,0.0,-0.0004748075273000511,0.13022199978075688,0.01183882870452178,0.0038152185868947966,0.016032597547804207,-0.03377041586647308,-0.04409570200884391,-0.012098837894240171,0.0711518501894651,-0.12704885460035603,-0.016616071944431397,-0.0004094263527891439,-0.001228732473894622,0.0,-0.08898010286955854,0.01104879500493853,0.0007236765749845338,7.285373461944912e-05,0.0,0.008860316014307625,-0.10487730622247006
3374,-0.21637272849934897,0.05074373707354676,0.11018631798592479,-0.8174577674848719,0.000883419187882258,0.15252643557605156,0.03884954306325344,0.009627458811405499,0.5418821423718009,-0.007722454190940627,0.001761816992123311,-0.00037700705755001104,0.011002555152514274,0.00894326742265124,0.015156922563949102,0.010633751970857724,0.013610023821326362,-0.0029007015828453105,-0.0027083504715488386,-0.002402164086276301,0.011370262285884537,-0.003915407598897704,-0.0016256126668780125,-0.020852754057784632,0.008243630187292884,-0.0007686772263852955,-0.007799386377339313,-0.0011526767271006692,0.000467007728490504,0.03945107778691251,0.017855073438435728,0.004813077006805508,0.003627291580866908,0.009000779121196878,-4.8825943240719764e-05,0.001721587820316004,0.0016241629164532197,-0.001095773416532588,0.0,-0.0005873099053514028,-0.013188522603627658,0.01221492648625853,0.004865092068498756,0.004943570846454152,-0.04547886565835295,0.0034388368357202823,-0.009128293422162056,0.08415008865993824,0.03999935098016861,-0.00803273754105328,-0.000163463645877145,-0.00035618898163379537,0.0,-0.04780760819227466,0.03320528502533184,-0.00024927085849799676,7.285373461944912e-05,0.0,0.00842441196578621,-0.37683018329920165
2161,0.016396179659735714,-0.048056483330035454,0.16946994371319846,-0.210853578574214,4.278781283012714e-05,0.00892355138370349,-0.00197737563565058,0.007342809265691845,-0.09236730016720139,0.07188736549739291,0.0035168618962781624,0.002529446619493279,0.00614968827408556,-0.018252458628247842,0.03534781397096916,0.012932381818040628,0.002259017656737225,-0.001477669101233996,-0.0035511197104267163,-0.02373260084349657,0.028620383574264927,-0.005605924329521525,-0.05001503757914649,-0.023321062203452356,0.00447675396830339,-0.001815932275565831,0.08791349670660067,-0.001060631491584095,9.928848152003247e-05,-0.009114046676239584,0.03412107822158783,0.006708322141760469,0.001688233328859664,0.007694552356242191,0.003947945110095676,0.002161170696717145,0.0028125794039972427,-0.0006705247500892387,0.0,-0.0006056076017271502,-0.009248309475181085,0.015864856513644124,0.0014669956477375652,0.01902806168316779,-0.010533052548418066,0.05979527201796633,-0.013190266993594619,-0.09359596101229369,-0.020098660092566095,-0.00485532870397867,-0.0003696157444834816,-0.0007368815190648509,0.0,-0.09260107252897355,0.05676840934349696,-0.0003985065107905358,6.566798740165892e-05,0.0,-0.0055601482188225165,0.05629659086516814
1699,0.09132860948044802,0.0871567607441332,0.004107224784223126,0.11004374731462836,0.00030012412665854013,0.03504345084586347,0.0014003190195502118,0.005472389205965038,0.3499747124192842,-0.009533129301865898,0.000868680792301386,0.0033235204023974456,0.008869592622014918,0.010425234522492492,0.005555847832848394,0.014575073308850228,0.004088695466986177,-0.0019546426471504148,-0.005238641858751993,0.003179871337162207,0.015603413067216531,-0.004592731023211312,-0.033008398603888184,-0.015493100801384557,0.004301455639218891,-0.0007611679159804812,-0.002958318945083182,-0.0007984230345997481,0.00011636825635642834,-0.02989546887327462,0.02701311948063598,-0.01862165539760537,0.0021740419118699496,0.009575381150568883,0.007095420997820861,0.00017714068684341846,0.0023151662873534162,-0.0010971800201560833,0.0,-0.0006174131449758489,-0.008298226619386537,0.019727788758111754,0.001389089969100174,0.00981150556675082,-0.004454713837782797,0.03857943884555289,-0.011982612508633151,0.04267821179896787,-0.10537485859207142,-0.009181349812745836,-0.0003183606220225878,-0.0008418313891957901,0.0,0.16117922170238233,-0.053937571321885855,-1.6945962338605635e-05,0.00010588631028144089,0.0,-0.0007731332353060385,0.04853619988710756
2199,0.11888595922135993,-0.003155260726190878,-0.019966368481509716,-0.2464530744249455,0.0022003358640714328,0.2939006823446656,0.003361491620709144,0.0052648470227623,-0.2864275605935722,-0.03735653489278165,-0.0008714074472324618,-0.0004326802042062186,0.00916557538099483,0.012636581481106295,-0.0044417795919267705,0.011295530713859532,0.001253600876142139,-0.0027004925028392504,-0.002468021389415412,-0.005675252230422266,0.017423957903958308,-0.003680731330230756,0.005562742014579649,-0.016560840492410113,0.011387851339290366,-0.0013424916634340793,-0.0003422935563367825,-0.00046882772735812013,6.529309921392332e-05,-0.021395292025008204,0.02121955166463404,0.006644931309422644,0.00011077670780480813,-0.21136991289487944,-0.002891599853719166,-0.002036990428413337,0.0021875773110723216,-0.0008808824400709472,0.0,-0.0004551129658847708,-0.012355983805868338,0.015232748007704498,0.0014301877840241116,0.016990421804194116,0.0169951877998587,0.021894554177500837,-0.004204310506193779,0.1272580704372722,0.015262897099148692,0.04895492121520578,-0.00037877733524088855,-0.0007636695858381685,0.0,0.20810608444168796,0.029560659489354334,-4.554871091848611e-05,5.750259631789073e-05,0.0,-0.0009419375284154444,0.023212548566284224
884,0.07053450191865754,-0.024130341927183493,0.030232067226607054,0.5643989957129439,0.0008673424287483597,-0.2090146356829974,0.01229693833742529,0.004738798444979215,-0.6529741913691265,-0.01822697202393965,-0.011743190607418512,-0.0008671518642364128,0.0064380982490872965,0.004713676428860378,-0.029896775630244975,-0.0193217991016715,0.0009782751279967612,-0.007441613781525055,-0.005676944698794854,-0.001654692665470173,0.04402959692651022,-0.005248391876893007,0.03081912737850368,-0.023782684310254383,0.006818556843571201,-0.001794591247541267,-0.004658622485535517,-0.001400707132201349,-0.00039081583885135484,-0.016260120373007926,0.0488302704162466,-0.058053470371092576,0.0012062422895013744,0.0037412903541529595,-0.0005701739251061376,0.0042805436894223165,0.0023280021577870265,-0.0011253361728089228,0.0,-0.0006552016000971638,-0.01790751674366753,0.011925209499404699,0.001300119891217389,0.015503510432450655,0.020777260699194985,0.02812664733312459,-0.007517972114932994,-0.0472218150106565,-0.046591254063107365,-0.021981287836070618,-0.00041675602878674095,-0.0008078055425453032,0.0,-0.1119230781206243,-0.053750953060244334,-9.697949062427238e-05,0.00010588631028144089,0.0,-0.0007593917911480089,0.21440536511047686
2968,-0.1419300411738422,-0.27451770177459606,0.2037282724530557,-0.4809922959218453,0.0007858276157860954,0.07758338392863573,0.001740401010191011,0.009150226413153339,-0.07095547908532567,0.039953008182765856,-0.0024817593161683654,-0.00011945618742203634,0.007268007234130959,0.0027276743459705684,-0.005924605292703505,0.00459367937482864,0.004379681567813898,-0.0026208092388821562,-0.00516532270145798,0.025374773682535216,0.015000997341930007,-0.004690789368681703,0.024970191735991885,-0.03741703357012205,0.0017813637042135085,-0.0010145189244229488,0.04857195127137921,-0.0015490786962532855,-0.005041032316517029,-0.010258408693518734,-0.24126679837077886,-0.010012947635814715,0.002140243303656899,0.007997617429283595,-0.01602931370239722,0.0069642179522985456,0.002500172247686388,-0.0012299629273434024,0.0,-0.0004769036176667197,-0.010144018694263152,0.015253843448167317,0.004256701609448035,0.015303440919065851,0.08874796682467703,-0.05382077201174336,-0.003829884976766783,-0.08137796662087543,-0.0033961326557269337,-0.004069934325479509,-0.0004413006462914096,-0.0008344690840958,0.0,0.19164192882866377,-0.08578024930793858,-0.0002634887978414805,0.0001903398885675118,0.0,-0.002448344104622831,-0.2321090329209666
3560,-0.3768582458386119,0.058505626974912156,0.2371481447589882,-0.9335974438037129,-0.0013279367495319817,0.017565094438467068,-0.029774420257262037,0.00928216206531855,0.5638464807820828,-0.018199440667910658,0.00047617196601675764,-0.00013494966114214717,-0.03188394912979158,-0.07780783293464319,-0.029503364858134883,-0.00355663783943346,-0.06378957931514355,-0.0008647065223807337,-0.004185217783448524,-0.03456516164568916,0.01333451275031656,-0.003843630452888041,0.00042372120616872863,-0.019646606823516804,0.009161414805265429,-0.00023821170600410826,-0.009464121037429454,-0.0006911941615182013,0.00044992795365410813,-0.02961290963102378,0.017021417086117634,-0.009354018538394186,0.003479871277596084,0.006175254111650567,-0.028649613311078504,0.0008691551488818476,0.0015858477100439354,-0.0006209465348067633,0.0,-0.0004842591444893468,-0.018899008496130295,0.011902978431339388,0.004856464928247492,0.005069667747570939,-0.0412402788612728,-0.15484182021191256,-0.015754888221224006,-0.05029337269171439,0.022299780066633752,-0.09128191521848837,-0.0006037322626126111,-0.0010390390794216716,0.0,0.17536433860543166,0.008597516109517991,-0.0002826806859673423,7.285373461944912e-05,0.0,0.008768328814498988,-0.23700575156111628
713,0.05480377913248711,-0.009564527841863507,0.06711819243679625,0.6134245325244693,0.000356941582377139,-0.12616826035701018,0.005121129314255383,0.0054719196743073595,-0.20071460897941384,0.017779897963966007,0.0014050819943484465,-0.00028790106745155483,0.005910324804822581,0.0010001387495060152,-0.004210358961310903,-0.012160846737955202,0.0018940771320328578,-0.0065280804310740405,-0.00515086224256758,7.00131354368275e-05,0.03702470556892588,-0.004557178721079813,-0.033104616684356124,-0.01869158484438106,0.005334886188543254,0.0001360197319046088,-0.010577372767541154,-0.0011926558628097845,-0.0006656358775582467,-0.012355655739757892,0.04206621437800992,0.02096195377260899,0.0014178348881371315,0.006371171837033383,0.0019286293682648995,0.003104973715444481,0.0022745175049615042,-0.0010829536784554114,0.0,-0.000436113980621354,-0.011354331724202901,0.00939273396731976,0.0013270292868120808,0.008603835517746117,0.01005597744376903,0.03286576922447051,-0.007581913716666747,-0.007856109264398099,0.05707897533579094,-0.12605227610642852,-0.00042920178651141257,-0.000821786394318309,0.0,0.14932402792201052,0.023369334079046372,-1.7268600456382012e-05,6.520130688246742e-05,0.0,-0.0007638538776565926,0.26431953124465596
1774,-0.2008634946800611,-0.06710266108633184,0.19895406381201117,0.07766156792913609,-0.00022118581269313899,0.14117353348447115,-0.2859258231391902,0.008107502604800289,-0.21752557273588427,-0.00036173930011872406,0.0011629016758542144,-0.0006951912047735501,-0.043519100733175387,0.02873667481009258,0.006677771601225959,0.010658243768273625,0.004696271626990813,-0.003954197887738844,-0.004032971393614056,5.081007546159079e-05,0.023170869606138803,-0.004294016766451213,0.038821052822016054,-0.02804210500743804,0.008379976059942252,-0.0018739111053443554,-0.007837937413849872,-0.0011419566101362388,0.0009555800209013946,-0.1297113410667338,0.03572331676554632,0.005809405892396112,0.0017083821287108994,0.008567244559269951,0.0023277653488856633,0.005279174321900653,0.0022268559526795297,-0.0010826366478698286,0.0,-0.0005939404383089794,-0.010716545434348792,0.012841428304170175,0.0046376768938180745,0.012626142028562196,-0.0008688668530264838,-0.06415228718249814,-0.007692077997325036,0.10434458676141331,-0.10473083033015297,0.0034017693464862037,-0.0001553737508349316,-0.0003752899778416209,0.0,-0.0930741733267492,0.027522723136470847,-5.999368409181994e-05,0.0012201429617195625,0.0,-0.0005069032498804988,0.08987757472080056
3807,-0.7113115160427671,-0.06325180645566932,0.11537854437161839,-0.5904112963191313,-0.0014280051328717177,-0.051148958979265136,-0.04301972187581742,-0.4531346439859236,-0.46175962799742293,0.01424235634701708,0.004260378419636401,-0.0023584788724893063,-0.06972960346299019,-0.7047979073363815,-0.00733899340624747,0.010876868844338864,0.012406183760640286,-0.0037659536605362193,-0.0032252533775901744,0.026453910902297213,0.01723897054757397,-0.0016399377180387673,-0.009236770208328098,-0.016946830495207604,0.006832348663248137,-0.0004347934683615707,-0.005247423355379569,-0.0003532957138456652,0.00016072217522482957,0.2391416340637899,0.02160214754187326,0.0026641244237750566,0.0012488868753059905,0.008177783141342654,0.010371479757086697,0.001443124175034443,0.0015820520150071312,-0.0003820183602406715,0.0,-0.00033274511865168804,-0.029709897430434815,0.01052852240645439,0.002306352256671112,-0.004833408338673162,0.07132863501501335,0.01803682685993923,0.14409776731177876,-0.12115741528832233,0.0011956228250603906,-0.07234921404825716,-0.00017184841865968106,-0.0003379181182483255,0.0,-0.11977233107286153,-0.0889387664682118,0.0002477803179694368,-0.00039846532404106853,0.0,0.008283438075558175,-0.15706514942186636
3567,0.14254957878140895,0.21203421906251968,-0.027211734911406223,-0.8009746409868596,-0.006673877882033005,0.026852194468924194,-0.03225107563173471,0.015375686066737422,0.0026486625238647775,0.06238162008815055,0.006506856659579748,0.003812166059695174,0.033601644040076956,0.06022880284810753,0.0207519907518428,0.015634847847173942,0.00854316712126719,-0.00269006099374022,-0.004297112545234324,-0.008500862589545969,0.020714026737691703,-0.0035816140300009703,-0.019805404120033843,-0.016795809529992767,0.010543857493125303,-0.0017770713289149561,-0.025253840807805576,-0.00038244061706925735,0.00013709988137757345,-0.03189188668941693,0.0484414326536749,0.005099908226215494,0.003155604695510724,0.006474757961625544,0.00591639503845905,0.0035602058126606964,0.0022268671923308626,-0.0007562606372690613,0.0,-0.0004975848406697057,-0.011948775179206126,0.01515271140404643,0.004734834912652981,0.022108722882196466,0.04470293218427689,0.14495635393901476,-0.019714201689268334,0.059854777978627184,-0.23145782199436796,0.006470186422763958,-0.0004035205664370825,-0.001161666410999831,0.0,-0.08281463777436267,0.021406274370800185,0.00036184384523477647,5.41565759318948e-05,0.0,0.008856359049357153,-0.009843932859157394
279,0.1417670851422215,0.04231168901892674,-0.049957647098102284,0.9502021011173093,0.0009278170118144527,-0.07956855364102902,0.0067808750488596616,0.0047017298767804295,0.8114712311001165,-0.007800138560798758,0.00025957079536700445,-0.00023749071621104482,0.014371078353713946,0.02641720465210736,0.002865970888323148,0.0016537753169999201,-0.008781199393418038,-0.014707260479767855,-0.003775531786595942,0.0021057312725713253,0.016145301121456502,-0.004177825570327233,0.015251445051125965,-0.020385955209868706,0.0022905772594622987,-7.05662030346849e-05,-0.005522110334685398,-0.0013520552216757672,-0.0005045975428436362,-0.029381581993772308,-0.1785852212793735,-0.006447182436603131,0.000686406038654745,0.004226193106338327,-0.0069534037494736155,0.0007885111004620822,-0.044507347181059385,-0.0012640090769691892,0.0,-0.00031456500034302037,-0.008970106476855881,0.007526778646098525,0.0012351686931382614,0.007993988673466845,-0.008576019025910986,-0.0533454054058235,-0.009231329783339005,0.012366024144094547,0.07685235419596015,-0.056136317215295904,-0.000441459025718759,-0.0008539801509294254,0.0,0.10776565810746688,-0.06313248647079248,-6.79809581226018e-05,-0.00021992731155488004,0.0,-0.0006294976484080672,0.5181935836474031
2874,-0.19084597132426315,-0.013558651730320696,0.05621560409972015,-0.43202863074056924,-0.00044560392583093257,-0.18611624909955005,0.1117578336378626,0.009811900409132934,-0.5971370766848918,-0.048385171618330836,0.007574450950283632,-0.00022788292571298465,0.014037818153714972,0.05255455456741882,0.04343167466254364,-0.022659373726993084,0.005708048789198014,-0.002769410387213961,-0.004244758337459929,0.007986418831341411,0.02417034026938443,-0.0045829282778950845,0.03485049667487382,-0.04017519102767942,0.002679269107726363,-0.0004803592095657548,0.1216690261095138,-0.001542050034206319,-0.0009208531173668581,-0.004708526737552189,0.025461484462943253,-0.017028118323775418,0.0017595074380825544,0.008950153402381495,-0.002189408132575834,0.006950356031525149,0.0016074923133549447,-0.0008844737422971875,0.0,-0.0004937892231429,-0.03495090972931809,0.01170316137177909,0.004354035646287973,0.0019536896925616554,-0.033104752650248176,0.024943596323677587,-0.01401667688865712,0.07040187737177032,0.06248670007122684,-0.008998627227138654,-0.00017599642279067843,-0.00047784607675080523,0.0,-0.0931819990617223,0.10705841974403661,-0.0003013448877185113,7.285373461944912e-05,0.0,-0.0032315347443625467,-0.22454143377185018
3386,-0.16364155922520784,0.03397666024527006,0.001083512637848695,-0.528469355855653,0.0061599492667831,-0.13419565813022727,-0.05429234571296884,0.013538667192088545,-0.18617875525583363,-0.03890941158533156,-0.02437195723609038,-0.0005293160122526629,0.009381090374154603,-0.07176506122223504,0.027590077837292722,-2.0419193943354034e-05,0.0004212393746925346,-0.0015534576392885662,-0.004134369288857749,-0.0464202509802347,0.013422724320854887,-0.005376242150299961,0.04417374985396558,-0.02334028628386711,0.007476161105987381,-0.0018649692825321482,-0.02956909637883899,-0.0008235857366120058,8.718600859845717e-05,-0.0012817894267479256,0.026570008947244005,0.00244380529116406,0.0022644351887635772,0.009760558275969434,-0.005620157524891535,0.005832557680446752,0.0027496520599626516,-0.000671474042601167,0.0,-0.0006610456947558505,-0.013413430840614247,0.01378735281027556,0.005464974788955701,0.03438222058476173,0.10336428078823262,0.0735907835511461,-0.012113326012819788,-0.06683303289304031,0.017751995683951197,0.14391072868741125,-0.0004016365553169967,-0.0008004863727138189,0.0,-0.09075607543269842,0.0326004928122281,0.00056695788986997,4.23044786957464e-05,0.0,0.012180045334493626,-0.3169741435651975
2410,-0.15359084247689014,0.005348883386662566,-0.012349505679096505,-0.4578360693607023,0.0011154856680112026,0.34107555354653446,-0.04149214815395027,0.013580929779468816,-0.031820200788462163,0.058279907539411535,0.001299061628673492,-0.002711458364563676,0.007987372031450762,0.024351737075840468,-0.022506402652392662,0.0126882872543755,0.006133313587453505,-0.002741884150570353,-0.0031921025228406744,0.0029424640582371513,0.011405578310593509,-0.00455212952093059,0.004333771848133927,-0.023064749295498573,0.012483333501258007,-0.001885917288411805,0.004994039216998916,-0.001050217758434371,5.8809856217358636e-05,0.0017693861611871736,0.03035416619459672,0.004350474207550374,0.0015754191927327128,0.010182808427178142,-4.676020474083207e-05,0.004034818861113608,0.002509784596141058,-0.0007812983360904815,0.0,-0.000626432391245917,-0.016101687327108465,0.01673337618309842,0.00453120553668779,0.025861472171735178,-0.02036030428590119,0.02441360228719104,-0.0066556887638961025,-0.052368070671671534,0.012463587090022411,-0.044168174934427915,-0.0004228069667777619,-0.0008068670360292438,0.0,0.17634315173233034,0.0524730324804497,-2.6819887030164024e-05,5.41565759318948e-05,0.0,-0.0005821077509861575,-0.25104556701944447
490,0.07891586486242293,-0.0945017286047899,0.13577483794659378,0.818007568131619,0.0005927597426707092,-0.024496994093910884,-0.03451450488218795,0.005351743464762402,0.6952076581895401,-0.010193915563949836,0.0011021854172022839,-0.00030002747599655236,0.014402525836487452,0.04090580275614307,0.0023681414683652422,0.0003767215861512739,0.0014323155316120534,0.027419385501339568,-0.003827811594890121,0.0003560561774493752,0.019730754204194425,-0.004348271824917099,0.01691914868318377,-0.0133515558043535,-0.013656282670989067,-0.00018698592124838053,0.005284116508819938,-0.0011747549163848366,8.37108675169835e-05,-0.022880733819221385,-0.17887664181138654,-0.013589864636633493,0.0014158261656662071,0.005419190990265411,-0.009427486253552303,0.0014274200751684806,0.0019042044020015603,-0.0011731011725881163,0.0,-0.0004825675783678996,-0.01067287455674399,0.009514031914163328,-0.03868860367303908,0.010082264502965994,0.010856147345451206,0.030231195016253553,-0.00925765595666904,-0.026786167330741774,0.05591061236976327,0.07640170761758185,-0.0004401969319212873,-0.000852247839449007,0.0,-0.04979797493979202,0.016634674918160668,0.0004662954146692901,4.4596177199742785e-05,0.0,-0.0015545335031844532,0.31789944800227893
3320,-0.2881414987902813,0.10808947441103081,0.08525762178397146,-0.5295179074680505,0.0008840933781660848,0.2142093091532847,0.014875735770949224,0.008966944365482583,0.27058908025113154,-0.008895167235481337,0.0009190492719880232,0.003619361368525294,0.009750512512853981,0.02260379386168164,0.07204351338522524,0.014768948587483711,0.005633627523736512,-0.002255593812449899,-0.0037052299219948862,-0.003110062204254945,0.011662296226345228,-0.0031023144266861015,0.0030554014740422145,-0.013759510917393908,0.011003973404700072,-1.6536347213114575e-05,-0.002433319216028763,-0.0009412103711150015,0.00017150155320217952,0.10820054603571576,0.015696791444953485,-0.003114446285526442,0.004422737665169761,0.012055898729342734,0.0012666772634757225,0.0013468745060849908,0.002003667767366021,-0.0006441992044584971,0.0,-0.0005381598762940627,-0.009469964056899984,0.013392500675417281,0.0047062819549763615,0.010026181148656813,0.07995088364392079,-0.048068708435104676,-0.006592775429459563,0.11384341818182106,-0.024659471172330378,-0.011745839153322172,-0.0001672476138162004,-0.0003638019021872648,0.0,0.13892825913948315,0.021590874362074537,0.0004716142804656677,-0.0028165690985836405,0.0,0.0060447665160032775,-0.30122861106705107
2769,0.02148335758215712,-0.01983856357883381,-0.0164936927447681,-0.49371710583087264,-2.108327689362126e-05,-0.006625653351194541,0.018694777847999264,0.0056459525093036375,0.5130175795478726,-0.0058058558897760406,0.0005065808545295824,-0.00033800219433963803,0.001774500596700024,0.029252843817741955,0.009048501398529057,0.008991143271397316,0.004304519311241534,-0.0013285907373261634,-0.002917594281329031,-0.0006211985929855841,0.01257962031822158,-0.005410779421396123,0.034883802759001166,-0.023912986865612655,0.0031395593557121404,0.00012008673532219554,-0.006397945469555215,-0.0010980988940790075,0.000467007728490504,-0.019204038026952936,0.01782630585841948,0.010661015890250595,0.0022513641626311872,0.007495721251296888,-0.0002583104588328089,0.001647856126681445,0.002271006837317206,-0.0006620619627676398,0.0,-0.000519032683740705,-0.007199316039646594,0.01698680888302453,0.0013712879383840817,0.0084085890773185,-0.032188973250361484,-0.14208571341054335,-0.008404268124505437,0.024746074732543772,-0.030330456924015363,-0.001865205427229866,-0.00044751164862924774,-0.0008958811314312057,0.0,0.21052690707662328,-0.17099289987647018,-6.665288568572283e-05,3.03617799554954e-05,0.0,0.0029339576231123816,-0.2335100543813294
2839,0.06262681649713067,-0.033339806088131384,0.08658607570893981,-0.43526922390093137,0.0008574734604146637,0.377025150940838,0.05563098792948672,0.010255332146985319,-0.49895219804743945,-0.02770628852112645,0.0031306132754495408,-0.0010443542767016349,0.021729695376107513,0.03878672320051207,-0.007093305128441324,0.02368427773137342,0.0048998135914742925,-0.003297697671896749,-0.0053339246888501335,0.001006964533425442,0.020879767695739605,-0.004529964456751772,-0.012063081702437563,-0.028272782402560964,0.009791226755283532,-0.0019037552135216726,0.003938000126450506,-0.0010500755856437732,0.00044992795365410813,-0.00734419694958641,0.02487976492232254,0.011337243318926203,0.002274774563835482,0.011469880892573392,0.0036942261476087227,0.0033142836537361354,0.0025008299153172217,-0.0008858018289444063,0.0,-0.0006121568318721875,-0.01705990560805109,0.0172490930851133,0.0014312782237789652,0.02099627212733984,-0.06154274566999375,0.011750208135858357,-0.005796643916949764,-0.07315514605734286,-0.01243114771125712,-0.016428543322093325,-0.0004243223331401201,-0.0008121945365605238,0.0,-0.08386788932990392,0.07661045428985339,-0.00034275863055801674,7.285373461944912e-05,0.0,-0.002495875299264559,-0.16610860366395558
1209,0.0669788597644344,0.013407909343994799,0.07859143581251328,0.21895879732394521,0.0009137139912713038,-0.21746043455631242,0.016423677797856088,0.005489841953515132,0.057899030329805035,-0.010582917235013313,0.0015610963350268948,-0.0006039788655904122,0.005259987583058924,0.009642413697414668,0.007654116145280482,-0.02530385131211544,0.0019395929344331849,-0.0028580772100681223,-0.005456156760819288,-6.584492285988133e-05,0.023574544786060216,-0.004766139315604669,0.04561640748273805,-0.016285634126105425,0.0038527296431504644,-0.0008646248109535938,-0.00869540731412957,-0.0008392658501580415,5.059217297383317e-05,-0.012793624953924543,0.03133980562472173,0.019426454422999444,0.0014710189199878113,0.007515223717768041,0.001425872204331574,0.004103544201282312,0.002273724498938505,-0.0009999414091672767,0.0,-0.0006291895476764618,-0.011346445613779368,0.0148638621798333,0.0014818102682572095,0.01797683859457523,0.020038069181649132,0.025330563705592647,-0.008928386763427013,-0.02916893967990747,-0.028461826038189524,0.0038305846035026864,-0.00042528419890125555,-0.000815936724598759,0.0,0.17658994814649365,0.023207589818280083,-0.0006103417516979717,0.00012458346896899523,0.0,-0.0028846422400846455,0.005248123500366846
3826,-0.34648661881819515,0.0028198513716655546,0.0337454085219032,-0.20343220372920995,-0.0015943188108129356,-0.1392999076914946,0.1055137288836555,0.0060361567283091465,-0.4779122454390818,0.05242610374749918,0.001951877948567502,-0.00039678927196761047,0.00566036045443797,0.27781678747399596,0.0042128708519011925,-0.03214771554741979,0.01779374571468401,-0.0019001316367736807,-0.0033150726665508393,0.015220965075478108,0.008868378318663269,-0.001699234672511788,-0.01693111848188958,-0.009571187104793447,0.010215041444946596,-0.0013171464278659846,-0.01277983189923963,0.020202888165602423,0.00044992795365410813,0.2965329407080121,0.016604571382408624,0.000588323485428127,0.0038399413450955246,0.007781107022182823,-0.005107774149984387,0.0022589458468309496,0.0023131731295184957,-0.00029943015355630856,0.0,-0.00034111288323149496,-0.019061214315740118,0.009325284626810608,0.004310136521812548,6.768563945861595e-05,0.021316049625900738,0.050542816997497506,-0.006216566785107004,-0.021223473171498138,0.009199241071780715,-0.03410646066550298,-0.00017968717160245416,-0.00043048990969392955,0.0,0.1562282487219599,-0.006645343541375159,0.0003923568372196533,4.23044786957464e-05,0.0,0.007428142453689275,0.018865185206560706
2806,-0.22635807386711343,-0.04660017273636555,0.14743132447171,-0.4406391814766082,-0.00034266950972007277,-0.12220520935784362,-0.008415022459594107,0.01285280271299326,-0.04109228173865242,0.052862224482047644,0.004952006760559144,-0.0007626605210382042,0.0037997585854269975,-0.009217224487205685,-0.0040862629093967,-0.009635541312685101,0.006959521231204336,-0.0019947383663476413,-0.007200926135621266,-0.02068057923484739,0.02907165972560893,-0.005208445484461457,0.0427597007551884,-0.029454119057145147,0.004297509048391532,-0.0018725554588046992,-0.0184876621838524,-0.0012820806028425826,0.00013858729075921734,-0.005707343167507799,0.03759986280562533,0.005015401695197076,0.0024567296721360937,0.008609233022807954,-0.0006900929230892586,0.00994101663295188,0.00216987932913653,-0.0010906263488493079,0.0,-0.0006238903040323371,-0.018440058809839472,0.014505494441420961,0.004539973792529174,0.02108320935897982,-0.0018748956390993706,0.05174097177450676,-0.014322803411916503,-0.06931683667350802,-0.004972528038231835,-0.03125080827346701,-0.00042167025068343003,-0.0008359404940617154,0.0,0.2622255013539876,-0.003457559420796626,0.0019109071349324223,7.285373461944912e-05,0.0,-0.0027078343158902065,-0.2377274012832366
1414,0.12727609784944033,-0.018469254147881725,-0.207195648201098,0.2399395320792037,0.001309143165398143,0.09776892705933267,-0.016968498500838612,0.006762891174565667,-1.071229168403271,-0.012922179226539708,0.0010649324635996083,-0.0010415235626200373,0.011930566672457652,-0.03744119511537087,-0.004650697192023945,-0.0023303740329707876,0.003064964092050658,-0.002464436127382812,0.00015584949818783013,0.013605753445747704,0.025409496986634455,-0.003738263041103322,0.021541175679049847,-0.019186921932043695,0.007078424131423756,-0.0004377727391307944,0.08266052722720002,-0.00043442338468047625,6.631692545550221e-05,-0.004009038274709854,0.05238207403990665,0.0051640051496443405,0.0008364309227075383,0.0038158548833309275,0.016317804762472316,0.001452330571057999,0.0019697984175388373,-0.0006987998378172561,0.0,-0.00034402538007215856,-0.02641143636329021,0.013395688402888703,0.0012842913167324464,0.005875259032555243,-0.005019267628873978,0.007697549626868142,-0.0036643776317886838,0.07314450878035056,-0.03369612898329026,-0.09771835877123027,-0.00018004189842340298,-0.0005145719646004833,0.0,0.2111399428191066,0.0502774342876141,-0.00025294149129694076,0.00010588631028144089,0.0,-0.002060092073454867,0.05472047118755426
2452,0.038394309231202337,-0.029811552679558952,0.14492684518609503,-0.346392361289534,0.00027197549826127386,0.04108317394047673,-0.012950653331977232,0.009516745258691495,-0.05903927159502191,0.044818583751404066,0.0013449453884644305,-0.00030300542583755447,0.0052722354304566305,-0.032332278796934406,0.0053617250273565245,0.005936391588456835,0.0037053046422638788,-0.0005982283664563239,-0.004630489432882695,-0.0004117118354505468,0.01853078983407488,-0.004572199636135777,0.005955145227341662,-0.02068796961856388,0.002193601175196298,-0.0009650663527105566,0.018007706561739386,-0.0005039835330586074,-0.0006902233465824408,-0.02093083120814684,0.03403808854811381,-0.005495098948549808,0.001560749852468812,0.00943180961623106,0.008407511706386706,0.004629998245837974,0.0027060580870443447,-0.0010985136467841917,0.0,-0.0006091899989394161,0.08443537787466113,0.014903464299849642,0.0014258227420194866,0.02650827063107888,0.005076742306528981,0.04781631452198856,-0.010186940597200298,0.025537345789346397,-0.021654790972059336,-0.032644020869541254,-0.00033470269156111613,-0.0008105150456431762,0.0,0.1605701206753087,0.04922512399324419,-0.0003235018982784438,7.285373461944912e-05,0.0,-0.0038487305816394236,-0.24459439889128853
777,0.08838259217543634,-0.019509079167929367,0.03088356432305486,0.5706183345222651,0.0007288280211834813,-0.0191604456770652,0.026719609035681484,0.005679183891298394,0.27235206509275445,-0.005257304108166414,0.0008713901173829511,-0.00028296900667448393,0.009570924735478206,0.02571126227412419,0.00590161712661872,0.0036798210791635895,0.0027975612640266114,-0.006280646338823942,-0.004999845183852989,0.0015807607910814682,0.023575857247729523,-0.004294415967052509,0.017693339055807444,-0.016967184029016837,-0.041751797592923315,-0.0007960229558734886,-0.002605134300030595,-0.001398563988849607,0.00011636825635642834,0.10439817593216638,0.02757884693661815,0.01252180484908869,0.0011746195535020335,0.006250452431768504,-0.009927908386016943,0.000746570371379298,0.002123199235683101,-0.0010721840780811012,0.0,-0.0005295293852886476,-0.009323032790988069,0.010030904631697962,0.0013374084398136345,0.006810082179239511,-0.0021805922021010675,-0.04367016941685494,-0.00497934432221778,0.0471792821030865,0.012822796449565054,-0.048494256001453115,-0.00018596809867309943,-0.00037251322518737514,0.0,0.10838165385945597,0.012109287030497871,-5.595159890779768e-05,0.0006261337456477523,0.0,-0.0006316904752027194,0.219016031522735
2380,0.20004979102340215,-0.11838850658303617,0.004699317912265009,-0.4584264245166381,0.0013501037241841775,-0.3469220484140471,0.005422179657054214,0.005909342377520676,0.6176740830785638,-0.012368963069542865,0.0007501531187888405,0.0032393606595552842,0.0038365766185748645,0.024415110590047976,0.008087830934723012,-0.029957873605880102,0.008878209353174762,-0.00333552618178793,-0.006773425858918882,-0.0018056206244967939,0.028819417629150385,-0.005212095159588491,-0.04804619838041968,-0.023291697467138266,0.002101496112281569,0.027141376445873312,-0.00424488060318482,-0.0010888984627290457,8.027411512829616e-05,-0.02026464956054318,0.022917278330453723,0.02356328563703071,0.001452482059747658,0.009231142525066087,-0.0038233051710806804,0.002754600277379841,0.0016405316424490072,-0.0010808595095990947,0.0,-0.0006048118411351894,-0.009957370348485445,0.01846255864764295,0.0012026803688803512,0.015779532090057644,-0.04214770862564962,-0.06505923441974781,-0.017661632598773985,0.04389793936383266,-0.015858730665060078,-0.015605983243951502,-0.00038607970713600844,-0.0008221504630628923,0.0,-0.08785299159924513,-0.06075650514063255,-0.0001377090884323957,-0.00029620331326015884,0.0,-0.0008567764641982241,-0.20335645756183224
3306,-0.20950399866088876,0.07717758696086581,-0.043332650056302636,-0.6206309840516975,-0.008048039444261393,-0.2425251035384057,0.032552425753234714,0.008759356575318095,-0.06964900418708854,0.014969950207260899,0.008962995164826834,0.0044273311188473725,0.008526358871498937,0.004102556094575728,0.041386433751728416,-0.03510120146495833,-0.002004857852010919,-0.0033181811964153383,-0.007377021672743106,0.004326854912046208,0.012606523736780466,-0.005147584265160376,0.056101773327502324,-0.030820569093724357,0.00825539749042426,-0.0012452098703456464,-0.0221207872669737,-0.0008652002678538481,8.136198589936294e-05,-0.03957767577893536,-0.2942611740500693,-0.008758700064292753,0.004041009229396095,0.00916593850475778,-0.007026707892147763,0.01034002981804338,0.002116869622520875,-0.0013867839562082718,0.0,-0.0005766250289452085,-0.017819135854513855,0.013747974371869765,0.004897850043952269,0.024693538661378443,0.04011296491484035,0.030488635407875168,0.23235986100145142,-0.026222723422095785,0.00022303307053232196,-0.029954852660045106,-0.00032143755479671,-0.0007635055440024966,0.0,-0.08504367727998077,-0.4440094773960496,-0.00018448932781753056,-0.00020936670818182818,0.0,0.010392689348086237,-0.32669109757885073
3257,-0.056877575794902116,0.16227799859622674,0.09173652126231037,-0.4696165441566963,0.0001579687124014383,0.35770324542123627,0.04835868909562035,0.013552641973885666,0.03143945553710971,0.03837454840001117,0.001247089128678301,-0.000777951011714038,0.01801137168679484,0.05644557389455923,0.013024126077710422,0.02881926005990082,0.005292160576773242,-0.0029887940747169058,-0.0020321585357527434,0.01191652540754848,0.014721182219001799,-0.003748174619320708,0.024541440381700926,-0.021639929853239613,0.014200096455281044,0.0011544077698827408,-0.0025191881158916607,-0.0009615302337605627,0.00017150155320217952,0.09871494461623384,0.022675736131132097,0.004996033959566799,0.003326643413825531,0.01349285665484764,0.000903866682386923,0.007288269770690415,0.0020068489301559717,-0.0007875716215288725,0.0,-0.0004892260376258184,-0.010769315653508386,0.012293649248635227,0.004917062062329508,0.016704401362435263,-0.023256668037480457,0.019456593878179915,-0.006849066764789206,-0.10740104411224825,0.051973230315739784,0.1555711456057722,-0.00018311035341249136,-0.0003606633748165576,0.0,-0.0506870264985998,0.04477225569337675,0.00039938733561057407,4.410880769838943e-05,0.0,0.009323357951515168,-0.2789508511627816
2745,-0.17208494838779795,0.03162288894120747,-0.036535184202890085,-0.45315968852217386,0.0004078292822705366,-0.10470927180519105,-0.0028961083716229816,0.00881769979011528,-0.1964663260615342,0.05431145836115914,-0.04522608282134285,-0.0007515339725967419,0.008420411435712932,-0.025627866796895493,-0.12415393577800767,-0.030735646759240145,-0.013177791412521862,0.008289264076343764,-0.007478997498462133,0.005798581765190845,0.013908187048201867,-0.005565695191298206,-0.07961869036653636,-0.04061825015396035,0.0022296172125034984,2.051015862447876e-05,0.01700194207539691,-0.0016551041591550888,0.00013858729075921734,0.0013973296616923592,-0.2855141962945694,-0.0017410726899178745,0.002001036377410934,0.009029026940491382,0.01800339975553378,0.006362896754730892,0.0024051279330893683,-0.001445869178769009,0.0,-0.0004775050286828368,-0.012235143140844517,0.013719092750683256,0.003094800797016321,0.021140390421346553,-0.05819720921803395,0.01934209562177145,0.12101858032090515,-0.06469166341678789,-0.005138562303482847,-0.00649750620474133,-0.0004703034180024487,-0.0008433239395992578,0.0,-0.086333582638007,0.08279515360909734,-0.0003716619764187995,3.8279733958617865e-05,0.0,-0.005012774110739541,-0.2352538415975958
2006,0.10996024080744841,-0.021037069232927627,0.1344708286097994,-0.3272253278013322,0.0008655637168273489,-0.005856087715543804,0.0032500314451770246,0.006084017510547669,0.7145258422729013,-0.01686177376321691,-0.0027788727215846748,-0.0003763845309985027,0.008622790961192138,0.03108449511134543,-0.011847036196078922,0.006865432382026621,-0.015380179217974667,-0.002596163647182673,-0.005622103051135786,0.005182741577294189,0.018711653809810415,-0.004613343097811355,0.022226432519963448,-0.023696775862472055,0.001428766586244756,0.00029225480885579315,-0.005293228923870746,-0.0009205018263505489,0.00011636825635642834,-0.014681757337740726,-0.22845102368911957,-0.007857669799376816,0.001519213390009725,0.006123649213395277,-0.006520995535499969,0.0008864496086077495,0.0016408419144472248,-0.0012281038703626267,0.0,-0.0005599126873994369,-0.009957086327604602,0.01643314806500527,0.0013879266958258666,0.005798169207031905,-0.007894366484396498,0.005327424591722579,-0.004429579550881434,0.024674830006296913,-0.00773486263810625,-0.07476819027411911,-0.0003779453387357029,-0.0008290205008332134,0.0,0.12710915944280882,0.015906580879474004,-4.812335544603141e-05,4.4596177199742785e-05,0.0,-0.0014616714676662784,0.007955923038582809
1838,0.15907757215427032,0.03936613469676515,0.014625498683418094,-0.09705182753659318,0.0020458961759312728,0.4119722719275786,0.03534720395366031,0.006522247518239356,-0.3951195782787465,-0.02645580457043901,0.000753233412089587,-0.0009993193638146195,0.020020697916514254,-0.011715947925275758,-0.003460105649425378,0.02749705408974099,0.0014437020239308127,-0.003279654815147974,-0.00393995769151866,-0.0021484134352567825,-0.09493926858153165,-0.00409710742786485,-0.008527901721151811,-0.022214211123709738,0.012623576390153006,-0.0016640727152755956,0.000429310537435075,0.020622906282606428,7.588963105375449e-05,-0.043311316798608106,0.021707880199535592,0.006155074322272288,0.0010121193268161665,0.00921728486230914,0.0004544324457525906,0.0021828713166040124,0.001716028090617234,-0.0008434671948305542,0.0,-0.0005620584602712608,-0.011744162432985858,0.016902592342813993,0.0012939982080198457,0.02109984848874107,-0.009464856638867262,-0.07020891301105668,-0.007498302900085271,0.07784109916944427,0.07050060620379243,-0.06708632410746819,-0.0004301583462125524,-0.0008010343967264149,0.0,-0.0540577444369144,0.02991939027344595,-5.730678120809577e-05,-0.006167877041330307,0.0,-0.0006049324708369197,0.08552137330103003
43,0.18510903847900873,-0.0035189835352097227,-0.14592914254622597,1.0288093754341594,0.0011969313927250665,-0.07183311033313194,0.0016026489283142947,0.005154280654051429,0.4929396430969161,-0.00794102749793955,-0.0012874544817038382,-0.0002156787494420698,0.013652717471568454,-0.046839030757985116,0.004800995012800116,0.002398606202340934,-0.006148944617893786,-0.010600047546923072,-0.003771479036844176,0.0003787034159756454,0.015936349048465658,-0.004073181755091375,-0.03960365842134606,-0.01642994189599892,0.004388849872490955,0.00019463005763180007,-0.0039532419500503055,-0.0008471626211056633,7.588963105375449e-05,-0.02153231741386677,0.014241660646924281,-0.013351707187330374,-0.032119394449822286,0.004398837907135034,-0.01092731162028475,-0.002298329255141205,0.0007310535106518869,-0.0010824789493344752,0.0,-0.00033206806201189516,-0.011422530975160265,0.00668351035050188,0.0011972665839082043,0.007165962431677077,-0.017877068223255455,-0.013575813157065767,-0.004422620907822326,0.011673217458451629,0.045455528860757904,0.01223789614732576,-0.00042495310831057947,-0.0008447229989049417,0.0,0.11485295076468575,-0.012742341292431264,-3.252905912427415e-05,-0.000314503996187647,0.0,-0.0005538603312207942,0.6640269599292834
96,0.22536159637772266,0.020109077878714732,-0.079415587681403,0.996267178124497,0.0012099385648480575,-0.053605197199543604,-0.11018401726714332,0.0049413798604455985,-0.3880469977611768,0.033731856379515035,0.0016466632018734223,-0.00044068371920181196,-0.06447448422452287,0.025863423427183212,0.002493741029004449,-0.011882027493695688,0.0012560656116814349,-0.01866800383242437,-0.0053091169546248835,-0.001969777623380603,0.02211192290424454,-0.0048709790063513735,-0.08760597533191428,-0.02847656089846274,0.005502342362607854,-0.0005782577082486281,-0.015480849051272803,-0.0009595348908743418,0.0002728109907241729,0.022267413055203373,-0.32578101708696977,-0.002725853788489156,0.0010702434478711963,0.0030191979914105287,0.0004904732020009869,0.0006287190767064204,0.0015752429099900162,-0.0011360336919883558,0.0,-0.00040953404937594997,-0.014490519131193553,0.009528757360961834,0.0012300862512934986,0.012471108401151329,-0.010086747656070707,-0.0009475803189975074,-0.009412085609572797,-0.0703320403828723,-0.01744338482702555,0.02497496798337714,-0.0004289936581207941,-0.00084080258187599,0.0,-0.11990329634825712,0.006019078841924891,-8.302729620241193e-05,6.147311282376768e-05,0.0,-0.0005126318804206699,0.6283631717199708
147,0.2850120770837192,-0.06554065852832393,-0.3544730532975994,0.9565489700917043,0.0019170932596743284,0.058686735715384755,0.008813422343363983,0.004768065125534534,0.428069565025954,-0.009003726320543932,0.0007022169715847714,0.0021432219850662675,0.0180275175760598,0.0294108595768103,0.0022014318705118716,0.006770476865860979,0.0010225791619176594,-0.010767290042040216,-0.00464846735998525,0.0010242976825238451,-0.05786036435898322,-0.003612299288310312,-0.023721712018559462,-0.006492067688403072,-0.020927169128093354,-0.0008668413276735466,-0.002054791668881049,-0.000516301028087017,6.529309921392332e-05,-0.03352797587944492,0.01667604036520662,0.003983470142337169,0.0011197165217962952,0.004630386837942497,-0.007046692643640998,-0.0002281110764644209,0.0011191767712432157,-0.0009023050366414898,0.0,-0.00042218052523514734,-0.008325577411062938,0.009256545972393991,-0.03290839039400862,0.01143046586436941,0.023310923469601938,0.021548620540688415,-0.006542521620095889,0.02347703329663681,-0.004098689780079291,0.0725937731117773,-0.0004223374847680564,-0.0008861773505113472,0.0,0.11415968396860579,0.010630793971138424,-1.9270461514096383e-05,-0.0005791332888862479,0.0,-0.00039780944025939995,0.5550123523563181
502,0.09764050951217923,0.04517921450985714,0.006764947410129453,0.6909842207553153,0.0011381163103289257,-0.08516443454257153,-0.0018870920793339636,0.0051183708237532285,0.34994077044159017,-0.007507298592215958,0.001282968320123369,-0.00021291041818808151,-0.0398196305463252,-0.06713622600268969,-0.0012150487931485048,-0.0074976146895286665,0.00278785166121285,0.0185648621623132,-0.00488226457665861,0.002568253745111258,0.027112545520243267,-0.0043024321336233035,-0.02258571143007304,-0.016022196793214538,0.002969641601213963,-0.0003106437377063339,-0.0019726370821092757,-0.0008421195534840002,5.9054710741850256e-05,-0.023609367565735107,0.030516337790616455,0.00801524874408248,0.0018308485828737217,0.003216688957269492,-0.017790463975112015,0.0009207903106221384,0.0013183138953170206,-0.0010452281549604564,0.0,0.03726799703504531,-0.013505796220336954,0.010622264056758373,0.001286189282826772,0.012576377587630026,0.015287009387088806,0.04535919719532147,-0.00811671997133818,0.030179166201980086,0.015562623004852033,-0.0005723493068340034,-0.00042537570511074884,-0.0008177834946539138,0.0,0.10980941624446207,-0.04305838165168733,-6.053208854321119e-05,0.00010588631028144089,0.0,-0.0008765858961541688,0.30745223567203367
1179,0.08864556160804897,0.00937932984267517,0.15588548424521742,0.2814647311166346,0.001934388410743184,-0.023324082757747715,0.013973979085331066,0.007065377738973077,0.22750595622873407,-0.008955104239069997,0.00136096478327073,-0.00046066169225825984,0.008338361608499854,0.026692834386217307,0.0027788266117929005,0.009969486137713241,0.0018025456384772422,-0.003235199293419774,-0.0030601506277334167,-0.023868630530494924,0.02041387169675969,-0.005045848254825559,0.04346990697452831,-0.02498122543847598,0.0031074995012529906,-0.000842528617582017,-0.010786864074059743,-0.0008231131569955329,0.00011636825635642834,-0.023695744496387304,0.02377751372837847,0.009358489644287824,0.0014820834134317141,0.008164166771792972,0.004320916092383901,0.0015004278825985675,0.0026016089936123092,-0.0010590868793009611,0.0,-0.0004822824688984916,-0.00602067523567203,0.01439384520709937,0.0013538154120916772,0.007517035723179035,0.038890812847883156,0.020265882004317868,-0.004722065424132303,0.04868394977397614,0.027365761636062014,0.03474807527207119,-0.00042858586754349016,-0.0008180988397931972,0.0,-0.0473198786043651,0.03670684687213355,-0.00013331556901963226,0.00012458346896899523,0.0,-0.000863622293290713,0.08022781153774416
3402,-0.226548926919149,0.019577931632868407,0.07002438046367257,-0.5189241408964409,0.0005004138592913207,-0.07223753791338056,0.04780009053065125,0.01201891845726757,-0.5192410062209694,-0.043965675139250385,0.006343353780739465,-0.0012740494207992225,0.014143282170234554,-0.001841421520149428,0.036109164622804495,-0.022013191312529257,0.0014127312365874779,-0.0033710082549419183,-0.005109485031784423,0.003649329256469203,0.0313186323162252,-0.005201265364869308,-0.03490696954597846,-0.04041320156841374,0.011251279124610067,-0.0017534327148412466,-0.01835043660353847,0.04451118962911869,7.13287740349581e-05,0.005582383012477363,0.040795112061589985,0.0190482590365991,0.0022468005439084996,0.005949426845485522,-0.011237582504602073,0.005800350613420574,0.002387993096636361,-0.0011351865221559763,0.0,-0.0006585395521209079,-0.02982697879075674,0.014449607267898073,0.003971949858872602,0.024396509144028872,-0.05804482975727815,-0.03212373448980491,-0.01630482174102992,-0.0855297106791232,0.007378319018425587,0.009748814567098595,-0.0004174024397831285,-0.0008504181437712507,0.0,-0.11840746000018551,0.06115745986700846,-0.00036247643457914646,5.41565759318948e-05,0.0,0.009722312867765863,-0.24245300084814927
3343,-0.20133473418400122,0.03131124925703189,-0.02198248594624483,-0.5970337236081094,0.001477059101421013,0.44803948545237876,0.024781337052655887,0.01347181452541766,-0.48007967664250223,-0.028611744658630138,-0.003763407014101448,-0.0022792022907537823,0.017142184984222587,-0.024897757479084726,0.03624316936150185,0.03282088203755734,0.016938848140134202,-0.0027330194142901453,-0.004155987629201127,0.010545681984053534,0.018102604070948127,-0.004009286293798702,0.02095237052297936,-0.0270783561025875,0.014543885301621588,-0.0017888336424405412,-0.004724282539814229,-0.0010240456398571344,0.00012002010654117759,0.005948507528424748,0.024417894583007395,-0.012500413021180937,0.002992838161484728,0.0102853654636155,0.001601951954871722,0.002372363707765543,0.0022362876047039766,-0.0008124967101650039,0.0,-0.0005281664316467395,-0.025159756814473085,0.013709408206789066,0.004747803788809605,0.012339110421892839,-0.004712642322038214,-0.06581748679618299,-0.005186315286360253,-0.054646190462634414,0.01761047226523543,-0.03614960249033689,-0.00039569091232697897,-0.0008650023122674662,0.0,0.2754786759643699,0.033674649276221665,0.00038841799265954815,-7.903949282330838e-05,0.0,0.008821806957086899,-0.24981177427949489
1205,0.08401305415933284,0.015850874161554063,0.1284451226204871,0.27642197951922565,0.0006087866235018649,0.32307826197404,0.009097603446347777,0.004935712484704574,0.2565143266956506,-0.008076169449276369,0.0005402219386554123,0.003619361368525294,0.012430544780339711,0.017026612978737178,0.0032214547787641533,0.016406608987598822,-0.009098949680278398,-0.003011571182628851,-0.0055780739382559974,-0.0009834778876698317,0.01219742538991581,-0.003687094265902244,0.013795994417286107,-0.01715549229961395,0.009360359083744184,0.00027948283211905005,-0.0006926585418799506,-0.001182483779474874,0.00011636825635642834,-0.015518528412314346,-0.19921733208456557,0.010983761034251102,0.0012819346291236587,0.007979422923430134,-0.004521901637849817,0.0008938027014838771,0.002488947574140127,-0.0007610074756397443,0.0,-0.0004640907420372827,-0.010441933799583207,0.014145508050124272,0.0013873780162054128,0.011234378013616727,0.011573637269647625,-0.025681326314633626,-0.004896260281108317,0.0013474888423112771,0.0007867526123897091,-0.08948350753782663,-0.0003996131951128061,-0.0008014685680366513,0.0,0.11242327884233642,0.006395187679274391,-5.499336739016055e-05,0.0001536672576425294,0.0,-0.0007010708525866456,0.05665938113456599
2624,0.058267188235795304,0.15007266152770576,-0.04049136080604599,-0.24310565985518368,4.94367063569348e-05,-0.13306189797332815,-0.021845726236328366,0.01015546609850516,-0.05186950478782072,0.04044993731506695,0.0020314813174251633,-0.000677250289190076,-0.044391798304241024,-0.07706040602066286,-0.007386376912227186,0.0018850805367612532,0.002584172386384583,-0.0031479939126547586,-0.004409587115032667,0.003699937507076039,0.03368356980721339,0.3918527975761181,0.021945778649366903,-0.029372120882694374,0.0024509693759661244,-0.0012917882077244079,0.0001114633181163373,-0.0011053456397430706,6.583328508424625e-05,-0.014451307701947948,0.03400237325719913,0.009424773031167904,0.001725126956976006,0.006045046714123116,0.00786522736355868,0.001864955325924714,0.001972589502987078,-0.0009164289028467934,0.0,-0.0005860045894162841,-0.012466234768505715,0.017899038473492963,0.001477997482518149,0.024508919335608923,0.045762115076814124,-0.4974532498213554,-0.016171708895171208,0.07696316614604407,0.021704277539172357,0.09946662554085516,-0.0003209355664540753,-0.0008097824901273404,0.0,-0.07791773137521296,0.054343634390704616,-6.578770822983242e-05,0.00042253562356321184,0.0,-0.0006833206063060172,-0.22488090559226936
863,0.07589367567668337,0.07044048846960076,-0.003765281479151004,0.5429853504827542,0.0005988835444099288,0.012458277318878313,0.0168378115491345,0.005543968981918461,0.3142858218381259,-0.010779429711645024,0.0014784505089404595,-0.0006524393549274473,0.010515252518945155,0.03131740933755021,-0.0006070899916629383,0.010206778619743362,0.0023111055671442447,-0.007352685863507736,-0.004080436689576948,0.004815627200630838,0.026090386703903234,-0.005066842819717767,0.015983923573272784,-0.014142433811035434,0.0039293426810421495,-0.0003783191367556117,0.027754500330163356,-0.0011568591571336272,-0.000991146413368455,-0.03505387010217667,0.0344200711972597,0.009609410095637452,0.0023102465931267445,0.009938926443164721,0.005427197039714234,0.0019539250807978437,0.0023566626840420494,-0.001045195167637989,0.0,-0.0005232742719747998,-0.00836705257188503,0.014702022820873645,0.001426744710264985,0.01513828407575532,0.005181934931048732,0.03803205326654067,-0.007677197879990558,-0.03801696558587887,-0.03114359955916145,-0.023828302810433598,-0.0004269344684123358,-0.0008109487706829972,0.0,-0.06531734856096479,0.0021127951563888196,-0.00032473757912386347,0.00010588631028144089,0.0,-0.0039231246182034355,0.19803290885046596
1218,0.0766815496220009,0.008083875296719056,0.09905380701330714,0.270554914126201,0.0008550069725832178,-0.07612405874347802,-0.023789844799465568,0.005559401562098891,0.5865047955834582,-0.010780883538924414,0.001408684343333586,-0.0006569432819298215,0.00649592811839992,-0.017800560853569278,0.0008281094014308967,-0.010205813187949069,0.0023667170543719977,0.007215417752224977,0.10137010852252284,-0.008246017205568315,0.022714839667475038,-0.00413436045652857,0.03965609493512156,0.18310385340880841,0.001592846058366179,-0.0006613478659877927,-0.0041836017424206175,-0.0009701997462618122,6.319434029190031e-05,-0.009546187227214516,0.021442242449561832,0.010870201849020376,0.0016556646099601209,0.005349711148148656,0.010175080365606125,0.00507778411629669,0.001703861515017134,-0.0010781998664640385,0.0,-0.0005998104531079123,-0.012502795188837273,0.014082182780477778,0.006278564419221832,0.007066413708479728,-0.017011713270564985,0.026631549059253683,-0.008818527983443337,-0.02429905763844454,-0.02550843125475276,0.016160236540185495,-0.00039659029493802235,-0.000667430356209771,0.0,0.14886906139220143,-0.07461379377504963,-5.0979013525010235e-05,0.00012458346896899523,0.0,-0.0008864626978570188,0.036776682226743726
1332,0.11526890765538221,0.048096930895231704,-0.06028587916947407,0.33668783440206035,0.0009816419353559107,-0.18477039815811092,-0.015864534510710307,0.0054519238298017655,-0.1910544819166207,0.023777514667411324,0.001564295610825022,-0.0006217803785405474,0.01442045892323656,-0.04577975934018238,0.011325667226086297,-0.027050943952561225,0.002038564180215336,-0.0033768850141189886,-0.004547550560493387,-0.0030584625909066,0.03052840848418059,-0.005141025260574015,-0.049516932301293615,-0.024145467148348972,0.004090727972815987,-0.0006514685925890711,0.05189946311936063,-0.0005913610825678489,-0.00048219263422607264,-0.02662668313808598,0.04424259441730321,0.01699720237090882,0.001086160178019947,0.004508163713545704,0.008925297623869876,0.0023613041134169436,0.0024758804654005473,-0.0010968350756236835,0.0,-0.000648342183538462,-0.01091339687548767,0.01659783750188853,0.001390066423807693,0.013802327433010193,-0.004323693211402489,0.03284697359654057,-0.012096370506140965,0.05772043607022437,0.11123294199727408,0.038464135892281544,-0.0004239030226464771,-0.0008408004701861134,0.0,-0.08146588262649444,0.0059455727146670925,-0.00029575819096431676,0.00010588631028144089,0.0,-0.0035468625787213035,0.07056753173069515
2568,-0.09841879478793636,-0.09465849217212155,-0.2440412359895276,-0.39000152027684964,0.00030321392056467905,-0.21223284095396233,0.13470139820604682,0.012718364833689242,-0.7962566322916196,-0.02949202207950005,0.007187600247407812,-0.0010765131908061633,0.024450013398557496,0.09683547123051674,0.044074794709774344,-0.0030976100283276035,0.002584249138158427,-0.0032500377672412817,-0.004108616946428638,0.0004072577475865245,0.02458587636321227,-0.00566663372425943,0.04852883367823515,-0.03784370537980231,0.0011717624238369061,-0.0018212126135043769,0.04607515972691011,-0.001411987754729573,-0.0004012283483725224,-0.014962474185378813,-0.30607675309606625,-0.013476568324505445,0.0028998483074487253,0.008782801479994416,-0.005371757532945004,0.004099783732211602,0.002751830907284447,-0.001481977509581801,0.0,-0.0005454844930118949,-0.024811193366518127,0.013897452687274632,0.004932113676852886,0.03858890648105421,0.15840308781965165,0.06217917610233134,-0.017955805814378972,-0.10926439680046916,-0.007031583484332644,-0.024140527078318874,-0.00043862761777929026,-0.0008729179614995746,0.0,-0.09449419169514499,0.0671149432492977,-0.0003178155148256217,3.8279733958617865e-05,0.0,-0.007602734733001839,-0.18409987105372008
2301,0.13509636751773305,0.02625697638494316,-0.03681257848163357,-0.3608665130228399,0.00026156059871857963,-0.050317257825997816,-0.01610224024100832,0.006949170323745013,0.6008652763552745,-0.015793946960468392,0.0014709652162770966,-0.00036244792210331857,0.006266659756866421,-0.041625612040442635,-0.0005049795428625436,0.0022791018203049697,0.0033771460947765782,-0.0014990549926469276,-0.003918591792181705,0.0012500087743525423,0.024067891824091782,0.3740752408595377,0.014492282986238487,-0.018024750827802218,0.0033279893891186648,-0.0006301688947007983,-0.0026046698083340286,0.031142523848142187,7.588963105375449e-05,-0.0090379934013117,0.03523692350780423,0.009454978867836987,0.0010424304792254334,0.004692107510647849,0.00536757728684662,0.0005354311400873837,0.001612536915987831,-0.0009705177662888497,0.0,-0.0005529940123054407,0.08898708095490264,0.01975469190977314,0.001353735126020873,0.01339622298465675,-0.018436981633540427,0.032005424007131134,-0.008506059665296927,0.06272947802797857,-0.027656144495433035,-0.011871848716361759,-0.000277778536719058,-0.0007407716978407314,0.0,0.15582657884015838,0.03522129160200304,0.00020482842128051774,5.41565759318948e-05,0.0,-0.0007617188342579221,-0.22706711385978975
824,0.12825296127079536,-0.01566818262693177,0.031391101495568265,0.5667961768658248,0.0008250740478591311,-0.1549816149285375,-0.007012821892908531,0.00521716625360417,0.23359662581663584,-0.008716901092398163,0.000726462185852151,0.0025288153582614967,0.005082674303886347,-0.008157214311777933,0.0036242716955440374,-0.01734164435786489,0.0021113466680766353,-0.0055986040590340095,-0.00622175035897981,0.00035132461743913663,0.0245299264339846,-0.0044539921427705735,0.034231663541042436,-0.01850053842029843,0.0034048306942425547,0.00015517341737473778,-0.008868118619352225,-0.0007704340519266133,8.027411512829616e-05,-0.01899842129052856,0.021820323642521445,0.012397160879851606,0.0013149813139196026,0.006885595781621825,-0.0031759831167502556,0.0021322572825935235,0.0021755722760509336,0.049805991456461404,0.0,-0.0004549412192589525,-0.012670175489576252,0.010601188088592743,0.0012533218217636018,0.009726551424856084,-0.015707519805224255,0.019716821737146673,-0.00864304336481798,0.004254119458564915,0.023556393201185633,0.010245359449035917,-0.00038520146614941166,-0.0008167404521142969,0.0,0.12910708120448858,0.005218581924969347,-0.00023342749853598127,6.520130688246742e-05,0.0,-0.0008521854482013723,0.20130843627339384
2094,0.08210701397715622,-0.00999248879898434,0.1446540357953438,-0.27279714921761195,0.0003636313071034832,0.0764680165746531,0.0074324099448020145,0.00683229927014346,0.6296883828401553,-0.01604214701226944,0.0011773491418488003,0.002126976856463961,0.014945161758251887,0.010548514644250696,0.0006341138000197408,0.0069284465477975204,0.0032556113499486866,0.006292330958095713,-0.005405260490161767,-0.0005915761903578733,0.022797550519052447,-0.004098104264479207,-0.017270727854424194,0.17784910878846158,-0.02184305830059044,0.00010675872495899454,-0.0004111753225274865,-0.0012778999276488112,0.00011636825635642834,-0.015329156303475016,0.016776717375563684,0.0048248331029574956,0.0016954745658717817,0.007612698555452741,-0.004109304936072051,0.0020351019161918807,0.0016709911317917957,-0.001081477556698356,0.0,-0.0006128252759359988,-0.00745862912907921,0.017320957061609157,0.006156362452458603,0.010447642886967614,-0.003571884594248498,0.013149576360744184,-0.006952402053587676,0.012997194943477688,0.02371916557854543,-0.04175943849202078,-0.00038682106697820285,-0.0008163146229080822,0.0,-0.046734693920005364,0.047395484112437165,0.00023737501565446246,6.520130688246742e-05,0.0,-0.0013309673496013227,0.01021554029822638
1367,0.07764627568632994,0.07702425553829839,-0.0307853285312491,0.3446114545362127,0.0010279274357539341,0.357215982817048,0.0048964979682448945,0.005672537294470915,-0.1321237487864132,0.018743147099610225,0.0009516700448128656,-0.000940421749832804,0.01913868481602973,0.03733090204294654,0.0052844703839837436,0.022478621069490834,-0.011054395212668522,0.018487076669780052,-0.004814576473017213,-0.0008101161204801719,0.0203841058737538,-0.004135006086904242,0.008264446250513894,-0.017383917020040697,-0.12472390149252703,0.00020517050782730347,-0.002168587913310449,-0.0011457303121787808,7.588963105375449e-05,-0.029255787316814687,0.03687205636769681,0.007757391489223553,0.0011006458297805521,0.0059876518646646395,-0.0068263652896276795,0.002366704086147064,0.0026974606605087107,-0.0009625752656847723,0.0,-0.00047562724281984404,-0.008801597034803372,0.017877345325465917,0.0014065326234283875,0.017503517082385227,0.02492373891394284,0.033479462189556566,-0.0052819519610672674,0.03884266486328333,0.00031867248075666846,-0.03637100106202181,-0.0004234338736589545,-0.0008234279530367009,0.0,-0.057301579449904154,0.03323389703266234,-5.0277525323958555e-05,0.00010588631028144089,0.0,-0.0006581881474656276,0.09727082462782038
2124,0.10769773712909023,-0.0663987985427594,0.12029499311452171,-0.3159521347971625,0.0005032753626529839,0.029840594927295426,0.005390416368006861,0.005880644818506719,0.5805115058999692,-0.015869582358293683,0.0009478404527686915,0.001633780221896624,0.005513333506181569,0.010740161230223194,-0.0021146948031768196,0.004880356302727241,0.00343791715565119,-0.0024434262355022634,0.08261605169531364,-0.0008139038307435017,0.01463025183383294,-0.004387244956406935,0.02875289811485023,0.1692170002012711,0.0019233342058087622,-0.0007045926879403265,-0.0005773095036262903,-0.0009048283587643172,0.00011636825635642834,-0.019023573379482798,0.020167382373440526,0.005582070122630616,0.0014646786278132734,0.00674248755293858,-0.0025771621843823176,0.0020048652913461553,0.001750754508803607,-0.0010881595206487132,0.0,-0.0006168846847311145,-0.008905833741683212,0.018385631106708163,0.006160531438931815,0.006283057524284264,0.00265282536815518,0.020907193235584424,-0.007692769916032208,0.041561314194753375,-0.02594549809760824,0.016727854289517733,-0.0003575894077347247,-0.0006442794633025352,0.0,0.14638643456687453,-0.09529314600477234,-3.5307801398691995e-05,0.00012458346896899523,0.0,-0.0007506012591269017,0.01595769804716662
1225,0.09675595750393902,-0.0579757090985729,0.10132924022701578,0.23581858364295247,0.0006353959656479649,-0.07936810416763247,-0.014856355866487666,0.005726178105956716,0.30071987089852664,-0.007723849177351624,0.0007186025950995362,-0.0011639993176892343,0.010435187612747527,0.01172860807878559,-0.008604109383030469,0.00936550667529759,-0.012098940097200809,-0.0029174198611410774,-0.005180274354257673,0.002935187301121862,-0.0893262866262946,-0.004508224225478613,-0.04694584891142833,-0.021356871931195027,0.003093981381743246,-2.0474832909840803e-05,-0.006273596306472275,-0.0010070168765720306,0.00011636825635642834,-0.022201207763466697,0.02508591375709347,-0.018264955154246566,0.001414182285557178,0.00668243155448679,-0.009975440475535556,0.0018486025610278823,0.002522608392733999,-0.0010995937259271206,0.0,-0.0005873258361474607,-0.011219341783082206,0.012045176024671289,0.0013011530792211004,0.006341859322142033,-0.014646055684223077,0.002594162263392283,-0.013449560809120216,0.044735409624943184,-0.0032162151035160457,0.03664500997556236,-0.0003575139665955448,-0.0008255381016351896,0.0,0.15356402675605707,-0.015622190216391028,-2.2958558374786627e-05,0.00012458346896899523,0.0,-0.0009273273741382945,0.04327258405635374
3049,-0.25949903578714356,0.10552028575487012,0.17863595152988632,-0.41736488229248897,0.00027013045128235994,-0.37657381908370363,-0.01032607558492294,0.00998990794632484,-0.15077854768474128,0.0471412015483064,0.008081887497813895,0.0032742438690035714,0.005576266762912153,-0.049394995607161776,0.02623742478584196,-0.025920722351346785,0.0030767721863459107,-0.002524075144952212,-0.00572940188213321,0.019373916740131458,-0.08757291805782061,-0.005149838294616465,-0.08533506891889373,-0.029186602049872258,0.0028326927465014296,-0.0008579118297788991,-0.03419730638555022,-0.001206437090896273,8.136198589936294e-05,-0.0008500231959458223,0.023398497636797414,-0.023390329985288782,0.0023464891844895874,0.008596002566888581,-0.006578584006129451,0.010909582633981606,0.0024243213205438277,-0.0006744433033414695,0.0,-0.0006549783568069477,-0.018378253813268287,0.013876379954394969,0.004664888202613146,0.03545382013766203,0.07398098696229378,0.06772102912994737,-0.020215421038396873,-0.06652462674682336,-0.009279208984221455,-0.08354392067105078,-0.0003573363173353384,-0.0006956499024591645,0.0,-0.10289009022889169,0.09574135966245845,0.0003012043185125972,4.23044786957464e-05,0.0,0.010703197178587205,-0.2512504655783818
2912,-0.00986111068649332,-0.19697098483380918,-0.24533612244963712,-0.33617274199871083,0.00030403199201620856,-0.1608023097124868,-0.015728520093255545,0.015514336716070078,-0.847697427827387,-0.04945604588856228,-0.022661670758233023,-0.0018908318260198395,0.03314333700245426,-0.2458266554833443,0.0030189274949177247,0.0031415265158664957,0.006576667688150145,-0.002847767927801436,-0.00402015973033043,-0.008336279640799794,0.015648684812943642,-0.004328567853477034,-0.029406860707076737,0.40797148441204534,0.0025915646869805087,-0.0005799903906141672,-0.0031078787721481897,-0.0007163668644450413,7.734344148949128e-05,0.006278567345300139,0.034191662871318015,0.010310531405861393,0.0003585686067914611,0.004690864681205184,-0.044891602736581195,-0.0010812556048483764,0.0014325941534498454,-0.0008427834413230825,0.0,-0.000512295113169444,-0.031970460415317585,0.012281354970966668,0.010146271885194378,0.00934249831204874,-0.018183232742565877,0.04022846556555394,0.13209027901748965,-0.13857342320388932,0.002981103172910256,-0.08293309824460822,-0.0004117246466318058,-0.0007691649399221912,0.0,-0.07775487483463432,0.08303881197147833,0.00010558464914466616,5.41565759318948e-05,0.0,-0.0010565692309193473,-0.13634209357887492
1693,0.06334726810080676,0.12493939486358083,-0.10126663419345339,0.13499112624705534,0.0010244319343540784,0.08198468109771488,-0.1352318470683767,0.006138973208097951,0.2679464556144076,-0.00756506808591439,0.0010740145850382968,-0.0010021888881061398,-0.11309190595930847,0.03934072352821839,0.007529089875565696,0.011692407696291,-0.008863675436043095,0.008950020578088648,-0.0041914397658007274,-0.00010052682779644533,0.016025976122456348,-0.005007448793989437,-0.03753002914637334,-0.020110942613997616,0.006327766540732673,0.0003130287491212789,-0.002720938717864553,-0.001140645084856339,0.0009151013955987208,0.012087478102330955,0.027715618950720222,-0.015041311928994945,0.0017445881765993318,0.007006582874345705,-0.008952456346016652,-0.0016195915379598144,0.0018697580556595033,-0.0010725227787464623,0.0,-0.0004859228547743379,-0.010308942620512669,0.01639784985704991,0.0014490782919906247,0.012602751372840438,-0.0007925575948124541,0.03823510360136013,-0.009499827921074762,0.05610517174186156,0.03986404939596287,-0.011174479869833723,-0.00041476884001361426,-0.0007950792867541128,0.0,-0.0652411134699443,0.01354724076137685,2.7774165965021242e-05,-0.0005791332888862479,0.0,-0.0004120504704094904,0.05016604379432156
2222,-0.020604209975697143,0.0569278146297311,0.02708951445886731,-0.3424954739458968,-4.270437713929358e-05,-0.304356505243931,0.015955325018804135,0.005498176797578998,-0.1246728255089887,0.07123014316921164,0.002715626204096494,0.0038996543524041564,0.006928468922463978,0.03273112303310752,0.10950046808008769,-0.026177102719458258,0.0072727891419872995,-0.0033537805781687345,-0.00478329342709174,0.0016324412793175638,0.04019057668249911,-0.0050731773996417215,-0.027856448333674993,-0.030202604424455277,0.00263029619615416,0.018526271144477136,0.0033559552367322886,-0.0014451934581750673,4.228816709424294e-05,-0.010269172117743988,0.037858341363705125,0.01726259440493053,0.0010018211785949008,0.004723319240056472,-0.005414039942478925,0.006606054171084564,0.0018851991197911524,-0.0010783862547835163,0.0,-0.0006837752655571975,-0.00911799655404897,0.016391863530163142,0.001338089988252113,0.018854253674529232,-0.03436115030591925,0.044718837771968015,-0.01496848195783554,-0.03191057000496355,-0.03152476975918325,-0.06981281548743017,-0.0003852303853077967,-0.0008251844283512851,0.0,-0.14298149487790646,-0.10668311190891062,-3.1070548798961034e-05,0.00010588631028144089,0.0,-0.00033787029049341214,-0.22749468952811075
1599,0.14107962861005938,-0.007316242963972214,0.11417763165965031,0.44585655973975175,0.0011225592640189672,0.014488182001188878,0.005231744365315695,0.006360763080753033,-0.3695298954654213,-0.018398815553667486,0.0016039282877902785,-0.00066514135182646,0.013675566402061861,0.03235788025709767,0.005827767132747428,0.010621913953166503,0.003212930759944334,0.005984070304122667,-0.005783111695969875,0.000859141223377295,0.025914646763444345,-0.004575664818628089,0.035134056076749486,-0.0204313191747734,-0.04418087896357223,-1.1115661710688138e-05,-0.005399311057487585,-0.0008666443384808937,-0.0010825232087431727,-0.018577194502238003,0.03538630205051316,0.0089162775279922,0.001514761258614523,0.007920588708535556,-0.010302623496188282,0.0017853963963543138,0.002616672171877221,-0.001118553596888935,0.0,-0.0005787214719840932,-0.007324941105814192,0.01557182912547892,0.001418000628323231,0.008827106718430535,-0.008983685496415558,0.025624582496320297,-0.009682648093038029,0.0312697588028168,0.13174061049835623,0.07092588287233476,-0.0004248218793588809,-0.0008328730719231515,0.0,0.1928150759280534,0.0288124907431275,1.0316025948406832e-05,6.520130688246742e-05,0.0,-0.0009436150128440503,0.10045613077341417
3153,-0.03774876256716395,-0.06199801214182044,-0.07012082621000462,-0.45341611941226395,4.042149145309447e-05,0.05749922096746796,0.051684720168881704,0.011408563138156767,-0.12831533050771834,-0.012514997081715204,0.010971606257428086,-0.0006313028504109657,0.010252733389564323,0.020006440595458943,0.0320172322136165,-0.003978872366772433,0.004255144419731607,-0.0029847300212690418,-0.004206563144903836,-0.0020760777891985116,-0.02653707746195928,-0.004487699982011879,-0.01600641984190192,-0.038874481342791985,0.011925540126585255,-0.0017801503162173191,-0.004810771265314008,-0.0010960194893106666,0.00012002010654117759,-0.030695249050540885,0.0366217022760293,0.010321790428408154,0.002715325882320803,0.005538000656726424,0.00282008667960544,0.006075413669962371,0.002324363488698685,-0.0006701587202338086,0.0,-0.0005863626445047047,-0.01912768460612196,0.015845221883350642,0.004680183150277331,0.015218806980067893,-0.020675768260030227,-0.3044790513587242,0.2053423477569321,-0.06308726797190384,-0.0002777742343788592,-0.03898648434435105,-0.00046245843104197654,-0.0008698670422539117,0.0,-0.12295701294888668,-0.42378130624768,-0.00021936242760636944,0.00042253562356321184,0.0,0.009633813119662124,-0.31420420233962304
3502,0.007142713633081596,0.1593887103771298,-0.0992729837030862,-0.6597934111523226,0.0013553811414420145,-0.013789946080055456,-0.02306363271705238,0.013671850605490816,-0.8908450262816215,-0.04367885834566048,0.008633651369934561,-0.0003130006999922983,-0.10291046922524875,-0.14856270319584694,0.027876004566721183,0.013939663151860928,0.0022910905989354043,-0.0026502905966770277,-0.0038306744060678088,0.00853701756793409,0.008610397919049426,-0.002746777837181599,0.015010518007395987,-0.013000685346801079,0.00832404533307527,-0.0005805009448142779,-0.019328867728636016,-0.0009524941312018841,9.116589507051978e-05,0.16798469618414735,0.047069202057152766,0.005194333994488006,0.003219136754497955,0.006522760158481849,0.01062554012206711,0.001973976959079202,0.0022462848238737954,-0.0007349650585710169,0.0,-0.00040941495173658655,-0.014290440697313446,0.011215793009461324,0.004653459682444766,0.03221107864365588,0.005707571606052856,0.10121300340942213,-0.014914549071642668,0.10375636427728074,-0.30550934556269616,0.024268661263495573,-0.00013592127510314814,-0.00036803162314722685,0.0,-0.13421321991160368,0.04329800604045309,-0.0002152763636030783,5.41565759318948e-05,0.0,0.009425040766813168,-0.13839991748058952
1355,0.02123834403188752,0.01726125680452297,0.16072471898616503,0.191190216101756,0.0012458668818958992,-0.2196549669063045,0.01590041682930963,0.002110259684443694,-0.9150387189324163,-0.02284286821849718,0.0008303230422586071,-0.0006695659571346472,0.009911332740939749,-0.00039229851661108346,0.0042731264159688205,-0.02058911127395373,0.0010331951511373177,-0.004157499181964243,-0.008152345667021077,-0.010471563955071062,0.02151230185963928,-0.004305180453515605,0.0631964119723422,-0.031455458477985004,0.0051134576090818605,-0.0018156444139874814,-0.02458890281494799,-0.0007612315538958797,5.059217297383317e-05,-0.03303386273085128,-0.2706125221731693,-0.004671884479529823,0.0015106161961555595,0.006069094653575531,-0.008464081974194206,0.003972361800371928,0.0022912048435665406,-0.0011884913130143949,0.0,-0.0006802198249350994,-0.022252623419363158,0.013118629813211605,0.0013553661111296615,-0.31191969616764825,-0.05459484119286264,0.009996887338668381,-0.011064119039242228,-0.07920546231094809,-0.09028179634909798,0.008240880534528608,-0.00035131262093239735,-0.0009005809988706867,0.0,-0.14409025191332966,0.04279295584641403,-0.0003912002241619489,6.993256874923913e-05,0.0,-0.0013670281744214412,0.0006207266116482941
2189,0.08188181628347464,0.08578870432890502,-0.15062063485629046,-0.1841743555098645,0.0020304029016214166,0.0765097199957232,0.0290395841147413,0.005150951887513504,-0.8263403543415764,-0.041744616587228306,0.0005176624693131748,-0.0011056088140915885,-0.07175065447089936,-0.0897804093141648,-0.002458755926740878,-0.0034384951987616774,0.0002953617671651885,-0.002164116658788867,-0.004758465326111822,-0.001333700583193869,0.020264431106909737,-0.004211131789249218,-0.015602376773219405,-0.0240868155717836,0.011160640878646587,-0.0016706856431213865,-0.0007266307972847792,-0.00041316738861385023,7.588963105375449e-05,-0.03082089442015751,0.029997752873064693,0.004130341690735748,0.0018838724908520153,0.0067429262826696175,0.016658412441967398,0.01613674613559201,0.0017402639585514944,-0.0009105450903048754,0.0,-0.0006275179512614215,-0.02201893731322042,0.014052452096164137,0.0014824558315073893,0.011830010933466174,-0.029452139138897406,-0.0017217194743398008,-0.005237540570589945,0.08888133639399504,-0.19564785377991045,0.13018038159633583,-0.0003409356714817916,-0.0008797893859066565,0.0,0.2300844356003376,0.036174561218079875,-6.0195267765469176e-05,0.00010588631028144089,0.0,-0.0006195671023845651,0.016498636039126487
499,0.09061978098184707,0.012756959664891477,-0.05253226717585961,0.7669216476618761,0.00040055359276940626,-0.14093937881558466,0.004461874719886086,0.006427094541353958,-0.24599181989132346,0.021015184620259034,-0.0035090548706962306,-0.00028822048522458377,0.011125568466177991,0.020455786870755235,-0.011816526476907714,-0.018930147511440818,-0.010155327090602326,-0.009457265956343408,-0.005918217866717131,-0.0003607727736403179,0.026114565097289894,-0.004685069917717149,0.03206465143636092,-0.030653732788853114,0.002796553038305926,0.0002325630145703575,-0.010427345080031826,-0.0015001575297325068,6.439158323806466e-05,-0.01705555083348884,-0.40676091331068454,-0.008172594438268673,0.0010704823143772241,0.0030841905096384192,-0.005388098628271319,0.0017634104419046968,0.0021092514080099595,-0.0015294420081211366,0.0,-0.0004400680074518147,-0.012652943948541209,0.009036499690701173,0.0014104256543388412,0.008423264938837265,-0.013106061956176971,0.023981903803808696,-0.005367118260625066,0.02492817457081649,-0.01093634635401038,-0.09144647565000659,-0.00044194017338089323,-0.0008524310799384242,0.0,0.17511925940024553,0.004179125348835452,-0.0001235357482757268,6.147311282376768e-05,0.0,-0.0007711839957561721,0.3865000985038783
1489,0.06809493817370182,-0.034141997533515975,-0.058901345035894496,0.25316373084974403,0.0009440660006646291,0.07685384724317694,-0.08068607014291272,0.00519893234058596,0.5691548397011138,-0.008961512401584432,0.0008387389870508885,-0.0022088036111735905,0.011168914741286184,0.003412673779463938,-0.011547251815210227,0.005584452098308959,-0.00998948184476041,-0.002975215512620831,-0.0028774397599393136,-0.0016982304036843518,-0.06528144272375101,-0.004106325447487354,-0.040587628133806175,-0.01657778270342404,0.005640493135956698,0.00020750055462314654,-0.0009685888900995174,-0.0007520948214906355,7.588963105375449e-05,-0.023053008866762245,0.024283179574819347,-0.019414338126628832,0.0009586149140061576,0.004129646812452171,-0.008516402585288302,0.0006756390782824103,0.0018045078743975037,-0.0011028489438167418,0.0,-0.0005878879607648088,-0.014182934526259476,0.017256636624374166,0.001372901723189461,0.012803709070342652,0.01564034097728951,0.029200448785991096,-0.00874900067587876,0.02189522021629781,-0.016366361088136876,0.010081499439397375,-0.0004246868964534689,-0.0008058969965677928,0.0,0.1364708913816511,0.029381625351750484,-1.9134319870700792e-05,0.00010588631028144089,0.0,-0.0007261546561280671,0.04978499240404175
488,0.10866492505324117,-0.01199792648323466,0.029212964180476874,0.8241157641366885,0.0014444349659668884,-0.069483282141047,0.007983298874131508,0.005919630151235889,0.6357607001538055,-0.007846257821582246,-0.002513357507881214,-0.00028781081729991866,0.008139735524410191,0.026501879998087934,-0.007228307646519152,-0.005826795279458683,0.003312509304516328,-0.007904086201807223,0.09944284209310572,0.0005999438428694753,0.022201578289909138,-0.004241431381553246,0.03189145058990554,0.16954001488184423,0.0024873214517678955,-0.0006411154517478702,-0.0008983294263699653,-0.001077773981814765,8.027411512829616e-05,-0.01944823344984933,0.01775607108985347,0.008938669361596867,0.0014277972691359765,0.005128172097150974,-0.0018210410985488783,0.0023933373217347818,0.0013587452768649068,-0.0010469691164065582,0.0,0.02642978457683224,-0.00958332046060925,0.01049873527447362,0.0058020223367402915,0.007421715367296197,0.03722866202062669,-0.03216925746109167,-0.0029919657940152213,0.03635500282467049,0.06999887258289472,0.03375322968399046,-0.00039268468779244466,-0.0006591201160660657,0.0,0.1020571878751009,0.02541923238090664,0.0003865453795887723,0.0011277088620342726,0.0,-0.0008985034034873563,0.29475249198185516
95,0.17329175300017408,0.08059146366746503,-0.05200406516140867,0.9475005135887726,0.0015931895325643369,-0.13545162291568946,0.0025832286230600444,0.005228906439684022,-0.27932397333516473,0.027413358096402322,0.001034927231881329,-0.000385072360442529,-0.060388587882068426,-0.0707630358267576,-0.0019078857310462687,-0.008153706586737452,0.001735542109740128,-0.018042205199304162,-0.004115751930270503,-0.0001996749404182446,0.02889477901798027,-0.003811575707667809,-0.05227911597733699,-0.01358783588063156,0.003924408733772174,0.0005857866699667087,-0.009860201453102862,-0.0005756622914088943,5.9054710741850256e-05,0.10637260715849782,0.030317639478716883,0.01115172609379974,0.0014726007537360552,0.004621446781679988,0.009419223423143141,0.0009210708161189781,0.0014441765246757537,-0.0010675216513018856,0.0,-0.00039506834877789626,-0.01263221064685008,0.007284052245041804,-0.0378909251287532,0.01209596051583143,0.04367178135886395,0.02822688881441404,-0.007973000728665232,-0.0053256973464449525,0.047391236362279265,-0.00351047810193708,-0.00018689932448132836,-0.00037096036851989975,0.0,-0.09968790173451865,0.008274230644435008,8.897870687293447e-05,5.750259631789073e-05,0.0,-0.0005264619412148989,0.5489784494677019
2321,0.15682705240078756,-0.08515575972461165,0.1912735301018354,-0.3142140872412179,0.00034829630765594846,-0.09077649173511573,-0.014804578331404283,0.010180436746715742,0.1464070287879952,-0.019324701878324767,-0.003917018187469827,-0.0003772208510387249,0.005506438301068159,-0.05956265595737505,0.0018180884672070973,0.000622812224487222,-0.015421290507493718,-0.0010468324915404307,-0.003503590413206123,-0.01976952036714557,0.028724647237973813,-0.005025302896644953,0.043373530038830196,-0.01979165592318347,0.0023284655202917546,-0.00012294821618900762,-0.006779923074874619,-0.0009702255622014942,7.588963105375433e-05,-0.021148760763643432,0.026400964826379263,0.010560181696901188,0.0012808658108424864,0.009396894094922269,-0.006842646254512414,0.0024927189556803735,0.0022191405733976155,-0.0006712211216031935,0.0,-0.000526025277334042,0.08193864743510058,0.015564413239900005,0.0012289002131824107,0.014492089162236807,-0.031220993202989145,0.005588288553668507,-0.004714540121325877,0.08894645682480591,-0.005138096406373447,-0.033456701621605994,-0.0004338008065603438,-0.0009277880886584817,0.0,-0.08452664856148356,0.02268949751012784,0.00012664180195304941,4.23044786957464e-05,0.0,-0.002628425228067693,-0.23953251282824092
1485,-0.03479441942012156,-0.00705220038329949,0.08599110509093269,0.20011076541042547,-0.0002564629192945354,0.0001583683718616372,0.004523217520894968,0.00501557185108197,0.15324839908027657,-0.008949576560168324,-0.0028634382443983573,-0.00037257313497579385,0.009660318075520695,0.020054771352674566,-0.00503684551382483,0.011258876493468207,0.0037068250669253277,0.005972520681942526,-0.006041105893487913,-0.003098827605108267,0.021357030825826,-0.004682604889764677,0.018324687165776808,0.15208381703676496,0.003861540296366007,-0.0012998970151536216,-0.0032745654337394173,-0.0015395076510648941,8.493978194578031e-05,-0.020816045555434717,0.0228885996814068,0.008602945084194184,0.0014636051086009342,0.007258172882621936,-0.013188446660233435,0.0007387845034211521,-0.137770656304232,-0.001079736218003849,0.0,-0.0005632023313435879,-0.004836925599511529,0.018861957294534826,0.005776987425204603,0.010147057391307232,0.01938785409991451,0.022396462303492317,-0.004704034988964906,0.05037615457537284,0.062256569724502185,-0.04614846963598147,-0.00042642010130011006,-0.0008762810757444529,0.0,0.10130752331509298,0.014360546270216178,-4.812335544603141e-05,0.00012458346896899523,0.0,-0.0007664274350016986,0.03838005158598341
2929,0.091311412706838,-0.039254479181639,-0.07976726882373993,-0.32675355350581076,3.6715471356187246e-05,-0.05120844650516202,-0.03200950136846744,-0.37666378170117804,-0.2771839462935393,-0.017494534978961054,0.0019011305625677695,-0.0006762871679572977,0.01157000044630794,0.02569264208883544,-0.006451840343591862,0.004414539402455213,0.0027794752883377534,-0.0029129393348986295,-0.0031759314003807263,-0.011144419377562968,0.03373132441315321,-0.00491185649568371,-0.023693256627789983,-0.03191124529639622,0.005621331277405695,-0.0007450516923224826,-0.008048806655512218,0.035974740252696445,0.00017780195006122538,0.11347591822455491,0.034088436596282606,0.01504858885583631,0.001341071254938421,0.008745214528414346,0.011089750491213501,0.004606261204956127,0.0016933572491240531,-0.0009769054542083876,0.0,-0.0005135829987360118,-0.014329733367982656,0.01305555018738803,0.0011966470012805045,0.016063748009809222,-0.03352418918684016,0.0012099937083876005,-0.011871881683560995,0.09936542527570055,0.01475835573897643,-0.029797664128890077,-0.00018627666561079015,-0.00038310727879904336,0.0,-0.08631301092240723,-0.02175141352275958,0.00015711648070232124,5.41565759318948e-05,0.0,-0.0006830608629856079,-0.24352606553971146
2422,0.003107577529656422,-0.0515401137879612,0.11631356725321759,-0.40656528512278545,0.0008203149770908153,0.34936337852818683,0.008766217253718345,0.009420159156519576,-0.7946133042368178,-0.023980522717380583,-0.0016282107247190566,-0.0003840421534193569,0.023942951711670976,0.04832019895395165,-0.008415984796712914,0.02658063002430845,-0.0018394629379970596,-0.0026581830376610615,-0.004431831301305604,-0.0068023643765580104,0.01813110462037681,-0.0036631787196630887,-0.029039396850186625,-0.026711300272129507,0.0057515417438457886,-0.0017261102522769262,0.0059862749858254575,-0.0006011600927683058,8.37108675169835e-05,-0.028917506279076934,-0.15904926956927634,-0.005667881875966587,0.0012790540185066992,0.00780414955661275,-0.009278784083740124,0.0011456556719352288,0.002414532120255154,-0.000772310338258823,0.0,-0.00046373471837469403,-0.0213063065174146,-0.3294566645965885,0.0013633205748169977,0.010059025137597795,0.31708784648267496,-0.2593667614599111,-0.004590271526276121,0.07462830084281157,-0.0952517313653293,0.0352430326270659,-0.00021387327829880864,-0.001058070292756629,0.0,0.24547548059054522,0.06305934433881835,-6.867106659883026e-05,0.0001903398885675118,0.0,-0.0013275353677478807,-0.19367115940723217
685,0.08841887284270743,0.0794977359424432,-0.08352055079973177,0.5876220664207256,0.0018263480818221458,-0.004673762741816785,0.005559363628601224,0.004472037778351969,0.062441773528178375,-0.011582029716998255,0.001165895328142609,-0.0003286181341429499,-0.055188287027661986,-0.07082397248981816,-1.0018012276362628e-05,0.004930978583768812,0.002368620209392801,-0.008767004174528067,-0.003689303714535496,-9.60517732242145e-07,0.022395134619787854,-0.004139030685006493,-0.04486821769274147,-0.01501865419912131,0.005692127130965975,0.00021249548773424976,-0.0050063674506640315,-0.0008788266398265755,7.588963105375449e-05,0.11460498011182625,0.03414476631863561,0.005570559489522555,0.0016105272526393535,0.00456211528312036,0.008618870776051694,-0.004550386445843573,0.0015657018389541048,-0.0010798317959868104,0.0,-0.0005367399609457327,-0.01211142540031908,0.00823087560651473,0.0013877337641577472,0.007212918509129673,0.0295809675256975,0.033878772322004896,-0.007335455792843882,-0.005104948742793341,0.03560583353016581,0.01406010381090892,-0.00018637182315032924,-0.0003693562974331219,0.0,0.12308226602118841,0.004272214661984064,2.8577808802316538e-05,-0.000314503996187647,0.0,-0.0005984719321617836,0.21453731326628922
1506,0.07775255182845434,0.014272362916705732,-0.1637784630524544,0.25147359453695267,0.0009148282903055892,0.12243687535267835,0.031656600134812335,0.004938808227925532,-0.9702098749703626,-0.01592923012946868,0.0008741457579034106,-0.0011136119186415802,0.012742176662999885,-0.015306533914442989,0.07183379136406383,0.007637706476246069,0.0015500495302359283,-0.004534297500962525,-0.0038358761671554455,-0.008813199730741121,0.020507636709310016,-0.004366864833926858,-0.0015727848728467175,-0.02339425130503462,0.007978557571246131,0.05029565180929945,0.004572844402154347,-0.0005342443332403044,6.583328508424625e-05,-0.03894307052193811,0.02642178831209851,0.005223934741000764,-0.033070364718840034,0.007456502444664835,0.009902063726907176,-0.0002266679611506989,0.0014384511288023662,-0.0008956546806202125,0.0,-0.0005866350841131261,-0.018184531610606756,0.016284263455761856,0.001231080840398132,0.012099402323668837,-0.03397740213903995,-0.0193968370159403,-0.0059952480293197314,0.07052694398119823,-0.061709193787939855,-0.45667962788705035,-0.00043062274331418226,-0.0008163939767404768,0.0,-0.11856182796256456,0.029457244848736013,-3.5037963193849044e-05,-0.0005791332888862479,0.0,-0.0004511636184554131,0.05382873166896039
2025,0.12503604019344972,0.06824391473964032,0.06351363219348204,-0.19865470422216377,0.001003316100273346,0.17141548338936613,0.011525753688756453,0.005900801523490503,0.1649786762705555,-0.015327974422169767,0.0008181673167905857,-0.0007392952099821755,0.009352958833315208,0.032892209834127016,0.004117150472176866,0.014759173626498708,-0.010932209014834663,-0.002657546677873744,-0.003915988506419481,0.0006542452509694096,-0.07493122126924348,-0.003973114515979747,0.010298836229414694,-0.01799039811571774,0.005058727994257714,0.00022215611639980274,-0.0003228994784159366,-0.0007669298583438508,0.00011636825635642834,-0.0295370534559726,0.02440966480398455,-0.013817189964193864,0.0014042851041928836,0.009766280971168039,-0.006127563879060586,0.0012016395794129933,0.0026341371382126453,-0.0009863798345004999,0.0,-0.0005530158592286737,-0.0093856266525707,0.015712136778673533,0.0013750259218439514,0.011631826458128425,0.1382480382757403,-0.2642373010722962,-0.009911079523343877,0.041230788095542766,-0.02278907380447366,0.025608224352550526,-0.0004873708624852045,-0.0007894843718055731,0.0,0.20420019847788437,0.026618295981570343,-8.547327422130097e-05,0.0012201429617195625,0.0,-0.0005894254931840947,0.037442906996217586
3890,-0.3001229950933561,-0.005438556879242465,0.005446770923249306,-1.1509876065455673,-0.014518436491827064,0.6429776514863813,-0.11918867156858973,0.0032637198869295333,-0.575264084505318,0.01933405531612525,0.0031472570445515696,-0.0005697559461369867,0.004358971941925427,-0.7380330679950258,-0.13230297383522122,0.010907475366022252,0.002844980741790983,-0.003550078218240578,-0.0018671628632208335,0.011444868327620173,0.016786306863357425,0.13862910489932584,0.025797157335468168,-0.012577783943844996,0.007724668741397357,-0.0013283847958277333,-0.014512505631624569,0.014002553012488048,5.0592172973833126e-05,-0.024460822238657517,0.015436005647998576,0.0036483713707894617,0.002119480151272126,0.0057761472378715225,-0.0037406406781305326,0.00243811027619393,0.0013278833971797938,-0.0002672195634946837,0.0,-0.000219105658869805,-0.02499807532666418,0.00945840707224644,0.003290568821342879,-0.0011454844691130674,0.07843079006595659,0.022867624009171892,0.13523328404448473,-0.06273644191098927,-0.01452328250767746,-0.041037429348540884,-0.00020971502301800533,-0.0004120833028549703,0.0,-0.1128120932414533,0.06146944804382279,-0.00027051593001698685,3.840857655195864e-05,0.0,0.0073522643553598594,-0.07146098746963099
1698,0.09692427454245195,0.07786539169396636,-0.055418265445874776,0.12488749953780602,0.0008635159009353739,0.08361986019281824,0.062409375102342804,0.006009398124310951,0.01929699489672727,-0.007497632140399058,0.001000220689269247,0.003938186854567872,0.01146458078677339,0.03853657202676187,0.008371887393305405,0.009239441714763168,0.001648692173876375,-0.0028143651291852104,-0.0038910551431409913,-0.0003741607458424933,0.020296313084892947,-0.004608196017934087,-0.01445111955315561,-0.018823747526019764,0.005040485307772267,-0.001079690457902358,-0.00339477366661125,-0.001484013525709055,7.588963105375449e-05,-0.02614119771217153,0.035127580480282604,0.006458968004340629,0.0008349858165086938,0.00562299958027337,0.0011455730644627092,-0.01620611159164647,0.0022746824941229826,-0.00106182065981618,0.0,-0.0005994704488013214,-0.008723994451838461,0.019253191485538827,0.001341210428095046,0.01423428835683117,-0.004744072132583682,-0.3714322354024577,-0.006874245314215126,0.0383156921246252,0.03974892760218799,-0.07271085957674601,-0.00040494650045972807,-0.0008834343056080586,0.0,0.1594891056075466,0.027379323317698535,-2.9890988562880098e-05,0.0011277088620342726,0.0,-0.00040292328747354206,0.06497685817441812
2138,0.06891921732859008,0.013632753958810024,0.11591660150708755,-0.2898763671626376,0.0008724727736070236,-0.11935515705377871,-0.01379135887602,0.0057434003465730524,-0.16538887968742036,0.06362883800889509,0.0018882134798688247,-0.000689659824383079,-0.03866064526817902,-0.09984563114429486,-0.0038745009910579773,0.010060928961397856,0.0053083282547247285,-0.0026692905009243167,-0.0057537240232272075,0.004586953308869702,-0.16238258914872733,-0.004968983639880243,-0.023799268218773224,-0.0291911725750732,0.004454576641771251,-0.0008359497210319336,-0.015205230651777297,-0.0006770521992201522,0.00011636825635642834,-0.01702967617589562,0.033019381005716573,-0.022867448731044567,0.0015290611602620811,0.007717871722874736,0.01936550773311246,0.0017655768243269763,0.002551901884507193,-0.0011056221775269967,0.0,-0.000652556990784581,-0.014129917006324497,0.015184046998732563,0.0014602793374826487,0.01235677124323779,-0.08981738970001481,-0.031999530719458553,-0.01583207048049667,0.04180326325610338,-0.004299426815618354,-0.0415355356026568,-0.0004224716719858833,-0.0008371020085172331,0.0,-0.1211843737011417,0.023293900220300784,-2.74928139042348e-05,0.00012458346896899523,0.0,-0.0009677879056131909,0.05204400981124728
1950,0.13576236861338548,0.10302187195970712,0.0010548784091756046,-0.24339484898997807,0.0023836820722106054,0.3513979271938321,0.013559851324691239,0.007563655390365373,0.42341773356959245,-0.01397807144896959,-0.0018705185218778311,-0.000896361235219139,0.01397993560847788,0.027581724961625944,-0.001467791091374736,0.006789049893895187,0.0035382741207304834,-0.003347450217109922,-0.0025410569594668704,0.0004391272707112133,0.013494147267001176,-0.004413799265370303,0.013570978459040532,-0.013752058303763985,0.012335972492704473,-0.0003338607458007938,0.0012419620605702716,-0.0007824012585543917,7.588963105375449e-05,-0.024242729242417792,0.02372298733677171,-0.00014248445929705106,0.001893986596203805,0.00897845012007639,-0.00011691004780932848,0.0003422260706220407,0.0019835208830864806,-0.0007566915544554217,0.0,-0.0004632874143996929,-0.007381019229080739,0.020284222900054032,0.0013892606595598523,0.013020588552008761,-0.0034207974865766233,0.006905938671328003,-0.0030281590602717306,0.05935283174120386,-0.019094449171047443,0.08767040657749509,-0.0004276155133699496,-0.0008111100673667516,0.0,-0.061261749358349125,0.03880590474204132,-8.441213851669545e-05,0.0006261337456477523,0.0,-0.0005223215893730814,0.025928493234322544
540,0.09941863528381163,-0.002394467300735249,0.03731757286579037,0.7023366238835438,0.0011276946789644062,-0.1152113734937661,0.0007881208085411849,0.005191227770895514,0.24253164305499786,-0.009334496582408138,0.0006858542823569414,0.0013308962078561661,0.010258978799318651,0.010222336031705803,0.007176127948901754,-0.012163287127905481,0.0021496746709395755,-0.009430600166614638,-0.007682911430004648,0.0023232244924014924,0.0211579440207624,-0.0044193377362522265,0.02915406259361689,-0.018380196154724644,-0.03172592206428868,-0.0006618726566072915,-0.007409944678431763,0.023500837755139874,8.027411512829616e-05,-0.02475953046229587,0.01712084601171417,0.010585677183736058,0.0024121920855451826,0.006761248718973516,8.483384737827626e-06,0.0013803612577970954,0.0019252218103079865,-0.001089662051606944,0.0,-0.0005935515953665196,0.08077676097935577,0.009013254272187595,0.0013059798343550701,0.008490535191831102,-0.008867913280652626,0.022639044674988968,-0.007236932075093709,0.02550874317731913,0.052199021411207004,0.0017804679332719332,-0.00038717185794360256,-0.0008365604415286235,0.0,0.1234962127274604,0.01656118957088849,-0.00041632687894030895,0.00012458346896899523,0.0,-0.00083654093336545,0.24410200467136234
21,0.32596333775459235,0.006211631537438437,-0.3553125817011797,1.0568916370109889,0.0022327171006834125,0.12903953365891951,0.04885675445787644,0.005182502673715579,0.39603288609874326,-0.007782869652862258,-0.0006805363095921628,-0.0004451296593615229,0.01988152760443621,0.026591457612009907,0.005761779995982536,0.0057943954011918436,0.0011890383021259012,-0.010364323767987974,-0.002779079802330163,-0.003607303251879277,0.01035029796343561,-0.0033314954467847098,-0.023077342562285292,-0.008434027069745168,0.004091277218235588,0.00040323507638134504,-0.0014378404734874033,-0.0005168061854090944,7.588963105375449e-05,0.13170705973288424,0.011243119198432513,0.0026923889367936093,0.001129275491968694,0.004545088628861716,0.0002612113576643341,-0.0003558157869184533,0.0006671486310361291,-0.0008719622061279828,0.0,-0.0002954535363343568,-0.007581228839405038,0.006152989841825958,-0.029696981405456603,0.005852156786954351,0.004731543127081521,-0.14220111523748497,-0.0015750577566327072,-0.0723142521995732,0.08238764952206457,0.08360654116956892,-0.00020493898594301315,-0.0004107633185060946,0.0,0.10508693329185637,0.002793935856213368,0.00018693707137355022,-0.001610236581537376,0.0,-0.0002508442621509389,0.6807671595857839
626,0.15664719097808827,0.006112378662684738,-0.08007272135964334,0.6595422638048569,0.0014400136493554604,0.12737300238955498,0.036705494248424834,0.005895606389207828,-0.17458200300326052,0.014783778120998835,0.0009010492184230574,0.001776381576730837,0.016545957320388997,0.024804787529419958,0.010644778660575635,0.008632137832746486,0.0010436527591018104,-0.014271878826076475,-0.0032286290702824073,-3.378704682971036e-05,-0.1282080314879065,-0.004332094129652406,0.024349101044759527,-0.019346034393135023,0.009756233017049452,-0.0014284442116363463,0.057286381124301816,-0.00047669664172142554,-0.0006149950864972904,-0.012499299372870388,0.032679826983442205,0.007408602918659375,0.0010308917675633485,0.0037466978918057215,0.002776331080870788,0.0015530729569285266,0.002336764951103269,-0.0011091300565534378,0.0,-0.00048232390232315147,-0.009607067490669271,0.011634999881489935,0.0013879894582376556,0.01336811526014135,-0.016296220442408985,-0.04245256437455969,-0.008525328191512353,-0.034220449144311986,0.0066021217445105945,0.10167364615480406,-0.0003835303583541706,-0.0007887046984237069,0.0,-0.07896992308400137,0.019590332435921513,-0.0003475130506943205,0.0001794114497912525,0.0,-0.0014850047514909943,0.28066917942263897
704,0.115229272207446,-0.003563221368519998,-0.0067666582594922906,0.6305518178174067,0.0006366811834849915,-0.20185488800278534,5.857971186648743e-05,0.004837426763044777,0.07190404783538071,-0.00996511808677961,0.0014420084492561128,-0.0003320821072143513,0.010483242359641721,0.005591179813337778,-0.001136850460261801,-0.02310551940516028,0.0048893415461890785,-0.009422458932663861,-0.005404757407351277,-0.0002579962268073119,-0.15801042630312834,-0.004667739391147627,-0.027631923155283955,-0.0202440229356934,0.004083686869042737,0.0001300929556235795,-0.007266945210593434,-0.0013153109555567109,8.027411512829616e-05,-0.016656661005719865,0.020921602879337933,-0.03578266822396444,0.0010730126834125231,0.006164685655486331,0.0005852824202957645,0.0022821933886997864,0.002180367318229154,-0.0010981603396683721,0.0,-0.0004926506144440007,-0.012898423582919778,0.01088174712083919,0.0013967882156513897,0.01039909147235511,-0.006779185134891451,0.030958660276830793,-0.012058004644944515,0.009704184826569588,0.0825906334325454,-0.045624270007968835,-0.0004223074676091436,-0.0008344496926850676,0.0,-0.06630240700527669,0.0050994307536907715,-2.4550658226753685e-05,5.750259631789073e-05,0.0,-0.0008437492814009114,0.24061888653584534
434,0.13577289983606267,0.009578177152348514,0.06409208312926766,0.9974254666773313,0.001339226068134005,-0.09360714789737895,0.01412024290198116,0.004047083448649292,0.788136935833151,-0.01008109470648559,0.0005295256114172385,-0.00023555196398208247,0.011164977359684962,0.009418110193791568,0.0018149284018448523,-0.01391348029915375,-0.028212117059166517,0.03271805234743001,-0.0051854284764363805,-0.0003324672650679067,0.013763406759435373,-0.003719885339201007,0.029597535371852047,-0.013582627714842626,0.0022392332546244407,7.142790819015236e-05,-0.006747976364512904,-0.0006642195993310983,8.027411512829616e-05,-0.03319828761400959,-0.1468070273513732,-0.0021530344039400874,0.0012780571129180707,0.0053042144059974265,0.0013184856333175313,0.0018422970729637164,0.0007687179991977444,0.056922941731810735,0.0,-0.0003845564591608353,-0.012313520467378113,-0.23387169485510703,-0.0338902543874931,0.006652524789236758,-0.0041736722060567565,0.023498661704422302,-0.008249920734566304,0.00819577974665967,0.03807655519039942,0.02143207618896231,-0.000282535667595194,-0.0012228147786331885,0.0,-0.05128850073993954,0.0037038664253102767,-0.0004047315338667987,4.4596177199742785e-05,0.0,-0.0008811935262204759,0.3437364644208762
50,0.12123563437963333,-0.018951797074962837,-0.13880220822327485,0.9565512190970434,0.00023084620785108372,0.014114733382293413,0.0038925414510705813,0.005197531423592419,0.7084596839329772,-0.008825249860345425,0.0009701474006590402,-0.00021788344633486838,0.011058952747974377,0.030916067409482505,0.005464667892902633,0.0033091628972592543,0.0008690858506942972,-0.009157369194631674,0.03649332721943337,0.0021731620288086813,0.01929288710674099,-0.0038910938846302614,0.011888557425339393,0.13359565438568022,0.0019559138711600504,-0.0009086809995912865,-0.00047218457289902515,-0.001166177674230304,6.583328508424625e-05,-0.016716882752301737,0.015519963151777552,0.003475719703181292,0.0009610484416688854,0.0027545180847163464,-0.005006443324035961,-0.0007213804689559233,0.0010863153722902885,-0.0011115148967830663,0.0,-0.000413230239849337,0.07819314886330599,0.009612828818561518,0.00478722533217963,0.005793627583542186,-0.0069486360485252405,-0.03349783509941808,-0.0031738987686109315,0.013920060649445027,0.04262971130213179,0.009016988680715037,-0.000432676335980067,-0.0007788460854008378,0.0,0.09913138799955845,0.012516327950876238,0.0003865453795887723,0.0006261337456477523,0.0,-0.0004755417510307409,0.6360306783297436
1741,0.04928596119449881,-0.022778267590444726,-0.04701804411839501,0.061693893060806325,0.0014795520932541664,0.07461216624141459,0.0740832888485894,0.005187261377234535,-0.9048497887770547,-0.010482035250224614,-0.0001610802753993167,-0.000654807822994423,0.01412777474138347,0.06556526295414716,0.0025998781868611853,-0.0020359517042914297,0.002766455245423503,-0.0034624341311363166,-0.0020664512250567215,0.017591629958820815,0.02533445571577541,-0.0037415485608889806,-0.03062203228616417,-0.02686571505764537,0.008886945366008916,-0.0013702760223806224,-0.007105683231317913,-0.0007570153294796546,6.631692545550221e-05,0.07403404674969939,0.0402592931029272,0.010782234959195914,0.0010670150935677854,0.0041656265525662215,0.008792342389022932,0.0001953046114766036,0.002049212631239617,-0.0009668704259820688,0.0,-0.00041182874191764146,-0.021964557344112325,0.01120557113145057,0.0014116909042146436,-0.06719392238556052,0.019515283885018508,0.009523787777739557,-0.005650407844842131,-0.005973640458457689,-0.057462046952228424,0.09888888783217618,-0.0001504367629059053,-0.00034250643127555245,0.0,-0.12339077329984528,0.045976077195594794,-4.1966921679234735e-05,5.750259631789073e-05,0.0,-0.000468020157057814,0.04922986216475648
328,0.11778532096942616,-0.010272607147080856,0.022569137956199734,0.814320670434526,0.0006613149962690086,-0.13482281510585567,0.0030160533300950094,0.005779424102360704,0.40866925096841106,-0.010235491684058254,-0.0020896755229278144,-0.00026411316593756047,0.008110571450368764,0.01212078810397718,-0.009926163710588989,-0.015043746155031035,0.0017553731040460786,-0.014721269296221879,-0.006367314754517587,-0.0024899596090439654,0.01885349725173782,-0.0041852699335280085,0.02461441148720593,-0.016419422663054774,0.002818251362096154,-0.0007596369480400125,-0.002005681124310577,-0.0005592016274169927,8.027411512829616e-05,-0.021139087635917295,0.01843427543415586,0.008184016876986028,0.0013466721489865951,0.004960536701765964,-0.00143580608316694,0.0013212934568187368,0.0014587901345433521,0.0500008970993566,0.0,-0.00041442591538052177,0.08426179092059918,0.008256386524445533,0.0012094943116827508,0.011397665511996672,0.004129557371305586,0.02144716438246784,-0.004250949079420614,0.02064436902686892,0.05980832741744692,0.018706390123575473,-0.0004242567642240638,-0.000811447930484517,0.0,0.10910253834692704,-0.01688128478347284,-0.00038790698921859016,0.00012458346896899523,0.0,-0.0010357398635492535,0.43736432837468014
1671,0.09617691870730016,-0.11356021674153334,0.11691018499521297,0.060505583156063206,0.0013222505340494443,-0.09156186338009213,0.01129005516410866,0.003690479110964633,0.5965840525620046,-0.012001802869981246,0.0008608187610792373,-0.00025872671084329745,0.008608472466917837,0.02130813355992386,-0.0059245059461840955,0.007126754230973076,-0.013368548395549126,0.0041512199421660295,-0.0033738840266901156,0.016871631117351394,0.010385812148166909,-0.0046726902898893774,0.03568702728426148,-0.02329348102897459,-0.018110409266891198,-0.0002793015458333344,-0.006892380556944292,-0.0009503227120104935,6.633140216599216e-05,-0.02630934490627265,-0.15710702028030746,-0.006302094137761615,0.0010335282263447209,0.005371324756802957,-0.0013695329512314854,0.0014034871299972594,-0.09830603333225367,-0.0007111713691550674,0.0,-0.00038072082272783505,0.12234529030170066,0.014560399883615275,0.0012180254926543337,0.006173769480352978,-0.015181805113890525,0.019103911570990968,-0.007474318581025354,0.043118354900232414,-0.023414153200862216,0.057092735181362826,-0.0004322704910787395,-0.0008731593740083184,0.0,0.1598351777682843,-0.13211682263013919,0.00048709984438729046,4.473692484821286e-05,0.0,-0.000786308653079201,0.03968690423011174
1561,0.08216642715035812,0.06705539196692528,0.04166147783393257,0.20594645473205994,0.0006378785460049993,0.246398276415093,0.0030175515245331637,0.004893689469843658,0.3469575748140279,-0.006619371903684924,0.0005667894223884037,-0.0009017097111751149,0.017167827636936684,0.023743091178214406,0.0025301886545423553,0.01463472815769317,-0.008932625208155609,-0.002710172642296172,-0.004097590679183739,0.0003830262621107112,0.012023866053456586,-0.004152663257656706,-0.022609674802532752,-0.018575195295103895,0.006300826686990632,-0.00011773833951017556,0.0007843154942193098,-0.0009660289358326236,0.00011636825635642834,-0.02690227483601909,-0.15958814501221394,-0.0023853787355018483,0.001253020143909727,0.009411695170374776,-0.0038112276372883206,0.0007623473244153428,0.001922359185691451,-0.0010438901029131747,0.0,-0.0005222912648013963,-0.007549366409964813,0.016089008429261142,0.0013830185773904304,0.010019902317658494,0.06652088974076992,-0.19784636530069713,-0.007470287447084551,-0.0010601025145695242,0.09622443148276558,0.08209612953668055,-0.0005092130869047062,-0.0008203534091313089,0.0,0.10259648256194556,0.0015284347014053702,-5.29286242078459e-05,0.00014411192687713086,0.0,-0.0006409542383552547,0.0610964773050719
2673,-0.2847126626718087,-0.1313961377636853,0.007198416850356268,-0.5538489812210279,-0.02750171470538512,0.19164913555770702,-0.001223070030563314,0.008555758651648569,0.4201107148136532,-0.010926538830604859,-0.0003650032621281772,0.003292355955295724,0.00802123956147788,0.0005118685385737273,0.0040130845168695195,0.017824651661206056,0.004857340038815018,-0.0026338869331659063,-0.005302783757954009,0.002913237740725317,-0.039805783783145456,-0.0041295886497349195,-0.016016195021866117,-0.010234484151070578,0.0025129436227219817,-2.1718795692193138e-05,0.005734198894382043,-0.0008026549087128588,-0.0006902233465824409,-0.021581605451452598,0.015263709416277454,-0.008616918268041937,0.0019132865196581274,0.00960281615075924,0.0008152993391596804,0.001308791888849788,0.0019668028806595944,-0.001154205801050472,0.0,-0.0005020452026085141,-0.012569446803187887,0.01665630811899745,0.002932857078333279,0.02351792358074857,0.014357501197809049,0.023676332095459357,-0.01135130382547912,0.12658960261458796,-0.012696201596120189,0.01565269916075778,-0.00038681121984049605,-0.0008428232681104269,0.0,0.12048432062043431,0.038497255709421155,-2.4173338396768805e-05,-0.00019914093942575127,0.0,-0.0005991839139636113,-0.24229463634221302
1769,0.0020197223802720537,0.02898935509496788,0.0413971831009,0.06056398701219537,0.0002932490971334411,-0.10018012799830181,0.017857577013999596,0.006898660219509177,-0.2071929775931671,0.027056566395470993,0.00246789295637377,-0.0011737117920376104,0.010544748476732589,0.026432377127046245,-0.005366768745568694,-0.020210421476473082,-0.009121251378572958,-0.0030066329006130234,-0.005372686243002654,0.004676533846186679,0.040898701223363206,-0.0049188083080010745,0.045640581795084186,-0.02177561705526087,0.005519061815220083,8.663776365830741e-05,-0.005943998231926894,-0.0011922753397839991,5.059217297383317e-05,-0.0069575891654933926,0.05100477439083658,0.012081405108382676,0.0014314450996495826,0.008017502211037511,0.0005287665463064083,0.006969096601382214,0.0024707683735815077,-0.0010845821329681768,0.0,-0.0005443050478759839,-0.010689952847011044,0.015349470666578718,0.0013292417296111097,0.019128905001871595,0.06143216496907104,0.029753509131044922,-0.007979042283707055,-0.03392528043304666,-0.024670736190683232,-0.03598198422223252,-0.00042520917612929633,-0.0008093182714329105,0.0,0.2350224585758971,0.038354846331508013,0.003927961172255932,0.00012458346896899523,0.0,-0.0011212562618292906,0.003381249022890167
3849,-0.24112210011355345,0.04036230043192773,0.2281916373061557,0.6875796601046145,0.006515231402774401,0.2201967628762454,0.09883591356400125,-0.2045619796249047,-0.3927443920989188,0.048428883686469165,0.0022678332351937966,-0.0003719033982308177,0.0015290064457798502,0.24725484127242892,-0.13646986774092035,0.011856279581926919,0.0045020992509253056,-0.0032498347425596688,-0.0010920883068325522,-0.072107236545309,0.015652228087042322,-0.0018787605334353828,0.01752793234803515,-0.013041155339370237,0.008237941209494339,-0.000607610706208824,-0.03101993284983253,-0.0006719782168025249,5.1830231435711914e-05,0.27393294442540417,0.01430791809475567,0.005639858473047046,0.0031103878025150883,0.006652785226936555,-0.006682416120666165,0.003694675154014452,0.001276593581262587,-0.0003890656558209052,0.0,-0.0002705938133608664,-0.02257546798728146,0.009306229391827292,0.003444770146393663,-0.003561313488977962,-0.10635893704347721,-0.002199926925601924,-0.01369494945288511,-0.0904902669107737,-0.006608794533971665,-0.026894859318814215,-0.00017998396517831844,-0.0004566345738692441,0.0,-0.07650836840772364,0.025698685607470413,0.0005019769526235527,3.840857655195864e-05,0.0,0.004979891270995035,0.032806820153089014
522,0.08653122745660626,-0.017788447643746534,0.014979218441563273,0.7824522915083051,0.000853318609629603,-0.11809550856404528,0.027880140419994377,0.00386083349118158,0.5693041878576259,-0.008356728841025278,0.00081752172654097,0.0012015240618389754,0.006760094081147967,0.018323654457657778,0.009513509170476935,-0.018804608508902185,-0.0063154109096187055,-0.009104415851145046,-0.005353324947210641,-0.0026473668952493785,0.02066937326412885,-0.004163761527032743,0.02729632423453249,-0.017914243734297033,0.004630842725727079,-0.00019275876594447507,-0.0049602855682858325,-0.0008193198141082298,8.027411512829616e-05,0.1661208571307564,0.019842171832523656,-0.030272462391937597,0.0009735813057515657,0.005055350452840755,-0.008551175968780241,0.00226143937395021,0.0011119609538643208,-0.00107538903780635,0.0,-0.0003702471275474803,-0.010438748768919953,0.005875607386836435,0.0013146229235490242,0.005215134597029996,-0.012757110393378871,-0.001995850346613683,-0.007264836500735224,0.04215368133644709,-0.031935315233679866,0.0009839699725595424,-0.00015272303098412383,-0.00037429491410478384,0.0,0.1376653706380121,-0.2618377192907009,-4.06598666713034e-05,0.00012458346896899523,0.0,-0.0005223168390135855,0.31166303033347176
3700,0.060041755632511226,0.08874532836033122,0.05416397071269642,-0.3082197513610193,-0.004148612381987965,-0.038469503743990184,0.1162303538698638,0.018212918688916252,-0.2084898893624472,-0.028809804462075397,0.0050869827646238845,-0.0015392211821193074,0.026124835047039413,0.1068767834188493,-0.01426887354528146,0.015458785862091822,-0.06254855591900964,0.008562412354404437,-0.005235435075136013,0.010207565615136862,0.014827382247609325,-0.00409340594387948,-0.036028296452273116,-0.016336324572542436,0.009875512880001023,-0.0015713552273292264,-0.01661678029866014,-7.333366234560016e-06,8.136198589936294e-05,-0.03639734169635808,0.03583094336442304,-0.03967696828404887,0.003828551001686178,0.010058664191238915,-0.03509653224792443,0.005436813241360033,0.002619412340148938,-0.0008617562006744498,0.0,-0.0004649997693417168,-0.011996582750364098,0.012394621883829907,0.005766316435006321,0.033818795916403126,0.13343443661175822,0.10416084584311316,-0.014757056788973735,-0.05793876838772353,0.0460363810785417,-0.08644988084800298,-0.0004128097358244244,-0.0007388726619496976,0.0,-0.08321506573901559,0.14301556020571662,-0.00015967345223539067,7.285373461944912e-05,0.0,0.00979804765680753,0.10344883578844394
690,0.14016052696011422,0.00548657092949629,0.017258261958243874,0.7088677775005281,0.0007780490502452334,-0.028996353555432886,0.009839185534201496,0.007554326139071204,0.6435973914162202,-0.008480608197004162,0.001140368108860497,0.0011575998963867773,0.007722249595645494,0.02194797725793468,0.0022488668359817356,0.00010077678516025272,0.0030291614595510984,0.015905913535340363,0.09883650801506791,-0.003275264391076754,0.03317367942415441,-0.004000542675020292,0.0195952530025685,0.15513396172236285,0.0012168167310034172,-0.0006593702518384962,-0.0037739054672721157,-0.0014591092353479957,8.027411512829616e-05,-0.009694483100490897,0.025977245590882967,0.009291044487795455,0.0013513205540466194,0.005104349053924623,0.000773742463781806,0.0025678817647430212,0.0013169746230809333,-0.001086479708627079,0.0,0.03511767667064559,-0.009139354962948919,0.01116976418523088,0.005326175458791473,0.007822155983803236,-0.0076017243071923,0.0054399156608482555,-0.006274503585838262,0.034281081325086935,0.06801113738233625,-0.044218088479357195,-0.00035870032855459287,-0.0006482862762277101,0.0,0.08816313240132075,0.015488291081872647,0.002836172854697593,0.00010588631028144089,0.0,-0.0014460622158722505,0.18120308814040148
427,0.1288895679951484,0.04940300165357244,0.008673219060067655,0.8693479459771121,0.0010427170929439053,-0.03909948727250562,0.015232986490824819,0.005247634647765175,0.6698159191171477,-0.008550034570073334,0.0007030515057495203,-0.00026411316593756047,0.010191772571120921,0.04344488058931643,-0.005693458782840367,0.008310941643722713,-0.010779780522022251,0.018553462050332654,-0.00472669511387927,0.0005537328848322301,0.015225548125197753,-0.004266873523399498,0.024751472954674225,-0.01511081895616255,0.004712195692013551,0.0002661398878037634,-0.0003210675962905157,-0.0007934014373531469,0.00011636825635642834,-0.029101937382662032,0.022795217227280135,-0.013170113885957426,0.002213840283416386,0.0070592053788476735,-0.007439702455686972,0.0005048939205779415,0.0012334864701128282,-0.0010755158295178038,0.0,-0.00038310505143281527,-0.007524453698318678,0.007370051186353577,0.00137763265826049,0.006555019888285784,-0.0015591580600691267,0.03125835749025103,-0.00601625450599205,0.023199837615425045,0.07096957482339296,0.03091443589596264,-0.0004228433742846112,-0.0007963037628437339,0.0,0.1073345565505664,-0.0562878731432135,5.784370913164638e-06,0.00010588631028144089,0.0,-0.0008358089437739173,0.33201670451657894
2519,0.05773380122683842,-0.0754541784290876,-0.15762787863054398,-0.38793759249075294,0.00042332610361891983,0.041247033883632794,0.0066521542521935624,0.011328267339482806,-0.3528031324894039,-0.024063658021170883,0.0034570434589617136,-0.0007394354984259757,0.01631559918727676,0.026729186000904487,0.01148280260844051,0.00516112496245603,0.0022258676300905785,-0.002649925889526856,-0.0028521857229270534,0.0030198949320837066,-0.14035686690268434,-0.004829961048090797,0.009532561798924437,-0.0308867095097627,0.007244107658994719,-0.0016769077165816769,-0.00016953975425548103,-0.0010224998184214288,7.588963105375449e-05,-0.01633863308253304,0.03128756820672884,-0.021752266627775282,0.001981521681157723,0.005000872208087375,0.0020187119668589985,0.002908657416770952,0.002202148370373797,-0.0012953440460280272,0.0,-0.0006300737678860893,-0.008138843897173521,0.014634511451468327,0.0014426112985845595,0.02420652647895927,-0.05270383779557138,-0.008931243426166679,-0.013704647364033982,0.008754162807307063,0.06703586848320867,-0.05230997809553365,-0.00042430416716145695,-0.0008132389707103041,0.0,0.2279349477851043,0.02759784865770705,0.00043198835302497954,3.641009713381273e-05,0.0,-0.0006172013884849228,-0.2313483032220049
2283,0.0846218726870695,-0.03625517115101333,0.11043499425794322,-0.5340034801450249,-1.664738454812661e-05,-0.0649651572200368,0.008562387234331632,0.010733635014301132,-0.5983003626055985,-0.07158760120861946,0.0034381223011930476,-0.0009173189141034782,0.010450457538570872,0.04096159520472469,-0.004511805692980574,0.026820368593186292,0.0039036894172031914,-0.0025828527641640927,-0.0054324060513685785,-0.012129538811330097,0.020047331383469046,-0.005265944719961456,0.028872928131474237,-0.028404077738731087,0.0034133814930032485,-0.0008106484358097952,-0.010292631232323164,-0.0008490377060412129,9.928848152003247e-05,-0.015233244218917336,0.03700479969265402,0.008615879070668471,0.0018200301482981169,0.008720916824412736,0.0007247699554294332,0.0043490529814280065,0.002658174039228066,-0.0010779742610863502,0.0,-0.0006098713312633682,-0.009241254022486767,0.015713541805329436,0.0014374071589250833,0.018635680645881923,-0.06148765394836485,0.04774565300305893,-0.011881760463698132,-0.10716858392393525,-0.008847413069363427,0.006909277479383365,-0.00042422098348072817,-0.0008380509044689276,0.0,0.5014096704863458,0.017955700466995416,2.9044849836728908e-05,7.285373461944912e-05,0.0,-0.0009499111439013007,-0.2979330611320721
1025,0.015084180515037378,0.13039123294356814,-0.008174844962785052,0.3006874353496534,0.0011065171337656875,-0.3050451714504128,-0.008259091886432299,0.004522139832602858,-0.7478267557345685,-0.012977938431289696,0.007974392359372183,-0.0007848472820421699,0.010022641065645765,0.030056016167665348,-0.053561385878064666,-0.028201798514941243,0.002225367038238858,-0.004127591160294441,-0.006066541467183946,-0.0010889734980978202,0.01762076702338025,-0.0051840911553713695,-0.04270208344789984,-0.036421343233649636,0.004698684551690636,-0.0015360955566543805,-0.014948607888726116,-0.0014124720139159367,6.439158323806466e-05,-0.056296593317563134,-0.5089427448267045,-0.0074635318874697225,0.00197694429525659,0.0053599585784677006,-0.001135083160052772,0.0013302534438358238,0.00212361516645008,-0.0013727519548672221,0.0,-0.0005135878469982838,-0.011451869002494845,0.011119720802848615,0.0014902418484756962,0.00804184068181571,-0.03211163298472599,0.044374427312585396,0.1613826133664593,0.03324889914221606,-0.20158752273207764,0.01731042547387317,-0.00031656763160287956,-0.0008714418209124405,0.0,-0.10490777736567157,-0.37513045687963287,3.171393581909786e-05,-0.00033622029054632114,0.0,-0.0005816492067232944,0.07012592842646152
1943,0.0374755315374392,0.08775797397608522,-0.033033701198466624,-0.32849693616155795,-0.005638234689471865,-0.20643465652625204,-0.010015413526603184,0.005720549897840597,0.3306594387894643,-0.01701108372150522,0.008912337470912687,-0.0007655042292577116,-0.055428469940442836,-0.0831969136713989,0.004333449653620679,-0.016855892030423633,0.0020836086164537867,-0.0031208347532672297,0.11120677819805556,0.0084847418543279,0.020501699486634786,-0.005357233558913191,0.04479937295329833,-0.024924145109678338,0.0018145002948414587,-0.000801559579235778,-0.002060795573925818,-0.0007665537955374081,5.059217297383317e-05,-0.010400497941662559,-0.2524463644235501,0.0024454967083797747,0.0012926322454141204,0.008072010457751832,-0.0055548097635588385,0.0026566686630128972,0.0025745405516864536,-0.001248434622302287,0.0,-0.000659980624646812,-0.013120557659054725,0.01987553122832785,0.0014514332705277448,0.024678654943368107,0.007195845340240889,0.049345216807743016,0.20177829744417194,-0.06377516318589299,-0.02502276556786526,-0.042490308108581676,-0.0003502300521209553,-0.0005477691448129259,0.0,-0.10069024280205978,0.03620505101685453,0.00400430170924349,6.147311282376768e-05,0.0,-0.0014883621243990495,-0.050882152547694584
3181,-0.2724332282590229,0.08906702150527093,0.06264761418393072,-0.47353799226010695,0.0003350448687522681,-0.0572657747201972,-0.008352717416654496,0.010544779364451029,-0.11263086002796759,0.03880057061813318,-0.005097157268281123,-0.001819709546923496,0.025097974436105272,-0.06497889309072054,0.016397120565611847,0.005606940417833475,0.002803124472398824,-0.0010732537311863622,-0.005188897669873944,-0.0012918691959437646,0.010086499715633555,-0.004143424487827555,-0.04277616812475904,-0.01841604693074853,0.007392207350505791,0.00018675984484239149,-0.02960085658237586,-0.0008302354899600504,-0.0016480739340834583,0.11319078416792808,0.03720919231991986,0.002689852553686181,0.004884953287527733,0.011168534811667128,0.006756837367617893,0.004476659466613662,0.0019025846903597138,-0.001174494814391981,0.0,-0.0006094865718877053,-0.013118926649643486,0.010959256961629985,0.004511590942427257,0.02840208480137825,0.012312295134941793,0.06554359830477814,-0.00961874187975341,0.06776760657080524,-0.056904360410102356,-0.14317336942747438,-0.00017591934675695263,-0.000394667864629139,0.0,-0.061211767201655394,0.022916286113088775,-0.0002132656592797828,7.285373461944912e-05,0.0,0.01047767205233334,-0.3516602946899108
151,0.13037765914294017,-0.02576713397781063,0.040555496503891786,1.0108741303114026,0.002228710976976347,0.045836159528882245,0.011634435919399116,0.005479120739461045,0.7716763503067092,-0.008512867905992778,0.0005397239072020925,-0.00019918695142460808,0.015576768582961451,0.03841046650907372,-0.004325186976732345,0.004333503926773575,-0.009309683333381101,0.021105400901084582,-0.004045903623379462,0.00035901801674231447,0.011815097886385946,-0.004280004843708921,0.024654455202599432,-0.017641788235608954,0.0030931270274267026,3.339040535590312e-05,-0.000945551486902609,-0.0010389329854695846,0.00011636825635642834,-0.026938005161536303,-0.12145968446309204,-9.106132058320468e-05,0.0013250475798873538,0.007087254889748987,-0.004257841990240074,0.0005965992713164231,0.0009865225919757801,-0.001002638429500646,0.0,-0.0003447203603929852,-0.007757978151936625,0.007589020946135543,0.0011853963440471764,0.00825421252836125,0.00047998319148208937,-0.0027002844970571865,-0.0037927234514892895,0.020936179326809783,0.07514879245796063,0.027068165390780517,0.03604060649722072,-0.000621880565109082,0.0,0.09041720601442517,0.030084676966497265,0.0005285439081316102,-0.00033622029054632114,0.0,-0.0004953569331515045,0.5393701955261239
579,0.19110604577014031,-0.19021323121661962,0.018266917636616163,0.6741220301536522,0.0020029689821367586,-0.11198489777168627,-0.004538350216130434,0.006559520253619994,-0.20454870067155098,0.02252360127736077,-0.004140792169338091,-0.00034231983607399584,0.007012725367660132,0.02450607255174585,-0.04371200541869124,-0.012131264595578867,0.0014952228905522258,-0.009422688310786635,-0.005598657082586501,0.007978511495825097,0.037769028249990934,-0.004682110894670822,-0.043981194653445146,-0.022143714908629236,0.0035518774124113314,1.0746438199399638e-05,0.03631640602451666,-0.0006977429959846456,8.027411512829616e-05,-0.008604946581930069,0.03812760984271991,-0.025420553827241805,0.0011070147621049936,0.005712607353775064,-0.006476232214198801,0.003683087404195175,0.002096805582289014,-0.0011639388521535517,0.0,-0.0005161255465595149,-0.01362430648139724,0.008786075611463856,0.0011897347199860278,0.0069650234624073284,0.0008591521254652266,-0.030054809234622653,-0.002382517258285243,0.03570368911772775,0.04173455225523077,-0.015922227944695406,-0.00041990194087418686,-0.0008277917919066393,0.0,0.15955750974028052,0.021980396344588357,-0.00020617357231948337,6.520130688246742e-05,0.0,-0.004206158686361868,0.294952171949684
585,0.1504452674497784,0.011681893108795208,-0.05040091669993013,0.7151085564494107,0.0014598102467607223,-0.020783663365208,0.010900790895130458,0.005125641265402066,0.5211878372136824,-0.006528126532051162,-0.00012742049488748334,-0.00021788344633486838,0.016699915750945527,0.007290229526922518,0.004376622042205467,0.004873863618757859,-0.008944247189357699,-0.014096561927545125,-0.0031524392673127036,0.000408572489703638,-0.08136471793792789,-0.004276174893879404,-0.04068321179695078,-0.01721237777731579,0.005174589730343118,9.736782099144207e-05,-0.004328279025213704,-0.0010701504103936986,7.588963105375449e-05,-0.025918339047425142,0.01753396052486322,-0.016641735879198517,0.0003604269436650568,0.004248185848460249,-0.010763111436494834,-0.0021428631411318975,0.000913612657606326,-0.00109513187917723,0.0,-0.00039491195173731674,-0.01049356121761585,0.007597980822892587,0.0012333487638037943,0.006947201862401618,-0.011999283073066367,-0.05783163752646588,-0.008912711647496735,-0.006991917777600428,0.028924760413038837,0.016801310918321447,-0.00042940922512089334,-0.0008152470592140248,0.0,-0.05661490928316402,-0.026477412633692944,-3.368652957027544e-05,-0.000981270786613382,0.0,-0.0006503377546173229,0.22405092221183437
58,0.17009970365233498,-0.03790151653719656,-0.049784098102083375,1.0512269709890705,0.001603063002727571,-0.011848613796184355,0.009204860052883491,0.004877422322243412,0.7600059741873727,-0.008208916443689665,0.0009310033320469662,-0.00028280966084782077,0.014157550371987654,0.02523945708572329,-0.005255310028451187,0.004229061794730398,0.0018419367511209297,0.018023111463737144,-0.0040203301376072215,0.0009021358895539268,0.013170243085025098,-0.0036858041167260936,0.02617660187642609,0.12658271397600293,-0.026974623073264932,-0.0005502300273811641,-0.0012092752378391322,-0.0008915933345119204,7.588963105375449e-05,-0.020522896559099262,0.01314546472188684,0.004071100530036432,0.0018296020147716026,0.003961037753585223,-0.005475627377781825,-0.0017308992768920207,0.0007758979109265486,-0.0011019063388836698,0.0,-0.00039610143140727145,0.060877881597101446,0.007638475499994994,0.004585830952355882,0.007248695310784892,0.0058567015809577955,0.02235069602849621,-0.005257400096705362,0.026380397539074632,0.05750633121296569,0.06700555642878804,-0.0002820282812002424,0.06378400214151701,0.0,0.08877545427358005,0.009961873754538195,5.784370913164638e-06,-0.0005791332888862479,0.0,-0.0004224194549935271,0.6151873365199965
1866,0.07261773358191133,-0.044368764079883515,0.10756263088322332,-0.18067195259926552,-0.0002080939301525883,0.0323203433535215,0.0037783260016935674,0.005653044933815731,-0.13851027214263187,0.06546482990737476,-0.0036825828993259434,-0.00040199716933017203,0.006378213972925575,0.03180999167724994,-0.04666865036127939,0.01919631794041735,-0.025919272811088592,-0.002319821269391376,-0.004910551767475995,-0.005550963449891442,0.027745855175596305,-0.004230983751149734,0.02067680047737008,-0.022245787433788168,0.006700481132850916,6.776515744088751e-06,0.03226783782840042,-0.0009616483785952478,0.00011636825635642834,-0.029195126078424807,0.04651588355820317,-0.0031718593119379737,0.0011400780172339546,0.006427118268409746,0.006067355138983078,0.0026663192715884005,0.0022303708753702313,-0.0011155662675324098,0.0,-0.0005581372032133519,-0.008135626155576699,-0.4911244276183961,0.001372236509071291,0.006218572166853967,0.00022700933235374654,0.04774651409191019,-0.006155621304983132,0.022679397748479664,-0.052262256355731423,-0.04820593873860476,-0.00019011503884279197,-0.0013258264095277596,0.0,0.18862547742387747,0.00901352522965145,-0.0003027416032459875,6.520130688246742e-05,0.0,-0.004204979312850819,0.0681401061710567
613,0.11228430251585624,-0.023757182331759902,-0.05706619138849131,0.6797932020751215,0.0012904329362542924,-0.02673081560977811,-0.00298709626081741,0.006633199998667747,0.541116850812997,-0.008294251071497049,0.001075781825771883,-0.0002909346747538718,-0.046206970624986854,-0.07005545406173612,-0.0004942333703319141,-0.0014328870901273458,0.0018622609683194523,-0.007859292735299197,0.08408061780389918,-0.003992069533207034,0.022017055675655806,-0.004160797540743673,0.03131580466869966,0.17206506433958405,0.00243507734386384,-0.0005174917465553649,-0.0044566069715820614,-0.0008033132066681883,6.439158323806466e-05,-0.011054169036211831,0.025362613036339507,0.007838100328693523,0.0012543157899456816,0.0025665317336035025,0.0016992716117590352,0.0015855492033687072,0.0013487673024831772,-0.0010922946280226761,0.0,-0.0005356216119365498,-0.012975611089375632,0.009938761038184427,0.005757104556714329,0.007172337921636396,0.009252370423412646,0.010401257806886373,-0.00644662256174387,0.033274839325461096,0.05445344117849623,0.06859923073645559,-0.00039593014057465593,-0.0007375763307175409,0.0,0.10459164514581282,0.01627168661976939,-0.0005215082704716179,0.00010588631028144089,0.0,-0.00120568733755361,0.19634495270734
1403,0.08634382176050193,0.04250740737024363,0.08664561361183294,0.29918049117585577,0.0011832713109285698,0.11006911002698576,0.014709948574110458,0.0041115923256259315,0.6333661996629957,-0.009665812621269513,-0.00017296870013140155,0.0030519838926182387,0.021594125515589296,0.01024474959327655,0.0023143043818239792,0.0056782715277893464,0.002820378792394316,-0.0033646525855510747,-0.004477489502403561,-0.0007069078743207141,0.01338043612891916,-0.003977428010348062,0.01789673036082285,-0.020841781226292808,0.005409530273284987,-0.0009334476755580914,-0.004792089479173915,-0.0007652735488950738,0.00011636825635642834,-0.03025316071488969,-0.1994228628689059,-0.00870538741304333,0.001953173069813203,0.008102459993217832,-0.005850400335585737,0.0006311473706063949,0.0013972282856320325,-0.001372402124972803,0.0,-0.000612295191579543,-0.007865106386073384,0.0178370985635503,0.0014037941170260443,0.009351955621964307,-0.01594343438535047,0.0011421389243501932,-0.007727959609525309,0.027716773159343185,0.07172039092829502,0.039590599052548754,-0.00040193593207982177,-0.0008113609192706183,0.0,-0.03763722875956103,0.035518378173385816,0.00040217863263272306,6.993256874923913e-05,0.0,-0.0005231072411478312,0.0673696117928021
2312,0.03625521419810114,0.02555401404587969,0.02522618774673196,-0.48382948913779766,0.0007625306328574122,-0.28841365145815984,0.007795329903457533,0.005719160378167077,-0.12040434697231006,0.06672085997789572,0.0013656626794534606,-0.0008639735777974928,-0.027280550158890783,-0.05347529973736767,0.0011887213233317036,-0.02834799328919336,0.002936937619097059,-0.0029841368874516327,-0.006811204707373617,-0.002731872521555726,0.024170017806859054,-0.005432574504960013,-0.05405831486272479,-0.03362691090040941,0.00709393406583558,-4.1677844680802734e-05,-0.00661468174113245,-0.0005835204657851174,6.767194781022902e-05,-0.020808535257112418,0.0376365641236911,0.01838750772692345,0.0015464233781612166,0.007457823925231838,0.009075617190338758,-0.07575975424995315,0.002268364210637631,-0.0010863018801591786,0.0,-0.0006299853897666814,-0.010303484357402456,0.015138104331009698,0.0013928837272722085,0.02271755297717264,0.06175689932653572,0.036625079950206266,-0.015959162690551913,0.06181336299270457,0.04823797535675403,-0.04935923798231557,-0.0004234629400443967,-0.0008174995601670344,0.0,-0.11931847166182917,-0.1866199608879927,3.2196161466743975e-05,4.410880769838943e-05,0.0,-0.0007983641979464143,-0.23612096698058668
1923,0.09827432369389978,0.013571889229349286,-0.02924958713864831,-0.22023547270372326,0.000652735457551206,-0.1162333909458742,0.023244619621377624,0.0059835819482318055,-0.17132102408984606,0.07095694053769346,0.0010638466979441524,-0.0006566477910369453,0.02030252119559259,0.03194556816821647,0.002548080838276035,0.013375752084669722,-0.01990720415921328,-0.0030950968294462242,-0.005155268219857045,-0.0015735579731965177,-0.13586342596004192,-0.005115690281561819,-0.05410432801341304,-0.030240920471042782,0.005123717797737064,0.0002952591429993876,-0.003111959802309948,-0.000891751215223383,0.00011636825635642834,-0.019423822687346794,0.03212145117941846,-0.036268699096449294,0.0010779850909552312,0.008440978788140714,-0.03139406288179188,0.0029945285643279518,0.0024456846436549007,-0.0011077888674438426,0.0,-0.0005312366589807438,-0.009022386486556164,0.013224370787596307,0.001385069626301562,0.012114175010947107,-0.014385175247896464,0.030052674034925075,-0.013263950615913768,0.037317129208694524,0.11481421581381702,0.020728096729710304,-0.00042353364480491636,-0.000833301065712009,0.0,-0.1107162930599987,0.021305352075253647,3.085429196325427e-05,5.750259631789073e-05,0.0,-0.000936101999404063,0.033653589650597594
1937,0.08602124768209678,-0.0026948455381577414,0.10645592488135024,-0.3046315611798025,0.000811983828313322,-0.2463373074856812,-0.011102847228730646,0.00471705659989301,-0.19360364453953421,0.07066087624677807,0.0027103587934377577,0.0030736888193505637,0.007194987409651589,-0.016953097969574244,0.030554419583216582,-0.02742202363250716,-0.008953836568394598,-0.0032624903888517085,-0.006502735880701979,0.00894331430367879,0.030406009032178175,-0.0051535267754720185,0.08252124906881185,-0.03055209329312229,0.006287722408926569,-1.100051313202449e-05,-0.01470469085746217,-0.0009196211902481851,6.319434029190031e-05,-0.005769547531870384,0.03375659414457819,0.013143528414987712,0.0014595989059613132,0.008430626753847554,-0.003932082953536892,0.007104657052123922,0.002217188128105833,-0.0010090004913980671,0.0,-0.0005630999346896783,0.12821703136236692,0.0145545496661128,0.0014173609060586024,0.01825871337355136,-0.03219646234536188,-0.006715086338200861,-0.009906712247850339,-0.045341384885573224,-0.03914089224723745,-0.01202679516652611,-0.0003804072391742715,-0.0008079776593560228,0.0,-0.12011721349791597,0.04777190233028299,-5.815332685412015e-05,0.00012458346896899523,0.0,-0.0005762627220319703,-0.021155477363434264
496,0.077458922202461,0.01021364790841297,-0.005392962265726404,0.7732388248318883,0.0005827006425858073,-0.13262114990000157,-0.012851343115486812,0.005700866044410069,0.32027639172270794,-0.009116521498468134,0.00063273006071219,-0.0005236739230999474,0.009616763905677537,0.011194677251941128,-0.008541410533786306,-0.011379987289622214,0.002151132905498517,0.01924266938182933,-0.005588039708787773,-0.00013577227198764604,0.017016632406641134,-0.004647620117077262,0.028821388032498545,-0.023697287389832487,0.0028305351154885917,-0.0008063575589693101,-0.006015272163394508,-0.0011934655277264802,8.027411512829616e-05,-0.0252426006915345,-0.18341370773157284,-0.0029885893862412164,0.0011859257633334295,0.005318415866899864,4.591590315489797e-05,0.0019549264828991574,0.002259749828828678,-0.0013516160401671519,0.0,-0.0004933350351713499,0.10735131611806552,0.010694845394242277,0.0013646916101001532,0.008164504340169985,-0.01145405262568699,0.023270093391032354,-0.008175879790949428,0.033542474640204316,-0.0067894300091517635,0.03730428782378609,-0.0004423718330267065,-0.0008575293621686275,0.0,0.13806034520469238,-0.0009957949465416783,1.7687239196185657e-05,6.147311282376768e-05,0.0,-0.0008019371491444998,0.34552381377418956
2470,0.07935181526580076,-0.4967909327591109,-0.23035191686564377,-0.4173294084224049,0.0020649707044190706,0.07546253221988637,0.07961671603486939,0.010705054164087997,-0.38385932055010735,-0.028861959521199444,0.0040076822499650845,-0.0017001442179511684,0.025482887296907706,0.04513647115901625,0.009236376147636262,0.0045977714568426475,0.0020668553425182146,-0.003276265698301318,-0.004443817877194373,0.0055973303061869675,-0.07103627120103899,-0.005324422357244773,-0.1034691822322977,-0.03789633783883002,0.001963689695182651,-0.0019921863609045436,-0.007759925026750388,-0.0009369916084802806,5.8809856217358636e-05,-0.0028079026427544574,0.03580911743432295,-0.04092725536261496,0.0015914292759424053,0.004977981605078982,-0.0006543103448986295,0.00464792074244196,0.0022868217252604594,-0.0012953449114727425,0.0,-0.0004709541306531381,-0.012394355605905351,0.014207867436332136,0.0013823983699470504,0.017496111622730928,0.008468957105448826,0.018241486985692185,-0.013118140629833986,-0.13498549664561285,-0.029170981423342145,0.05884779441112475,-0.0002784974579673582,0.06161209721012091,0.0,-0.12467489133490504,0.03428754218148768,0.0019215883343228336,5.41565759318948e-05,0.0,-0.000586489464996323,-0.27251895405209964
3696,0.2319511285095855,0.10688447756526312,0.1823709372867553,-0.3239230996664849,0.013020634888548994,0.3758493721875742,0.044667350733341736,-0.5927296084136864,-0.3033757269305575,-0.009364019618512463,0.011325821527971607,4.818713040123009e-10,0.02174018655316786,0.10035915762749803,0.019331758428846053,0.02518981131947199,-0.04138018354913728,-0.0031199547220768886,-0.0036421447250226785,-0.05383950839024717,0.016350531058507728,-0.0036156251970481763,0.02246716822518811,-0.007340682884270195,0.007427133559702281,-0.0006036157769137069,-0.02003363583003602,-0.00010395536060255769,6.203814166027992e-05,-0.052380097361135025,0.03253413893076167,0.002618381606326131,0.0028824558438577596,0.011349110792803726,0.029993582129869096,0.003989473266356973,0.0020630547356385127,-0.0006961268652953838,0.0,-0.000420775788741993,-0.01911718608737433,0.012918300640899369,0.0037043708332006736,0.01617095910501191,0.1435529838690803,0.11130587386452018,0.17247568482623676,-0.04168246276967819,0.03393033510821866,0.02401349827139057,-0.00043156537189773105,-0.0008027292864246223,0.0,-0.06927065323954519,-0.025964947110317178,0.006058924841856679,7.285373461944912e-05,0.0,0.009948311599214945,0.004682812035739865
3822,-0.9327270804189809,-0.4387284822311661,-0.43242043442249345,-0.3128372645006898,-0.0038311256241886763,0.2928870043310009,-0.14709752385196892,0.009168840168093911,-0.11127486772883458,0.006886166098036488,0.001584315962361241,0.01834933947481764,0.016917059410859754,0.13973950777416974,-0.0367979289807402,0.024815183721055473,0.0027978968624921934,-0.00422955245043278,-0.0043217057805125005,0.05700109018505485,0.02478848856011404,0.1549732684897368,0.0460345874094403,-0.02635481970497111,0.005849910618015028,-0.001333194143510476,-0.03303504064112033,-0.0014698286688946405,5.650125739004486e-05,-0.03218773389407895,0.028777829700032734,0.006403974992376866,0.0032262770644722613,0.003399832070127654,-0.008236916161743284,0.0032554466851686488,0.0017494193939040768,-0.00038484454853073805,0.0,-0.0003162355205283106,-0.02298050350452348,0.013498421424317147,0.0032296463780756273,-0.003626277642005519,-0.023933765275813288,-0.07507471583560807,-0.019721203462424546,-0.11459304339228414,0.018795868156119017,-0.04966644219922482,-0.0003442467718624314,-0.0006115677140401448,0.0,-0.10496820001091553,0.012806445534011146,5.701516296643171e-05,-7.903949282330838e-05,0.0,0.008582126556695375,-0.035480646156945544
2870,0.038918097753769705,-0.00041003727592908707,0.0237474420859473,-0.5148088739139567,-5.322375945434514e-07,-0.20740995158146008,0.029909886509354652,0.005440840825055211,-0.15121439318163948,0.02217045355361377,-0.025847700958862563,-0.0007058717165192124,0.006732279601822913,0.001110218060480388,-0.046122519949483715,-0.023023762319971563,0.003234018765022494,0.005842246781129586,0.08646300450190066,-0.0016325492143975454,0.027369532306577897,-0.004306902796666019,0.06875457087217098,-0.03449172824658668,0.003282380438051355,-0.0008154814033457185,-0.002880775240265206,-0.001212553194917882,0.00015566706559561316,0.05306581339373632,0.04016766296758052,0.018431807662192646,0.002070375895911261,0.008186671836142896,-0.02012156431786185,0.007033066005968339,0.001786051952123805,-0.000946706920695142,0.0,-0.0006181207302968421,-0.008085128430120435,0.012451570965886324,0.001408100946148023,0.01093059019570301,-0.03756375155891926,0.03526772298659562,0.1294049318943875,0.046845751108447846,-0.03348983360889088,-0.02017044079908938,-0.00016316482924692954,-0.0003222647114789472,0.0,-0.11107170672019408,-0.47453468530783427,-7.911442582271888e-05,7.285373461944912e-05,0.0,-0.0004975054584367889,-0.27251653542296844
721,-0.0342762429566285,-0.009708106568956034,0.07716620518180609,0.7188659151932091,0.00012925646243315585,-0.0756515012860964,-0.004559488446388465,0.005152333723104924,0.38138992837453906,-0.010561667134387893,0.0017073821070032402,-0.00024067262647326363,-0.052579318270834965,-0.07872594659393117,0.0014677757618515909,0.0013968090694653093,-0.003905474907424808,-0.008383605254563463,-0.005485569049439101,1.1481896135490518e-05,0.01055081847826982,-0.004282711800199526,0.025814482050922898,-0.021435555508807658,0.001827473350667884,-3.920105132275961e-05,0.025214392779067254,-0.00048459421357734426,0.00011636825635642834,-0.02811380993868005,-0.23279691121887122,-0.01222505039677364,0.0013104252431161629,0.004536935203241527,-0.04108725506630733,0.0009526105012151623,0.0023996031393375746,-0.0013160166476159085,0.0,-0.0004690298918341966,-0.011806824759732713,-0.2598656897570769,0.0013746563082485791,0.007494634260760447,-0.023000807679594733,0.02679639161448944,-0.010144304821756803,0.036165173598819635,-0.1003207911047745,0.0785935838393265,-0.00019565577819182132,-0.0009417813349061277,0.0,-0.07813636561457965,0.004142669639137998,-0.00032267876664195697,6.993256874923913e-05,0.0,-0.005140001421633942,0.23374196141531536
330,0.015507856321698847,-0.01587543635477804,-0.34398037921799235,0.7947160964070749,-0.006858459146761587,-0.0031313138181751046,0.011690324719423354,0.004949312138770283,-0.8926875050273341,-0.015087582759988293,0.001606852509283114,-0.00043471219537518865,0.018372532499724186,-0.01878083512413911,-0.005401855265697931,0.00378601899028942,0.001108349209996342,-0.01920149289428564,-0.003560703296116997,0.0005308936380838454,-0.12746559686856243,-0.004614230457403875,-0.01590833855732274,-0.01820950943473627,0.007448558994699899,-0.0022958619721643865,-0.001505737948957255,-0.0004689069923241403,6.529309921392332e-05,-0.020953154143066113,0.03874740863910291,0.010644529205471286,0.00015807719805566647,0.0038002607056175216,0.004235523331010436,-0.0026546674234251863,0.0019251125495812176,-0.0012317983287526903,0.0,-0.00041807077924744325,-0.019118026927738934,0.009515806108188122,0.0014303083337111786,0.022761889391303664,0.03351314400662853,0.03987892526935927,-0.009926250036870978,0.006275602275082447,0.03835793202893501,-0.05931231218710573,-0.0004269166114081663,-0.0008183625160349179,0.0,-0.1125686763947531,0.01716843660945819,0.00013313580808710007,5.750259631789073e-05,0.0,-0.0028896391568938567,0.3050241709397404
11,0.2707395742005514,-0.00375169336700059,-0.00616584484972925,1.1291007948777552,0.0019090718212836956,-0.10835912842574587,0.006054450908391131,0.00463181476425241,1.0002921856578806,-0.008486777994317376,-0.0015669889185429915,-0.0002880611393979208,0.013952718744705482,0.01971214680261616,-0.004719968356841005,-0.006859996020222357,-0.005666877296763273,-0.010693213374001068,-0.0034027698230949307,0.0008568367114388959,-0.08071946736356529,-0.003513573895142173,-0.03946852799588174,-0.010000438837637283,0.003571730558201369,0.0005433486814967653,-0.0013498379105840832,-0.0007367809512938185,5.614448523476083e-05,-0.020395616376308857,0.011681654700754392,-0.01464943517061438,0.0008247454616541669,0.004290791161854318,-0.006498735402379565,-0.0002838176486999196,-0.0365456165982279,-0.0010455890211212462,0.0,-0.00034184341508505757,-0.009479679332979673,0.00599932464211741,0.0011326166849679148,0.012044373317202936,0.008221856598453417,0.022635982759457725,-0.007777902965018092,0.00371030785830728,0.07161550544298385,0.02244189384188807,-0.000425842735273709,-0.000748075517857261,0.0,0.11321287068930841,0.007449933520040826,2.9735279248317835e-05,-0.000314503996187647,0.0,-0.0005242151903893772,0.7089170072725341
773,0.0708451345389169,-0.015732167091884863,0.07222580014135324,0.5090242439065383,0.0004563619197290766,-0.11706591978987459,0.0030747557908765285,0.005072797098289256,0.3914125356619057,-0.009441545427763362,-0.003476770888672026,-0.00032897051976124895,0.009612508161007045,0.025411473967914953,-0.01849593516248877,-0.007949276160221567,-0.014297156795379047,0.012296201412357972,-0.005340667770837991,-0.002711747985758426,0.018218916817071256,-0.004462376701933298,0.015180139861017617,-0.01750912767089737,0.0016449335512443853,-0.00023772580146760348,0.006808140903663729,-0.0009447861435905972,6.146671619582163e-05,-0.029321982136207063,-0.19578165011679521,-0.009370598564019244,0.0011588157531809747,0.005416785463463771,-0.008793893842206727,0.0016475054014901199,0.002427412222552316,0.04793687803495445,0.0,-0.0005052778586618865,-0.012558921213807358,0.009078114520072908,0.0014360914823216596,0.009345069613732913,-0.006163390566911889,0.021407027707601264,-0.006567349338292416,0.03721519089853756,-0.14118167666889267,0.13123704417845017,-0.00035045963814868473,-0.000865043448402058,0.0,0.11797711391680397,0.011535269326987129,-5.7685905204821216e-05,6.993256874923913e-05,0.0,-0.0010741174493630332,0.2290936275584643
2751,0.06288014182258407,-0.012322422782299601,-0.001001008504309991,-0.5435498989622028,0.0004582138292901164,0.04495871760096541,0.00022220588801681636,0.006687368256679949,0.6573715279790489,-0.012176414856840805,-0.005949396340074362,-0.00027827881243375706,0.0060858732931749334,-0.05914619208165666,0.002711677877842723,-0.0009507648488339452,-0.01471513920667538,-0.0002862142800835739,-0.0037303767339335625,-0.0019941878540289835,0.008790668542288344,-0.004618436881814353,0.028396405741281883,-0.02291415860541079,0.0011557488263058348,9.40575933180374e-07,-0.002020467309784668,-0.0003348606061540753,0.00013709988137757364,-0.024431784464378326,-0.18515094665843956,-0.0020865657470448226,0.002075404635029509,0.006915237952400889,-0.005026027423733095,0.0018122517094897213,0.0017994386761625975,-0.0007352715825485059,0.0,-0.0005210380914842187,-0.009389558108132403,0.014734404803623018,0.001391741677821751,0.009003111092778283,-0.007162714377339352,0.03750589043323308,-0.007388271624054714,0.03709603596121807,-0.010211060965032645,0.01175621494659016,-0.0003999717523831545,-0.0008757959521174965,0.0,0.11176457153462153,0.0037312042282974076,2.803103243139837e-05,3.172731586095273e-05,0.0,-0.0008139732215752715,-0.24443368601495818
453,0.1299402910481031,-0.03248941772771867,0.058674366258230984,0.7350283108432917,0.0008432971532797218,-0.19243688623900274,0.01576295887340271,0.005069304223080157,-0.3030571850464836,0.01970594484434357,-0.005302023563403411,-0.00036341765161133135,0.007015055927700252,0.02087259451162498,-0.021842125039898415,-0.014866646499994158,0.0007400733474734659,-0.013756639822176028,-0.005441783687206722,-0.001215658414139691,0.03264286891658748,-0.004038503588793655,-0.0342134413838044,-0.019563568811016105,0.0064115309626006185,-0.0018006806762333291,-0.006055148386499487,-0.0005746579455686838,-0.0005200808450345711,0.11541498297468915,0.04519230778192653,0.011534407348120978,0.0013007717512655927,0.0061759631939999225,0.0026474739498522437,0.0020130211028283433,0.0019760408140341774,-0.0010457362244764463,0.0,-0.0005009514738886459,-0.01322931306949278,0.00736491275465793,0.0012228017858282349,0.011852720560565399,0.02183097364395913,0.026004082759514473,-0.004325130260676044,0.03130050120181465,-0.20396492794142687,-0.024892881038098346,-0.0001583367825310616,-0.00038530307230546964,0.0,-0.07860314073770248,0.01716790678211929,0.0005174774857328303,0.00012458346896899523,0.0,-0.0010318424723325462,0.3418295179664526
1400,0.08145341461221428,0.035889501538074096,-0.0786281818697572,0.29154729770248045,0.0011894894838351306,-0.14110245024214488,0.0003254189848571926,0.0052931425191704755,0.09865479965710335,-0.008469433729944286,-0.003129400461334945,-0.0007234419812269144,0.016289203285529314,0.01949554299520937,-0.015699036541811713,0.01341764488448486,0.0027872092555908637,-0.0034049245094351487,-0.00450034345178355,-0.004438039602376792,0.022299854993178443,-0.005325139732488041,-0.049204767099300314,-0.019784745359813397,0.004748867717398828,-0.000657332339798971,-0.0030318508886563035,-0.0011414896819075975,7.588963105375449e-05,-0.020897844108946274,0.03394187304363056,0.015430419711169109,0.0013463412775534026,0.004456931211819352,0.0021680390401109524,-0.010452255439615879,0.002406749494822957,-0.001088738946270488,0.0,-0.000620078503380979,-0.011576453776934581,0.019738314050948735,0.0013874244007023233,0.011824751553772297,-0.008670975379934222,-0.011099539208650916,-0.0049598959548909785,0.0566043835988023,0.07585494315113878,0.010314544213615084,-0.0004242221429537732,-0.0008415761849898289,0.0,-0.0691054198209721,0.022303682899117005,-2.651156105928061e-05,0.00010588631028144089,0.0,-0.0006756877598606664,0.027116196107316456
2478,-0.17644455340654827,0.07859072363117633,0.22309206034240636,-0.4317250832788825,0.0004286305816277393,-0.19292775621513933,0.017791967148894056,0.013846339134437696,-0.3305972651559473,-0.03851546465902279,-0.042526934681129905,-0.000933946054426382,0.01425729950202954,0.012106012635068384,-0.06066098602406594,-0.02196169844025021,0.002871974147105241,-0.00332437287733093,-0.005952028889172416,-0.013224461863725738,0.02043100645451118,-0.005683980622144796,-0.04378308213582411,-0.03288470342078439,0.005764858374653183,-0.001518276255258045,0.00030238236440367674,-0.0016004946906177091,4.73118084016688e-05,-0.005532415710727376,0.041598188630189534,0.020795455990696207,0.001984548247721348,0.006248023778284131,0.0002154640242045543,0.0001798844354561592,0.0019388304261267013,-0.0009629631018142258,0.0,-0.0005367732587494759,-0.012492205604507815,0.01603008742190324,0.004323874419101899,0.025828342776345988,-0.058798071852246794,0.04971249837591315,0.19165909318167476,-0.09062169128079468,0.004288904506592452,0.008014658898413508,-0.000411455341848179,-0.0007756861043963566,0.0,-0.10315144213958112,0.02002681365218018,-4.353043564477101e-05,5.41565759318948e-05,0.0,-0.0007180242480784988,-0.23407054765060242
386,0.07242880431471442,0.0008120293825735224,-0.013979306192755305,0.7164554978471099,0.0007797684838638575,-0.144250780481546,0.003869324139938798,0.0044420632466470765,-0.005376050901860292,-0.010654262956945234,-0.004783724079089101,-0.00029669247343795744,0.008132643699241344,0.002733635314978637,-0.015899028131481984,-0.013633163641702806,-0.01399983198169386,0.013663978698480735,-0.00658149543481488,-0.0009158659502410538,-0.11510069293214588,-0.004546743117956663,0.033227736805111326,-0.018642765184379125,0.00356849321405721,-0.0005512542074345379,-0.0015880850202969598,-0.0008379998226124493,6.887787457185741e-05,-0.01833825081778874,0.02301304552461379,0.017269803511804044,0.0006167936986967957,0.005817447610301495,-0.0032041408381901677,0.0014515487270088138,-0.1259283302945301,-0.0012095799476541224,0.0,-0.0004481504323763815,0.10567768658183116,0.007130455427664354,0.0013183959809076743,0.00707025540970456,-0.019835317010821172,0.01118384380674913,-0.006446679297232837,0.03695314029487141,-0.12280572906228834,0.04294664219759473,-0.00033184347794416803,-0.0009031544496354037,0.0,0.1740627615345059,0.022370014431829954,-0.0003569650512550059,0.00010588631028144089,0.0,-0.0007264655369564124,0.30804997690408387
2539,0.02924395473782673,-0.050588268402637644,0.22920602113798902,-0.3410918437836916,-0.000314296495750281,-0.015879182111423213,-0.0046196484517603605,0.009590270443629874,-0.10798679298088566,0.032917396816344195,0.0018022816912209919,-0.00047354913149876693,0.007097401011706251,0.04972087162982902,-0.009213703405142252,0.010263244745654565,0.0030616838456272145,-0.00011779712609102846,-0.0026819802117094165,0.007991468303774531,0.030581900859154694,-0.005228170424084589,-0.06130073308848809,-0.03424144800440374,0.002875520268594637,-0.0008751332101117878,0.07766221489755151,-0.0013024742210282357,-0.0006149950864972885,-0.015398705188359008,0.02979798738263372,-0.0179962600818592,0.002253317532494018,0.009711766844252888,0.00749270997078555,0.005724142271512388,0.0027154827674357633,-0.0006858963194511757,0.0,-0.0005623406023628939,-0.0076138272717671,0.015322834831310044,0.0014066199042576163,0.01574312080967973,-0.013312033832382839,0.012705659718061396,-0.01439773358205189,0.051377028999360405,-0.015788793621448242,0.011114742611272098,-0.00032164907256446526,-0.0008573926558316094,0.0,-0.07653737595505782,0.00941314934483207,-0.00031335883987043277,4.23044786957464e-05,0.0,-0.002454777431085688,-0.23121705860168806
2594,-0.13225437521592623,-0.06173085240517059,0.048756377750426245,-0.3699235713872884,0.0013351120688956,0.07723672930555457,-0.03134930184974256,0.015518870409189842,-0.11231832477935384,-0.025846968765474036,0.0013734717842224656,-0.001150867259134973,-0.03599673628829742,0.046116310426492696,-0.011221049242587966,0.008275311216688903,0.0032152796858675218,-0.002683243680659111,-0.0005060190391365701,-0.017260412138230104,-0.1348851396240166,-0.004777062626128069,0.008615493638273273,-0.03376967546841796,0.00413502786398896,-0.0020154286413370326,0.0067171264850326194,-0.0011133876873928054,0.0009229226320619497,0.023222404636764334,0.032777822888708515,0.009270506473359036,0.0018208662207946475,0.009976776358149616,0.00039965737738176786,0.005016970792587458,0.0027807769037002613,-0.0010564296830726002,0.0,-0.00045188136936379276,-0.010968568208944837,0.01585755217666348,0.003524185362182319,0.020972742185706005,-0.0021511560230192735,0.03514681937735671,-0.011329407850241892,0.13513217195358274,0.015999760989956303,0.03368637135469884,-0.0004133335877541171,-0.0007917397104052088,0.0,0.19388011177147987,0.021886002451408048,0.00012820544388387207,5.41565759318948e-05,0.0,-0.0006699046174016136,-0.20160055328367335
3630,-0.18780808811998612,0.049672668182506416,-0.2172404701005459,-1.0625737606995058,-0.006519589229433683,-0.11682178466187212,0.029104747153708553,-0.4533190298537847,-0.699053827122748,-0.05224111719074366,-0.007409673087045347,-0.0003572578458880129,0.011581791210728443,0.04851656724298307,0.050953944165124096,-0.0007972411543349164,0.009148563425497443,-0.002739572212790156,-0.006025303019879528,0.03196186609409285,0.02456317844964273,0.240475568540155,0.009126158913840334,-0.028635499530983797,0.007501919323762112,-0.0006958727391521202,-0.016821393272947537,-0.000303307284527967,9.456013241588768e-05,-0.025167059646529235,0.0337335357213742,0.004563189661408235,0.0023450170168216617,0.004533600334612185,0.006762512844178609,-0.003195343135445088,0.0016979416572526862,-0.0009585985844112086,0.0,-0.00039648901936247915,-0.021635957374017932,0.012348854079266645,0.0029919701891354287,-0.11629317302832833,-0.0327563624415929,-0.14548187870475188,-0.016410624818410383,0.18724809466985523,-0.21499161832334893,-0.016612408927171893,-0.0002671513577528747,-0.0010480064651776494,0.0,-0.10863977885316616,-0.0772529725028514,0.0005010683539186588,0.00042253562356321184,0.0,0.008521663903435117,-0.16473893020116304
2329,0.12523937480528033,0.09150817867630305,-0.03625046382048132,-0.3664207541968338,-0.0001469869512713689,-0.01593601974859236,0.005804565505507149,0.006835342192539235,0.4524902020649681,-0.02004123085464818,-0.003991814580469169,-0.0006164054568734995,0.009212474786183788,0.03070604366291239,-0.011543516700813085,0.008792607431058357,0.003115097807649346,-0.003263236068990226,-0.004564559959040911,0.0001851873279550879,0.026137184404457656,-0.005135681332630042,-0.023155030430160376,-0.016387835603964142,0.0041745155033481515,-0.0008034954943393508,-4.132960594151681e-05,-0.0013260162677649308,7.588963105375449e-05,-0.02240985036486781,0.035427910181466106,0.01053190315474631,0.0013570483722908607,0.00964853842101136,0.004628809320420935,-0.007920037800193536,0.0027514639980130567,-0.001079985617186085,0.0,-0.0006064511120005522,-0.009355395041288427,0.020351727133082077,0.0014190131399601064,0.012822707808916908,-0.0034201447678510136,0.032201800651550386,-0.005758305280774609,0.07371985451329792,0.04352129358187636,-0.0015269920933167573,-0.0003626123067961313,-0.0008142591584565137,0.0,-0.0674763320970958,0.01787479549268378,3.017875060221593e-05,5.41565759318948e-05,0.0,-0.0007215663301576266,-0.18113324598825561
2359,0.038560569787400155,0.14771938036361337,-0.07304229459939336,-0.3280228966835722,0.001652696178746486,0.19558212531556526,-0.006238003054308628,0.009980028037107128,-0.5095466804184783,-0.0384539493835911,0.005725977618018618,-0.0004768885610857096,0.02183825904629231,-0.07093499341976277,-0.0011455712106827021,0.009261847790288392,0.002389927091920815,-0.0026928006356598554,-0.003617381719929146,-0.00809459590683387,0.03504596699401871,-0.0038204100657892566,0.0015330390907778346,-0.02487552748521985,0.006737052030369196,-0.0016040812959977676,0.007099143119304317,-0.0005181505421746208,6.583328508424625e-05,-0.023985812441516968,0.04882215608173823,0.005487631620650799,0.0019343787632942042,0.007389475128176872,0.016516542061259052,0.0034359739099862406,0.002015561123461009,-0.001028592309225358,0.0,-0.0005769237677682084,-0.018554567048814245,0.013675933019664624,0.0015429915115186708,-0.14056399245118442,0.020519349878655432,0.04365687219414396,-0.006032137420298758,0.08368560138661428,-0.0049635635979124815,0.04543706459586347,-0.0003453262153179108,-0.0007934877334016593,0.0,-0.08969086557711599,0.039276170904316406,0.00016832464377195162,-0.00029620331326015884,0.0,-0.0007147340622719544,-0.16974856074032615
3177,0.07040102901846813,0.007542613375416103,-0.01811831343677277,-0.5440445903334316,0.001046378787516041,0.7192799642876669,-0.2825299178779737,0.009966494593110956,-0.26049566528852264,-0.050914405066471595,0.0029246742076426222,-0.0009154403714471651,-0.07778069985370883,0.006887187935137602,-0.018105907595239022,0.029670762992841417,0.008339130331474121,0.008346732771661352,-0.004927702256641723,-0.00334200691509471,-0.07451282295669813,-0.004463564594075836,0.002159290342633844,-0.0332995245745708,0.016767088004390186,-0.001818896172056313,-0.005876828337185323,-0.00037234640106392715,0.0003455192888636817,0.02855207117155996,0.017141343583710833,-0.04566818755929711,0.001888665156811908,0.010852911983552028,-0.01674837648268525,0.006325186647678476,0.002174578078820139,-0.0008595749558911536,0.0,-0.00046884735200151273,-0.016671203813278343,0.016718704749905316,0.0014616313155776028,0.026202975755109898,-0.06506179851591949,0.015126360567546323,-0.01265010945913753,-0.17082209197555798,0.008622902472607498,0.05782499026861333,-0.0004853312196637478,-0.0009362000871141603,0.0,-0.1236147885472747,0.061148677286442896,-0.00023774538510541228,5.41565759318948e-05,0.0,0.017906668834786074,-0.3351565879859415
856,0.10075833482649219,0.032005713727138105,0.050622632398867946,0.6162603712446196,0.0010609385868838945,-0.11727083619593509,0.0021281339921513454,0.005277227374689751,0.6854246342623713,-0.01040987727198975,-0.0048230399719671425,-0.0006414202684334617,0.005618674042904175,0.011131130550034805,-0.01172681666978788,-0.0034453141344296732,0.0018707687363737789,-0.00427843999377613,0.1038849793751406,-0.00032816633651353727,0.023886410915964013,-0.004199916868914177,0.04002237238908502,0.14720594141263108,0.0021301484780087074,-0.000631556541237436,0.0008808131955651039,-0.0007177134845895637,5.059217297383317e-05,-0.006013186319868929,0.021832536140780585,0.010167838779617057,0.0016510013400035607,0.005224534430359332,0.0037380251980809816,0.003635813455813922,0.0015545180482582103,-0.0010785813413404898,0.0,-0.0005625095734394685,-0.010719701889820956,0.011223542411354363,0.005911175773285803,0.013007454104429309,-0.0010105336557891427,0.023259568112712056,-0.004396013235148638,-0.04299457438509178,-0.015510423977605768,0.005576551317481663,-0.0003919902903367415,-0.0006540594014943628,0.0,0.12061169286543995,0.027325862796397236,0.003615379158757753,0.00012458346896899523,0.0,-0.0010952033523674186,0.16040424089875263
42,0.21148627433655187,-0.008060446455676704,-0.057961195510810304,0.902750545930414,0.0007463367512636728,-0.07312607203038769,0.0034123055458945457,0.004900767926930712,0.433581878074305,-0.010088746206804486,-0.0034577370322608544,-0.0002880611393979208,0.010422967657815196,0.014780240771553849,-0.00602931444593769,-0.006362361333598148,0.002290707185059559,-0.009160607247676847,0.0683964594787138,0.00036640236973396723,0.016117590146664727,-0.003818687052825937,0.028889092275951253,0.11552612957532966,0.0022766089964476777,-0.00047214515235286496,-0.0013755952368542728,-0.0006621127426705024,5.9054710741850256e-05,-0.01193712445740069,0.015438399432076847,0.0061741633697765036,0.0013100883069834025,0.002640675619502195,-0.0006785412208781845,0.0016727551718556492,0.0014207486438258484,-0.0010755125598528833,0.0,0.02395988867626143,0.07618763485424297,0.009306734629618792,0.00459973736505199,0.01162052999575416,-0.0016631682061807773,0.014785389777073093,-0.004086110880866067,0.026075287127546216,0.05913608717953852,0.03010857816417099,0.03484993630575532,-0.0005793627182820104,0.0,0.10421878227370569,0.014946048840126354,1.1366043973054049e-05,0.00010588631028144089,0.0,-0.0005570621247228255,0.5918205540987823
2425,-0.12285215743945908,0.010424917277544311,0.11425074171785934,-0.41060060797316633,-0.0008738488125101082,-0.009928590959043693,-0.015633044409505102,0.012042178959913871,-0.0026682833053457023,0.040223919662508434,0.0011352772375313558,-0.00037257313497579385,0.008389747632122828,-0.0654755443500462,0.013160587510307188,0.0031124004323417613,-0.023903267581613784,0.0024766397958038695,-0.004990126306951476,-0.005905222401955467,0.021364092085519263,-0.004878583576598445,0.017226701704107852,-0.026325399237471313,0.0020644847351140093,-0.00029584537774934427,0.0010709873700327048,-0.0012893938584245504,8.37108675169835e-05,-0.015763769594786096,0.02798657518779578,-0.014338119725853044,0.001818696881661681,0.00864953576250788,-0.00926563324224804,0.004127875270414286,0.0025265620421318,-0.001020053255610385,0.0,-0.0005423862152297397,-0.011979690550109015,0.011548819436795789,0.004656584350996042,0.01537700736813282,0.10018277325200509,-0.08201935223258532,-0.006075278205762233,0.05386965822325777,-0.0026853236737920624,0.1168284718516565,-0.00042648992597419137,-0.0008084696606336528,0.0,0.19144722624413488,0.06539488207815136,-5.971487728180678e-05,0.0005149697232485019,0.0,-0.0008683683595258718,-0.2660788331080762
1112,0.04371872118407452,-0.009125929638339343,0.1288712291109333,0.34685001828442436,0.0007052749177170771,-0.11003619441535341,0.003973122371774286,0.005232591192425764,0.2974420183572152,-0.011098034419417667,-0.004350078383901545,-0.0005645263406881428,0.011614820947930213,-0.03668898664263098,-0.0023562242122888537,-0.010168387570845814,-0.009593052654877119,-0.0026224967851550766,-0.006130503515808207,0.005101470305429068,0.027306237967804504,-0.004670310330144531,0.03236228689526931,-0.016440024617467373,0.002364890431396628,8.129576042531313e-05,-0.013399058388431194,-0.0006753708214478053,6.767194781022902e-05,-0.015602787892190122,0.03127847869248516,-0.026060287572093215,0.0014302908303018835,0.007439995440628376,-0.006940230094209025,0.0032395301988901773,0.0024446290860372427,-0.0010835565858591857,0.0,-0.0005465771052303382,-0.011407967975584089,0.009241030981899772,0.001292798900217453,0.01503777759209456,0.0015402567574695437,0.03517071606582681,-0.00669719365145511,0.027446750399074023,0.03771330979186104,-0.060470687593328215,-0.0004196117953883682,-0.0008005171965012937,0.0,0.12850478901271054,0.003885916435655585,-0.0003390999864534524,0.00012458346896899523,0.0,-0.003043921875457429,0.0901025126668307
1627,0.04216469622727734,0.004616028243858405,0.11689883522405545,0.09889391593924719,-0.017193586513356,0.10732964086960955,0.02886665499211241,0.005440279729123486,0.42972092195672024,-0.00644381800010635,0.0012689867500779329,0.0016507625919895508,0.009115906874637071,0.02570635423939734,0.01600905877488634,0.008546984005432728,0.005369099671350794,-0.003433214160095598,-0.0031670509747072037,0.0031478887901400243,0.01721076336216945,-0.0040109768255984736,-0.03169570630837929,-0.014816222516896538,0.0034308059245464605,-0.000832719990104611,-0.0007363470850705805,-0.0006965958358275129,8.240290032519608e-05,0.09982045060758057,0.023755261320729776,0.006896748586579994,0.0013058793929856254,0.008196301633685772,0.0047270719210003535,0.0006231868653825535,0.0018698287091987779,-0.0010993661463220509,0.0,-0.0006089736626405777,-0.007548998407494335,0.015465889892396043,0.0014542677378538774,0.00957692085486363,0.004467819738668008,0.023623234472819825,-0.009019058449190888,0.04015486376502421,-0.05173948635622686,-0.024974070763856125,-0.00015487347002627884,-0.0003729908510458013,0.0,-0.05481937564664939,0.03130696920222959,2.0768361681610617e-05,0.00012458346896899523,0.0,-0.00262414227464891,0.05286042641531104
3264,-0.05373011875513534,-0.060074660619201935,-0.029630030751367525,-0.43561941614104555,0.0010071061074931468,0.040610802523257286,0.017165009769790327,0.013781581422698756,-0.01700020403965625,0.05476694143590774,0.0005655894510139066,-0.0005569119738156274,0.010730152726719497,-0.022784941427220377,-0.0005198547838366163,-0.006588131535237598,-0.01837715410712133,-0.0027269356423136374,-0.005007289586174926,0.0007219233754211174,0.013041250044456046,-0.0037190570261681653,0.006347158788428251,-0.024574999139914153,0.010360575286968737,0.0006958493159270172,0.005756864720175536,0.013702158230178493,0.0001544217783657837,-0.02530098782445259,0.01736758945444022,0.00194116942921913,0.0028359861064658027,-0.5063452653232673,-0.007698859499353246,0.0058121585367286645,0.0021221578838256797,-0.0008545734781007363,0.0,-0.0005201812719440102,-0.018896551790495462,0.008890189680980919,0.003503993408173739,0.01600098380573319,-0.012969565836852461,0.017137835768116113,-0.0068468678876254345,0.0038514081216483296,0.01878232636987791,0.07697564672977228,-0.00041654718406877354,-0.0009073771711083026,0.0,0.20768470851720397,0.019409458599329105,-0.0002587371618901683,-0.00039846532404106853,0.0,0.009554266754360245,-0.29872353806033386
3749,-0.15193307274940543,0.23992107509158112,-0.08042657813383326,-0.9264147720900463,-0.000812877090664724,0.11909789704838811,-0.038242755192140154,0.01574537601605385,-0.3151559054998605,0.010626548766186952,0.0010821695409636116,-0.0010086166065017056,0.014075522727047499,-0.12075168868038082,-0.029278433872929836,0.011197893965853552,0.01775234948778342,-0.003195319775288295,-0.003188334164669822,0.004623216016805066,0.01977888015629597,-0.003929259833072645,-0.0067208863578548045,-0.023148931669066654,0.008732460818379383,-0.0012110978946731296,-0.006132098236514787,-0.000810901715796975,0.00013709988137757345,-0.03177371983913028,0.031295701983402764,0.003954442419659923,0.00301662641170725,0.005605418503413394,0.008212856000229526,-0.021996250851800358,0.0021746627199215524,-0.0005289774975419816,0.0,-0.00043220072440016186,-0.02674663783225782,0.012371959860432769,0.00463911250510333,0.002328531215643027,0.13622974326682868,-0.2621776083469019,-0.009932179269536727,-0.05020893743770832,0.07470126693373359,-0.014150787061123557,-0.00039070826666475243,-0.0009416918900947277,0.0,0.31976515717131887,0.03943103173093034,-0.00023874910383435996,0.00015123425866478895,0.0,0.008922058616782042,-0.170423418229258
908,0.08904063092285062,0.03608919887151324,0.06270690477058104,0.5751392275625414,0.001170789013878563,-0.1015986502851302,-0.006493660376727007,0.004143898692541877,0.3164965146640969,-0.006356006602296955,0.0013298279930122803,-0.0003754990071661944,0.009284597794240545,0.011270029600868365,-0.0012218804591349716,-0.012072516575999104,0.002639839234591102,-0.00517508442059535,-0.0038336692837608773,7.979030301868737e-05,0.02158674760842644,-0.003911829775626079,0.031682345867948304,-0.015262717363692802,0.004156780634261206,0.0004398116594375822,-0.008721629964895903,-0.0009838768504041296,8.027411512829616e-05,0.113122545224781,0.020614878227104214,0.011814941977707414,0.00213243712701141,0.0071703121721231975,0.0030036362593775174,0.0020900187491419754,0.0015405743497162846,-0.0010762776422105298,0.0,-0.0005196724762191438,0.07529182172919131,0.007390182335611396,0.0013542259882788283,0.007473181452578702,-0.00027389857643706877,0.02378841832232784,-0.007101350795205705,-0.018525623724551157,0.06140219021618575,0.010184832354211016,-0.00018577873917283725,-0.0003678836628260409,0.0,0.09189735304645047,0.01344870507406994,7.906300903060977e-06,6.520130688246742e-05,0.0,-0.0008355998222008482,0.21240407259805394
3685,-0.40409500961925093,-0.2950001138673832,0.17634112687883455,-0.6433813098624843,0.0007987910804583636,0.0018550839002858164,0.004847619052448351,0.016649352609287883,-0.3133732626143668,-0.03530277810758476,-0.006222441471873351,-0.0020720037000487713,0.016614996604656675,-0.15055044768119885,-0.008960524758437682,0.006234309339435074,0.010989806457557691,-0.0020740414148496446,-0.002862875974926548,-0.050798239381297704,0.0143513652964445,-0.0038823728759743584,-0.08542407181750036,-0.03252078560067744,0.008896396920403388,-0.0017897639890603776,-0.01836257751451945,-0.0006202298378578058,0.00044992795365410813,0.10089437277669959,0.03156513029162709,0.0029071751573643612,0.0037321537744556496,0.009855646743922431,0.007547677687816239,0.003086655610662572,0.0021586588980231883,-0.0010039215878510966,0.0,-0.0004570427847973169,-0.018929334504097436,0.009671293701056365,0.0030586448908535057,-0.005850471443356666,-0.01598229456770448,0.02410620810974197,-0.007998339910730812,-0.14453249304335022,-0.006688748826985325,-0.020635551054688464,-0.00020604688692170336,-0.00037713247504815865,0.0,-0.08913333557393144,0.013889024231812132,0.0001506785414904619,7.285373461944912e-05,0.0,0.008163305952352679,-0.10242640206860969
2981,-0.0936504387925435,0.14252449864873168,0.012501654584690425,-0.38637806869813,0.0005397936906251481,0.02288430885607406,0.0004235161327481345,0.012604375697304793,-0.13306814338013373,0.03719206100503187,-0.02373612881400788,-0.00031697772277829536,0.014354193397434236,0.00829482002750644,-0.0884355842867578,0.006381282325674428,0.003150176744548674,-0.00290907612669884,0.1248468587187794,0.004511945770020975,0.014057272852319941,-0.004602590424071769,0.04317362113687692,-0.03383325129380748,-0.02368840688349597,-0.00036111707833971367,-0.008467885657660353,-0.0017433007826490481,0.000467007728490504,-0.04261118260679492,-0.3088815379746624,-0.010021929645471868,0.0026674202993863688,0.01028769339973415,-0.013397711226594894,0.003993925700703934,0.002100713226619708,-0.001127598117470806,0.0,-0.0004287934242395405,-0.004924031974335697,0.015073612490118212,0.00490722965806518,0.025576576063764945,-0.03280853488884538,0.01340955545454724,0.13634666288118658,0.04943300801053443,-0.2995218229565003,-0.03633546167211657,-0.00034659012590097267,-0.0007687745520883959,0.0,-0.06908713325575261,0.02162724985216353,-3.818865821796872e-05,3.8279733958617865e-05,0.0,-0.0009147632567895985,-0.22184110404603155
3569,-0.23379425143831312,0.18504881080589639,0.20716750534120723,-0.8682010995051362,-0.00643172610577004,-0.35685721139955134,-0.033909586317309746,0.01172946444035003,-0.07720767552887514,-0.055401001066934914,-0.014091287820221876,5.598049647556306e-05,0.00771938812992217,-0.04626095115113508,0.0008092391801644891,-0.0015588203385363771,-0.05379839767968364,-0.0031945251761326845,-0.004096044206266848,-0.06515710004550374,0.03004219603911595,-0.005289107689750556,-0.04145985518026427,-0.029365733220772666,0.009641427762197941,-0.0017039176362669307,-0.018553258154850694,-0.0009536069869121353,8.341167575050024e-05,-0.007170121244652978,0.02555998581440243,-0.023567638470074117,0.0034417911204840013,0.00899577835054867,-0.02664893340861734,0.01005199251374871,0.0021022886437376746,-0.0006984047313842339,0.0,-0.00048153240317122054,-0.022088412504591478,0.011907689359618452,0.004503711577838523,0.01277246445811752,-0.01443060829987551,0.04407445893972911,-0.014943233400874835,-0.07463425668247559,0.01684827542902973,0.05379684597623055,-0.00042859062652803335,-0.0008671047192800958,0.0,-0.11521794672546959,-0.048531237206077,0.00023403520264234797,7.285373461944912e-05,0.0,0.009215014444319958,-0.05734072460102653
3573,-0.0953653888535535,0.27390375869539424,-0.061960814217294685,-0.8576237332861505,-0.006078727128773153,0.3965331588509171,0.011412047941245704,0.012938724376786772,-0.06691390682433968,0.02199055250822802,0.0014391808433850994,0.004918541059285324,0.012398583298682897,0.03329005024827247,0.02983709618429571,0.004031384521801017,0.012909442765466907,-0.0024692081316013714,-0.0024279497765877754,0.0024137831536463323,0.016411351021641953,-0.0034234992706041853,0.01590236660161305,-0.01616540892021595,0.014140013447530818,-0.0008327164533261212,-0.00831667094902189,0.01760161354072325,7.578731605795656e-05,-0.03341285159603558,0.02007930357760643,0.004214168663168607,0.0031081844303943707,0.008772698514400688,0.002672226028401158,0.005020733118387203,0.0016494223005215929,-0.0005788007320670359,0.0,-0.00036537054255238947,-0.010187732915852163,0.011424791313636936,0.004747699968967378,0.019057619696366115,0.009777692508201395,-0.060804856016399914,-0.006411026294191386,-0.023725499799582377,0.027706352820646846,0.07668464588182146,-0.00020027376986581273,-0.0004194310018337765,0.0,0.20884599760880423,0.019850284639753503,0.00046523139625460224,5.41565759318948e-05,0.0,0.0082876677820454,-0.16770153958759498
1275,0.06423183045964324,-0.011889218843195645,0.02894670399941185,0.17522857360691269,0.0011314942847695608,-0.059082095710546685,0.003677453918026132,0.004985074571141668,0.41987122798064946,-0.011541092326734191,-0.0071703853863920525,-0.00042653119137907325,0.008466283794070452,-0.023130215570050454,-0.0036689733969023407,-0.019440388233426028,0.0021454812976695187,0.0066976330219164866,-0.007771225238772504,0.00098397776695808,0.02326556261770322,-0.004215950925482151,0.03624050663449651,0.17509987759312942,-0.03307245648517763,-0.0006594857781236095,-0.003822830583713845,-0.0006398262218788175,6.319434029190031e-05,-0.006231000543408835,0.02334125315512698,0.0169981557761225,0.0015990956745344537,0.005376411376892094,-0.0031946101535052086,0.0026363396031816796,0.0015585165332721962,-0.001110067185158474,0.0,-0.000629914288053908,-0.012759108351419893,0.01437681282382698,0.005812791544740633,0.00871004880186533,0.002203844730307704,0.0031741019079825007,-0.00401115719985965,-0.039461494809068944,-0.018481386288020242,0.03870396650815811,-0.0004197329800834796,-0.0008502772610122113,0.0,0.1383317660184752,0.025523493425147304,-0.00039744709232094146,0.00012458346896899523,0.0,-0.0007172023780143455,0.029818143152255783
1514,0.06756111232726202,-0.0697534699699207,-0.11421998720340905,0.39869730976951,0.00013809500918101212,0.21439523337794208,0.02077811057723091,0.0055866024033902366,-0.4675538880925924,-0.01735012806504731,0.014785726600051282,-0.0006831996470634688,0.01027742726222078,0.029229777781919142,-0.03411183514662515,0.013580704080826277,-0.00028344151011854484,-0.004292615556493256,-0.004455928451425852,0.0028105798208602423,-0.08467850456049636,-0.00422418765804728,-0.0240378973537731,-0.021794077233657404,0.005843235672354539,-0.000660046172307234,-0.0007259995511995929,-0.0009186096288304216,-0.0006149950864972904,-0.03379974623436354,0.05784857297085478,-0.029364410296683092,0.0009729360809863219,0.004602510439511421,0.002506101512952906,0.0005691579930120504,0.002407196137479857,-0.0007019592846899083,0.0,-0.000437800102649293,-0.01311920891433051,0.016152910765546057,0.0014510255044050742,0.013767186074131018,-0.009216936961601625,0.047812548531925694,0.14313951041118322,0.0423065627834381,-0.32105603432853314,-0.028074974579386847,-0.00036884080371690396,-0.0009627132451656834,0.0,-0.10232305812594807,-0.08756663173604301,-1.196857875396955e-05,0.00010588631028144089,0.0,-0.0004242337669239134,0.1074544399720238
729,0.10777378144186171,0.03492869503337365,0.013692914170871782,0.7105307422489743,0.0009685725480531702,0.13822350127745867,0.004911022560675898,0.005318743728182915,0.6240942006956384,-0.007732697002993796,-0.002097551891385907,-0.00024347386106772859,0.014300214683203498,0.026361920949723918,-0.002840088018413484,0.009234141168942452,-0.009310066301466248,-0.00937658500429205,-0.004301065325897929,0.00016885235490574963,-0.085060107185611,-0.0038465214170866646,0.016313826278155155,-0.01646645462205424,0.004544404741874322,0.00033535628282104515,0.0012529274286708083,-0.0008493149333701667,0.00011636825635642834,-0.023803591074656037,0.013665716341686576,-0.013105786725212265,0.0009186858653148741,0.006180350785992318,-0.005462118509984266,0.0009841961169282348,0.0015759975083777134,-0.0011025128639181152,0.0,-0.0005193369125447983,-0.00949272235563972,0.008153238254540012,0.0013150056919825227,0.00788483584669603,-0.01588675272867889,-0.005955713674036295,-0.006257736945578861,-0.0011584289276830586,0.04210368818479552,0.07127623244346568,-0.0004213412126305776,-0.0007955793639614792,0.0,-0.053641406850705974,-0.014139327240782597,-8.527611485107073e-05,5.750259631789073e-05,0.0,-0.0005685714788315505,0.20998588853543956
3661,0.10056141773911641,0.18793729692517486,0.041603174570589825,-0.4087361599617149,-0.0007644990782580112,0.30132147781202645,-0.05225614335166732,0.01641518918450001,-0.23121859308708428,-0.009003152039771629,0.009273900431505177,0.0025848546642293297,0.018260416233887557,0.058684451889322836,0.010118077262487254,0.032100863606562176,0.013649758182445253,0.013500225831178493,-0.0057806139718631884,0.06555479671931845,0.024710569009799777,-0.0036838010778234356,0.03586735637148595,0.254947114266021,0.006690017596165057,-0.0015939032548939753,-0.029442808660298785,-0.0005327405777245316,0.00013858729075921734,-0.020769856670325347,0.02189078017574239,0.0063497273547632105,0.0036198810406521138,0.009446146713315607,0.032292224955407796,0.0043495633384962595,0.0021209464272626535,-0.0005510116741484082,0.0,-0.00047197470776128676,-0.02393283157645853,0.012156836050175663,0.009270316375608637,0.009247401995068993,-0.040507466544984834,0.026211647794243575,-0.01635255203762264,-0.0722655696567922,0.014371034580631978,0.004866455552442039,-0.00032500361933968254,-0.0008375715850202631,0.0,-0.07405756774138128,0.041345262190448276,0.005532903421932455,4.23044786957464e-05,0.0,0.008654845273390551,0.07559247019486622
800,0.10209615905390163,-0.004194122506492428,-0.028982936368646253,0.5783425942580009,0.0013899372792311824,-0.021596083609239765,-0.0011262923143332704,0.005076943150506662,0.37353175076710454,-0.008663339042938777,0.0009668115978208867,-0.0006934621813262094,-0.062316642628596326,-0.07162476664679215,8.603094195004212e-05,0.00391271573927018,0.0023264310142439926,-0.009370230895063726,-0.005321940000363165,0.003264752416156855,-0.10078320467995752,-0.004955111102478794,-0.01940158376681295,-0.018612112173690843,-0.05476379441686889,-0.0007979476394851777,-0.003054218954213389,-0.0011544218506506282,7.588963105375449e-05,-0.03554613463531638,0.03534382951274911,0.01000093939078613,0.0015762283519404952,0.004608625057104645,-0.022063121994898023,0.0005198458794811112,0.0019233168156829652,-0.0010664539416697476,0.0,-0.0005739265052963477,-0.012652201775914407,0.013372606963173833,0.0013064399337812441,0.008491727930724679,0.004905321412371319,0.04667972563482283,-0.01386448227484426,0.04520473323489318,-0.010329054785040473,-0.022497466841377958,-0.0004294251981832817,-0.0008442383664714665,0.0,-0.06835816076452166,-0.06412785171598398,2.8577808802316538e-05,-0.0005791332888862479,0.0,-0.0006377387336210166,0.24545886544944825
1359,0.08074420934876674,-0.0005230645358642437,0.13932919889291068,0.2722569155082672,0.00048622943828194526,-0.07658191984496134,-0.04301105994232824,0.004940814918550094,0.07897681420481435,-0.009055784603258833,0.001555230627638383,6.629104174770877e-05,-0.019373221112340147,0.019033053527808732,0.01632507011222908,-0.021935112044777754,0.0019174072921378106,-0.003309976849443757,-0.005741213530917356,0.0022017473012514543,0.031942458377091906,-0.004906199703944228,0.04757751576488214,-0.021439817643119422,0.004716523158060207,-0.0008638885381359124,0.09512022201368588,-0.0010805665216583177,0.0009194858796732625,0.01771821832001115,0.024710919348228225,0.022309723661870756,0.0014499872363402315,0.008252288470276753,0.008364184081124494,0.0024741855301915285,0.0022787200696588153,-0.0010584170028566941,0.0,-0.0006869819456576492,-0.01008307145832986,0.01921583804362181,0.0014534223281556919,0.012078475968441367,-0.026333452306066693,0.007723534072797638,-0.008033751556527429,0.040820226124476756,0.058249788896170614,0.009571494914203662,-0.00040846187182245255,-0.0008121249792571819,0.0,-0.06786987899150947,0.04535385454842938,0.0007931448330065782,0.00012458346896899523,0.0,-0.002409546703156986,0.03349878254309231
3532,-0.372102383622909,0.05265583159796757,0.09885549387627819,-0.9261401408649079,-0.0015742062053171828,-0.018709553937129274,-0.026385536766591666,0.011250468089690067,-0.026320821708562658,0.03959946258996119,0.00032164895530487547,0.0034933405736525956,0.01822288449321325,-0.011312370912979753,-0.01536157997860807,-0.003304163698307192,-0.05163054896530368,-0.00312839405084442,-0.005100194196682835,-0.015675166736517067,-0.09036690284051581,-0.004736250122797858,0.015133122720245232,-0.03427709195783287,0.012239744179880364,-0.0016115483083167167,-0.015315245689027465,-0.0007091875511694264,0.000467007728490504,-0.029885989074657754,0.027296953721183632,0.011516998230694773,0.00291000767083703,0.009525812142379502,-0.01897691267772387,0.00567305571557223,0.002553306468100195,-0.0009678049006264863,0.0,-0.0005254065647154641,-0.019436793307465717,0.012268815343896365,0.0037860154982439164,0.017141158932635066,0.011964533737573248,0.012788143915760754,-0.015408076432216413,0.043900183024123664,-0.11682416744812443,-0.02246704748685452,-0.000476190696073474,-0.0008898663449070001,0.0,-0.0979210025420839,-0.01842322180468383,-0.00022316212132031485,7.285373461944912e-05,0.0,0.008726755227730152,-0.33390602398611624
3423,-0.11995667039351353,-0.03878354586490239,0.1390967052351447,-0.6284739541371194,0.0009628886250068059,0.017393902584972247,0.02313174320378966,0.008803972683223202,0.34269322591511064,-0.010605886358209068,-0.0002389695634261952,-0.0006656549748333648,0.0069383410418292595,0.0061659919217922484,0.015537076981802487,0.00899756755829978,-0.04210181141931159,-0.0021846792305637154,-0.003628027388002818,0.005091638201264382,-0.029897008810028467,-0.003939682499839853,-0.0059826765381894905,-0.020440123790878638,0.009396356701472175,0.00039997827337060106,-0.008487364911184972,-0.0005209384191762589,0.000467007728490504,-0.010857941533251056,0.01345130473356407,0.006195788954446334,0.0031682937092642294,0.009118490346496916,-0.014279135758166856,0.0015745042341268843,0.0026012498252540785,-0.0011731942867695983,0.0,-0.0004764928652473204,-0.015740976360964245,0.014993552801839128,0.004653239119972352,0.01278399324338108,0.04770933547529392,-0.07224008346521901,-0.011069627898938542,-0.06964849069546003,0.006228043613662876,0.03380886839275833,-0.00026915413913125715,-0.0006367133136468984,0.0,0.1712252356013301,0.03749662377592265,-0.00024858890715840905,0.00017289001071256474,0.0,0.008969488354680403,-0.31863221454835344
2931,0.07029415488759583,0.038762091277902026,0.02621049365358881,-0.41155422565451866,0.0010966959559047134,0.07517184838699954,0.01878481399077037,0.010364793377460532,-0.04294502554759312,0.021104177867366184,0.0011054715105958785,-0.0006884706933917953,0.011285830458810852,0.0390204412626359,0.011181366369092541,0.007203868363115972,0.004295505857379237,-0.0024407122354070505,-0.004339099152588603,-0.003634708349102571,0.019173107330239324,-0.004645218221288086,-0.0336806845080501,0.24130128016020536,0.0044418394738328865,-0.00048142591265070046,0.003550083724418509,-0.0010846366262333709,0.000467007728490504,-0.02112883192424229,0.030634765762624513,0.008106913056869301,0.003037991902926462,0.010726196190312554,-0.011645301660605206,0.0031072539690571027,0.0020894764201593087,-0.0010710614799009028,0.0,-0.0005863224143401343,-0.00502400294529301,0.0166735161915134,0.0058734102718815875,0.021768069666242177,-0.004423656347010908,0.0335043854808666,-0.00898452850375735,0.03470438366745502,0.008637882869863807,-0.046100776471864856,-0.0004280262199721333,-0.0008143509056996122,0.0,0.1192115151891045,0.027114379019283114,2.970323149580237e-05,5.41565759318948e-05,0.0,-0.0006096879316003844,-0.2500609320066027
3379,-0.23460440790603188,-0.12017931192269421,0.17176792045286754,-0.5954885180883356,0.00012180555013231818,0.17533202211962284,0.0480058028424869,0.013154822697996513,-0.10427804427989883,0.06394233344397615,0.000606680326529852,-0.0004209598597308242,0.011708033125323921,0.02015655750260024,0.0245638988792139,0.01416833466956548,-0.03557415476103705,-0.002868597104101466,-0.0041610321867748415,-0.004250051911590503,0.01391158083056817,-0.0037301102682378027,0.0023638350880114418,-0.03442049213214284,0.01279390273461873,-0.0016283493673525822,-0.01985364467914383,-0.0009206276233634006,0.000467007728490504,-0.007483636377132319,-0.18061498264260728,-0.006216095098830064,0.0033807523075469904,0.009477617692826595,-0.004168580141747129,0.006112055817808146,0.0023891464953812052,-0.0006673220297714975,0.0,-0.0004162234561908536,-0.016825973012195072,0.012555459926122354,0.004199293428282054,0.018170348705137382,0.05226688076976276,-0.04226445810646779,-0.007874050624594113,0.04396612949972057,-0.3552242967479805,-0.031878066412796786,-0.00028825759556022526,-0.0008109169153990697,0.0,-0.07055126839565698,0.07575977374711408,-0.00027506474227029286,0.00014954722425590807,0.0,0.011322716095793453,-0.27859892087465987
3479,-0.11858043512184228,-0.11971553055819913,0.008335554626218163,-0.7113579699741187,-0.009793063285538027,-0.11141700117793518,-0.019994607943903515,0.012469664364202777,-0.45657063387977254,-0.026833570631378686,0.0016251880650723037,-0.0012914866226702195,0.02324759303400186,0.06564269943112762,-0.03599381730429198,-0.056660646011915186,0.013091133212191903,-0.002284372625834466,-0.0033628429299457935,0.0037423808965565005,0.0163894218280399,-0.003243413937570435,-0.007817577913017798,-0.018668339777264686,0.013177221373786279,-0.0017779362803033727,-0.011908671895521293,0.016320971572042108,0.00014825391228542517,0.11512351729054675,0.02783146352804243,0.009166957960173555,0.0034609712388410214,0.00977654640911001,0.010032900531291999,0.0037807082032056787,0.002517069863557226,-0.0007705490985508186,0.0,-0.0006074276627727539,-0.02031724112618013,0.010239878766452852,0.004478937818820707,0.019300913396719944,0.05264597802947691,0.03397638209015525,-0.007616738275455814,-0.06293134363183707,0.018197061140947404,-0.030794919138584266,-0.0001749465897788481,-0.0003047576649769735,0.0,0.19510594792323935,0.01897882443187685,0.00043645101862108663,7.285373461944912e-05,0.0,0.012958700970846795,-0.24651753501399745
2377,0.12164228584234911,-0.004467391241999188,0.08648733703790648,-0.43825209761269396,-0.0002029394274269249,-0.045115044365973134,0.025429301621912807,0.0049907892754949236,0.6422373548291226,-0.013868636717875697,0.0006851806499486832,-0.0002337448755895023,0.007714257463619127,0.012826200772278444,0.004209893637460465,0.014444904929201799,-0.01601884756791562,-0.0025239329825126264,-0.004919333269925165,-0.0005234330576202215,-0.07420959026132058,-0.00451382718983674,0.02726911158458749,-0.02038589371518471,0.003689007602593933,-3.0287231644503936e-05,-0.004936694185760073,-0.000851723836117186,0.00011636825635642834,-0.02700819225984174,0.023321355584276653,-0.022072476790836907,0.0014663499759999508,0.006477782994669395,-0.01314734735380223,0.0011870359098207638,0.001793672689924361,-0.001181653838381878,0.0,-0.0006152666922407978,-0.009606143579251552,0.01388183808272374,0.0013587953687725527,0.00781822892035612,0.032293826077679624,-0.09178300720575346,-0.011920054526368682,0.028694667868877533,-0.02083892232975268,0.009212864694783801,-0.00042341790059656617,-0.0008035244615745758,0.0,0.25609415681318215,-0.16920788614729215,-5.403662528701386e-05,0.0005149697232485019,0.0,-0.0008788174943216664,-0.25506091299977335
2237,0.1303205571262502,0.002097036949678518,0.10551868324277673,-0.21920074166597892,-0.0002917696848649602,-0.02322736709440436,-0.017433933362251318,0.004867041657237936,0.4745205785842553,-0.01720730359170981,0.0006900678860269841,-0.0006073691162327004,0.004949895347897575,0.017709081357828855,-0.006102546202318523,0.013197156664987737,0.0036255588900656935,-0.0025804866061251916,-0.004339607350135057,0.0013094891747558756,0.016570092520777624,-0.004707723144491147,0.0344839024175513,-0.02077571337276767,0.005091679218017736,-0.0008335187523098418,-0.008844385527803254,-0.0009012877431637218,0.00011636825635642834,-0.019635879185092974,0.022854386666640834,-0.0257190906975862,0.0015379187203220632,0.008118768959484931,0.0028979449747257467,0.0009711370803223596,0.002544192770610628,-0.001040057464526641,0.0,-0.000529651381693176,-0.010901427598133286,0.018083793923627186,0.0014164897663187547,0.0084079419078998,0.044016248734366256,-0.05902044753325117,-0.010877791972793057,0.04275947617485973,0.010076485892161391,-0.0020050012830678554,-0.0003589532383519356,-0.000810502013832112,0.0,0.1906329080110745,-0.024701393657913146,-3.5307801398691995e-05,0.0011299826813609072,0.0,-0.0007629580812116031,-0.24248081930885262
3111,-0.17321461778617211,-0.2657388897530734,0.007667317706471689,-0.5381924369901976,0.0011784431234052335,-0.20131625926325275,-0.04752335946214951,0.010782135568966846,-0.1482358633921623,0.07314480506198175,0.006114394474892141,-0.0016276415301225754,0.01834919891495066,0.015006126769561133,0.01643914539058477,-0.024319105972147165,0.0013695156124214792,-0.0033108370596851133,-0.0058808460777124896,0.011600394636020245,0.026920017529782365,-0.005429282509731146,-0.04558871171504612,-0.026030189737704063,0.009339748416433011,-0.0011244151689318443,-0.03211610426349848,-0.000748264215899245,0.00013858729075921734,-0.021001973130447913,0.0334535391052179,0.014039323800423614,0.00293919793656828,0.010829362781286806,-0.006696621776728114,-0.11132818044291921,0.0019678615863849514,-0.001045133993427554,0.0,-0.0005898225369497258,-0.013940786607256126,0.014939148303939699,0.0028460832395039277,0.02395948190901416,0.021053518941339847,0.046390245698761885,-0.01580040354654112,-0.06235389395348708,-0.008572741767814078,-0.010896336664067821,-0.00046354939396081346,-0.00096253022338394,0.0,-0.09987155506103503,0.10749285296268302,-0.00023657790994844512,-0.00039846532404106853,0.0,0.014657473865686138,-0.3607191180686655
2015,0.11263748713520332,-0.015571014628879202,0.12825048099807945,-0.29315911832092567,0.0008837850745581637,0.09426728138177765,0.015582719786609496,0.004111010684082435,0.633763309719356,-0.01603900739923341,-0.002721382959894566,-0.0005077297223532102,0.013604471198624627,0.008406569842289801,-0.006219037361708647,0.003416489148971473,0.0027419758411551453,-0.001141664389383151,-0.0030447045117371003,-0.00448904546272783,0.008897097505239343,-0.0037110539104787343,0.02750647014401855,-0.01775253080216845,-0.043074753339796726,3.91289495696341e-05,-0.0011279685295235516,-0.0006485458746990797,8.240290032519608e-05,0.10799999520384458,-0.14534609557350311,-0.0021292912760865444,0.001381310310790977,0.006389023811500647,0.0005868028865704184,0.0008427143826392096,0.001766699253907314,-0.0007314368299525232,0.0,-0.0005813820146625051,0.08434447271944781,0.013161040714825387,0.0013378963091805983,0.01048931777949906,0.009316932481683478,0.021980868285255684,-0.004057085324723611,0.01331535278231151,0.026106358263208698,0.022429185570579116,-0.00019215224616039945,-0.00039456450337824775,0.0,0.09882210621123844,0.032936543154543224,-5.9947372885365455e-05,3.209375014706321e-05,0.0,-1.3870044730690153e-05,0.023358401415245925
2471,0.0601791755530538,0.008898291873517287,0.05389884611262912,-0.3908058606606676,0.0008896410143728642,0.11108829237493904,-0.0058760262278409305,0.006827227922334421,0.5619951394401913,-0.011103742963382941,-0.003955110447286397,-0.000689659824383079,0.008732597353379614,-0.03086856761280551,0.0056896229117026536,0.00748625529367994,0.00418772848454579,-0.0020252119704790303,-0.004782389147094691,-0.00013513329053511036,-0.0736107462080084,-0.0046029643229580615,-0.026526775882660694,-0.02183213678911504,0.0028361390458703046,0.00011692657330064328,0.0045526022355920044,-0.0007781863962748899,-0.0010825232087431727,-0.011427492336299104,0.015784998621270037,-0.013136952639169343,0.002188766062336754,0.00848077314677164,0.006278084057528047,0.0009093606301483974,0.0024554866912686367,-0.0011088126234541959,0.0,-0.0004958025496783909,-0.009427456555641173,0.016365727125527835,0.0013773983871470412,0.011710828541520703,-0.047051329455085014,-0.005791380774334571,-0.007926861678490701,0.16945022124445117,-0.008046712365817396,0.019162757321330593,-0.00042430461582341035,-0.000813429224330931,0.0,0.14553406398177443,0.019150058196893617,-2.651156105928061e-05,4.410880769838943e-05,0.0,-0.0006133404321995821,-0.24420987715501402
3367,-0.3546839461470805,0.13623213587313093,-0.06345552667459263,-0.6266355089999791,0.0007713319300015298,-0.025573998836303336,-0.017105237923641037,0.009112431710930301,-0.09819796493945888,0.0970815479924909,0.0009467236877427808,-0.0003284816836211958,-0.0536877798506766,0.004731035828819393,0.021219517424284014,0.0073511546998025435,0.001067679663667946,-0.0025099913593984373,-0.005395089831138643,-0.0017895175899876469,0.009501803919656701,-0.0042507760409416385,-0.06327573361412854,-0.02758713291863391,0.01013944659975865,-0.0008460980642089203,-0.0235678127982503,-0.0006375223607047111,0.00013709988137757345,-0.008211829488402803,0.04033826385267275,0.005888737621407326,0.004704893762136319,0.005275068910353833,0.007905074181910228,-0.017462040559985022,0.0019228752348961534,-0.0013020959394463784,0.0,-0.0006023562050006266,-0.015487475676387677,0.012227812404097134,0.004690203501157365,-0.24684931872862942,-0.07647551767259789,0.06209179364306545,-0.015677535456868025,0.08540891220441522,-0.1632339993022553,-0.06673714915349083,-0.00020301352758808484,-0.0006894696307938275,0.0,-0.08705553466583209,0.025623270449797526,-0.0002152763636030783,5.41565759318948e-05,0.0,0.00954859109150389,-0.3207827337506689
2169,0.1627919976552827,0.15076483768234206,-0.15246128972003387,-0.4879009216477144,-0.011307578772414575,-0.2954975936125867,-0.016622017894405903,0.007291746450235896,-0.8959209040405098,-0.06766439975913853,0.018098624372039674,-0.0004272754546032611,0.010718385036865237,-0.05975657621154062,0.02082240743278306,-0.033901419377878175,0.0018419043291929148,-0.0031971891569379045,-0.004617933704815449,0.003651693459209784,0.02536231952675721,-0.005432750134776754,-0.013473584767234394,-0.02259366013103165,0.004371503737942721,-0.0005058629724263087,-0.0007888023811273165,-0.0007396782923111014,4.1974935905454395e-05,-0.02717577558254646,0.046684804166979295,0.015288927056738491,0.0022176281697087064,0.007936576724684554,0.005141702732619701,-0.015096516026288519,0.0022318565017259598,-0.0008580213411630577,0.0,-0.0006430390896979394,-0.006723811477598081,0.01630023517485208,0.0014924968966192837,0.029274811835343063,-0.023485034481553077,0.085074840691994,0.19587495649889058,-0.15040190229800762,-0.047433430992300754,0.024303997587981522,-0.0003794742696855085,-0.0007060282769550594,0.0,-0.14701926688047504,-0.00199777709452972,3.237334980971189e-05,0.00010588631028144089,0.0,-0.0010159766424597983,-0.020855160887979608
1212,0.12357437278374124,0.01282183935717071,0.08477802990331412,0.31422891317976936,0.001016367349944111,-0.08404745454728903,-0.008905238851340492,0.006645067644910946,-0.04264437671541248,-0.01046850126361431,0.0008322806065890622,-0.0007461140506826581,-0.046677753722120977,-0.04311137185525469,-0.0029706165761693216,0.009077587142939061,0.0034914121535515423,-0.0029595313354885662,-0.006020621747660445,0.0038325771269410126,0.024760091116168843,-0.004868539321097391,0.038060014640639725,-0.019026746559900814,0.005291229684039606,8.997656818660048e-05,-0.007991259558662579,-0.0006310657248916898,0.00011636825635642834,-0.015679266853442547,0.03782278867706939,0.008943875845488725,0.0015588887250188057,0.007745896463258543,0.011822580413928304,0.0005266172204347857,0.002444371211104543,-0.001106306582109062,0.0,-0.0005233362977217944,0.10750118082236587,0.014210891427562253,0.001378113595038007,0.00801440573699324,0.004587898810037567,0.0027808030904180304,-0.008009801722645999,0.03562768064160145,-0.0907061188655855,0.04828736124662079,-0.0003373819772317076,-0.0008516319879219815,0.0,-0.0859878926863038,0.028278925641599912,-5.1088347091462454e-05,6.520130688246742e-05,0.0,-0.0007619817122570778,0.08427594846623342
1373,0.13287792906239612,0.11398195556035566,-0.050857413527502345,0.3273102787027778,0.001420841161605942,0.2680095450211133,0.043471865826167085,0.004668773131203842,0.14052720729617246,-0.004366675665448311,0.0008101701813234429,0.00533940815519656,0.02864574515091734,0.036006272748856365,0.0063662328082562565,0.015418108210660525,0.0010660380804092112,0.008203777999122941,-0.003340555108785808,-0.0020894380771403825,0.018981911574869715,-0.0038604903617181015,-0.026072032792319472,-0.00924445846755678,0.00940814027565129,8.907183524715742e-06,-0.0016570107797137454,-0.0008677893453437808,7.588963105375449e-05,0.13304625309854828,0.023631706267539236,0.0068654700437206185,-0.06301099091842115,0.006821593444558844,-0.005264618989724664,0.0006946376819629019,0.0014478716271850206,-0.0010865639111118086,0.0,-0.0004572334557483931,-0.00624768957514664,0.016244426498967898,-0.03796079133604833,0.011528503297905252,-0.008039417936472207,-0.00788716263215453,-0.005035499541030117,-0.004000323362370722,0.07700842102145902,0.0652921702349491,-0.00017577830056648638,-0.0003836824772858665,0.0,-0.03877629793345899,0.0174964986999645,-5.0258505893936394e-05,-0.000314503996187647,0.0,-0.00038405656604165086,0.06925727305820437
670,0.0534275741962905,-0.019729076687928934,-0.07847092284576428,0.571495237669241,0.00015505251008418738,-0.03588571897317103,-0.015900070625440486,0.005417041750164682,0.464125993495861,-0.012695471707685863,0.0013423811965053674,-0.00027828446357011324,0.009193179204126533,0.005998294856223888,-0.004962289452173711,0.0012559171994933303,0.0012127284431281643,-0.012322477349290761,0.038571810601887885,0.0018800350365538857,0.023642545388930333,-0.004099524945041435,0.015200763704032118,0.15899102682465044,0.001939815299805398,-0.0006851606575834663,0.0016758294815645077,-0.001162609224854697,6.583328508424625e-05,-0.019083892764025147,0.028513041836055842,0.00708893539053177,0.0010830084510758424,0.0032508626387649582,-0.00759279321570695,-0.0014784092167737133,0.0016235958060678258,-0.001035344442831527,0.0,-0.0005373539513979173,0.10541518598310788,0.011354463832905115,0.006408920943612487,0.006416631729532201,-0.020511432905623427,0.028378673368999675,-0.007698684011361802,0.04537871307764892,-0.12395451061707659,0.01200874844388685,-0.000343355385504841,-0.0007956578495371095,0.0,-0.0565675000472577,0.01357593189330557,-3.09501216125441e-05,0.00010588631028144089,0.0,-0.0007834991744270025,0.23082324355560602
2653,0.011577608038369526,0.006990210544892475,0.01748061655429818,-0.757990362408772,0.0004720752701064675,-0.2554724082055477,0.022862875710707505,0.006021110938494597,-0.8587010004490168,-0.05129772298558958,0.006180935564234701,-0.0007520634085560508,0.005591279728134653,0.019182234897413025,-0.011666584670730668,-0.04999358093698914,0.0027102138186168847,-0.0031393089254981156,-0.007484042288653144,-0.0018110255419589024,0.03207743493064895,-0.005913773924374294,0.015124062315034669,-0.02516076893950352,0.003575760473771691,-0.0008722602388346518,-0.0023334703830289404,-0.0008829362168636253,8.02741151282962e-05,-0.012809575615582432,0.02859044483718743,-0.05989227288193967,0.0025068947549416044,0.007987167011928809,-0.0025669756523084316,0.003080624153114368,0.0020357619709539102,-0.0010846725753669382,0.0,-0.0007079935053843829,-0.01158219576716057,0.013652026148077109,-0.031719249006993626,0.012388960891532857,-0.06162768013069534,0.02326551979979795,-0.01153242983527538,0.08674617080195393,0.05234679137551476,-0.0012782266984236366,-0.000418493553646095,-0.0008300890903553646,0.0,-0.15842998155768004,-0.33846249217283086,-0.00013746153169020796,7.285373461944912e-05,0.0,-0.0008587073391089794,-0.34344578393010977
2463,0.005804381407910987,-0.042069541807278614,-0.004071371342560442,-0.5057151506121035,0.000266253306651751,-0.3822127222085727,0.052349342346639356,0.00983212052458964,-0.15404131135897692,0.06421374938751882,0.0021097365758904196,-0.0003202719610110631,0.012175944230118339,0.039210191925289434,0.00958435583933851,-0.018797809894545926,-0.0008412829684506332,-0.002861655227770451,-0.004779856385342593,0.009555463980972772,0.032150032962066734,-0.004514094600093929,-0.05003760258275014,-0.034998424936385636,0.002515803818258752,-0.0008128951965562903,-0.0027345845488166614,-0.0007029532306898069,6.767194781022902e-05,0.1538055303456706,0.03766068554544218,0.015633402232436252,0.001925417376187235,0.007770453761672929,0.004637460432451277,0.006119204859466388,0.0019679521314234835,-0.0010034930350427264,0.0,-0.00046036197268516744,-0.010763857001090945,0.011560619429481746,0.0013484201678421511,0.02579138024614236,0.0690355200524383,0.011034412642583284,-0.01785007596369074,0.057768802983456734,-0.39245668098176045,-0.10329374362980778,-0.0001611020946160584,-0.0004063952477788825,0.0,-0.12023240609013834,0.02433630396963777,-1.6441199341985793e-05,7.285373461944912e-05,0.0,-0.0006993433157142174,-0.2664133712106521
3580,0.11798120882450122,-0.0026267636065265628,0.021785999891723567,-0.918915610443808,-0.000490602289972156,0.0720128252953013,-0.048845023859449305,0.009662898141031532,0.4475046981907646,-0.015732650134829853,0.007931925349101528,0.0020026832413143434,0.00576035017468724,0.0008806543485416193,-0.02498563515341886,0.0034479259845449062,-0.06206766575543737,0.002660423018639411,-0.0025955604606987723,0.015613800320155994,0.009887063471851087,-0.003404675208362799,-0.04736836281726186,0.0017363775150993142,0.007251929289242298,-0.000195104575627802,-0.012418139624251782,-0.0007700005072529933,0.00010426578343485303,-0.03233323511750898,0.02292073811245179,-0.00577228528300082,0.0032894178004124835,0.008466378363182083,-0.01138559060813005,0.003051576420107458,0.002797273972101294,-0.0005728005207511461,0.0,-0.0004767892927323917,-0.013608510709203912,0.01246418271424531,0.005120098978571141,0.013250410552044916,-0.002215149331621602,0.1313923114239765,-0.016937875375027275,0.050564080576987074,-0.11733433957464387,0.010174860808424033,-0.0005179069887709311,-0.0011014168259534823,0.0,0.1524899399785755,0.03437168822292759,-0.00016776868142116274,4.23044786957464e-05,0.0,0.00980545362287802,-0.18398764095985887
2008,0.07561776778132151,0.10519799784494606,-0.05827354129118911,-0.2250572351507043,0.0011883163392422916,0.1530153024505976,-0.0031244241436769477,0.007096545659832586,0.2863395140870138,-0.015128285242415817,0.0013532019384419175,-0.0007215371988331966,-0.07703267934186377,-0.10374215745214835,-0.005189794161283061,0.013979906836474213,0.008493952132474947,-0.003148066746147602,-0.0039474316305951745,0.000785590126911017,0.02212167611277309,-0.0050416323663422455,-0.017118767517159437,-0.01937075148882934,0.005659684744941344,0.017874435395623837,-0.0009097751999126099,-0.000508216565894736,7.588963105375449e-05,-0.029202277328745422,0.03345675692105479,0.00819276841204694,0.0015740661174302925,0.00690451388730057,0.0055163483529699275,0.0006052712189475555,0.001960628801914212,-0.001155809282609639,0.0,-0.0005956389180020769,-0.010405523818491682,0.019236161325105215,0.0014554510526014327,0.020361159046217325,0.01087657896959377,-0.06340186585612069,-0.006523168644355441,0.07178843839222498,-0.01302355155175922,0.02199238587211623,-0.0004291184485990876,-0.0008200776025850824,0.0,-0.07432473123093959,0.029907918452550412,-5.29286242078459e-05,0.0011277088620342726,0.0,-0.0006161265840962803,0.020946888533126384
2959,0.052902350256943106,0.013061446954011314,0.10602421080649406,-0.4011734047992156,0.00045745207017990584,0.35238008397340365,0.013998768416610165,0.008742627182813436,-0.12245841729336522,0.036820648216123214,0.00042435687326035235,0.0011531446469139346,0.007481757870787731,0.013463562098944492,0.014776416133451504,0.022039853021207974,0.0053004755335074785,-0.002166344572803677,-0.005268202443562264,0.007218366551946056,-0.0934347836104936,-0.003381318887972474,0.010990548181002566,-0.0204546631441071,0.010072735635424174,-8.498077995332811e-05,-0.004780604544084263,-0.0007566740813769404,0.000467007728490504,-0.015786078360604788,0.02637275056814044,0.004405525990971767,0.0023526502969150897,0.009153923405696601,0.004773073690318733,0.002401331971182013,0.0024730442155367974,-0.0007520546292857903,0.0,-0.0005303748605503212,-0.009287693841210636,0.015190558994887094,0.001451575345533113,-0.20046446399930254,0.09146711667502075,-0.06146596035164357,-0.008432133443064357,-0.008627522112996257,0.03941001870892984,-0.07455763736440989,-0.000303666635383161,-0.0007452081111668669,0.0,0.1764969705477131,0.06546590219239881,0.00017829832147301132,0.00017289001071256474,0.0,-0.0004475323381981673,-0.23700356886963497
3748,-0.22479066473193657,0.20512439477554723,-0.5701114505304309,-1.1318560093971421,-0.001110326667807133,-0.05178619909192175,-0.09747872883474008,0.018524140477098036,-0.004505335805605589,-0.0025963910798149836,0.003395112253894924,-0.00033040892500804626,-0.08516338597571567,-0.22020403218750034,0.0008062386212972933,0.012114745589545934,0.018199024322675193,-0.0038149701383506937,-0.004761943733721051,0.026895524504866267,0.010198105955847168,-0.0039053190678471524,-0.013461454227145654,-0.022709584495830753,0.006141647183531844,0.02112589502684489,-0.01096577927728087,-0.0006710517863353097,0.00012002010654117759,-0.04131471580484999,0.034895739919504565,0.004557592029816514,0.0034110917976278837,0.006586143696119692,0.004523617951209447,0.0030521955215380824,0.0017315739061214196,-0.0005540541416898127,0.0,-0.0004949132580306735,-0.021100235390955884,0.01197348894387973,0.00509525896291155,0.006564717244616963,-0.025453349612241043,-0.03926000980837237,-0.010895092401174623,-0.01720973441965966,0.032425395006856685,0.1264782249354674,-0.00041411296848518545,-0.0009112443245788732,0.0,-0.09307554154211235,0.0766066180048098,-0.00021475103520881606,5.41565759318948e-05,0.0,0.006827393771726923,-0.19511749100803039
2687,-0.20204301751668174,0.024162523885504585,-0.08158376359502413,-0.5154885346471405,-0.004716205524743662,-0.14321041964982037,-0.009048839421114263,0.011472356465560593,-0.08635214363533379,0.03327403102337755,0.004336065872974126,0.003706599571945872,0.005058313415424693,-0.04130438893109984,0.012912336974156785,0.0022942369693149966,0.003879117582258542,-0.0022044010717780756,-0.004605251608513306,0.0026963899032468727,0.01535411443328162,-0.005024570803932869,-0.04139693000127416,-0.021970035574952706,0.005431492060396411,-0.0018795076178000445,-0.0015423321831802843,-0.0013602645971833864,6.529309921392332e-05,0.03894658795094429,0.03987051063158067,0.006459971396458638,0.001864157365922181,0.009184717724811406,0.002596112657008272,0.0028224716972344737,0.002266332748445547,-0.0011125065202257944,0.0,-0.0006201902930474179,-0.009754614678538314,0.012825275141039209,0.004323911464816452,0.037500933528166726,0.029061379802793892,0.061045671670420285,-0.013883255407816686,0.10561703125261429,-0.12223621683018847,-0.02752484631353223,-0.00015245352368259418,-0.0003519319055349621,0.0,-0.09230420145260192,0.008014400345284823,3.797139054718591e-05,5.41565759318948e-05,0.0,-0.00082918113287883,-0.23735454647639007
1650,0.13906039509735427,0.07082040686068987,-0.04813189598879867,0.1262696586474041,0.0019336854799770055,0.4107696129986904,0.0231009481319999,0.006034628348861702,0.0023154486276266454,-0.007830514541464991,0.0006118339373648215,0.00405162000436094,0.014239502113120984,0.016926844307742685,0.0024253068058825637,0.0201693670308812,0.0031770659397007636,0.006967193871210148,-0.004144397709232679,-0.0004951846031286762,0.015115768889671229,-0.0039695497742392545,0.019951455487336473,-0.020062545856778212,0.009037202570001906,-0.0006685832718834902,-0.001879098349749033,-0.0007877621921785274,7.588963105375449e-05,-0.017000376594442094,-0.23341032225604072,-0.012530652238302553,0.0011067825285411713,0.005628012548886998,-0.0005678073606133601,0.0003028089473832637,0.0023454416855734246,-0.0010265155123736075,0.0,-0.0005269832647524608,-0.009753457940347699,0.01961500425519301,0.0013835376637716702,0.015457870605416126,0.0023037339484378062,-0.029736668385611797,-0.005209402657804399,0.04423545737395146,0.03921644762997442,0.04648767008925054,-0.00040043377042578817,-0.0008127623774056836,0.0,0.12643759454943646,0.047897527485716594,0.0005089913923216606,0.00019899583098146077,0.0,-0.00041650231899218273,0.062442303541098386
1717,0.12566842878657752,-0.017486625040794818,0.18109308984561487,0.09357441100479481,0.00023796334442860526,-0.13863209400939921,0.005130560679070382,0.0039434887670975255,-0.25514135034891966,0.023645556501466252,0.0014298156531426937,0.0029290912224557743,0.006966088269582615,-0.0029712564789532454,0.02367091401466123,0.009392367785608986,0.0016891706980528942,-0.002845804400396494,-0.006544335941297074,0.007594380236495887,0.013442352064864797,-0.00477446693698391,0.03644915726187794,-0.03320586875163655,0.00602382486718458,-0.0018567773928301586,-0.02170037142053459,-0.0009969903859030661,-0.000991146413368455,-0.007842096036926705,-0.33323077318013966,0.0009572032623840758,0.001541314473166134,0.0063331049792055135,0.005209945235025504,0.004004034453292493,0.002540904856546851,-0.001233161478845444,0.0,-0.0006887832060381284,0.11160511643782244,0.015416044317602825,0.001413922101670289,0.012213753654143275,0.027961273927132945,-0.06189439403690996,-0.009978346179869193,-0.011048364820417104,-0.04849458675987924,0.038211525419587715,-0.0003953412784362085,-0.0008313950687419807,0.0,0.3289540293238725,-0.15106747819844185,-3.2359523203140365e-05,0.0003533536815727144,0.0,-0.0006159392686772512,0.026563804719530165
251,0.11012698071216505,-0.013344412656826897,0.023259111497500137,0.8793847717869816,0.0009686343996791845,-0.18842001972586866,0.010490345355479054,0.005575870744207529,0.5057120321310755,-0.009399719921955136,0.0012991822133967073,-0.00020433931679796476,0.006558712852625067,0.013795126454642731,0.00305687079896379,-0.016144172914959627,-0.010658086526794635,-0.019337425092565533,-0.005157341335359685,-0.001211045975858813,0.023942272936709166,-0.004393740393970114,0.02979953417717426,-0.018780199353995886,0.003690586515149819,0.0003034229201872851,-0.004658896051206804,-0.0006773540679379179,8.027411512829616e-05,-0.01908501780159693,0.014342413077003482,-0.027328868545881863,0.001251713843614261,0.005642791895992935,-0.004146036147545477,0.0012763221719137923,0.001110687038893891,-0.0010769894913147222,0.0,-0.0003607269989750272,-0.012997519860029168,0.00610214865876093,0.0014057596430694875,0.007660532593747954,-0.017972102136491187,-0.008049939449391006,-0.008440480853671911,0.012153138520207074,0.005818269915012105,0.0045139210034323965,-0.0004195082687930505,-0.0008223090922858606,0.0,-0.06123555777442817,0.029901377479608835,-0.0007258322237439814,6.520130688246742e-05,0.0,-0.0009583177052816381,0.4553028129579099
1100,0.09767642062389183,-0.08259822832899939,-0.20996530925105172,0.4217679150587631,0.001532243719569971,-0.25608862774349594,-0.06884961793573012,0.0035036536132063943,0.481391699590362,-0.0072688703471957775,0.0005991992025499885,-0.0004494330028965845,-0.03687129153153619,0.011366859858353737,0.018270217900362092,-0.026476480943041565,0.003876760509156007,-0.0022041712501319876,-0.004794230259110568,-0.002218499482924919,-0.08500327477201189,-0.004177546753270638,-0.058325952680192146,-0.020668804644347033,0.0036958506141773415,8.871572370744031e-05,-0.009861485959386676,-0.0007813242502140894,-0.005155418817873816,0.019408859379045414,0.01713057286829885,0.011855094877298694,0.0019990813365765377,0.006593052874775633,-0.0018403465414789963,0.0014010515762808685,0.0008671815310122465,-0.0006703691325496169,0.0,-0.0008114846974809518,-0.014565645960408966,0.008653652180651178,0.0012989023377767293,0.006931195479307345,-0.003145309564028569,0.027004318551336347,-0.00919450497035922,0.012370685809507767,0.007860083763642601,0.051294438768356404,-0.0004884644383905162,-0.0009479477599879009,0.0,0.13303292862607477,0.015088548983806564,-8.628848143822374e-05,-0.00023177059116402595,0.0,0.00262653239167571,0.11884540383947416
3216,-0.11202516777716581,0.019188361140706187,0.020469574279310763,-0.3469024412462554,0.0006806526288240871,0.2419871193607272,0.044521923429615105,0.013720703935167469,0.01146681182624,0.05232089854133899,0.0005320198735590879,-0.0006882523184547232,0.011244543740589698,0.036126245846495535,0.023826966636307602,0.02828841291173109,-0.02412873752540358,0.0065882305881153945,-0.004050218232400376,0.00593386915165509,0.011717035000382962,-0.004243168951745027,-0.017080199403883767,-0.028193332065976483,0.01579606578971134,-0.0015155363478204164,-0.0077084340183395696,-0.001341895522305816,0.000467007728490504,-0.016669708712542374,0.021634724955345692,0.012868385973088354,0.0031477974441526772,0.010855940002946634,-0.011539364365775266,0.005839307388801507,0.0025437466530644644,-0.0008468296900852154,0.0,-0.00043513454893192915,-0.015270337767231544,0.013719841714577396,0.004457137601696834,0.01868696578124232,0.15762464400011159,-0.2282422554891376,-0.00923269007085978,0.08275400209936477,-0.1910645824300388,-0.050884839492609565,-0.00032010517759112556,-0.0007328933987211444,0.0,-0.05991961327713371,0.06425511939416545,-0.00027506474227029286,0.00042253562356321184,0.0,0.009772222382391189,-0.28776562093440733
2174,0.12130800241254283,0.003397032006023569,0.08188725406707562,-0.25536383922698447,0.0010730852057042335,0.2024152779732417,0.003291015426259498,0.003900487631987742,0.5018765808908029,-0.016018711568942683,-0.0021458663517973458,-0.0007594871979016101,0.013665171495670364,-0.04300893035143777,0.0052890253103536795,0.0043041434235122486,-0.013430405553204247,-0.0020712382301593247,-0.004440001492418835,-0.0009231683231579579,0.009020975989099058,-0.004319899364963593,-0.026946045444787604,-0.015506474962330163,0.00664777880295473,5.7243188558112355e-05,-0.0026911297811737242,-0.0004343172947857979,8.240290032519608e-05,-0.023545386019252712,-0.19653667843664738,-0.0027222044255330647,0.001297715908116692,0.007667485602617562,-0.00992093043991964,0.0010329505210086008,0.0028078153281209228,-0.0012474419799495425,0.0,-0.0004931848375670118,0.09845937287875936,0.01478769478817648,0.0013808753470437346,0.016512563253986687,-0.001960617647311506,0.018584249518743098,-0.003462790570574831,0.02132480000879695,0.050981395962834825,0.06040201670485556,-0.0004407448151157311,-0.0008282672008169883,0.0,0.11269737756283799,0.004874765098298371,-2.896596450466072e-05,6.993256874923913e-05,0.0,-0.0007309881950773447,0.026365936160212444
686,0.15332558231218554,-0.023574195295153255,0.01943440708330875,0.5779565343167282,-3.563771134053744e-05,0.07168008602196957,0.020226722706989955,0.005691778356666951,-0.06808921059180771,-0.009041859579271066,0.0013769139104087404,-0.00032030635924715743,0.01185460034842211,0.018023572807665682,0.008463886002420947,0.0032211535599701822,0.002701516950458353,-0.009050900959885467,-0.002343248478744908,-0.0009006928066404556,0.024043826631588924,-0.0042723491107709574,-0.011578374215460947,-0.01733894914949241,0.002759968403680326,-0.0009707695846221766,0.0012727824824948339,-0.0014529326680346104,9.928848152003247e-05,0.11503348258128206,0.04239026034536196,0.00788480677914657,0.0011158116573272046,0.006308842795813266,0.0027324935225341777,0.0026079710116885175,0.002199849813737933,-0.001146208021399701,0.0,-0.0005161608633840977,0.0853044346265769,0.009365883883585719,0.0013432423089293352,0.006476206205127919,-0.04563570222609506,0.004525633165314733,-0.005189596072620005,-0.012285854638033541,-0.005000227931735968,-0.054348882369984634,-0.00018784236493634898,-0.0003707426862190027,0.0,0.16450290055300085,-0.025421914069846455,-4.798499593591709e-05,0.0011277088620342726,0.0,-0.0004575062584236776,0.2576499566918434
2942,-0.06267762187580152,0.009006259142229276,-0.007896970785743281,-0.36726587826398127,-0.009848313608849604,0.2831277256785357,0.0514579931160296,0.013702316691476842,-0.02709474348712916,0.02209767200623664,0.004266354101928533,0.004663456513646317,0.007895980372026599,0.02198771351004838,0.03256635582726507,0.021045829881916715,0.005287148407302054,0.0072299936679770214,-0.003980010626689469,-0.0035750804989756173,0.009234791214209141,-0.004543088711427882,0.013639085010470505,-0.01613629344993525,0.011735882507418211,-0.0018471139513540986,0.003350369158590377,-0.0011807375231181819,9.116589507051978e-05,-0.016156191241611495,0.020672394494305114,0.006724551442655871,0.0020933505423845126,0.007871768525590253,-0.013284042705273677,0.005943416101533731,0.0026807485543478434,-0.0007715039858617408,0.0,-0.0005464908846423787,-0.011411795474826177,0.016642266328117213,0.0046299771723556215,0.04318308804482743,0.037704849303463614,0.03334247936581632,0.10802366238752449,0.05403727431956643,0.01708015384362711,-0.010552594301810329,-0.00033806040009925575,-0.0007045576283550801,0.0,-0.04555148672707498,0.053061547170033474,-1.7893346319707036e-05,5.41565759318948e-05,0.0,-0.002620104806083528,-0.2263115345538657
1082,0.10102489984443329,-0.003880635257034727,0.1599134042992772,0.4409046868483603,0.0009705210832197565,-0.09919339474366272,-0.011674567382827057,0.005896136215529772,-0.24457413290666938,0.02452549028106159,0.0011073884789533411,-6.443590973826838e-06,-0.03707403327280508,-0.051941055814927486,-0.0023983287545709508,0.01016419438158706,0.0022653708740528783,-0.002820222651872885,-0.0051296208164323155,-0.0005870354719912838,0.024391155786883046,-0.004920326138916367,0.05226419001248823,-0.02241750806220661,0.0049471125888506965,-0.0007871393509942104,0.09933368346912105,-0.0005099194894367494,0.00011636825635642834,-0.013768622826562483,0.03744939232192257,0.011228330317972234,0.0014753020950130067,0.007882547985917488,0.01681745203723465,0.0016035020348103865,0.002608925944165091,-0.0010600469465545078,0.0,-0.0005505465666042734,0.11565490033056786,0.011980856511813777,0.0014175739346026725,0.011155127685599323,-0.038822956118115065,0.007716787415344849,-0.007582029973690623,0.04974857256682655,-0.021770862184553562,0.05185927703896863,-0.0004252714793710193,-0.0008365965297640089,0.0,-0.08399889568643235,0.030583545702210065,-0.0003607934468712466,0.00012458346896899523,0.0,-0.0025108868909168186,0.13572673222636109
343,0.09379910701431113,0.007995537406752294,-0.029113490889987412,0.8900473738233022,0.0007186052767193563,-0.037461355532210805,0.004729413977015114,0.006169352437858174,0.6786822789717115,-0.009260212182174623,0.001322416708835267,-0.0002459627044244181,0.009777225677250187,0.0047991687040621475,0.003858185464629438,-0.004114326984036423,0.0020418299202968077,0.025578764639769404,0.07014174554872672,-0.000827728040223639,0.02147178978014058,-0.003994250474547944,0.029481860627466768,0.15110246915212214,-0.022164150665752655,-0.000485538175522577,-0.0037683286020922693,-0.0008395712345811786,6.439158323806466e-05,-0.012919991951947568,0.01721069485859345,0.005728979381976898,0.0013593634460596785,0.0026220720147578534,0.0009654198092033988,0.0007767070410354341,0.0014724395635441487,-0.0011092169339899335,0.0,-0.0003977000072965308,0.08005529471621772,0.008523603933827891,0.005877083729092579,0.006632416856162703,0.0025405817347486865,0.019003748632877043,-0.0067788472154233035,0.03173889487048978,0.06936231466815855,0.0241597862781442,-0.0003971725606881562,-0.0007455301497701125,0.0,0.09045077108077687,0.019409422488770978,0.004342525667301704,0.00010588631028144089,0.0,-0.0007214667487072001,0.4458646804784279
2474,0.07776179439128515,-0.03941446115878909,-0.053317655073112626,-0.37547157993723623,0.0012738213560750953,0.30242125851131335,0.023180089392112316,0.008932461541042378,-0.10489985009917538,0.017786263228037495,0.0020425157465152432,-0.000660270265534658,0.01117823134959079,0.03688000031928672,0.0011125616741054151,0.012942862994399049,-0.01085070267264211,0.004642254200408043,-0.0035904415953012356,-0.008763139278774135,0.012396458325503968,-0.004619928233634277,0.016069611890467576,-0.030447182947513918,-0.06768463542087852,-0.0006132625825115076,-0.008708628491942597,-0.0007462687873850701,8.493978194578031e-05,-0.02812941836709905,0.021714569696495545,0.009359067897805943,0.0015099137531160815,0.011179270733088666,-0.010212852989845717,0.004283484186631269,-0.13158399539062257,-0.0005089091188259864,0.0,-0.000463130583902369,-0.006659417441408014,0.014388095726680188,0.0013844558870917797,0.019162553256507654,-0.052925488396813616,0.015233826858741313,-0.005105658927821965,0.058750414463376595,-0.006110379522232635,0.01855585734405398,-0.0004422394996828818,-0.0009430268466330134,0.0,-0.0675461274655584,0.037462854204260446,-8.48746295327206e-05,4.23044786957464e-05,0.0,0.0014255202296711638,-0.2452570797960254
433,0.09723166208667787,0.06019496071651344,0.000917459213798864,0.8129361590753758,0.0011424818646922897,-0.043485965395380785,0.00298474916203828,0.005349162969068639,0.5698819387342644,-0.007804535151788314,-0.002219016688385447,-0.0002556411777241871,0.01056845206477208,0.02916649366628956,-0.0073529378315578915,0.010394841810293685,0.005079399695592823,-0.009304183905676795,-0.005577576187999376,-0.00048521524831025956,-0.0892522101471504,-0.004032439544184525,0.02162510529601541,-0.016968308923019253,0.004366665783474727,0.00031717648165016996,-0.0025639073060610648,-0.001175669913809327,0.00011636825635642834,-0.02360648281034652,0.013366283935161568,-0.014056075692915532,0.0013659271270756758,0.007308198236543905,0.0022685768986523114,0.0005145953818338215,0.0010788922637248682,-0.0011082912196718488,0.0,-0.00042983788288720787,-0.009122178608739071,0.008720300873653337,0.001325545277447693,0.006818404775717813,-0.03844203112499618,-0.009358017002707678,-0.007881511156858898,0.0032508011503926807,0.022011969157453504,0.026406399931870467,-0.0004233116044247685,-0.0008297403404339607,0.0,0.11343568706358582,0.011899496422804919,-6.559054885960216e-05,5.750259631789073e-05,0.0,-0.0009355655620728516,0.2972898451056749
2802,0.09203142992364141,0.013717484239930536,0.035699657688033175,-0.3999310017304484,0.002057081268718819,-0.08136191125420478,-0.006465462387215862,0.007465898503782734,0.32813610320063635,-0.010384521566783754,-0.0028990708937230696,-0.000433675077338304,0.008562098848192602,-0.0636322554671365,0.0028593530730498533,-0.00015742827237387032,0.002843778086786341,-0.0006693854805985397,-0.004780145089230037,-0.01112257114075273,0.013031833648775904,-0.00454812698677736,0.048627206252628244,0.1996732772565316,-0.00944386785619311,-0.0012657750616929268,-0.004859850209407556,-0.0005520484484613344,0.0001774634486689247,-0.021800871099243016,0.015562720700342206,0.0038847690817636364,0.0019983106940845447,0.007371612950806162,-0.009174435193865646,0.002088874065964325,-0.13455391049876986,-0.0006668720822085028,0.0,-0.0004135279304839648,-0.007139298566250303,0.016561231773096135,0.0053107106272748915,0.010197127245978297,0.09664203361517226,-0.05535633584324946,-0.007167547594785504,0.07803124319615136,0.025698605561186035,0.024916576407852893,-0.00044900602245413155,-0.0009481200879529517,0.0,0.13894395767565845,0.04778985557013793,0.000304695765220375,0.00017832894119022965,0.0,-0.001174468660469221,-0.2027026857608702
3734,-0.22947978661301371,0.003082728214088823,-0.20720935694815892,-0.745499040484105,-0.005820016928659146,0.15738769953611556,0.0630184545972303,-0.45831142267682046,-0.3964505156508662,-0.018792081806637478,-0.00015593740701884477,-0.0010276270052478403,0.024798072453542513,0.07662864730595488,0.035285013501188386,0.006621506201856254,-0.06115527533151214,0.011575155779899066,-0.0035187173593486405,0.035355138087067695,0.0171206525886685,-0.0036653331385963117,-0.0017903422260063175,-0.02806117278331519,0.013387160230323608,-0.0006013601896602198,-0.012981217596726692,-0.00029911924820990834,7.748035757949181e-05,-0.04629438798005411,0.015151676013374948,0.007836703504344424,0.0022073610443144533,0.005793251448908677,-0.04990711324884894,0.0010807393584937569,0.0018660608505774567,-0.0006313967609915981,0.0,-0.0003607635150084804,-0.020672382322202074,0.010040997903629242,0.003353978585523098,0.0016244655072684868,-0.08993882691457357,-0.12314146363323354,-0.007459142536273062,-0.049555863146434585,0.02745955506204293,-0.03907065345233472,-0.0004337759760424469,-0.0007219072689515837,0.0,-0.10988766824517376,-0.10074092097135254,0.0004229248466201115,0.00042253562356321184,0.0,0.008493078510790158,-0.24591255936716044
2483,0.09266684641229954,-0.07308693484322507,0.05948590719760876,-0.38789842079700915,0.000704487536982195,0.3931292535088006,0.008830374494650949,0.01182307676363566,-0.048407701372566295,0.0255318256150464,-0.0031878939242355134,-0.0009090627532951665,0.007102594422315564,0.028670561034418396,-0.007222640076463035,0.009049399464387427,0.0048511911678555605,-0.0027629004015302613,-0.0048005330626144935,0.006097438733080003,0.020982554928916226,-0.004599401013394665,-0.003448138740157458,-0.024861187202692,0.00953401689202249,-0.0020008548398286175,0.005051780012458446,-0.0008488922455569467,0.00011636825635642834,-0.01765225632795788,0.02801315072921339,0.008055801756025379,0.0016266207852250652,0.010548721947276764,0.00024084503635917414,0.003360224650300977,0.0023278096945666196,-0.0007673361939504991,0.0,-0.0005962279012497769,-0.009054025568827409,0.01722574352674291,0.0013967230130964485,0.01690996204101064,0.04137910713696086,-0.05676465895020885,-0.005533264152725981,0.05388905074396922,-0.01218085020580124,-0.09753518374437606,-0.00042162245700597795,-0.0008006629929940618,0.0,0.15467982425216906,0.05338548354833435,-5.5700001503296774e-05,0.00042253562356321184,0.0,-0.0013821591159605528,-0.24598728325505415
1551,0.09260203014161007,-0.00217623640518275,0.09561087542869905,0.19541470226100097,0.0002483509508028441,0.108318695792139,0.01652768283278329,0.006770146095610538,0.2859453547111999,-0.007124825316785307,-0.0026165133602312463,-0.000689659824383079,0.012962258629242416,0.038892188892480035,-0.001654246086871495,0.009509299289819455,0.0032055952180458057,0.00643619911203964,-0.0033620210082747604,0.005412752655175835,0.023177576647288423,-0.004553424282513454,0.011664539953394792,-0.0159532270709797,0.0027092710573929355,-0.0009775565753310734,0.0043862200874523185,-0.0013952317174966422,8.37108675169835e-05,-0.02370500796357768,0.023346381159433837,0.006246220348667483,0.0013837635480307847,0.008997032118344402,-0.007142923590992493,0.0009953669011315313,0.002548071604204113,-0.001082382890942834,0.0,-0.0006023301152543802,-0.007066374775461286,0.019653831681262703,0.0013809454533604917,0.007255999001154169,-0.015653346551966436,0.004746264296009203,-0.004222318383473882,0.014189152061076906,0.0711639680795252,0.10988064195080317,-0.00042702485040349146,-0.0008165663609588683,0.0,0.09767536823306172,0.018513340431399156,-8.441213851669545e-05,0.00012458346896899523,0.0,-0.0006917015823729971,0.07466431623545197
2415,0.08233879042136197,-0.35990795483790355,0.11038363602318464,-0.46341234119858365,0.0012747018124069564,0.28149023292737796,-0.008680234776708524,0.009811275805243014,-0.557176722193904,-0.034743159252388314,-0.004589488426534527,-0.00042106391663177916,0.017715363415226844,-0.05895772754229384,0.0016499330830709981,0.007630178750758316,0.0032773633856340643,-0.002033375372800828,-0.004618434649668748,0.014241910543037235,0.011892203127186786,-0.004637616484555736,-0.0005233396162328399,-0.02572633310964875,0.006632870882313367,-0.0018196349495559797,0.0211181041754257,-0.00047820799093599176,-0.0005988465512077229,-0.011992023566247971,0.03679458109697497,-0.0075678150441834974,0.0018050785756261083,0.009978106841997616,0.007608163863639213,0.002670096547601292,0.002712938952424789,-0.0008913321999928711,0.0,-0.0004909767087694021,-0.020339561963196615,0.01423449721360347,0.001423507416412053,0.028270979927849077,0.03921809150889274,0.016197555145813176,-0.0041025856844284555,-0.13225458025732983,-0.010319728982538006,-0.01923318646072923,-0.0004213659678407562,-0.0008024275861393205,0.0,0.23629517907434858,0.044805890677299134,0.0002440860985761693,7.285373461944912e-05,0.0,-0.003784864228978026,-0.20623655092363483
1412,0.14628879335595574,0.012906334953793789,0.06850517286182098,0.44332721429347094,0.0007626360730860469,-0.16340038372575733,-0.016195148824293095,0.0068345526707648836,-0.46890495021090856,-0.018769929377527944,0.0034432838937656367,-0.0007375925937474908,0.009832823336495631,-0.014749159585011178,-0.002574180695661447,-0.021336094475184204,0.002322950017942867,-0.0026586061936331043,-0.006724605430369378,-0.0017573123195169656,0.04143594716276685,-0.004577653823193918,0.01844159573837199,-0.01977015759030525,0.004572669933515205,-1.2890761397134454e-05,-0.008040793251115931,-0.0010440336264159753,8.027411512829616e-05,-0.016200811830644517,0.04154639999324857,0.02008478211109752,0.001562349288761408,0.0076313557314086474,0.004199984623141819,0.002299811551263324,0.002154114824936063,-0.001087075278884521,0.0,-0.0006166972011836947,-0.011676253521694427,0.015975830381406604,0.001392776578134577,0.011397469105225157,-0.020756073012961195,0.010983091670401339,-0.008203530531709732,0.040108414654281895,0.08052666640235687,-0.052288579212150826,-0.0004267066134587371,-0.0008375321930764992,0.0,0.23437544960672252,0.012366280476278956,-3.2359523203140365e-05,6.520130688246742e-05,0.0,-0.000911274530962046,0.08321554929763071
1990,-0.15025587820709063,-0.10791923773641399,0.31280608731426834,-0.23813782526702335,-0.000732058244086696,-0.10303933432187129,-0.022001551663866626,0.008121866199006206,-0.13876292904920706,0.059365292062789246,0.0018026458470981254,-0.0004076738511756389,0.005733256641987254,-0.06111956701319543,0.012748200650412489,0.005178851811271525,0.003666281085821742,-0.00215304761125729,-0.0062431818375720625,0.011522151813883134,0.013854717732094186,-0.005586005846042457,0.04301225019779939,-0.01994397425747455,0.0032291124648136296,-0.0018218352241713364,0.11907145319052323,-0.0009364464527139045,8.240290032519608e-05,-0.015625382920835026,-0.2714346164900796,0.01071842190342582,0.0016802938080735304,0.008179354648377738,0.007234797419484601,0.0031649101414115022,0.0028341240199470045,-0.0013492823200701286,0.0,-0.0006274911782186684,-0.01240973776809801,0.014732798959542727,0.00452712048120173,0.021060233081795776,0.00856518916900599,0.06558956786175227,-0.009616780678421801,0.0367878722476341,0.027403144125635784,0.0007786127017393881,-0.00037326559394063795,-0.0008310903613343744,0.0,-0.07586982149437266,0.025541686605268288,-0.00029908669093729956,6.993256874923913e-05,0.0,-0.005465245441928925,0.006860750281535527
1867,0.09224469777351835,-0.23356500424957638,0.12538167112638943,-0.12430995362228572,0.0012175705336539592,-0.0012423444137058754,0.011930807522285635,0.0060403315563042626,0.6270976433058982,-0.017806968360585058,0.0011304674819036515,-0.0004361687041215531,0.008130273331694813,0.0175255697885726,0.006915542484755989,0.007883951523024211,-0.010609052812137105,0.012505507904497367,-0.004865818570734891,0.013384292818130025,0.014428392184767875,-0.004857657803565625,-0.051009349602821934,-0.028437180294700957,0.0024692292164878787,-4.8378762481058194e-05,-0.006323598517597665,-0.0009360804542260855,0.00011636825635642834,-0.023232463280156393,0.022273240057347352,-0.022708103726718085,0.0014549387554708287,0.006530118466215217,-0.010212187265018916,0.0018890253417921696,0.0019649245671646753,-0.001178162681940065,0.0,-0.000475341214848185,-0.012474579597629487,0.014613992703055486,0.001318715758050448,0.0035926049888291393,0.010191027316359739,0.015166034255407943,-0.009442417415657822,0.10881714320809305,-0.026274941783139154,0.007759725874519281,-0.00033757687134599435,-0.0008465491015166896,0.0,-0.0849223474597051,-0.13720574283065015,0.0003399653121381131,0.00012458346896899523,0.0,-0.0007766673698150088,0.056488695942020044
2577,0.00834190689538851,-0.11073085359931396,0.11638668694607363,-0.43552680452990816,0.001027549556956054,0.12389606613617542,-0.33664987873864893,0.011110631335038456,-0.19728926045756778,-0.014554107085039167,0.001674832882153196,-0.0010328461133962187,-0.029424613515971285,0.029711655395482227,0.0025934014411454084,0.0013837306920869794,0.004435087908158957,-0.0029473039848610908,-0.004767231659183416,0.0061476533154639105,0.02379703697077349,-0.004708449933658991,-0.052231613059461446,-0.03522036959789778,0.005354009634615957,-0.00188634465945092,0.000799613432684775,-0.0008780927407726702,0.0009555800209013946,-0.11277846177983313,0.03188823262526445,0.008507534729065958,0.002172794136159794,0.0094843772195755,0.010787701811733257,0.006027262501033953,0.0020805481576123674,-0.0010842326826880652,0.0,-0.0005258997989564448,-0.009962675728428542,0.012354013647410948,0.0013385564312639227,0.020385352970467556,-0.0037494733448939625,-0.1360170651149072,-0.011182889699721902,0.1723996557572994,-0.0031380594321503484,-0.029594515837211947,-0.00018103489587543463,-0.000359598096838368,0.0,-0.0888588038184422,0.03242819743507019,-2.1717584823792874e-05,7.285373461944912e-05,0.0,-0.0008094386020735207,-0.2361911585491312
3584,-0.08898506576119992,-0.05402225908896089,-0.13010002943296503,-0.8171371706671262,-0.0006091338132206046,0.20720913455680037,0.007776849897669803,0.01192667422882169,-0.6112161406795673,-0.0283123420126057,0.0009789611757664355,-0.0007065237927801829,0.01017357287542996,0.01670318595214463,0.022621806696804584,-0.006822469373866382,0.01961262584469427,-0.0033001472684292574,-0.0023200554858692234,-0.007410087745550887,-0.09475260140887591,-0.00460345206051098,0.017291246273013657,-0.01799585263760059,0.015190476985690527,-0.0012856124325408436,0.09299165752221619,-0.0006957093967791774,0.00013709988137757345,-0.01896231377292092,0.021287021185411842,-0.026555034547690946,0.0018149506009493739,0.006234844481095227,0.013577729270426366,0.0049419257512813225,0.0024796780568656154,-0.0007248268096709007,0.0,-0.00031031527445329535,-0.027461750438175513,0.011720263455850925,0.004123612368393255,0.027733684711749817,0.027406656337321453,0.032568471404406045,-0.010268363363580746,-0.07906535178716756,-0.015067096032439416,-0.0012147786835128317,-0.0004899105485576805,-0.0009982922649994696,0.0,-0.10379127737937732,0.006407564032642107,0.004704512830878257,3.641009713381273e-05,0.0,0.02084163323845263,0.033198959569963646
1819,0.07871279006022681,0.15782163108294997,-0.0439361327634797,-0.04689545408683611,0.0001996513050458275,-0.08994844257503469,0.009994789102590145,0.005892563397000841,0.6971150536912016,-0.010643211240879328,0.0016988570288749279,-0.00032758876771142316,0.009138334921276295,0.046189616685765975,-0.02244139290978507,0.011095568976817734,0.010081192072549766,0.016331535878692245,-0.004315126655101821,0.0019613408117302336,0.023579599093942454,-0.004742613290353949,-0.024100713313994614,-0.022764757313490907,0.004852631139375941,0.01620835871680791,-0.0010141759284888665,-0.0017318043300003313,7.588963105375449e-05,-0.026470923908702034,0.03552030469731036,0.01257312361988649,0.0022225486386719478,0.0058197677956354395,-0.014059998422568349,-0.0002322446907171532,0.001009391653175333,-0.0011144685108583185,0.0,-0.0006156261930350351,-0.009359947165789676,0.018589367529662774,0.0014375981983450923,0.006349853735784112,-0.02756100085596641,-0.009905086368598534,-0.008240994864430697,0.0642323498228873,-0.12966499351608293,-0.0006756815334520726,-0.0003380204827957003,-0.0007975286057225958,0.0,-0.07763698584988077,-0.13733240997752222,-3.208558777037605e-05,0.00010588631028144089,0.0,-0.0005594940689082565,0.04487851414902054
118,0.2948987042773093,-0.06409088048446432,-0.0043093025018961385,1.0835745330763533,0.0021254192317801484,-0.11747873458063454,-0.006140195468464006,0.004443026713608699,0.9812132362424578,-0.008709149030352496,0.0005176032319421001,-0.00044197635859272936,0.012286326792968425,-0.037345594235604754,-0.004641868786621293,-0.006335062876283495,-0.006669696357261078,0.021358118416960014,-0.005604266392571199,0.0012813075800468155,-0.08058367834492536,-0.0034445068468084163,0.027970426066599257,-0.005960305331209083,0.0015460065505832,0.00046397766236692375,-0.003671035598239565,-0.0006341342804835043,8.027411512829616e-05,-0.01526673142789534,0.012160707030049898,0.007126513246480781,0.0008809252589480586,0.0061642947889185415,-0.006197263573246065,0.0023308228549630823,0.0008577415364442089,0.050214918946997374,0.0,-0.000361760657560415,-0.011450248258924144,0.006174522088513482,-0.027049247094849356,0.011977209751658969,0.013341463909027481,0.01436764562029847,-0.008289910713121138,0.0022275948518281994,0.08128105602599983,0.109658700944015,-0.0004229100112478352,-0.0007455591395500633,0.0,0.10515739455630047,0.009771295647408014,-0.00036857950665198107,-0.000314503996187647,0.0,-0.000988186960259682,0.6825772021819663
3547,-1.274298769966141,0.12333575015856593,0.009529179700122266,-0.9243906040468475,-0.0011284551355152475,-0.24512439984606482,0.11810332375859402,0.012137205838230131,-1.454648261576505,-0.05696386420209089,0.006813110703312707,-0.0009617856130857618,0.020969200807184316,0.17333817170216403,0.11353846783383245,-0.01907577703021371,0.004496602015121239,-0.003019438647902927,-0.003835101357957018,-0.0728756132210946,0.02834400073137321,-0.002632663843724073,-0.01882569518401518,-0.023688510604149615,0.007683659045654106,-6.998027294122666e-05,0.16795079587342793,-0.0011575640761499494,0.00013858729075921734,-0.030648036188064384,0.0238422166584321,0.007171302253892611,0.003972844141306501,0.007335055011035397,-8.044315683120982e-05,0.005700892836214,0.002206757492930136,-0.0008570500493722918,0.0,-0.00033769619662146863,-0.01532145028771282,0.012321293705193517,0.003059471134940011,0.004311378413093922,0.039222718281672696,0.027226968460490462,-0.01688068019544318,-0.14292430476497606,-0.014569419798952897,-0.0011626309068514514,-0.0006703052969746786,-0.0010898929412047488,0.0,-0.14390353413104365,0.10204776470519829,-0.004011751333568512,7.285373461944912e-05,0.0,0.03036358017079764,-0.22329679037961495
1692,0.056614578460559145,0.005094893981327375,0.11911540335523965,0.054652333902964235,0.0004748439871889179,0.14990048472193454,0.005815300433568199,0.004957586603469326,0.38524977044970865,-0.010067442195990935,-0.0025074076952383575,2.9743359007816e-05,0.009227027975131698,0.019912740047728694,-0.008832321136224999,0.006931014084627011,-0.006752690355273646,-0.0044469255496111006,-0.004131627994107316,-0.0011161150363762857,0.013362064157049392,-0.004689119731603296,-0.00027209452829030854,-0.018733878633463475,0.001832903814268692,2.2543092974285833e-05,-0.05656231429146863,-0.0010095886321105218,6.945274650325113e-05,-0.024328765228261728,-0.1844616013013164,-0.00933002542832104,0.0012641162354306652,0.009033682218646264,-0.007182340404842981,0.0010311632785943335,0.002743171227258064,-0.001063544577859332,0.0,-0.0005585650619013238,-0.010532163579461278,0.0185763400001402,0.0014760210023985624,0.013668693891916783,0.00852360663980411,0.02280000592876028,-0.006359209309709249,-0.014026575134687781,-0.01585390331617446,-0.026446567676952637,-0.00044102600750407247,-0.0008272608982215942,0.0,-0.06326496867544244,0.037144596953585615,0.0006881847730361626,4.4596177199742785e-05,0.0,-0.0031771963714138465,0.03631404848701209
2873,0.06662710942245073,-0.23875188191472918,-0.04927672918059073,-0.35626977694864903,0.0013262201321355461,-0.0912612526037535,0.017261741846449852,0.008097654520486238,0.46793417038378976,-0.022758839180255105,0.00348970429549617,0.005028938826844808,0.011883927803278205,0.02785108661314793,0.02012895450918059,-0.011548995334827575,0.002230741540102269,0.007787920335476579,0.11610884726349059,0.01656703139055922,0.03848618582009077,-0.005055287566516696,0.049669591046978996,0.2819425835478316,-0.015516353472359436,-0.0007287193875340663,0.0007048520218889913,-0.0013480137320525593,0.00013858729075921734,0.0021308250853615406,0.024536417918907986,0.01719212612755916,0.001902072645586996,0.008757215092912659,0.02962958269586091,0.006681436162037562,0.002217148379296359,-0.001112703102654571,0.0,0.036961628155442634,-0.00967728055382303,0.01963142582986499,0.005798715121147212,0.01829356381976462,-0.02740765473153341,0.035923327056432336,-0.01531675056366877,-0.1172079828479906,-0.010404528719468667,-0.027044322443021736,-0.0003544393117612813,-0.0006532954555665188,0.0,-0.08161625565342621,0.02915210589613489,0.00023281672254938803,5.41565759318948e-05,0.0,-0.0013751388739782161,-0.17643952635452625
1670,0.06222996272275169,-0.17011577362173788,-0.156445726683746,0.07914049559258966,0.0007775833228787836,-0.26807284093873135,0.021379268508489067,0.006577081238640588,-0.8129793212107232,-0.025762260817710127,0.007606907566837214,-0.0015047053046169498,0.005551474531200663,0.0161975624789566,-0.0012343484010666705,-0.03208415198044995,0.0005691464325996427,-0.004293521314226031,-0.004780460474807848,0.0036062109142546836,-0.23215328381474537,-0.005451341243136609,0.017734369796424596,-0.025870051001138848,0.0030005234687022217,-0.000620676947785282,-0.005574036479311347,-0.0009744047367398139,5.9054710741850256e-05,-0.013878013392036963,0.050261558627470906,-0.03355783361860124,0.0011804320580663754,0.0047297596349745565,-0.007051911156610497,0.0023326271881122986,0.0022052360789080274,-0.0010191118437440489,0.0,-0.000724714549252793,-0.014451541480749898,0.01508081343558705,0.001272965737985899,0.015758367631082477,0.04199957912133943,0.0742570864860728,-0.013758499653037007,0.06209950063443897,-0.14316692838565917,-0.04079120840881674,-0.00033379898121504515,-0.0008584378245626268,0.0,-0.15764465049195533,0.012507236009609365,-0.00043983758497067866,0.00010588631028144089,0.0,-0.0008327877310995523,0.009060139368085396
3070,0.08771953429569386,-0.02073657958111873,-0.012254562676709562,-0.3241005797058989,6.852982429437032e-05,0.03988777965447195,-0.007491518573120588,0.00899026016488136,-0.048269333994356886,0.027768116747223178,0.0047383558124473295,-0.0003144374058886812,-0.021163960288704896,-0.045813931479906075,0.002517682784982226,0.004552771303501538,0.0018787598563665409,-0.0008725483956142926,-0.003807508602146241,0.00658806926054179,0.020765118466253726,-0.004752518071146615,0.04441921262583862,-0.030219242698740177,0.008855220848211207,-0.001939833255629519,-0.017550301433390692,-0.0009651191829242363,-0.0013219734777374008,-0.012661529444657737,0.024332610916076837,-0.010451927452489471,0.002162008807894812,0.009480004310653836,0.002725714709048771,0.005009966333632387,0.002420393418097518,-0.0006709753254172433,0.0,-0.0005659378671560431,-0.010687300643284993,0.014593298020524474,0.0014292859004392657,0.016604491622714608,-0.06012169921912138,-0.007976941216509645,-0.00940399597028951,0.045953843814671005,0.01133273104754895,-0.00962154376253839,-0.0004430862018739776,-0.0008981645152994992,0.0,-0.06869729110582673,0.050981358598203984,-0.0002355180918543413,4.23044786957464e-05,0.0,0.018217344847349694,-0.24560999042143575
2679,-0.366319250028551,-0.09281333998320537,-0.10489931390326344,-0.5380867896168288,-7.048836481793341e-05,-0.07982709825011042,0.09919915574611933,0.00670237215811489,-0.8693299838348704,-0.05908868819843572,0.003900361335481741,-0.0019933869986781733,0.011273376387988601,-0.000834039782526678,2.405815783314969e-06,-0.05450529919672953,0.0018684901640447123,-0.003126491796617326,-0.006724992328970978,0.004830616051186762,0.017263896109649297,-0.005412964294956856,-0.041776993885396435,-0.03631872433794224,0.005102910482537001,-0.0018418673598756352,-0.006722659037703013,-0.0013993484130820182,-0.0005742590821835291,-0.01949674830438622,0.025662681847987662,-0.04239202094559742,0.0024209599018592126,0.008324508584598753,-0.01626365037423618,0.005289787704288274,0.0021953886929570493,-0.0010657876206199182,0.0,-0.0007418483136678672,-0.022812555886852222,0.01189476299465709,0.0034707711954258488,0.026269954603400876,-0.09448245296118143,0.022164636882447648,-0.01646028179670567,-0.112679932593881,-0.029921981812332424,0.0025363469293808697,-0.0004220401708362283,-0.0008208060171823018,0.0,-0.13794757061026736,-0.060229031164731724,-4.5223964940696876e-05,7.285373461944912e-05,0.0,-0.0006006007804657639,-0.20335643218476582
203,0.15407820411953144,0.017607077234509712,-0.07492968104659906,0.9343092538371843,0.001803902657922148,0.1474614502851894,0.009986496113521816,0.005649387066097406,0.668797471061628,-0.007032243736878929,0.0008325272213130905,-0.0005037885825539005,0.020895319152196258,0.03591612565169857,-0.002465427945911627,0.0039297301257510825,-0.017890432547980444,-0.019384428519246467,-0.002763050671238854,-0.0006195656289193696,0.014248431834578367,-0.003958293410394024,-0.020777071156904057,-0.016336053290354386,0.007146757851471148,0.008075593024708703,-0.0015561302357957596,-0.0006250793076882737,7.588963105375449e-05,-0.0347434617552243,0.018646517823015917,0.003424184309517089,-0.02750512907881897,0.005240732861066501,-0.00524107243329846,-0.0005043352029585055,0.0008325141160061127,-0.001093252381242858,0.0,-0.00033221491578999424,-0.007212336886558643,0.007198447998760323,0.0011973939051879384,0.008341610509079066,-0.008192354777767185,-0.00824567649812569,-0.003066528215606953,0.042381499022805844,0.07969588270408844,0.02572190353301789,-0.0004285719635922894,-0.0008248032941890298,0.0,-0.05215792316645612,0.0126818953193502,-5.2214625115742703e-05,-0.0005791332888862479,0.0,-0.0004903706937132912,0.5272129970634349
1832,0.10592681113920444,-0.011416319637449716,0.009940607654261847,-0.08922806602651662,0.0012150120377002747,0.10487901573094086,0.029243584135094897,0.005262206366114127,0.5709481902808409,-0.01601665393140865,0.0006865589701793526,0.0029596853474392103,0.010706204247507647,0.02471569770712445,0.008496832018090298,0.006685849943582816,-0.012226501145078365,0.008270369066969527,-0.004697290266280552,-0.000853711057457331,0.011592604747568125,-0.004127704523567692,0.016258171720004534,-0.01926319311152432,0.00642037198479237,1.683786039640218e-05,0.00044490639791874517,-0.0007566832369084815,0.00011636825635642834,-0.02159804748830234,-0.18815966168257933,-0.012840925385118366,0.0009393647925491365,0.006839787261091933,-0.0034319827140438823,0.000695875299939724,0.0016722018421644995,-0.001124602953961203,0.0,-0.0004965374300428343,-0.011035030873095413,0.01629151450508857,0.001351239626027977,0.009447387465111121,-0.0016417039029572155,0.016541338280050395,-0.006749935820917702,0.029450025501409,-0.005805726515314666,0.06624004949798103,-0.0003983699852482975,-0.0008041171823190906,0.0,0.1155995718775386,0.037505901911054726,0.00021961362104861842,6.147311282376768e-05,0.0,-0.0005614572315681231,0.05010017824731186
2772,0.07759373720758547,0.1153006996764124,-0.022459787786516923,-0.3523798615658186,-0.015327547502139872,-0.06292623570525233,0.022365213515993923,0.010545529718852475,-0.13166899442378155,0.04000979515079594,0.0012701054213256865,-0.0007901183283704965,0.012978977214247393,0.05890930812523668,0.01327479482838488,0.00709608513623833,-0.014663875011872876,-0.0022272939841852853,-0.00480184367194873,0.002993121090927743,-0.09278232334184272,-0.00523916542484764,-0.04778878126390933,-0.024897759551261663,0.006335034984564753,-0.0019493449309682144,-0.001017317429808114,-0.0009684355789277619,0.000165333687121821,-0.024717537658405606,0.03870241710983828,0.010863723684880458,0.0026591090348341948,0.011224535651264666,-0.03480211514770309,0.0041020730365866785,0.0022437296201620878,-0.001124687860718493,0.0,-0.000500397577219858,-0.006979989365040727,0.015177050881268419,0.001409614241556666,0.029143746376706366,0.047064551239543145,0.040349261838620115,-0.016806321381182685,0.07412172505289105,-0.052608405448532666,-0.05504033530078275,-0.00033890355456211215,-0.0008109591196636248,0.0,-0.07503613810264502,0.05906162279018807,8.492962059821267e-05,5.41565759318948e-05,0.0,-0.001300342556584355,-0.23258305065781978
2065,-0.4574580351307888,-0.09776836634073711,-0.028748877933626724,-0.22687102001698584,0.0019898536842048857,0.2197949882722119,0.028054236345333706,0.00831302824784909,0.4841418042012265,-0.012377464352499935,-0.0001670733609839909,0.0036693362338473955,0.01906572583279373,0.03048067836518896,-0.0033129005640446497,0.003993723185955775,0.003595826909357878,-0.0032394585215527166,-0.003518138954458746,0.001221707723696287,0.0072355577643884545,-0.004477858777955539,-0.01322644453978545,-0.01826024058082964,0.0037277427929490728,0.003978050285684556,-0.0018399016574584853,-0.0009954077224349667,-0.0006149950864972904,-0.018418785741973257,0.012248917929392644,0.0028145605557552394,0.0011508064902335008,0.006876804327862741,0.0023719094252248533,0.0007751285352039038,0.001797537292274582,-0.0010306522854177933,0.0,-0.00044659702396636694,-0.012826369718932605,0.017058924947599446,0.0029830225008711277,0.015359799837140267,0.07678357935176576,-0.2009086187626507,-0.00868950851958713,0.1158268799475154,0.057838425849862755,0.020915436029063844,-0.0004058593627166155,-0.0007901362141033171,0.0,-0.046173406930889255,0.035100185707617484,0.0002446737656472035,-0.001610236581537376,0.0,-0.00034503161382820055,0.00410198291647015
3323,-0.23359922420355753,-0.6545054302885394,0.14549339014030033,-0.6814785879366406,-0.005811309304824586,-0.15902333242782088,0.005187197807800777,0.011280072952113314,-0.8946429387375083,0.0589669952426567,0.00439433025604499,-0.0010208971716768322,0.008268561608837252,0.050426285328143125,-0.00030003478881541866,0.020519496897160094,0.0002712240312929341,-0.002919432212209688,-0.0036011253975539673,-0.09280562233623722,0.015177240680567933,-0.005112423187410415,-0.009822816077851116,-0.026812974960403888,0.0062490695547196195,-4.7548007117226716e-05,-0.019501739244693627,-0.000931125805983308,0.00010426578343485303,0.11363306946604144,0.027269985393932772,0.008323275924510454,0.0031946589089794607,0.007280992344754252,-0.013854379300924861,0.003696935964407442,0.002493484661663583,-0.0011288273577088675,0.0,-0.00051134843821998,-0.015666724126698093,0.008893207784951833,0.00401340214734349,0.013287035208971142,-0.09398956563782576,0.04528452386504779,-0.012857737503194437,0.07489808641051265,0.0912856365285918,-0.01060186674342052,-0.00017196053730537437,-0.0003877672064651091,0.0,-0.13918420583365415,-0.4478098015714462,0.0017265487085251082,4.410880769838943e-05,0.0,0.011128905065246724,-0.33937768922125927
3282,-0.310956241183847,0.043945205220946415,0.03338393748379132,-0.503024828409428,-0.000489896361748416,-0.10880850597315853,-0.01329688533010543,0.014388921449230012,0.05517131471366164,0.028681121683952298,0.0009927509320792802,-0.0006695850651442972,0.008362393227286958,0.0017217229790586583,-0.051296485927557665,0.0028935156745593335,0.0002471081845508935,-0.0025153560274734847,-0.003613887646447709,-0.010371523476305993,0.013716732334538746,-0.0039146529515903085,-0.021514278557130777,0.31998678755375537,0.008963213518217703,-0.0021589784978409032,-0.015058120481705567,-0.0007710513304909538,0.000467007728490504,-0.03021284246183334,0.019892829838490177,0.008262079510804817,0.0036007375048452733,0.008122217996726536,-0.01246200497120084,0.004086079588395643,0.0022562248241912303,-0.0009610167997557754,0.0,-0.0005729329004933051,-0.02211482906420262,0.013687514669771458,0.009372813869505394,0.016886784951206185,0.12362659742595639,-0.45308024082733606,-0.016591588805673067,0.11024458941254328,0.008345163929266113,0.11548963145165608,-0.0005147731027389735,-0.0009018973593367221,0.0,0.18423122450559226,0.022816466257480746,0.00034066875843058003,0.0005149697232485019,0.0,0.011960107649629683,-0.29107293499045434
3485,0.13946047437511075,0.13246704800815692,-0.06625949192841447,-0.6471880314814855,-0.0009755294389667984,-0.002134992945532807,-0.055819062949635734,0.00849704579223034,-0.8415795491165394,-0.01631572860060185,0.011816291113682511,-0.002230411630116831,0.021294239362425714,-0.14333144869951409,-0.01110312345064204,0.010895822731269338,0.012055745826828324,-0.002211282041328829,-0.003707654415403523,0.0024421772388928775,0.007965549315498654,-0.002890912382365794,0.0016455944613793009,-0.023731042647136647,0.008564303083465214,-0.0018980815187657207,-0.0002548345286066023,-0.0007209740505897842,0.0001544217783657837,0.09560107552554177,0.03946123837050787,0.0016539516596660942,0.0032616367167442096,0.010666145207872402,0.017544764737453446,0.0041346826829915615,0.0024463526155592847,-0.0008555378537888583,0.0,-0.0005772175943287129,-0.026148746790996574,0.011188540279285035,0.004035733591327673,0.005527728259944235,-0.0200222514646138,0.04341267847679133,0.11277645680092474,-0.12927411131943983,0.014005102220107655,0.07064041232341678,-0.00017632127768710005,-0.00034240050301262653,0.0,-0.09176788817421959,-0.15186807429949145,-0.00016396888448043904,7.285373461944912e-05,0.0,0.00864672971008695,-0.2546149364353833
2575,-0.013262305893567574,0.010863727562005937,0.08534424691424775,-0.4385904527160036,-0.0004812888482766109,0.011571474953918163,0.026935089336982247,0.005262843311232673,0.5160214523050508,-0.017922496348672344,0.001273614266810034,-0.0006956091822564717,0.00768821123813541,0.042028836574325115,0.012514850972297447,0.013687821738829941,0.00493464056078972,-0.002752382880710188,-0.0035766652490497207,-0.005288613236960277,0.021590414121450553,-0.0047534018652552025,-0.021597396839881662,-0.02228439872211322,0.0036489394727005453,9.795784888213274e-05,-0.0038862152718328047,-0.0012018559753773576,0.00011636825635642835,0.09397094783079181,0.026375197761641433,0.00993266603283311,0.0024015069665231314,0.008394102786130652,0.010019043688007627,0.0011716723717677673,0.0020399261585652604,-0.0010849723480379967,0.0,-0.0005130099792424911,-0.0074259835973301425,0.014886366793859874,0.0013603427207885337,0.009331649195541988,-0.017814017673519474,0.040932018623959,-0.010271974295801093,0.03867761027325764,-0.002993255201312936,-0.01341047738298452,-0.00018689920532419748,-0.0003721189312734614,0.0,-0.08005726535999898,-0.13327575169966563,-2.739191795173883e-05,4.410880769838943e-05,0.0,-0.0005322211223921993,-0.20462467068402077
3860,-0.4913340634693423,0.03162264582348481,0.3199879089913817,0.5206357372534507,-0.011628957857461578,-0.13194842852657926,0.023326224719617518,-0.2517926774297237,-0.3810562416438226,0.008427414331957353,-0.01708554054762985,-2.3745182712188824e-06,0.022105854414198094,0.30411028320076194,0.09504373853550917,0.025498961623472562,0.0059315406024778375,-0.004008609346369359,-0.0033006328497578318,-0.04232075882816776,0.010710315509583316,-0.0017688251552166803,-0.01966803885432579,-0.0118312177491533,0.007391588215039403,-0.0006031735654333567,-0.015789458793579507,-0.0004957584611856559,4.474941340362881e-05,0.16904540034770746,0.020738823767683327,0.0038560406459800856,0.002409786057413385,0.007710441613234417,0.003247890291513174,0.0027249573228345144,0.0016343116504674842,-0.0003851291944143155,0.0,-0.00034028571463329483,-0.015763772976608248,0.010266510127948407,0.003880893871089867,-0.0017047801472810358,0.12716437623030763,0.05382854369211975,0.18746119209475742,-0.13110397004909508,-0.00864458589244489,-0.029640197543732847,-0.00016990206491156,-0.00032095368850469414,0.0,-0.06249318274919649,0.0012789874100848453,0.0002880749849524398,5.885286188706683e-05,0.0,0.006758083225603559,-0.0185811628921743
1934,0.15658587221764872,-0.015883827770875762,0.08184909544327613,-0.24199242562310408,0.0009557596272152199,-0.24030805250363887,0.005186872413435961,0.00445554798939597,0.28960684172917356,-0.014125553791765885,-0.003227849382636093,-0.0005253076839890554,0.006159961833816749,0.010643714997161253,-0.02139068323152212,-0.022482382313089435,0.00408957394044286,-0.0016365228629957275,-0.0049833780718878265,0.00250974127826882,0.025354315671953027,-0.00447004527173658,-0.046012914753640034,-0.01981340404491529,0.00422100074050487,-0.0008528856948584123,-0.00688337340954313,-0.0007595412205306223,8.027411512829616e-05,0.07966098168368542,0.0327163803301698,0.014633918796280282,0.0014601763050356247,0.008296016804037997,0.002606123441895737,0.00241514290822368,0.0019799666760315447,-0.0011015257418468924,0.0,-0.0005495640259785263,-0.01366561785221726,0.015182969197012354,0.0013634854684001264,0.012111395066271824,-0.02320330395836117,0.020479129775454685,-0.005059743904854382,0.048642981335229034,-0.07470172607172486,0.0043094042159416025,-0.00016886028776686677,-0.0003708835045125515,0.0,0.22445815842351344,0.01880981564417217,3.3177414311698174e-05,0.00012458346896899523,0.0,-0.0005443870783076862,-0.02806163939133038
322,-0.09500593512761808,0.040617143376404825,0.04159897491494847,0.9191095659900975,0.0012719233899385692,0.005604554786511905,0.011116818281468613,0.007678744368693149,0.6429895186861228,-0.00737444333993944,0.00118814404182817,-0.00022990740993971703,0.015778228916850254,0.04757713398511142,-0.020465143241191884,-0.0002497761626319153,-0.015802896371731295,0.02728822878260899,-0.003814960596575743,0.0028531319002388887,0.005492258665279499,-0.0032336253057019086,0.005532453581481242,-0.00978402228989942,0.003222870861317992,0.0005936885446132774,0.0017423978115249652,-0.0010427958296764875,0.00011636825635642834,-0.027749494860265962,-0.1484254359956895,-0.008150054467071613,0.00315954257499903,0.006127663235101077,-0.004881512801866488,0.0003368461387139409,0.0013695121447279469,-0.0012225099647786976,0.0,-0.00024097851019431416,-0.011984188776055593,0.0061094972101274,0.004197397921959315,0.015330353615220744,-0.002093984766639983,0.02814005848323089,-0.005365762764743,0.12686740774176353,0.09314839856791939,0.02382667049113599,-0.00044043712160826936,-0.000817941065315638,0.0,0.08450662584465361,0.027539548732004558,-5.00803659537283e-05,4.4596177199742785e-05,0.0,-0.0004389664776011032,0.4648949173260515
1719,-0.09149524960755988,-0.002054608361184675,-0.027105969134520416,0.030449412157962576,0.0007377715128972558,-0.21930516117828838,-0.028273550320264584,0.005791724002368008,-0.8616731005245468,-0.018709628913012373,0.003906758363921041,-0.0008426081809419021,-0.06061767910220743,-0.12404319274103907,-0.026285208705158564,-0.002194425766258459,-0.009624165050468822,-0.003393660338412374,-0.004108931992260896,0.02021786106883295,0.03217992990307746,-0.005752071070615341,-0.020618619314826583,-0.029238519929085074,0.005711989926645694,-0.0023259197454339724,0.011167170015450884,-0.0007460177398467943,5.3944740353022267e-05,-0.024242797443376093,0.0545094781592753,0.01478544631160441,0.0008700810225506018,0.006833637406919643,-0.05040001980293725,0.002571982359069319,-0.13993666235981186,-0.0011244818288437984,0.0,-0.0005133930362395678,0.17101988861402154,0.012927223053245217,0.0014216945063977794,0.01887348866774398,0.02293900169067957,0.04312092291141545,-0.013360559294663621,0.12374996939252567,0.08940915902997656,-0.010889523239614705,-0.0004254373343676965,-0.0008801974649252855,0.0,-0.14502563013132508,0.010413794596598313,-1.5902564150606186e-05,0.00010588631028144089,0.0,-0.0015740272538945072,0.05937542059871423
1500,0.10347071205123087,0.035671412710932326,0.10234088596364861,0.2671178200366644,0.0013991304734677762,0.19739623210732085,0.008454884523998694,0.004535620844492191,0.5423983978857956,-0.008607126968858857,-0.0019158427336044078,-0.0005196500118085345,0.01365277721040611,0.031143836134206484,-0.005794817810624111,0.008541503240310434,-0.010757443675713525,-0.0026523066355561378,-0.004291162813831665,-0.0006881592255024576,0.015791339337537808,-0.0040360504318654395,-0.021195619784658684,-0.01719802138088441,0.007097536623721443,0.0003096192694025778,-4.9473187217262843e-05,-0.0007148457770424471,-0.0010825232087431727,-0.021168448100904864,0.01802493490699574,-0.011396509065587389,0.0012701160838465215,0.0074516927513297755,-0.005352827810533986,0.0006526216393410093,0.0016366219049088714,-0.0010867287752406255,0.0,-0.0005553073500383263,-0.006727028090668507,0.015142416247042828,0.0013711555132580775,0.007899398269007617,-0.03499991785058656,0.0018834281131460133,-0.002843616225445075,-0.0011057611869202887,0.06356585462245261,0.04731720755769457,-0.00042430461582341035,-0.0008109393751292931,0.0,0.0964828032156417,0.015007016387637242,-5.177115376184461e-05,6.520130688246742e-05,0.0,-0.0005482419354378547,0.06873129097735582
2603,-0.19876522494464588,-0.007892120126169948,0.11205877105882703,-0.46644734685887385,-0.00028927738069781794,-0.06662921674324934,0.028141138993225494,0.00787273522087216,0.44217524858953106,-0.0071014577782337026,0.0010942947239935292,-0.00036784453098269226,0.004695166575758978,0.023194723707571807,-0.015265945612323811,0.00409663237483988,0.005294259145989659,-0.0020266206145082228,-0.004679697407680675,-0.0003625007027772082,0.014237562288510495,-0.0043473302053280176,0.02864696106074095,0.18179231483049355,0.0018908754091632616,-0.0006883996127424434,-0.00232015859663585,-0.0013229545537761312,0.00011636825635642835,0.060558475737036155,0.015833942492422905,0.008811590480858068,0.002481225890148688,0.007743921670035333,-0.0051681310034105785,0.0018032525738353,0.002110484984464303,-0.0010497547083439577,0.0,-0.0005891919890678682,-0.008482743677040062,0.014283700518867262,0.008383382005606187,0.010349586896254304,0.06253728779400183,-0.0719361846833467,-0.009692466177339662,0.07944169434596486,-0.0032433959041740117,-0.015589763065263143,-0.000184768196078625,-0.0003664972592380061,0.0,0.14733854631625024,0.056417982290419534,0.0003690608378337897,0.0004248094428898465,0.0,-0.0005380303234304841,-0.24554446901710544
1573,0.06588380445988785,-0.013701190449681915,0.1198545608561479,0.14152225621876904,0.0007499844277262052,-0.09555913202191761,0.01026114623486578,0.0035581759487333976,0.25506187346744624,-0.009973508282752813,0.0019141238978112839,-0.0005409186942077724,0.008743010273236655,0.024798262739612453,0.0017300861101962142,0.007857419435029035,-0.014638424170820032,0.004894467553238626,-0.005709788018776673,-0.0016692540856670084,0.012575852895506785,-0.004474874511638721,0.03347833267828402,0.17184125990928945,-0.03506714049799009,0.00048645271733621886,-0.009743264191509646,-0.0007306523472014666,8.240290032519608e-05,-0.016076200527713216,-0.14605127940863927,-0.018127488725691324,0.0015117639067177497,0.006253373109033927,-0.005671540907609451,0.001192306740924879,0.0027474491708496043,-0.0010793157670502618,0.0,-0.0005398066482237568,0.10237736398049023,0.015761427299629007,0.006006156072921132,0.01478167412837474,-0.0017827814757225805,0.025922465389386744,-0.010385276789519718,-0.00010596565431844921,0.02881935645447475,0.027497859177913406,-0.0004373063251886581,-0.0008460007511902275,0.0,0.11073215643836844,0.03781267881581511,7.367747752855419e-06,4.4596177199742785e-05,0.0,-0.0028879824479560684,0.034193484724251835
132,0.09570447750869428,0.05865919672291255,-0.023311156345900197,1.0436596574447108,0.0016771634363401296,-0.021537955258774805,0.006492149624056148,0.00491271655935703,0.9318207663229018,-0.008182326793544591,-0.001123821504339367,-0.00026411316593756047,0.013795118089141183,0.03461418965832696,-0.0076074673410492216,0.004811768904428391,-0.008037001201296986,0.02144941747643939,-0.0040725355378191845,-0.0012778655012554592,0.01381867250394016,-0.0036494917417584454,0.027957052033546075,-0.012221739648711672,-0.029660503167302586,0.000635833415952429,-0.0014369808299032306,-0.0011530470752899957,6.633140216599224e-05,-0.013659123705325875,0.01444683245541471,0.005383365842608505,0.0014771304118148386,0.004827439684063453,-0.007489347238010166,0.0003694535810645542,-0.04927671937916212,0.051210783200306254,0.0,-0.00020808632754995768,-0.0072866686855893965,0.006653734376132169,0.0013022604588475803,0.0070293257626533505,-0.0016609367485734242,-0.00038391195624342826,-0.003400178298861239,-0.0034220241408180144,0.08313602976449888,0.0755742637807641,-0.0002815171460947752,0.057296423008924235,0.0,0.10061878405791923,0.011469723715880968,-5.256273495432443e-05,5.750259631789073e-05,0.0,-0.0004429012824919484,0.6157299519421775
2573,-0.09904687969863556,0.006004096932220919,0.10592216654973154,-0.35095255557028004,-0.000705947881979006,0.07362755316517498,0.03950762788718797,0.012407355863864974,-0.03327673998066413,0.03268429426611322,0.0015173323273956307,-0.00038345554120140915,0.007303980407584624,0.0643933664282913,0.01045345390207226,0.007664511912913309,0.003721918521429342,-0.0030482970954698744,-0.0040036569164581684,-0.0025127719375346376,0.02774242929242008,-0.005205997727604907,0.02874790132899841,-0.030208622556059297,0.004974900831718769,0.0001183934466172999,-0.008122430656133422,-0.0016120656636281559,0.00011636825635642834,-0.011138627425940026,0.026873056308099424,0.008706164028373466,0.0022668361510647826,0.010672032680827037,0.0029697110710700117,0.005363586759436973,0.0025034657303028944,-0.0010767947352402975,0.0,-0.0005822348889724011,-0.00922428229717882,0.0159412454146187,0.004486632012734201,0.0213719368125569,0.03579691289903124,-0.05134306667345534,-0.01126488077633436,0.014785312973876143,0.00028934484886906047,-0.020082025848979487,-0.0004261916065825569,-0.0008116598613648195,0.0,-0.06381185055741445,0.09304029744188015,-5.1088347091462454e-05,0.00013576576555308968,0.0,-0.0005352272356775274,-0.2554704442811506
220,0.17271795530896725,-0.006692210200644197,-0.07553709510313836,0.9679158981850926,0.0015307022846929388,0.06156208707294423,0.03307705331886092,0.005584516953155399,0.632584308035882,-0.007503406899087913,0.0004290625192122435,0.0025060546280766135,0.02042502495120935,0.037862329306571005,0.0015665998333344153,0.003930455037306498,0.0009321633085440296,0.028937647531259495,-0.0030168147177140467,-0.0008882609752267776,0.014780244444634256,-0.003932330540735131,-0.024403511978989177,-0.015045769328867337,0.006743292805995353,0.00017514050396148968,-0.002821789619064513,-0.0006260994219183857,7.588963105375449e-05,-0.027100388360132736,0.01776402653983098,0.003051436480617772,0.001257265895176688,0.004858606513110711,-0.007097501895825685,-0.001065923635032605,0.0008086558869985113,-0.001091926635398992,0.0,-0.0003121751804103477,-0.006808570070729512,0.00873195811693909,0.001225904289801806,0.008706371180816545,-0.02212358607711341,-0.006999884219522868,-0.006392145420310268,-0.03303944996982154,0.058112705212777276,0.049112926303447095,-0.0003895166655176372,-0.0008037313636016687,0.0,0.08879718646549867,0.008512336193807223,-5.130780354775138e-05,-0.000314503996187647,0.0,-0.0004120504704094904,0.5071855012982129
3440,-0.24205523638234624,0.13334902467023924,0.08926582365951717,-0.4979687128668597,0.002310011219642369,0.2776037672594716,0.04037094750014484,0.013058728982714414,-0.25489038555196003,-0.026048183117789274,0.0011006768172118627,-0.0022792022907537823,-0.06617435861014183,0.027065126699960317,0.010501515050143696,0.01274295082689252,0.016622464942758656,-0.0025145686016927278,-0.005741622125040855,0.004004893649270088,0.010501552458226343,-0.0037262668928774163,0.006764088273900707,-0.026583714728780437,0.01382105124795855,-0.0009039718679354447,-0.002748769727111734,-0.0007306022868675794,0.00044992795365410813,-0.005181154825251146,0.022990904359351427,0.0030934315887833448,0.004214790935857575,0.011858700706093513,0.010074597459087033,-0.026047831178735808,0.0020440620951759315,-0.000725338597829971,0.0,-0.0005187807178984443,-0.02225371855267749,0.014332701387852158,0.004804063877591949,0.01901099602597211,0.05401208918820184,-0.03857824951288588,-0.006472725290848298,-0.047502088966864066,0.03801675270829625,-0.020119977124136195,-0.0004217522604216447,-0.0007592948964330472,0.0,0.20842175072010236,0.03463024005960799,0.00047553068169084895,-0.002311011165611035,0.0,0.009323699761818363,-0.23165136639759093
1081,0.10833765366235001,0.023066545699822506,0.038875297694644144,0.47432511421342893,0.0013223321430730767,0.11927999053131474,0.03002636732356926,0.00588392291110313,0.4299223080345058,-0.002917131710559773,0.0006771510385138785,0.0028755256045970494,0.012597032982496398,0.03498659775013009,0.0022721567644923995,0.015127812693427525,0.002543749938892691,-0.0023966498022554255,-0.003221784342854528,0.002956717437974446,0.01759433669684701,-0.0037899653307876535,0.015692529247268744,-0.014978491591739923,0.007138723872195961,-0.0007429763622047346,-9.571847305736717e-05,-0.0007637997309411246,0.00011636825635642834,0.0894143652230461,0.02318278981768486,0.005474755761617209,0.0010325835222030316,0.006726733824285408,0.0008828138921727267,-8.738436941825518e-05,0.0016709466665514416,-0.0010551081850326658,0.0,-0.0005272639529111767,-0.007309776968457018,0.01004808780832957,0.0013069987787698329,0.007844154027550173,0.0033665344902322246,-0.024674826049183234,-0.00548846098435355,0.04867607836623181,-0.005337177508288485,0.06168766474489798,-0.00017449599397988485,-0.00035971127537628154,0.0,0.09703571434075628,0.013501895428898722,0.000521128237854824,0.0011277088620342726,0.0,-0.0004541894820905076,0.14401483093026096
2160,0.13231441083956355,0.019421348106944514,-0.0424242158427557,-0.2042110855561454,0.000482113999572857,-0.23909760624925802,-0.011793291525014616,0.004692552060125887,0.23785171685707043,-0.017053406990590585,0.0016330456461309268,-0.0006746007605006521,0.010716285292585436,-0.034991741432771034,0.009393736903716296,-0.0186133611624065,0.005396110052861359,-0.002497065523534276,-0.006182669028499405,-0.00020660597185544533,0.030523473529718802,-0.004657604391607999,-0.02503069603239886,-0.01958352398280471,0.003922449568691257,-0.01421311476992117,-0.0025960038644326487,-0.0005526151211656702,8.027411512829616e-05,-0.01777181331808152,0.02299086763260067,-0.03651356523226287,0.0017622440174773224,0.008743928316889709,0.005484858142232585,0.0018243697335360615,0.0019851072421161577,-0.0010389660865028451,0.0,-0.0006571874477447065,0.09117533560560126,0.017152436714177932,0.001354835677221403,0.017571258680981666,0.000668816967683554,0.03455645584325554,-0.01031520347315121,0.003080441848544279,0.036874485329879664,-0.018717885251586408,-0.0004250528391276859,-0.0008176347503116872,0.0,0.19320159000851034,0.025289904943276535,3.1691398470124144e-05,5.750259631789073e-05,0.0,-0.0011484663930701338,-0.031675921303760214
3656,0.17658967522547622,-0.1178067149001056,-0.06287759350647519,-0.5580979928333335,1.1436871915818903e-05,-0.149115813280983,0.2135528141900491,0.015809672655149678,-0.1995957447790456,-0.011121440404190606,0.006905581760250816,-0.0004278041829218007,0.03687168498309213,0.14055257103918956,0.04960859661157911,0.007307175674908663,0.008659203056831396,-0.002862319205422042,0.0008988995996560889,0.04664041403851608,-0.11179569504797912,-0.0024920323677845337,-0.06538246908986373,-0.02084740127683028,0.010148683516265779,-0.0017837181964632574,-0.017575147849666347,-0.00043724463956662925,0.00044992795365410813,0.08390236881941569,0.03854018676989206,-0.033264687139365305,0.003204097478872835,0.00917623293254923,0.010541099373430736,0.001145562099929186,0.0023907015978490553,-0.0009184616904654386,0.0,-0.0004875285818643058,-0.01575425780163451,0.009709759725138977,0.004113053461531396,-0.02515519756609114,0.05825209726595752,0.07613612197480618,-0.016917454896041708,-0.16328027471314296,0.009120786939226612,-0.04217606014246057,-0.00017978345095533504,-0.00037653803050695703,0.0,-0.10882828535323989,0.005398521969399694,0.0017207734794446664,7.285373461944912e-05,0.0,0.009401148342212406,-0.06457271990030408
1986,0.13537799779623633,0.035984161394973686,0.07322817350316004,-0.29666726898667767,0.001677225141210206,0.1127301686661269,0.0071937946377380645,0.004709355778887418,0.7137516685982701,-0.016070778709513088,-0.0032511550393562083,-0.00033475380229628293,0.017782921187386256,0.03253970108049796,-0.00943757175143408,0.010504859957451587,-0.014058826786696354,-0.0030903171607624775,-0.004066344545351426,-0.00031514904683686254,0.01430209136085734,-0.00435286742901369,-0.0384646644653598,-0.014416682652958571,0.004115214225993349,-0.0011111956145837844,-0.0003246821674361593,-0.0006724251551965226,0.00011636825635642834,-0.022428608181629103,0.01897607547456675,0.0050097125561352025,-0.06740133017818052,0.010133079111521528,-0.010243166643470119,0.0005264633694131874,0.0010960555529509646,-0.0010774229052584493,0.0,-0.000544334844718288,-0.006732096897176892,0.014753851162194735,0.0013814417454426102,0.013703793655955778,0.006921546995484075,0.027379178255091965,-0.0033929813073571837,0.01139291310789467,0.06133292153725134,-0.008558876871802897,-0.0004270462039148286,-0.0008802834992707041,0.0,-0.04628012824655781,0.02590447504646887,3.017875060221593e-05,-0.00035661122947961755,0.0,-0.000648885111485083,0.03229961518997771
3518,-0.2830056915205161,0.09816054042861354,0.042841096104625026,-0.6865159650149671,-0.0045215431562957145,0.04136678298334558,-0.010644982049672364,0.009387206262390197,-0.02603261344541032,0.02705647349837037,0.0008976044917132533,-0.0005897485914002175,-0.05015367348041394,-0.15582728814501995,0.009937455222422713,-0.007716578399452746,0.013907086668639221,0.0024525659694905424,-0.00487919069067792,-0.0008777800665854481,0.011899529387188572,-0.004201302278471553,0.007401342937197245,-0.016571618116868823,0.010120240635776743,-0.0007252429500695647,-0.00598323246308688,-0.0009576070796627523,0.000165333687121821,-0.0062757007438975785,0.03972298016879948,0.0042194654900290065,0.0036871212148740264,0.009334976745995191,-0.024556796052143875,0.006413801774332481,0.002989296606061349,-0.0009987184898682141,0.0,-0.0005828212354687612,-0.01530413660471717,0.014603821245559555,0.0039995346414111186,0.024278311814470967,-0.030758458023464913,0.034882954694614554,-0.007395679680982008,0.04471568900012046,-0.06645771566458718,-0.018448679751117053,-0.0003278761200407995,-0.000650632409894633,0.0,0.2712790017585238,-0.032411417687851815,-0.00024189094520863692,7.285373461944912e-05,0.0,0.012975596381962717,-0.17239864010564782
3788,-0.7500412804446343,-0.800425551820815,0.0233413384571269,-0.8935312261591374,-0.0040451803803440555,0.04545485384650703,0.012000240136869475,-0.22697486300836947,-5.071805354106397,-0.0015297573808584239,-0.004555001650710244,-0.00022108159050939708,0.006537696864159492,0.08925625436289307,-0.00952218679798173,0.017510806890887007,0.002288958115648243,-0.002903883563986725,-0.00133068627771529,-0.14928241104946907,0.012175819975136047,-0.001565244712557085,0.019901165401726515,-0.01375115718427502,0.002066254563975261,-0.00026078594405367056,-0.02979285095341453,-0.00016848736700775526,3.3443331127686e-05,0.09410864502898295,0.012833952235074707,0.0032275311951750034,0.0025822649881573237,0.00412029879604762,-0.007042836424262043,0.0028407124583446114,0.0007523528817689235,-0.0002561291924389792,0.0,-0.00017015103097774284,-0.044106201701719375,0.0065894345879437145,0.001548928518552704,0.0006732018153182798,-0.13538013981107713,-0.020615305701800868,-0.006603736860925707,-0.06096755380604342,-0.014322479963012587,-0.028748362687904157,-0.00012430204730403126,-0.00029786944354160625,0.0,-0.06458541885515834,-0.019421065181267377,0.00013003561188309505,3.243905099838737e-05,0.0,0.008248645798753874,-0.4520356987121361
3439,-0.10186701953816452,0.10960027133007613,0.30913628237694357,-1.0147724815883905,-0.005597799023714455,0.503614797916999,-0.030322946029560895,0.00430938607782098,-5.207524075454173,-0.009488314989582079,0.0050846125117170226,-0.0002299132766294787,0.004874859825851829,0.0046918647394480996,-0.006500960043498033,0.008436046288981664,0.0013197176883233748,-0.0012633321342007486,-0.001979765849203028,0.01180709838814665,0.013654700703181998,-0.0024699141633988176,0.029968604008100714,-0.007192099665933894,0.0032255277541968054,-0.0002634819897859207,0.2274029599041478,-0.0002956128527652646,4.128052707689339e-05,-0.007789033820100422,0.01890060302507743,0.002777157396861988,0.002627395012218631,0.00587784513374466,0.00029285547318985336,0.0042694613117134385,0.000880277403130795,-0.00038841388174427785,0.0,-0.00027877943089471097,-0.04402714148026397,0.008708805830990035,0.0035816032553253906,0.01376092205014327,0.0168713076913317,0.08967018757326345,-0.006110655299751379,-0.03060830983536173,-0.003653016636833633,-0.010488078486958322,-0.00018661990147296112,-0.0004127004214066416,0.0,-0.053356174069,0.010959074882417734,-0.0042242550127314735,3.243905099838737e-05,0.0,0.022891881216883753,-0.4540403338741677
2187,0.062129873385269485,-0.3386324036484355,-0.32305955349515814,-0.2564334515487353,0.0005183326624409869,0.19852257473651674,-0.10429730145987631,0.007633723482316101,-0.4574140695942383,-0.04227607699065007,-0.0004902153093139539,-0.0011188691610248887,0.01348565286333521,-0.004255215893257105,-0.03651898500018119,0.0003126322616111056,0.0017302213830012235,-0.0029747959917928984,-0.003083758840892267,0.006503255827198687,-0.17025317869433704,-0.0044772031670975,-0.030479426639662917,-0.03419154912134528,0.006754595429007028,-0.001742122792696881,-0.0023450017672531995,-0.0008469815188271549,7.588963105375449e-05,-0.025157558332803483,0.03615716650400029,0.011357524381989633,0.0013747845707226664,0.004071451119743921,0.001142477104266037,0.002941220016359068,0.002083970022833891,-0.0011045473338429847,0.0,-0.0006113636419235127,-0.015739965494230783,0.014552733967455565,0.0013064295389263844,-0.18416331202299777,-0.03069289966727383,-0.054019228391319035,-0.010001560732752886,0.025059296267668323,-0.04468407136944239,-0.023534599794064786,-0.000342316804532235,-0.0008201627668439697,0.0,-0.12211244599402366,0.06841212279782222,-4.1403150815261426e-05,0.0001794114497912525,0.0,-0.0009393433800969445,0.012078107455566377
3204,-0.12443183491516956,0.020327072796717124,0.030807808166403255,-0.6116459880432613,0.0006048648318230648,0.13408843124536257,0.00961272853016288,0.00903126141981704,0.42153384779965064,-0.009385148248229112,-0.0007011088918975206,-0.0005897485914002175,0.008637618861836052,-0.019190312572108736,-0.03059456120208892,0.00375238576590272,-0.03519874206791628,-0.0023883741475269156,-0.004861543329931481,-0.003935537714628794,-0.026780531022038177,-0.0033703539450639828,-0.011990715328564754,-0.014123630855244245,0.013250956761440565,0.00043434192693137343,2.125718678502945e-05,-0.0010384189355374489,-0.005132409111891746,-0.019163165345134733,0.015760504148215122,-0.002852292871363461,0.0029119986613076704,0.009831171591870986,-0.006776941239595795,0.0014799701495815183,0.0024837682468602457,-0.0008795316402968198,0.0,-0.0004646057812234292,-0.01887368664886027,0.014232084097349563,0.003985957814164639,0.009831550726456605,-0.014895210468039027,0.0029243746518970637,-0.006186780181219813,-0.04851394251219618,-0.020476305592094433,-0.04077448505788168,-0.00039325459093631296,-0.0007390182655384308,0.0,0.12554303550623336,0.0263226676719757,-0.00023892595356320587,4.410880769838943e-05,0.0,0.009081649752834752,-0.36864106317415984
3205,-0.19636219416368786,-0.020429989004726565,-0.027679972481783336,-0.5254424950547212,-0.00047115105977610535,0.05071862457379348,-0.011371865671566322,0.006574887336630724,0.40374674717237874,-0.012073894471325074,-0.018445548628224603,-0.00024162797567571815,0.005497598136167126,-0.025159975873329434,0.019880356158417503,0.010969812985061988,0.009976015734871562,-0.0002633203876038772,-0.003198928272897167,0.0067481453371418575,-0.02652887397750295,-0.003978421542664005,-0.04302674222729459,-0.019186648267368628,0.008187411974387335,6.339220032605653e-05,0.06875690970337037,-0.0007990153903837556,0.000467007728490504,-0.026074514870925068,0.014899864372745946,-0.0013604858989225345,0.003072938230247482,0.008798801233420807,-0.002613407490085772,0.0017789524042099074,0.002286191451819822,-0.0007111064930538103,0.0,-0.0006398860521836081,-0.014067557888525364,0.013255871506566586,0.004702781155331929,0.008296839909077446,-0.001296107910808288,0.0435260066893533,-0.00808500193137076,-0.028474692673800567,-0.013802723515552135,-0.00995824842777287,-0.0004743451077424388,-0.0011478899289708744,0.0,0.11408186921924583,0.016769261099389667,-0.004209041908247639,3.03617799554954e-05,0.0,0.010236946178897305,-0.3986564395822427
157,0.13837841334430576,0.042508983125996255,0.0019756543992831507,1.0270310516238805,0.001436060737154048,-0.15814683628595416,0.0010083577303093925,0.005029493531202606,0.7888875499425891,-0.008360084768432948,0.0005064645695393455,0.00129341100658186,0.010296182540040034,0.011287587501612902,0.003563377619660554,-0.008099577508591032,-0.008759800254251224,0.021440959523500662,-0.004492180143195591,0.0012592569810368466,-0.10511313391185162,-0.004036767511970593,0.026184062032482153,-0.015609405763070032,0.0010613785765132093,0.0006125319642235473,-0.0038043472306669096,-0.0007508938531267733,-0.00042055175689479626,-0.024390849734910396,0.01441185354538593,0.008428907771350984,0.0018117493437770954,0.0045296611049792795,-0.004400248766822159,0.000696242782609442,0.0008053565765530366,-0.001093732859401457,0.0,-0.0003698518209737684,-0.010247021302179565,0.006757883327540006,0.0014039080164851827,0.0130807096845662,0.01797822705427084,0.030028208592400674,-0.010511444479017583,0.003241978872910507,-0.007488672729098306,0.06609681199928101,-0.0003850634604436088,-0.0007874978370038161,0.0,0.10761624562678887,-0.0152077578019326,7.906300903060977e-06,5.750259631789073e-05,0.0,-0.0007287507061693207,0.5509208810810091
979,0.03905905454242126,0.13586281320813223,-0.13499640920478786,0.44049396183995376,0.0006998928934476061,-0.055002260981823585,0.018603330446915173,0.0060744036027705626,-1.0710337352130592,-0.01413983650971514,0.009759202456265678,-0.0015108642267127712,0.007760786523101605,0.03535411709093608,-0.016922105906004285,0.004869184065918825,0.0024551715835477365,-0.006919091894658714,0.0007775333585978476,0.01268698838183382,0.021314622634437685,-0.005232323944510934,0.02582499645438564,-0.023283444352154358,0.0053205368375844634,-0.0018642867946752685,-0.0138080645336297,-0.0010641201105604404,-0.00049884429054947,-0.027116066000963574,0.062441779251453285,0.010438044866411356,0.0012166585135408414,0.004230493281668085,0.011546151109443679,0.0006825866894777906,0.002874914122550095,-0.0009171946256775676,0.0,-0.0004092515438456965,-0.013411859854950973,0.01184544218186003,0.0014579803377413863,0.008586596481220845,0.005381134685392899,0.04108622091831426,0.1195883066780101,0.08862796269285454,-0.13107539205472402,-0.14419508529299477,-0.0003267952786045993,-0.0008797535419691892,0.0,-0.08598230124032887,0.027618172169715464,-0.0002075789639347512,0.00010588631028144089,0.0,-0.004798136598440633,0.15977290272201466
3017,-0.1702002303683834,0.009985813015089202,0.058608574457795194,-0.5312211241784527,0.001118771662066582,0.10721072983769654,0.006680372041260248,0.008349543463015092,0.5492310745847014,-0.012591135025203218,0.0032564849834057063,-0.0003421044903204614,-0.01189350175498753,-0.051720059428923666,0.005564010028152301,0.005130026639617962,-0.010431866722448746,-0.0024533837612724257,-0.003771289943989411,0.018441095506034157,0.009840039624773467,-0.0047524293914428485,0.03225514076913933,-0.014139743207375354,0.0016312681254651948,-6.941537581039101e-05,-0.00316606939315357,-0.0005295116367462659,7.408612023412323e-05,-0.020341036042965437,0.01794523109589301,-0.010121012719464832,0.002068117757849241,0.007418473370649371,-0.007573604300189423,0.0050641401680270245,0.0019968532955296023,-0.0006655758478789179,0.0,-0.0005157045331658421,-0.009262466625088062,0.01308173519258479,0.004767702633467253,0.018333424568683223,0.06646066013564952,0.09025477774190875,-0.010660570894731769,-0.019728560896328257,0.010681634694966483,-0.02697926260503983,-0.00035770079345298975,-0.0007617957867224499,0.0,-0.06071404150395122,-0.1755975274847891,-0.0001709607531715088,4.23044786957464e-05,0.0,0.01882649085433171,-0.33883861415999855
1145,0.09548423399616336,-0.01867598751474865,0.06143856204856279,0.40191834794109377,0.0006627684476566508,-0.016237535384910743,0.015134339605449729,0.006151589359293804,0.5556340845105352,-0.009186411895929813,0.000853793941180716,-0.0003678944092702467,0.008237982771733057,0.02493061942702476,-0.005564423161699357,0.010924718815096818,0.0029659817370108876,-0.0026834726771211206,-0.004924955623055509,0.004385697185516316,0.016832716909601128,-0.004395795342477409,-0.03547772191294306,-0.016203153051922266,0.004856392976613358,-3.406081184049381e-05,-0.0013453277986901103,-0.0010048345991110887,0.00011636825635642834,-0.021061263832805467,0.028177156631424522,0.0060534524815451405,0.0015228318467234365,0.006228330956590893,0.0037846908907472926,0.0007679968231978952,0.0017267128978747349,-0.0010956818745503712,0.0,-0.0005821797182811263,-0.010166589345708523,0.0115336449214955,0.0013606627106962635,0.005928809339551795,-0.007816371465016932,0.006487323391987725,-0.00527100635369128,0.020025969154880363,0.0017910131654235793,0.0007270886121156347,-0.00042814029462843415,-0.0008175484176763506,0.0,0.11277623660580939,-0.013319450927730205,-2.8168355265273148e-05,6.520130688246742e-05,0.0,-0.0009392009882484681,0.07293692953714148
692,0.10429949355829142,-0.0061808271787850005,0.07647001446227948,0.5695710651599721,0.0013918810351510292,0.05619422993288217,0.010042150553595688,0.005564190812248763,0.057747722192410166,-0.006961031196426821,-0.0023567404140997037,-0.0003769527578474544,0.010674292983984805,-0.03897884409499252,0.0032632593978741023,0.00503400826317952,0.002803618435384215,-0.008413109180529706,-0.003927443041388203,0.0035026859862529007,0.015887512875467268,-0.003973134985039569,0.02495433631375185,-0.016132756580522295,0.0041195413835012845,-0.0007779980639253773,-9.550982598647863e-05,-0.0005846745277226622,0.00011636825635642834,0.10956708074030613,0.03180930815324936,0.005657093940614702,0.001432454792133642,0.006766426436385624,0.005732861237898421,0.0010139484223081687,0.002170277335290722,-0.001081297363576428,0.0,-0.0005175076600662252,-0.010922659545503737,0.008412496829785968,0.0013607479223852867,0.006845793276865415,-0.027035185232514962,0.006401897033813766,-0.00319425691409208,0.041401059856529754,-0.011070305584310961,0.038853337086594844,-0.00018480235260685083,-0.0003663647170872372,0.0,0.1275154679134815,0.013857324639083247,-6.972389505828378e-05,0.00012458346896899523,0.0,-0.0005549943400080013,0.22739214085233087
3151,-0.1480065937145187,-0.023152647503261,0.02483369515795618,-0.4416229602362651,0.0032074839158452713,-0.03967961723012931,-0.024640092456336606,0.013519626677158126,-0.3418106504247868,-0.020767651719299746,0.0032626079785814943,-0.0008451895865995846,0.011552973192622133,0.014353148620375763,-0.018819350504232172,0.016404233546810934,0.0019639178818880803,-0.002908061561400216,-0.003702413396120814,0.012938526172662229,0.019213626285763813,-0.004495415687113228,-0.0204868654632319,-0.024418273776231326,0.010652104524431674,-0.0018062144626106297,-0.02486220523525039,-0.0011117648580252725,0.000165333687121821,0.11485103421440951,0.03167361390664517,0.014020948737158456,0.003957367885963709,0.009762761935121723,0.008632228886630273,0.005609744303536757,0.0024196664739571474,-0.0012786840878993542,0.0,-0.0005988720032962242,-0.013871824976763576,0.012085323060275273,0.004538066380635348,0.03810840396472091,0.06129156095002997,0.049742716022971895,-0.014949757490089899,0.15460832286641119,0.027305344316931168,0.002792073400232372,-0.0002005910666562409,-0.0003860692517170915,0.0,-0.08506154865974608,0.02751321389254369,0.0002221418207549832,7.285373461944912e-05,0.0,0.01100244574973803,-0.3050886435782846
3212,-0.4517526226766604,-0.5186248852373251,0.14982779097699697,-0.42816308361670513,0.0014089120298854227,-0.1297255857556681,-0.05225600747954341,0.012254990857751386,-0.2904213429813254,-0.04469831848740663,0.0020186395263992766,0.010845033524419435,0.022023175090139423,-0.048851587554548236,0.004223690911436484,0.006260576748340052,0.004224989342847432,-0.0025850103251528938,-0.00595734535783832,-0.05584209765914458,-0.10462452794051383,-0.004772387776251058,0.04647243343834478,-0.025365162595071197,0.009229675397334085,-0.0017492758897953349,-0.02834828485701964,-0.001180547530294238,0.00044992795365410813,-0.0155229774085748,0.030767965160036704,0.001012356515979463,0.003336105651316723,0.0081861861480307,-0.015101554228279133,0.0042815520813850455,0.0026487982892859476,-0.0011693852612336545,0.0,-0.0004634462754081474,-0.02218235575411849,0.014509752017842074,0.0038612759989735813,0.03181725192584569,0.027485865142146685,0.05591176669626127,-0.015392784382426439,-0.18753333786151014,0.006778746747154469,-0.030982358067325758,-0.0004290304758061407,-0.000867235875460768,0.0,0.2800778291990589,0.026396660594246484,-0.0031296013087993065,7.285373461944912e-05,0.0,0.009709244618018415,-0.22936085249798097
2919,-0.09976378615961702,-0.01401065836109372,-0.0034682481419702656,-0.3459638703161963,-0.00555103790019269,0.18043082229023935,-0.020962622237443683,0.009159417339339011,-0.8683655953804503,-0.03648764172847555,-0.0004683619888826674,-0.000606455247982184,0.02148497913611034,-0.06108376037532978,-0.027812005919737013,0.011676676765683418,-0.02641247035924748,-0.0022158057521787958,-0.006589035960062801,-0.00586036668877658,-0.08032572025276405,-0.0036095799552585415,-0.0026691577365888825,-0.02138975891572363,0.007474201250553825,-0.001672935621997363,0.012561713703165639,-0.0005873631219356118,0.000165333687121821,-0.041212022132731604,0.03175353874231276,-0.006870776357340274,0.0029433559526906143,0.008785536508960844,-0.03647566096690703,0.0028248444683844926,0.0027346720643163726,-0.0011080408523026742,0.0,-0.00044814995090731904,-0.025881606299550455,0.009164577776530392,0.004333776394830752,-0.3719404145527393,-0.07317176058201011,0.006937082916862466,-0.013279487254201711,0.07030447401838877,0.01197134971267116,-0.028154425113896386,-0.00033844284733934213,-0.0009114530270341557,0.0,-0.09885399068278224,0.046459532513286536,0.00011119136147201778,7.285373461944912e-05,0.0,-0.001226853301027844,-0.17610796589675906
1871,0.13043327710818597,-0.1702078611281193,-0.03014496950397368,-0.06409884973541524,0.0004848850521109902,-0.10935530667912177,-0.008486303142675768,0.006815540843914103,-0.4217933612525218,0.058873122435102225,0.0016284894566588797,-0.0010955184703925914,0.005961213181321935,-0.08469075989034848,-0.0009561048559306773,0.00786632879694318,0.0003370584707382354,-0.0019186281041950332,-0.005375175461331485,-0.006274122742920303,0.029994077189929056,-0.004800737626955293,0.04238723625714124,-0.02799053421882677,0.005996573965197308,-0.0018123929217806918,-0.006119116316835463,0.030795533616968896,0.00011636825635642834,0.11324774443257304,0.05592800121182226,0.007568900765961771,0.000898570184889404,0.0076571563409004164,0.005430843368758694,0.003340724316872587,0.0022434722912133276,-0.0010090525276531084,0.0,-0.0005720807476871419,-0.011125438590580357,0.012427438578672826,0.0013275308868378102,0.007823796648877428,0.007211708003074385,0.0368618520105749,-0.010668976445539718,0.07541845117507939,-0.26045009920705087,-0.05345064765957882,-0.00015827928756842417,-0.0004051899790656466,0.0,0.23419737399261012,0.024772579480190186,-3.981951240831632e-05,0.00010588631028144089,0.0,-0.0026540464247010198,-0.005322406807397809
1196,0.09090583071235817,0.006824888146253438,-0.026980682589255973,0.2878859833917058,0.0009588111665998744,-0.18902542473441913,0.01972563182490321,0.0065497502451670585,-0.44114880958367847,0.01937070058146748,0.0011034903943873385,-0.0006848086248924651,0.00887240574741659,-0.0009623103282023333,-0.005512916724635886,0.006197923383203142,0.0022338060370458964,-0.0033815743376094643,-0.005307039657790881,0.0038197557629537316,0.02939807898662776,-0.005209714649705086,0.042141842150585175,-0.02916727967058127,0.008522815782748298,-0.0017894002635982207,-0.006645740355037136,-0.0012257914145734903,0.00011636825635642834,-0.014051325519848293,0.03595661128926014,0.02561616912412795,0.0012737381940851587,0.007869670032225844,0.001205634860441666,0.002134049952989745,0.002572674318555816,-0.0010894924421982525,0.0,-0.0005447050895430002,0.09426057944017109,0.012933028074405672,0.0014080845605085968,0.01207087160054162,-0.028234459268513683,0.010858325525027388,-0.006554905374210583,0.06817089350522078,0.09094277150982706,0.0025484254362925294,-0.00042177677392271764,-0.0008266090193765614,0.0,-0.0906628538020442,0.028220415461024276,-5.1088347091462454e-05,0.00010588631028144089,0.0,-0.0006961067234253477,0.05229893137645019
1176,0.11418166888878212,-0.10676494157758323,-0.2837213568514209,0.24061490858076107,0.0005294357741896499,-0.1508797802910397,-0.010105710409968627,0.006495816906443605,-0.9157119968783427,-0.013147327629161742,0.002884294992373456,-0.0005904859034553668,-0.06520457780070113,-0.08667266043825413,-0.006862446695508833,-0.006485865457681296,0.0020199555364858288,-0.0039012271395378207,-0.002075158675769586,0.005481243282596307,0.03218300360774859,-0.0038505205926425696,0.01620219095845698,-0.024393016753214772,0.004099471510752465,-0.00022149304553721112,-0.012127064406671712,-0.0005399734764680848,4.565052793932536e-05,-0.0036314808927157354,0.05833801921378291,0.00477752089393691,0.0007685516638349873,0.0029050085194213715,0.014967424629673827,0.0008764050438178191,0.00148956965075603,-0.0007026129428348865,0.0,-0.0003062495890594313,0.3077810453854385,0.00905786944052268,0.0012542888024006348,0.0037964043166837055,-0.04030960163810419,-0.019786078720047964,-0.0049632845539768836,-0.02068805735499992,-0.03926592333371701,-0.022480427231404927,-0.00017142888502146028,-0.00046597677513929525,0.0,-0.10494287731316164,0.04061975305714142,-5.295244849274931e-05,5.750259631789073e-05,0.0,-0.0011638366778601824,0.05291874068873528
3119,0.19624022740700833,-0.025368470639793052,0.10021860747475567,-0.4706416400660751,0.0009059391401390144,0.49310933880783137,0.0004802364994534036,0.01037262047450305,-0.4565841732274641,0.053144111466320136,-0.008175476360246072,-0.0007339467340261996,0.02020564787515252,-0.04923574638252553,-0.0022250981205212375,0.0085870176028134,-0.023073573993921646,-0.0027702809465430423,-0.005603641127332204,-0.0006565256470003481,0.011376014302759396,-0.004664609733721576,-0.005084439930146934,-0.02491473282045204,0.014239796499091737,-7.877858361822117e-05,-0.0006991399931183526,-0.0004890436036057176,0.000467007728490504,-0.013686599165470433,0.026849469831752307,-0.01725724630373592,0.0019096254362270793,0.011554161328561772,-0.01113050676423998,0.002318201155696741,0.0026632620178288434,-0.0006842744672915846,0.0,-0.0004775470063801673,-0.009801841083375562,0.013636784502456421,0.001422840996358008,0.01317821279803962,0.14805213866283382,-0.0343031254113223,-0.005567803427454454,0.09524552253179752,-0.09896839371080848,0.023480089345023096,-0.00037107235459604265,-0.000833208357729699,0.0,-0.0955470760482987,0.05495834607505157,-0.0002520422357934476,0.0005149697232485019,0.0,0.018318909386878635,-0.31589235340335825
2706,-0.21293112961672842,-0.11075139966836686,-0.186272978340367,-0.7073581770290812,-0.0005815248858257505,-0.32998662249871985,0.007667806904342958,0.008606634096107828,-0.9493512345845679,-0.03645912507987737,-0.021756618646615242,-0.0008160865273115474,0.01253975859375967,-0.006402832852642749,0.00629256919303036,0.017138184068260863,0.003284591999941141,-0.0029610313023973483,-0.005899039127770445,0.010865602193774799,0.024170163106616623,-0.0055990042831570224,-0.0177744076145974,-0.03386252242679172,0.0032037646623050797,-0.0006661353541610759,-0.00021323602889400666,-0.0019746964281827715,0.00012002010654117759,0.03169935412615595,0.03632241936331871,0.01275647811493164,0.002191973477985743,0.004396551804044078,0.002892970132921427,0.003816733935109123,0.0017064811865216327,-0.0010588061264032507,0.0,-0.0006040803880839902,-0.014146992834573604,0.011809347917032238,0.004615780760562146,0.018036862305790855,0.07273848599721229,-0.1605285502384733,-0.011522733592985954,-0.2202450609467687,-0.027778929506924316,-0.02535693571885358,-0.00018433811438363075,-0.0003747869652579512,0.0,-0.18875693586639244,-0.17571716434238452,-2.3020193316218556e-05,0.00042253562356321184,0.0,-0.00043947449605076825,-0.38079622194322627
1494,0.15288574788583426,-0.3164502668161392,-0.04105368304992378,0.3409902365533468,0.002521972379565287,0.4222034437440154,-0.0015824171617334912,0.007704826041256092,-0.34701691195183826,0.024452784174020914,-0.004871007828154557,-0.0008809019194396466,0.011315267685191966,0.024521800212969538,-0.006811823937413193,0.0130942718639092,0.00330765901396731,-0.0027805961078678945,-0.004005757549753131,-0.007330417861663348,-0.139025730370274,-0.004190115460248491,0.018872537279190322,-0.02440123297952348,0.005713158737253654,-0.0008052681217718094,-0.0002831054125311369,-0.0008030063524671805,7.588963105375449e-05,-0.015226628884050415,0.03788060235589543,0.0037250653638427438,0.000882400291618023,0.009468188418582586,-0.01050198052554705,0.0011045669282674624,0.00237400769482053,-0.0008270927810613143,0.0,-0.0004599223561476885,-0.011269618659591878,0.017370941685467267,0.0012994051502883924,0.00874322107673072,0.03204136050713851,-0.018657914456907065,-0.003864159451863302,0.06587120427970902,0.032282009608632124,-0.1092890120618726,-0.00042728415930185296,-0.0008133997744209911,0.0,0.2192946100850489,0.020990194972345978,3.921017699922886e-05,0.0011277088620342726,0.0,-0.0007634629580299107,0.08558454350745791
2757,0.04264022900922955,0.016348326833789013,0.10348981861950945,-0.4421267685373744,-0.0013249288136631485,-0.04300738426267424,0.012830098772721328,0.006298311016671669,0.4211239436889457,-0.0024973037741484747,-0.005059705750531188,-0.0005504362827521338,0.00727105451448745,0.009077508661276228,-0.014118746302599076,0.0038655591646024243,0.0019716191674722717,-0.002216641272828768,-0.005027478818145398,-0.012916721339131961,0.017616023588951778,-0.004479729928790222,0.014242144421215895,-0.013235086331579021,0.0028460197838758735,-0.0007789640879166258,-0.003083649997848532,-0.001047899187464119,0.00014825391228542517,0.08831209803390751,0.030263307152445323,0.008979389005767224,0.0023875867851728973,0.00838790163184411,0.0067271566762664966,0.0031626694617155676,0.002546723924660199,-0.001081103307454294,0.0,-0.0006076533873782973,-0.004821253185895221,0.014993921738108828,0.0014134596059426836,0.019026371903233842,0.05914266120130138,0.047658503525653116,-0.010388359254895405,-0.06351009853791337,-0.007099308593938533,-0.01363864080716042,-0.00018526819811645414,-0.0003661666051923282,0.0,0.16945232235040975,0.019164950581468526,1.3281017593837866e-05,7.285373461944912e-05,0.0,-0.0010740045070024064,-0.20795041252143018
1809,0.1469592756322154,-0.0058042300156234804,-0.09423559943928733,0.12865806778415384,0.0007780794353373111,-0.34088503014151766,-0.008066298025278529,0.006077202707589684,-0.6771729511126122,-0.025043230703588052,-0.016643456226424415,-0.0006934621813262094,0.01584122715822194,-0.042034944836689084,-0.009622390463973373,-0.0338507208177703,0.002201837910460961,-0.0033309409061343396,-0.004921653291826625,-0.0009111827800076198,-0.20160047564404546,-0.005248799894754575,0.003900098407679563,-0.02493465443765604,0.004148539490252712,-0.000597807619315217,-0.00428893483721188,-0.000807882286584263,5.9054710741850256e-05,-0.021756672096000657,0.04019189404580332,-0.044713257801005914,0.0013238388034804405,0.004375639219045429,0.0007208284827610501,0.0012112200550664642,0.002433322498330423,-0.0011056302874008761,0.0,-0.0006634486267077998,-0.012033094379790442,0.01473336588049316,0.001432922540263441,0.019612848892341814,0.023846633583675336,0.05594054882540891,-0.01627743784545423,0.06780528267731765,0.1586571909088678,-0.036400621079999876,-0.0004216839200110367,-0.0008139700287850148,0.0,-0.13581289844731156,0.0008511899318050535,2.5389937528041054e-05,0.00010588631028144089,0.0,-0.001102579004729757,0.08531801925478794
1284,-0.005287237916508428,-0.012887550118083629,-0.12839869724603364,0.23510250780342004,0.0006398783117889361,-0.26450477565870206,0.007404458552525675,0.006138365451388558,-0.5970242544935597,-0.025576358122489106,-0.017001158093200654,-0.0003518534541759768,0.0057735452654789745,0.013804797833571155,-0.010556709117399803,-0.014609378217124302,0.0003515318744068295,-0.004215425907711313,-0.006288007902031309,0.010852173913942885,0.03970217222901288,-0.004526372130155341,-0.03639397388488353,-0.029060917391600338,0.006762741159837104,-0.0017886690916208317,-0.0031630346789679607,-0.0011891344812106775,6.439158323806466e-05,-0.023883206505075638,0.05427241701412109,0.018392980103864705,0.0012466464302636315,0.003147801576068492,0.0060994014377146865,-2.201100409173851e-05,0.001965838939407804,-0.0010279287327952522,0.0,-0.000603756022291272,-0.014654687881642961,0.015284095199877945,0.0014248734089136784,-0.19843874834243544,0.03539089402834096,-0.03350542384169886,-0.0067832229516442645,0.07382624005923458,-0.16531581462305944,-0.06077555477748453,-0.00031261446262329233,-0.0008849305021127734,0.0,-0.09282638552727893,0.028887891302870148,0.00016972118585455878,0.0006261337456477523,0.0,-0.0007025179385183067,0.039223203261069824
621,0.1364288722262756,-0.05018646297329369,-0.23172622303817786,0.6966874586235212,0.0018170035976135045,0.2621313031147934,0.012694240336417877,0.005341435770351808,-0.14159554486139855,0.012951819381370586,0.0010278801211930136,-0.000380021809081499,-0.08455565976770611,-0.07512739742138178,-0.006510765751464626,0.010749244523069048,0.0016526630104221117,0.022421345532402052,-0.005276826739186777,0.00256981581944234,0.01960373055951067,-0.0036470873393694473,0.02281311716545958,0.18481502742647582,-0.0879355500710512,-0.0005907827194831718,-0.0025904844124219747,-0.0005880781968209902,7.588963105375449e-05,0.08210990690754551,0.02480770798253964,0.007623842600475979,0.0005653230798557692,0.003511528400704127,-0.01132365112996186,-0.0016499636155901927,0.001670448430450592,-0.0009381760348086005,0.0,-0.00046107761602203276,-0.014106121085212758,0.007934765510568945,0.005146035164937136,0.008985292662922235,0.00291615445164435,-0.00427020126981362,-0.003703570802161755,-0.033709065981647565,0.054002683700798366,0.11015976155109503,-0.0001858151432530905,-0.0003747030951865561,0.0,-0.06002014106019149,0.0020676114497351567,-7.268888670371481e-05,5.750259631789073e-05,0.0,-0.0004899454711599323,0.24449207168767453
3814,-0.04229998198403808,0.15164604359548162,-0.6446175254792345,-0.9774486301182117,-0.0007151375858648374,-0.06916097347542453,-0.16570173456765627,-0.5938434729232589,-0.23723370588374743,-0.015645281983436447,0.0026229305939078134,-0.00036500370168300394,0.02694530950032332,-0.18281411441328785,-0.05302397081743095,0.005535888177878521,0.007685713324250529,-0.002972065188630039,-0.004690746990899321,0.04385490128423135,0.007511013464167101,-0.003241699337643076,-0.0037319321454099496,-0.010766957310922068,0.003669406348426975,-0.0008343454694363552,-0.00992300363019723,-0.00024892730032101206,4.905080637563494e-05,-0.053088503009023784,0.024392032363798645,0.006505429166804415,0.0021255852161118673,0.004246624572927711,0.0046466459481267,0.004240137607942099,0.0018988952013072882,-0.0005238057519128907,0.0,-0.00038697715521256474,-0.02119540177683775,0.011296530813528485,0.0036120945152701583,0.01691421324682425,0.03380513403207055,0.1132598329654658,-0.015253839248381477,-0.04011208004489297,0.035138596778454274,0.04598921106566094,-0.0004230201427746954,-0.001006086143231998,0.0,-0.11490755352251332,-0.07115140590810756,0.0002663763070288621,5.41565759318948e-05,0.0,0.007771899636538689,-0.3145606364743802
2402,0.03914592385621782,-0.022075764861522854,0.11302052362273747,-0.40291146918746035,-0.0006244343686668786,-0.0844752514733529,0.025956527071153954,0.0055487731071337575,-0.02123007380826682,0.054601944301037146,0.0015190912748594561,-0.0004844644679081932,0.010609231069939341,0.03274927144268044,0.010689469369166234,0.01234962031413087,-0.02276440612987053,0.007136836309158347,-0.004146119015109776,0.0017435146929158075,0.024058146728410102,-0.005267007046382027,-0.04472434287099143,-0.03049570147045305,0.0025008500406482996,0.00029160990366007474,-0.003634989110541386,-0.001081597231951269,6.945274650325113e-05,-0.021953648145354845,0.0320899507117547,-0.03194861571845345,0.0013446872682362728,0.008859024148650817,-0.053089585061665036,0.0063911017850765564,0.0028052486310097225,-0.0010711530536229202,0.0,-0.0004467862311148089,-0.009919225425753709,0.013764396206580213,0.0014409738992659728,0.01883241095918557,0.02454923494243146,0.05990124371004395,-0.014441581649100983,-0.01472172104713138,-0.03190790011201433,0.174242915772259,-0.0004249505990551493,-0.0008149294634018725,0.0,-0.07993413269543642,-0.02788919902417993,3.2196161466743975e-05,4.410880769838943e-05,0.0,-0.0032686297052595204,-0.2262505079791384
263,0.1402455684009384,0.03525678794222721,-0.16765396559126491,0.8236217862917381,0.0013063759676894724,0.05105903014061898,0.0074455680689030825,0.006567640253552096,-0.20856365301554858,0.02564307432250429,0.0009716828486179481,-0.0004153115171265639,0.016903879206359478,0.027476669775447125,0.0018077988255246929,0.0061278970154089564,0.0014950809224254969,-0.019357195830194077,-0.002669424778767449,-0.0012755905527442725,-0.11704327320568414,-0.0041599294219950315,0.021773358462319467,-0.01985659353107606,0.009080265995645757,-0.0006767898792357819,-0.0052641212023329335,-0.0006514728870891997,7.588963105375449e-05,-0.025260520074111323,0.03108748920135766,0.006140984930534592,0.00041073632989527216,0.003928312749163798,0.00230520777812363,0.0002831609517484394,0.0018922924919546802,-0.001189453801744935,0.0,-0.0003535425506163607,-0.009610381567097885,0.009970366293051251,0.0013809868330079337,0.010648870722044571,-0.006664232220994586,-0.010325541802961082,-0.008817100134917202,-0.020267870134993815,0.039019017503869415,0.03926295278168403,-0.0004261113507778596,-0.0008137972260482088,0.0,-0.08551910950888496,0.018478998425059314,-8.633725055567625e-05,5.750259631789073e-05,0.0,-0.0004904918425526491,0.4288621887418243
3745,-0.1329569777189005,0.06993108367132828,0.15794694264357387,-1.2048649024064553,-0.00021670085048379408,0.13175046009819819,0.018892347516881902,0.01611190914606138,-0.31863872452207703,-0.002158470056392378,-0.0029158136256857794,-0.0007072249853651521,0.02460585898210459,-0.044697579526913264,0.0554945764889453,0.008109687962670978,0.02542298442270873,-0.003241829131723548,-0.004305849355597147,0.008553065506243823,-0.059739820146982925,-0.004358272680548101,-0.007850552855574806,-0.027405616009610737,0.0067554944806887335,-0.0009381851483584827,-0.00040520836993040613,0.02442862047937765,0.00017150155320217952,-0.04911384262491458,0.020323804104949356,-0.013489385370086959,0.002850224897666318,0.00992038776020771,0.002479103972228322,0.003634249742325575,0.002364017378066144,-0.0005267796955134584,0.0,-0.00045705959716535986,-0.01752042729258025,0.012367693197110135,0.0046652040841301005,0.0065661723193072685,-0.026801163859271816,-0.05573860887175348,-0.011407471170193896,0.07103372794376511,-0.06990871308255357,-0.28768012949805544,-0.00036345286063616455,-0.0009358303639750389,0.0,-0.10202405261624392,0.06414850608849773,-0.0002518470925831731,0.0004248094428898465,0.0,0.006785979541444052,-0.3094523067359113
1548,0.07345147383485606,0.07599217597224396,0.021890555479571923,0.20412113056482148,0.0006692749798646687,0.12383440317543733,0.036656358979694305,0.005623557491905851,0.4015258148337516,-0.004460952798522151,0.0007466751403412046,0.0015877374537614293,0.015727905932869428,0.043156942784793005,0.005189319029181045,0.009222116186838152,0.002543231939168679,-0.002431519069901668,-0.004347088617374883,0.00016896957302947526,0.02020555058601466,-0.003614608043450165,-0.015446626452531361,-0.014353586182951072,-0.03746014684236149,7.836563976795147e-05,0.0014605118333424023,-0.0011046803913085587,0.00011636825635642834,0.074365030890845,0.01740217202705595,0.005877696429521527,0.001335193215563843,0.00915139239986769,-0.009040743716847969,0.0003829971910831685,0.0012122492086367239,-0.0010931747763590499,0.0,-0.000581580865604574,-0.006204849528326845,0.015455445159838106,0.0013263657180892037,0.007050242683584544,0.04838224013804525,-0.31680894596253534,-0.0061923652035841634,-0.05348956579077149,0.08164120040070265,-0.08154561921602889,-0.00018410598841017638,-0.0003697609991372228,0.0,0.09380028430230203,0.01219401828142121,0.0002446737656472035,0.00029440892722138584,0.0,-0.0005225161209926959,0.05382250308306593
554,0.07249145705573322,-0.009520263982802535,0.1085560692110273,0.6927994015919914,0.0007860715592332297,-0.16057080061867407,0.018165319297185456,0.0044479232084948,0.45225330633062577,-0.012053935949690385,0.0020235804939055186,-0.00019381754909131497,0.0074629403781538905,0.0021075202220613215,0.0018039768524861911,-0.01919840997604894,-0.010827347963189817,-0.014181052287315001,-0.005559232658081479,0.0010754852945412188,-0.1193375129540247,-0.0042985653856387265,0.030637186840198536,-0.020640534902334196,0.0034747607510541966,-3.621105106879644e-05,-0.007122238788563695,-0.0008138904752085117,6.319434029190031e-05,-0.01841080800752318,0.014263035101785714,-0.03819327994526852,0.0012226764396032846,0.005388620395739178,-0.005732676109696718,0.004401158446678675,0.0014228468184914168,-0.001065619368298558,0.0,-0.000631740988636188,-0.013303101713748305,0.006027917212240444,0.0013261675877353182,0.009129892422920432,-0.007187732325456918,-0.006125114102534937,-0.010709175054646554,-0.034874591698706256,-0.018784239989628613,0.023312647420620766,-0.0004195082687930505,-0.0008226684284039934,0.0,-0.07174137634820058,0.003527123281718032,-0.0005215082704716179,0.0011299826813609072,0.0,-0.0007925881546533451,0.25716326342833284
2225,0.058299341162341485,-0.0022963408201205535,0.005730171660736156,-0.3182431649120412,0.0006253941782486207,-0.3388216264842223,0.01075062840932882,0.00512280395347341,-0.07787908104114175,0.05618552609850378,0.0017738529563073148,-0.0017895336574714365,0.007712073914909861,-0.023690457211246883,0.028233163137624043,-0.03424952037776422,0.003666684128889613,-0.0026996172775161707,-0.0043480946176614865,0.003953053562715318,0.0364481673234205,-0.00423934743233237,0.027975265739572396,-0.027644401868001017,0.002295697136511444,-0.0009349210017709746,0.0031901664339192277,-0.0005709995840445163,5.121890216027211e-05,0.06204764614562712,0.029871675878640522,-0.04237094927099731,0.0014514859786122912,0.008191870197644583,-0.004548286045096355,0.01020783247766559,0.0020249168506379033,-0.0010698679550397827,0.0,-0.0007012392744998177,-0.01218642551761759,0.011512135183362384,0.0012545952967296457,0.016170405316767403,0.03472698761230933,0.050346740282937084,-0.013574251492218676,-0.05650189537125157,-0.036817237358817555,0.08592615774208108,-0.00018324387386053673,-0.0003679823430379113,0.0,-0.13258341684183927,-0.14344630112601725,-0.00033426796095291676,0.00012458346896899523,0.0,-0.0010290823357718057,-0.2352905176880399
2761,0.03710259734785534,0.04861192327024212,0.0841741334666633,-0.32832213329962334,0.00037322048893359897,-0.06172958092751985,0.02196650730942503,0.008094048882263486,0.3286866312977752,-0.016945380568827096,0.005305177898555475,-0.0003905770214517595,0.003102018205305711,0.0215620887911331,0.0031020361338751643,-0.00509536148757497,0.0024431758598280656,-0.0008094073809427439,-0.0033574523126097306,0.008862162934668379,0.0344815982924996,-0.005321262359569608,0.04114337794285292,-0.022021295313856108,-0.000279105861706099,0.00017083762437761031,-0.00996108080066363,-0.001256337249587575,9.84417607357588e-05,-0.01562763274640537,0.020568662506169927,0.012351312888393124,0.0021451131734485543,0.009732857091683592,0.00026202814362320895,0.004310826060673054,0.0023202366487899114,-0.0006647509280316479,0.0,-0.0005179379729801386,0.05474690951130984,0.01772295718818746,0.0013666612890382694,0.024542727219805143,0.03786813900436019,0.046831422603316936,-0.01126921529151077,0.019760074261364884,-0.004031936921930518,-0.006461401706904989,-0.00040566188838371466,-0.0007872026556061057,0.0,-0.0557599406655608,0.09837448431044213,0.000417600835975453,3.03617799554954e-05,0.0,-0.0009423568364098181,-0.1713317591689894
1213,0.11060453367583113,0.03284436890589171,-0.09052476241579088,0.32513987825299284,0.0013112677376868373,-0.06339005809966024,0.0005505266790783145,0.00550525997248406,0.13233904414563596,-0.003321631179342468,0.0011171595210811931,-0.0007337045154896551,-0.11135220330913362,-0.08755274576304391,0.0026983538185694285,0.0073461555474485405,0.002479489781701287,-0.0029279593634535077,-0.005512415756716352,0.0023735607900893145,0.023501920249389636,-0.004388311560828298,-0.054328014101776435,-0.018479988117314092,-0.059615325906028915,0.00029110399414809384,-0.005877699607080141,-0.0008137054626795179,7.588963105375449e-05,0.08342229980162637,0.030081438585730015,0.010600287365151576,0.0013029916017160417,0.003469471807991615,-0.020485283010938053,0.00022391401263571913,0.001971319732018843,-0.0011120456941614127,0.0,-0.000600762262681416,-0.01281971327664346,0.011853307689220596,0.0013478789316309601,0.008723011181152112,-0.014010658455603026,-0.004256936305942494,-0.009479845213597298,0.003819741077593005,0.08031600804907747,0.016413863368259212,-0.00018674624990418857,-0.00037733821163360865,0.0,-0.06938115509913445,0.010550239734709308,-3.324305821637734e-05,5.750259631789073e-05,0.0,-0.0005942964854872302,0.049919318378899694
895,0.06448178404075507,-0.004747670098478269,0.11398780074374133,0.6460874784454474,0.0006120110912432628,-0.09268485336472117,-0.06934812978365465,0.004454315578865753,0.5930234567727892,-0.008311875316893494,0.0006665244546679722,-0.0005378381706219331,-0.05972241409391116,0.015280268157969658,-0.0006465487420593741,-0.00650957481688218,-0.012337011453551166,0.012688823775521657,-0.007033181835347071,0.0009209195161597961,0.016585040418940464,-0.004440260040572171,0.03291825592296083,-0.024999217159614666,0.002473103015766228,2.0029294979620283e-05,-0.010004480959512528,-0.0009701055559628354,0.0009194858796732625,0.014482215116555364,-0.19550200323842407,-0.007220788871654747,0.001519010260273732,0.0047977780436950085,-0.004523908972864334,0.002245782643753192,0.0013256313642513726,-0.0012241413216140442,0.0,0.030951868211997476,0.10401640618516844,0.0070542891434529995,0.0013745668908847844,0.008639454656823455,-0.00624503959580386,0.01860810959100372,-0.007413206896745772,0.02781700223585564,0.06649877221135045,0.01801746664652554,-0.0004238874760294083,-0.0008249217978348387,0.0,0.1050953286736944,0.010684636976439345,1.4629972023805448e-05,6.993256874923913e-05,0.0,-0.0007635627337653227,0.1589842775613308
2852,-0.055648464380279046,0.050573417276896446,-0.11896308437938777,-0.34125512049215456,-0.011674474861429238,0.18577286444354235,0.03831055637206858,0.009503243863448049,-0.6068019815409347,-0.028772686402257473,-0.0013256121034760783,-0.0004768885610857096,0.016885838855573324,-0.09007814138678319,0.01020901434880146,-0.01036143023870349,0.001755567849500592,-0.002773811290167262,-0.0041929626497263514,-0.0035475590055658963,0.010800648966707124,-0.0036253336606442647,-0.004025856365951053,-0.01924109532342897,0.007467485288143333,-0.0022060827940215493,0.0010219547793998032,-0.00048138154268321143,7.5081267266876e-05,-0.025388418449436168,0.02635210380762922,-0.01198364940407602,0.0010776338241374449,0.005084491433730112,0.01671189132395389,-0.0024189231436286696,0.0018545527232375844,-0.0007497531840214634,0.0,-0.000654583035936747,-0.03055064844192099,0.01087386678819946,0.0051169920077227685,-0.2829548229192333,-0.03938863483659887,0.0420746852278326,0.08702278420703248,0.08404244536025614,0.03131792550277563,-0.04384902143846722,-0.0003287551695011181,-0.0008483237805616544,0.0,-0.057312143087392776,0.06733168610524118,0.00012308474335938252,5.41565759318948e-05,0.0,-0.0006317344139686429,-0.18466386873963234
1526,0.12346304703992655,0.021852195024132114,0.07048013657895257,0.33695528779797557,0.002192268187834645,0.2882423186238981,-0.05504978283969243,0.005096632551990627,-0.25791086123292706,0.016497075486507553,-0.0017450299635355666,-0.0006726413082360066,0.018677740993278256,0.01768359367122916,-0.001441023295139278,0.00955804773793579,-0.01003795351710794,0.009240855997380006,-0.005331968971828764,-0.0014485251470742599,0.020117376921102447,-0.003989157377688447,0.027716660547533686,-0.025356034877216455,0.011786365539470902,-0.0016358447710350303,0.0022104796988991577,-0.0007103738263647471,0.00011636825635642834,-0.0384432293734834,0.01529296515767331,-0.019610166400967098,0.0008736339681461317,0.010527037039734769,-0.005752030237546194,0.0008028202261096108,0.002416365943993277,-0.0007765141815733246,0.0,-0.0005231924376916279,-0.011391690874060553,0.013797967822731527,0.0014015109187336598,0.011140944640841229,-0.023967527428247645,-0.0270206373217596,-0.003105248605507996,0.05489268842708184,0.19847790425331024,0.0933143346031455,-0.0004192665645812718,-0.0008668115090798766,0.0,-0.05024293774396243,0.03427206944366452,0.0005218123842864626,0.00010588631028144089,0.0,-0.0005871109199047227,0.1067387821686716
2342,0.07932526873263596,0.014856646174872873,-0.0935824879828088,-0.3745185803747367,0.001299263010220988,0.4339482076101284,0.013621470837231963,0.009264877430971069,-0.019216563978512884,0.04693776744229638,0.0001901638555181615,-0.00073774909096933,0.01305942119462862,0.014819479988308187,-0.00228684303067657,0.03175934688612938,0.0021497891339019356,-0.0031877649567004793,-0.0033633763590626828,-0.003548860895247829,0.018600816022135598,-0.004553602834682589,-0.018754182632863006,-0.02649179847181388,0.01003985303405554,0.00028480972282333864,0.00042015578605586863,-0.0007331667046708376,-0.0006149950864972904,-0.01828359379996197,0.019741442928661895,-0.03214309463431206,0.0003175441240405743,0.007476558292207152,0.00293712074021419,-0.0005024637287525449,0.002008562110889265,-0.000831681598502801,0.0,-0.0004924099571356714,-0.011349030752255311,0.01649204919822669,0.0013662864946923751,0.021654659720373212,-0.01645334979999713,-0.020912265275314125,-0.003417261014893891,-0.04356695206088345,0.002366483290530435,0.04245797635906955,-0.00042536214536071385,-0.0008192577515987639,0.0,-0.06717468803056927,0.04240168357360267,0.0001634620535235003,3.641009713381273e-05,0.0,-0.0005594807428041308,-0.18205500271971325
3157,-0.4661232212988651,0.025048156917790502,-0.0003615367270204634,-0.49846846760585956,0.002016758888341945,-0.12146967006985526,0.016623861198932523,0.012937597027297798,-0.2967443399750455,-0.04416080765650791,0.0036971625017848506,0.010622818380762447,0.017607550136739335,-0.03039127318232148,0.008346855112673347,-0.033953773824905956,0.001533064906538722,-0.0032803604294740943,-0.0064577564983783154,-0.04605064136805928,0.0240740234404988,-0.0058298569907503555,0.08678116450703446,-0.03867173141832763,0.009825981747438978,-0.0018158539188172452,-0.031927954470095665,-0.0011428511918265551,0.00013858729075921734,-0.01161432685650601,0.027320003805357818,0.007604140936189576,0.002387819531366535,0.0095390836899945,-0.039879728914662724,0.007862191187841478,0.0024190982973488913,-0.0010764239818530246,0.0,-0.00034996893555651136,-0.017756301364459166,0.014753000586132874,0.0026892147832308,0.0208487888746407,-0.12249718627791181,0.02784680197116096,-0.012819818600059199,-0.1252304383995117,-0.027297215920431234,-0.06565806388362858,-0.0004561355711708824,-0.000954169387248152,0.0,-0.09907310088803986,0.08451437050942233,-0.0026503973293106535,7.285373461944912e-05,0.0,0.009548889177047134,-0.2797824249815255
1244,0.11649370457266804,0.0042137262340458306,0.014390061247903152,0.2589199842150687,0.0004737581663775812,-0.0767426640506233,0.002269885562652126,0.005291475419989159,0.5846762395430232,-0.009038781312088247,-0.003507231233613444,-0.0003054908250972731,0.010572555225880765,0.029913737958203027,-0.008782086031111852,-0.007820538248720848,0.002068319552264573,0.006446447884486095,0.11517074429128812,0.000950836703062105,0.02704580786979356,-0.0041111590944062125,0.019839623563214823,0.16880282475264358,-0.02396169815397336,2.047223288937296e-05,-0.0006675819285376307,-0.0017527393132667365,8.027411512829616e-05,-0.012421598021806401,0.026059164285770247,0.01530498763950141,0.0012587216439053103,0.0057269610933203445,-0.004442632043365768,0.0018308764711814725,0.0013449518386639142,-0.001108215460388969,0.0,-0.0006559044916672935,-0.007918795325161206,0.01492494327029545,0.005815841248852789,0.008405627962639153,-0.0012478910802313841,0.0029782362090990003,-0.004430741192792018,-0.009090817578923887,0.05306104593386208,-0.04136744415333726,-0.0003933455014052825,-0.0006668202157004443,0.0,0.10245354912549565,0.006724011055083686,-4.812335544603141e-05,5.750259631789073e-05,0.0,-0.0007481074934345113,0.03787176308378892
2918,-0.12377129545967396,-0.0059356092908476,0.04131784272648614,-0.45736194126142177,0.00017601164825018138,0.14516626555837453,0.0028242231459596067,0.013044477584412434,0.22667024035029595,-0.013834899477271194,-0.004909780712422731,-0.0010351974733406103,0.008951441354243505,-0.04597913642271436,0.012361757347437571,0.011523892028010211,0.0060645409757440856,-0.002106484019283922,-0.005861684213018186,0.002147202083770768,0.011088687141024291,-0.00473693911371047,-0.015475850495247922,-0.021707141045534877,0.004005662332700222,-0.0007490682860886324,0.006061975295122382,-0.0008012963173525799,0.00044992795365410813,-0.024737362577341052,0.026227251957370343,-0.01921964644405525,0.002353180165430525,0.009884575849710442,0.0035362600853718774,0.0031549060866427033,0.002610059233229165,-0.000954395718195653,0.0,-0.0005822896344713956,-0.016272654393576523,0.015519251575309154,0.004588983162886122,0.018699626011843738,0.17976192893637832,-0.2841877058251363,-0.006478965398421371,-0.07773725901989359,-0.0029762821537389467,-0.003117835029157019,-0.0004902213117217455,-0.000804690080148503,0.0,0.2400431451088111,0.013848332170082966,-4.270575930768711e-05,0.0005149697232485019,0.0,-0.0005241714799916552,-0.2044145574185344
3798,-0.2863076687100353,-0.09221472380007381,-0.2383243360817933,-0.4174425959727293,-0.0016467961216798709,0.5647260594240899,0.14880234312042429,-0.5089817553650359,-0.009057729190292204,0.014838898826781128,0.004441057463073187,-0.0015899573570592024,0.028989851769534617,0.29679035167705275,0.032708006078945105,0.023008343313150128,0.002765666134061271,-0.0035764374073276504,0.002152683272594204,0.13714872358110058,0.015211739381367061,0.17584075714140968,0.02456437621446229,-0.01601814105360243,0.006162339675899113,-0.0009645376051658751,-0.014968088907831741,-0.0005901638392428572,4.2793684285529466e-05,-0.04169277183191925,0.02530787005781499,0.0052286446610759095,0.001927662392420421,0.004535536925054919,0.0022885363224502716,-0.0006704466310075423,0.002091926039166273,-0.0003738270308378411,0.0,-0.0002436074213492942,-0.01329420865077161,0.01305682306399327,0.0028644691126860984,0.0006973668792315738,-0.003828718307393598,0.019185013007603075,0.18980314385240094,-0.057534971343110274,0.018044563768901626,-0.0029860254795889543,-0.00034897578048742893,-0.0006901666669480332,0.0,-0.07654103726453114,-0.08255562505731426,0.0005027516447542729,5.41565759318948e-05,0.0,0.008979257344284633,-0.04230917505936035
1442,0.10697351196387686,-0.0839267758703145,0.1260254729826643,0.26908545830795777,0.0013991183900679079,0.12853434150998924,0.010262911620128799,0.005714324939930815,0.3062703902465273,-0.009493443478759139,0.0008449175354938651,0.0034147650072995812,0.013476015942710935,0.008731998035877098,0.0033369689909483885,0.009642906826582042,0.0026357933812402898,-0.002415021980076822,-0.004284609643271471,-0.0013733350160511416,0.014934726526651136,-0.003722906232970056,0.01576963068682746,0.140992654983121,0.005086716712703019,9.870690078852496e-05,-0.00015126523482229026,-0.0007507874046512198,0.00011636825635642834,-0.018112811147746394,0.019535216250331368,0.0054349049657397164,0.001429663165209034,0.0061473717507157305,-0.0037856383159998734,0.001905153234593896,0.0019682064068033242,-0.0011624551550828421,0.0,-0.0006022279747993059,-0.008231999952843488,0.018478837985880497,0.006152526067549705,0.007931440595685383,-0.00048096515574946327,0.02017862136060785,-0.006404118801175783,-0.026882685317839914,0.02739927921793249,0.05586431469215844,-0.00038522009627743056,-0.0007936721590570055,0.0,0.09018142319507907,0.024789459803349685,-2.976816522571565e-05,6.520130688246742e-05,0.0,-0.0007929455199990383,0.07059715366881433
2247,0.1719752926542278,-0.05713159783904311,0.049869191942420114,-0.19485399846426804,0.001670030887341778,0.06206619257537556,-0.0012848993566551036,0.0063996551153373896,-0.053440602431098355,0.06434583592454539,-0.0020612448427277277,-0.00035043368894984334,0.015664431366557232,-0.05812894291070215,-0.0005486574393683834,0.013041139276153699,0.002021914621608787,-0.003065171692456995,-0.0036364903756988705,-0.0007248433181637828,0.027455044578326274,-0.005017797534906171,0.03614827756070824,-0.028540842664090828,0.005094269165262622,-0.0010692851038501122,-0.002621737053006819,-0.0007575193243114889,7.588963105375449e-05,-0.036651064028124895,0.0378427030618802,0.007626237117972323,0.0017733571455518767,-0.323471234111282,0.0029043408190973395,0.004030174367865014,0.0018211140433551081,-0.0010989140150442253,0.0,-0.0006018118655339806,-0.01148205580368003,0.015385407170845444,0.0012741628701436656,0.011651594938693353,-0.01838823115860791,-0.01127467488724697,-0.005312863462805505,0.06212769997953781,0.07829771173082599,0.04915462090277677,-0.000381828294007378,-0.000768567631959307,0.0,-0.0807888833788224,0.013695994562152336,-4.789840327672802e-05,-0.0005791332888862479,0.0,-0.00046734574994619654,-0.20336207888161612
1999,0.12037059050115943,0.014823874377080742,0.03734305355913328,-0.26946852163362467,0.0005071001876141409,0.11347296226605519,-0.009795639418575775,0.006270512325868412,0.693182355961826,-0.01532513260974677,0.0006283187227439244,-0.002202854253300196,0.00993559777355536,-0.04819838154766555,-0.010219059864558306,0.009381541066401742,0.0033367560367441925,-0.0016162190444557144,-0.005618580323697297,0.00038930600964420245,0.007450736186716528,-0.0044884168080626865,-0.01897306642331117,-0.018768225800244648,-0.05710370809626609,-0.0011983894539709416,0.0045771606050962164,-0.0005900666100474372,0.00011636825635642834,-0.031911234060904896,0.024249792439838876,0.008051742981653776,0.0006939455160810435,0.00775628735708798,-0.011247772316168213,0.0008104138487495849,0.0014560330172328144,-0.0010055255033950415,0.0,-0.0005795275931026217,-0.008937000592427904,0.016736240112812262,0.0013151359377081492,0.0074381532975917675,0.06714784150000208,-0.26960608376545264,-0.007474263091424041,0.049594350363052035,-0.05622522959328018,0.012247280349637261,-0.00035896132022653207,-0.0008995710750023662,0.0,0.15078634545718828,-0.015697097386569388,-4.264412436625518e-05,0.0011277088620342726,0.0,-0.0008650561738101434,0.018697253314133425
2063,0.13081430509608666,-0.05086896215312511,0.0075048384098565495,-0.4417849125463695,0.0014669980359185665,-0.30612297825466256,0.00010008497187938346,0.005761961768651777,-0.5090436615763141,-0.048998180519639084,0.0029948085350778725,0.006129459991965719,0.01659739338894711,0.01952990032420524,0.040616207541611174,-0.04251984366082593,0.0013880308352360574,-0.0033395504606002608,-0.006448380680594733,0.005861462926900661,0.034925262999637705,-0.005339954815150449,0.059884228993184935,-0.03155364692466671,0.0047136272352558285,-0.0019399664844532748,0.06644820397613224,-0.0007670864070781798,6.319434029190031e-05,-0.019721153340654864,0.03034444496726815,0.013231544512052334,0.0014248668781727013,0.008180203597371177,-0.003292012864907545,0.008873438525455109,0.0021497934969599117,-0.0012686826857930364,0.0,-0.000584162259431182,-0.013690088697155588,0.016341409655246806,0.001365060889001799,0.0160967531725131,-0.05147296858820191,0.024253353330944777,-0.014225590657757931,-0.07970542405013877,-0.05108154301291444,0.05492942488682588,-0.00038086484178624544,-0.0008160091937001261,0.0,-0.15476614440080344,0.007723758021216736,-0.00032490663936075463,0.00012458346896899523,0.0,-0.003741136735862989,-0.1001867422550382
3388,-0.40112412576474493,-0.34959083140450026,0.03710586177143062,-0.7997471617851385,0.001173672214463285,0.1532393041059243,0.002702316262431373,0.010371427760248615,0.5391864626115912,-0.013973265164641578,0.001447794684934337,-0.0003812537991887193,0.014291638514488307,0.005997074387474287,-0.02643490004997979,0.021383713576867372,0.013562972754550585,-0.002869673567245663,-0.00378545431395759,0.006787635553874181,0.010502591440736439,-0.004178165760874369,-0.020501167895298822,-0.02410051859689074,0.00849515030835732,0.04472641550080978,-0.00513140936747752,-0.0010460035371724124,0.000467007728490504,-0.01785120573026463,0.02265200086468454,0.0031427361290348225,-0.07879900117078943,0.010801675505021431,0.002345921686910744,0.003325742579077946,0.0013017109994323442,-0.001108442437099648,0.0,-0.0005194820749266715,-0.014526054649547102,0.014604737473348152,0.003547280190473267,0.007542614766696721,-0.01772965739677573,0.025624141247755628,-0.011552205447305364,0.10376981743999758,0.01701603589354074,-0.005199921420047491,-0.0003378337971713941,-0.0008565186267784056,0.0,-0.044117821944365726,0.03031897975098324,-0.0001646508358200268,-0.00039846532404106853,0.0,0.00916245562063334,-0.4052912935630358
1369,0.14167820221572058,-0.11896262359577833,0.0939112939309252,0.33167003513492055,0.001466567950893641,-0.11463622048356374,0.0168923394472127,0.006413089012658564,0.6087108143870309,-0.01049795200922979,0.00010886971366630981,0.0015473519025209369,0.007855453977839237,0.016538799998069034,0.030901902736418258,-0.008462882422924483,0.001988672824469125,-0.002019922358202183,-0.00378798699250747,-0.018532815298915022,0.018739648545580943,-0.00428611861846824,0.04111433849853522,-0.025911124079724946,0.002027563837324911,-0.000765550075146973,-0.010249216675928296,-0.0009220539648461632,8.027411512829616e-05,-0.022492750693080002,0.02097070583414844,0.012907817170455804,0.0015322290266731292,0.005974152321474407,-0.007586759358560264,0.003311495009528713,0.0015210386279521477,-0.0006678668600081401,0.0,0.030858723099124154,-0.01052152729626374,0.0168514702198958,0.0013092238204820991,0.006791012192067861,0.03107542786401388,0.022254993305246537,-0.009259421436011902,0.0748307139360683,0.023675869721371628,0.0328516686673924,-0.0003997240982454776,-0.0007680875683239549,0.0,0.12572248767597524,0.011607126868358814,0.001885223101623977,6.566798740165892e-05,0.0,0.0003883757825930623,0.07694683262826844
2558,-0.054780039630433146,-0.009753705465303165,0.029447779868775455,-0.3712193876262708,0.00036547613681345206,-0.223839461910983,0.014924256567790483,0.00969562641566563,-0.20490675127359378,0.04570889422210426,0.00451245165325061,-0.0007336641020709173,0.005138137431126964,0.03401825129066722,0.006254973950707548,-0.01384133159265477,0.003278448786666397,-0.0023149912372716344,-0.004257188187665964,-0.003288809288446275,0.03944741164708956,-0.005431150877632262,-0.04669273966751724,-0.03465804610864691,0.0037149646345838116,-0.0006838527744392459,-0.005349176490926285,-0.001466843046813564,6.439158323806466e-05,-0.003530921984541971,0.046077673320832395,0.022825449802195887,0.0021153646220694834,0.005987629485833795,0.003266743240004849,-0.060824832824875184,0.002115206858799311,-0.001110840383342196,0.0,-0.0006212794432650499,-0.010519586761452813,0.01665583659006462,0.001317183251512659,0.018109048313307837,-0.03522845663469823,0.031235359214081652,-0.0156646232060114,0.05483604383232064,-0.05888412969782892,0.006069060108092268,-0.000335353366143799,-0.0008245983078546287,0.0,-0.09467787817396554,0.08186572830800093,-5.562829269108801e-05,5.41565759318948e-05,0.0,-0.0007532293570325242,-0.19767104941618938
359,0.18448112358126614,-0.13465844213255385,-0.017872167502657802,0.9760757441106999,0.001841266565720353,-0.14800849692170712,0.008654330292540981,0.004361249277220934,0.9000210510749646,-0.008352604253291726,-0.0008563196896769495,-0.00023514494886640378,0.008653786975161766,0.012683753256462397,-0.007420045362201063,-0.010472919927471734,-0.007936871542419628,0.028914000483404843,-0.006081093843554416,0.0001882286105341606,0.01869563759641278,-0.0038617897777771287,0.028280826970170887,-0.013494188014412795,0.0033459200243501227,0.0005542548121813795,-0.002289369480018006,-0.0006437178459142197,8.027411512829616e-05,-0.013643551924019549,0.013845483238106047,0.008703333136065099,0.0011752828952416236,-0.28728209410325367,-0.0042662848408200615,0.001873957705465466,0.0009386059634041694,-0.001095268299173576,0.0,-0.00037534000458010316,-0.012379594114215582,0.005123961881250331,0.0011347981005950679,0.010243773190230026,-0.003801544082106398,0.017789777961985748,-0.005131852284330012,0.006746059530744775,0.07339361679560798,0.0050089515890330534,-0.0003779231054855919,-0.0006969085372068619,0.0,0.10777855855055515,-0.048100128073237505,-0.00038790698921859016,-0.00035661122947961755,0.0,-0.0005827921014150818,0.4061223505416243
2708,0.0760865548147332,0.06589076140126097,0.07533701327182386,-0.4705537001103968,0.002381248398569184,0.20261684641296998,0.010010130485605557,0.0067935741187255885,0.48751246517862595,-0.009424005332057353,-0.003806741413080129,-0.000750158626162333,0.007643309658877115,-0.05270243016311068,0.0031876540345374075,0.0057536276162371,0.009558048766494083,-0.0009841571312525052,-0.003783709695522657,-0.0003955046070802596,0.013046936197259251,-0.003991886014928169,-0.010215445427774656,-0.010092762436098328,0.002949132445975525,-0.0006570913747662928,0.001283324783327972,-0.00039751295941155355,0.000467007728490504,0.1106906313827184,0.026890470303148187,0.0036421216488780285,0.003070814546206292,0.011109175914356749,0.005828628369852428,0.0011165042587619226,0.0018309980263370082,-0.0010905371365492649,0.0,-0.0006024928355075809,-0.008296153449860594,0.014882653960182115,0.0013625132657982915,0.015281469034195333,-0.013131890936539844,0.030105690911087266,-0.005544915942893337,0.05171487665710844,-0.012807451597747878,0.05196217102406439,-0.00016194409111947155,-0.00037071650176669215,0.0,0.0952835175176731,0.042298222811240314,-2.568598626467702e-05,-0.00039846532404106853,0.0,-0.0005110849373830553,-0.2382201800629494
2022,0.014345894779291489,0.0073549695007406974,0.209140986509803,-0.242560241485285,0.00022492211630871557,-0.16724670941385741,-0.2588705492554664,0.006049972338608879,-0.15586772060792342,0.03192226619068694,0.0019454004415584403,-0.0005263695134588717,-0.02332067050283858,0.0023074196452254,0.02378676527860875,-0.015166850726899314,0.0015604694572658,-0.0025361998229644993,-0.0038204853107021764,-0.009732687864817149,0.03694661820931685,-0.004308023936269559,0.09356422007648847,-0.026031150068927606,0.0029458432994590314,-0.0007894502597824004,-0.012238759358780684,-0.0005727995108354346,0.0009036033477830308,-0.11916066670768653,0.03472242384559613,0.010810355031600253,0.0014348159962228346,0.007910065337205712,-0.007200565105761886,0.007948760070517714,0.0021055469895287105,-0.0006659709063675412,0.0,-0.0005735372490987067,-0.01489639641591351,0.01234002007131449,0.001255155321600252,0.01516637222793641,0.0029952742790830935,0.047518386987238745,-0.011184155176553055,0.0622624000304018,-0.016792665433589204,-0.004478965128425821,-0.00017451789298177501,-0.0003635183366779148,0.0,-0.10667864178085995,0.07194087423525229,0.0005415903988532137,6.566798740165892e-05,0.0,0.0010130988155285267,0.0029150010149779867
3355,0.14903229680783955,0.204506692028579,0.08498025824477527,-0.2860244252991411,0.0005142088217702164,0.2034100422553994,-0.03645111536538176,0.012448436291895846,-0.4646832647504851,-0.017067184672698615,-0.018886589597808347,-0.00030989048780673777,0.003160602132183395,0.0017178609466834028,0.02813283801027734,0.005030060285378309,0.0021667596651536126,-0.0009883891770376184,-0.0036288819404598233,0.014566774221438115,0.018482095058289474,-0.004353257538446584,-0.044889306374105785,-0.03177319847228651,0.0064999100952565355,-0.0019073672307178776,0.12102728539430396,-0.0007193513503458836,-0.000580149101191697,-0.02615001545204034,0.02439270224953481,-0.0030454156271954125,0.0033090139229773894,0.010093471207658621,-0.022668584441197667,0.004316857754675177,0.0022148356561036875,-0.0008073107174414042,0.0,-0.0005728139875474999,-0.02421420751835268,0.01135808713074828,0.002984748096833769,0.008007982613287374,-0.012476693177826933,0.015592834784501469,-0.010252095379746962,0.10049366742224783,-0.1504356385593443,-0.04905869049882857,-0.00034565017774379866,-0.0010535029303955425,0.0,-0.07084133230931453,0.08917825694868584,0.004939558081978674,4.23044786957464e-05,0.0,0.034479203140195556,-0.20421305453995084
1171,0.12222109847464319,0.05680019138884806,-0.03334279438832456,0.23563413663339958,0.0017883450669270965,0.21571787725404204,0.02483429147322709,0.004552915730885314,-1.2950174698094767,-0.011418149845126731,0.0007977505109827738,-0.0011136119186415802,0.016582644624826864,-0.016386524730806123,-0.009670858632845327,0.006000204210532232,-0.006342575216384665,0.017460490332617425,-0.004805073690071406,-0.001588377176103371,0.02286513574302814,-0.0038861876232936673,0.018013407064054573,-0.024251691089918048,0.011806888076067978,-0.0016486948710155017,-0.0032602263344196736,-0.0006281297135650705,7.588963105375449e-05,-0.029540619727372968,0.022726861219413634,-0.015035943162447947,0.0010001836865013325,0.005489789331126178,-0.025621422316298412,0.000612083430667432,0.0022010521456544093,-0.0007336358049423466,0.0,-0.0005873080865090136,0.1930224967944891,0.010039831008938837,0.0013637225466487843,0.014062867965603382,-0.05865459638683114,-0.04310636682385716,-0.004193717041916747,0.07208474802255518,-0.07664789969047732,0.13415985139228548,-0.0004212811180671695,-0.0007793206134132926,0.0,-0.1258345964748863,0.033163091766819024,-7.9207579291615e-05,0.0011277088620342726,0.0,-0.0006237425490591185,0.0806934863917435
2414,0.041623973428195196,-0.14645432937352898,0.07275093114572852,-0.46042828246300427,-0.00012290123005555996,-0.15749880328019983,-0.02239413411147579,0.005819081149403018,0.6605803452752159,-0.013379424406842555,0.0004330929639802314,-0.0010099367210148172,0.006110988759438556,-0.06071856192680072,-0.018058557831654533,0.006171153068762821,-0.02857355432730734,0.003424321146887878,-0.007613177262209057,0.0007259232700386253,0.01994212718812969,-0.005983993971979768,-0.03365484318760851,-0.03448382277253157,0.0009423397632803479,0.0013537262060654342,-0.0015513381847613225,-0.0007202982729386109,0.00011636825635642834,-0.01869796189819028,0.024070072531594957,0.00669118978306429,0.0014988988864364926,0.007527693374005761,-0.03088341112927579,0.002113384446179797,0.0022276087382078393,-0.0010467228976492333,0.0,-0.0005903852456525199,-0.011993641534228225,0.015512013455477501,0.0012360392304954758,0.013264715796994639,-0.0029887867712542373,-0.13628976796061965,-0.01554700154969017,0.06870040474881928,-0.00375740727046341,-0.02662629621678166,-0.00042583575132686683,-0.0008329673458666639,0.0,-0.10732974108169904,-0.25176023196228614,-2.2958558374786627e-05,0.0004248094428898465,0.0,-0.00273004357593901,-0.23418563168316178
1638,0.08141726098440423,0.047843738792918554,0.0707246807373843,0.10884076748688461,0.001698209094171868,0.07607973480099324,0.008091567775893118,0.005080959295264533,0.6388418632583891,-0.010582469580862366,0.0007436613870456955,0.0020809602776799096,0.009923684148803407,0.013228680271265027,0.008969259202453037,0.006948344403600821,-0.009220220158130708,-0.0045437413125967215,-0.005170020202353505,0.0006316622784612734,0.01601519107895423,-0.004009117313076492,0.017521688045826128,-0.015255221290243728,-0.0572192272767585,0.0004327045076600992,0.006526575097980079,-0.0006672594054623818,-0.0006902233465824408,-0.025740303320648042,0.02019954545874992,0.005565986369000706,0.0014463202191448445,0.008986780042050516,-0.01306575233350615,0.0007808247539211904,0.0014573244029267116,-0.0010985566521945263,0.0,-0.0005619687607016738,-0.008200259333320385,0.017073827821720965,0.0014391858829027966,0.012862163532693503,0.013408743380621332,0.028715047085940623,-0.008882299654477167,-0.010638072319161928,-0.014428586873981054,0.0016256334415428134,-0.0003396733991633514,-0.0008004745311547851,0.0,-0.04771405601569163,0.03231558620634416,0.0006962701401081419,6.520130688246742e-05,0.0,-0.0015859796798556125,0.05506661746112781
3045,-0.19191555491144605,-0.07847287223994051,0.07068799229673421,-0.4460997905887049,0.0004383137941677869,-0.3505972110750741,-0.013221410437165048,0.009614688227983849,-0.7582477101588704,-0.028947048530216343,-0.022786164886764,-0.002393350231865476,0.015321653124758939,-0.04050542049487567,-0.047987131051826164,-0.03952913939570958,0.002563321508912748,-0.00296029659037537,-0.006687660177143706,0.0019873471816541774,0.023958279192414066,-0.005200784374486233,0.0254366347959904,-0.04362503229856814,0.0029581755990983134,-0.0018891158299692004,-0.036355117272334904,-0.001786740522526518,0.00013858729075921734,0.05054469488003149,-0.25196732324011833,0.0038954546872609617,0.0023826574938813293,0.00794242197509266,0.002676619834872078,0.0025768838908453435,0.0018097017721963563,-0.0012262014823669067,0.0,-0.0005870651795485875,-0.02844423103512354,0.010856990675537555,0.004419447374631539,0.013590378232266375,0.009557190634526841,-0.05569278384973751,-0.013933870577046705,-0.24536042284650847,-0.009512217953553405,-0.03082465003480482,-0.00017850960235719655,-0.00036477880065959896,0.0,-0.1159754671586652,0.07686834893759435,0.0004712052212343812,0.00014954722425590807,0.0,0.011584166805499846,-0.21142835818832653
1499,0.10408848126127535,0.0067529180829783665,0.05048558594880833,0.2444899518114741,0.001445246290150548,0.1480958846998539,0.014536988717916715,0.005591169803190312,0.22445956888573626,-0.010091691017042577,0.0018754438210275472,-0.0006764821576707917,0.00971177440872946,0.028917976700961304,-0.003980503147181992,0.007771591477736427,0.0021633838965723832,-0.0012942698753594763,-0.00413985795580806,-0.00382318571591876,0.009845743155751716,-0.003902038285118184,0.02034227253730749,0.13148257135751582,-0.047015729319483564,9.542744611325756e-05,0.0014642437337521507,-0.0007880470821500155,8.240290032519608e-05,-0.018868355117972146,0.01808923895996413,0.005949316335231648,0.0014160188947855428,0.00782678391268212,-0.0033925884761261526,0.0019008394788405712,0.002639489681549294,-0.0006757543231294223,0.0,-0.0004963967657432451,-0.00758086225138655,0.019593366741307287,0.00603943902904274,0.014249438990941795,0.0019170194458387499,0.011645182502373503,-0.00363793017013871,0.0031657298457855388,0.009597205780108515,0.10700942972424841,-0.0004037921285358784,-0.0007874373422433555,0.0,0.1056585281556659,0.014234066207845229,-5.9947372885365455e-05,4.237596629491524e-05,0.0,-6.473627498475506e-06,0.08480056830653422
504,0.10852089293849423,-0.006039584465086352,0.020999748560785063,0.7797251139715048,0.0009277333825216099,-0.06414996129411003,-0.00039423048767347254,0.006477819262699167,0.6522866480350284,-0.009967146685955818,0.0014309660024864326,0.000932736620534606,0.009861653500897136,0.005524804904693097,0.0037490899272739527,0.0014679458776552185,0.002182684762098549,0.024212991555658467,0.09844308463944268,-0.0016739911813049265,0.020837970070011785,-0.004257845557783889,0.027065337101701798,0.1564543639732433,0.002067992638613937,-0.0006826754502001577,-0.0034562501878928156,-0.0008685887594382402,0.00011636825635642834,-0.017043444265287158,0.017036117544618486,0.0065927120998146805,0.0013235680099997766,0.005159191911549107,-0.004746354800235559,0.0007519865925375939,0.0016009553258104884,-0.0010874364480210578,0.0,-0.0005140511540952273,0.07233160143923656,0.01027476095826295,0.005853520211964894,0.007854579601763074,-0.0016606547310648182,0.017640701683715558,-0.007056721531892394,0.03376613208180074,0.06280067559487369,0.02912942411251061,-0.00035757077760670584,-0.000647473905191596,0.0,-0.048506545176100105,0.014642027771382368,0.00022255503316861956,0.00010588631028144089,0.0,-0.0006578807077738829,0.28381359245047444
3088,-0.3186525425744573,0.019270277791677778,0.07337921518596256,-0.6969280802230281,-0.0006239632188770902,-0.057793080508505054,0.004188070728582068,0.006070465888224562,0.3380861229813765,-0.008450806502473996,0.002312391050426066,0.0036505258156270155,0.0056225935769808845,0.006832205270392785,0.014396761691071479,0.02031846862080425,0.01033958088382527,-0.002287265100939681,-0.005034894616055641,-0.016800941091334985,-0.05390517077794194,-0.004426421593929828,-0.02538117280909223,-0.019726272124745734,0.00746500604715301,-0.0011844616564708214,-0.020067681961042024,-0.0016864065067744684,-0.005132409111891746,0.07275443328378907,0.014965624496919922,-0.026705913198738582,-0.12749423050959552,0.007658652886029734,0.00233081857967164,0.0018796752653661099,0.0014468580656987818,-0.0012528447933195738,0.0,-0.00047178450507947276,-0.01565794258259557,0.011933708690655258,0.004010003378794592,0.006633951027057493,-0.010238915933726007,-0.01477193299381693,-0.015004593444402187,-0.024806257090583456,-0.03528528381905148,-0.05459439090824914,-0.0001768592111454853,-0.00039562360038924126,0.0,0.1591605606457246,0.015247290283225282,-0.0002193007926649375,4.410880769838943e-05,0.0,0.010146295061939046,-0.3635128343246417
285,0.17370407236997873,0.034370443226218864,-0.3417473917170072,0.8209893966448378,0.0008455180412336226,-0.1028570218267849,-0.009794474581533192,0.005035382892452922,-0.8253864268698933,-0.01420211059323187,0.0014934067601312046,-0.0003186491731283358,0.00905952102906515,-0.017576172621635047,-0.0015308221193230272,-0.013562416248479212,0.0003269315883480529,-0.01941183746165494,-0.0056220592165463585,0.0010635304577258883,0.02956359834262787,-0.004483431397605673,-0.02365553273591849,-0.013759873858396892,0.005542716626304753,-0.0015734756141088093,-0.007094666715060657,-0.0006771611033528647,4.73118084016688e-05,-0.020156866630322914,0.03994657776390948,-0.026167083732525288,0.0011294803564713394,0.0028921274229577946,0.0044072770156726015,-0.0010862424531024898,0.0018711236510603438,-0.0010340723695795417,0.0,-0.0004302272995797373,-0.01547911159793072,0.008752531720984775,-0.032969411159037496,0.013192910353059348,0.012310352191960243,0.04835806445217856,-0.009654923588098573,-0.03695974098408235,-0.03766526843840775,-0.009451845357238342,-0.0004239305959714221,-0.0008231715892467779,0.0,-0.12195018664033307,-0.06878235340556506,-2.542732852551752e-06,0.00010588631028144089,0.0,-0.0005250841738104945,0.41755975839269444
1565,0.07715704929363167,0.005742528545425158,0.04978042716643433,0.1913033326229881,0.0005256993991795839,0.11705285446935473,0.004247665000288173,0.006233138705710094,0.39061896732752655,-0.008873613280172709,-0.00177916294287244,-0.0006709549007793609,0.012404372414338468,0.02779417889046973,-0.006218895436635508,0.012122603099668727,-0.011645869833633169,0.008084954952358715,-0.00544287757586224,0.0025136293066184397,0.014055512316515237,-0.004426772371182563,0.013403607256875508,-0.02249060351495569,-0.02995800884157234,1.2514857319027762e-05,0.0021089308928248646,-0.0013958602880929803,0.00011636825635642834,-0.02260871270402201,-0.2551260389002886,-0.0038191695736397554,0.0012945585122307627,0.007829051943680932,-0.005112260710867221,0.0008168993571608781,0.002539836534734852,-0.001186283356901719,0.0,-0.0005505965901584754,-0.010196943280808324,0.019388187043914196,0.001345184161335833,0.010221492823063862,-0.009139887585919096,0.0022596035121897127,-0.003921529925274554,0.025918008217356073,0.0012431194001726199,-0.09318440772771765,-0.00044286030059243083,-0.0008484403917700218,0.0,0.10586552883375631,0.012819774608053372,-6.475165426511976e-05,6.993256874923913e-05,0.0,-0.0006808281507662946,0.0618382982192619
997,0.0954407829358921,0.04496673651802285,-0.18903993505655153,0.5245928617912927,0.0013948581999415112,0.19253250165134225,0.0482508478844459,0.004533777833736628,-0.2867646383389683,0.0016064482108435942,0.0002989473117355332,0.0032989130832786193,0.01797573618654963,0.03747367861577354,-0.002053470055124437,0.0042775256772563525,0.0012552751104012857,-0.0053972163682395515,-0.003584967200911865,-0.005627288793726681,0.022807774353060042,-0.0033631058915637568,-0.02791530871924215,-0.017458326999262832,0.014605219645588549,-0.0020816415530447215,-0.004525491673551211,-0.000736374143661118,7.588963105375449e-05,0.05686575487239884,0.030772257468839586,0.0014540711204030661,2.1480780070665565e-05,0.0032174111143213504,0.001069515942215058,-0.005532147952010166,0.0014227621568708734,-0.0011231261757769537,0.0,-0.00046597262664561516,-0.007673037459553129,0.0093500538730154,0.0013398641319939469,-0.15645952659310844,-0.03845315685469806,-0.033715347831071156,-0.003793184524291754,-0.03323178288855911,0.018479099950158093,0.029453545345094798,-0.0001550709000706042,-0.0003793455680574076,0.0,0.14244499748059652,0.002588862294191279,0.00023844725341618507,0.0001794114497912525,0.0,-0.0003912715119335358,0.20343427184979435
2249,0.06152444732085349,0.013930381578214007,0.013943380679245984,-0.2674626511912274,0.0005313204200385625,-0.15564980923304172,-0.00797872522605491,0.005819919573294943,0.5220384528464016,-0.017249361739669563,0.0065485321685555065,-0.00162374136099219,-0.03250676845880435,-0.10054565702093435,0.004440647233829418,-0.0196882308191145,0.0031023712506229283,-0.0022012724559667966,-0.005236812840413696,-0.00530422125412578,0.027985573393302342,-0.004683080745471034,-0.02450578289468443,-0.02190486040336369,0.003672066224135766,-0.0008266618777236623,-0.006353980602704633,-0.0006728777652437886,6.319434029190031e-05,0.07832529220359474,0.03391543318738575,0.01143788235414262,0.0015658326786951206,0.007001834552511789,0.006526574742367468,0.00385634716245006,0.001841093828430032,-0.0010816560081172955,0.0,-0.0006233799652351211,-0.013171584354764954,0.014377522886963883,0.001355789747479203,0.010364215632427435,-0.030270547330985515,0.005935476913841857,-0.01115371290389106,-0.09683218365949607,-0.01792293758193736,-0.02219053916702293,-0.00018577810340302122,-0.0003769366313231776,0.0,0.2584462574089051,0.016043502393211014,-2.873378745522854e-05,0.00012458346896899523,0.0,-0.0008919718609841362,-0.19989406985010655
3823,-0.04386815890223623,0.061300153579812465,0.18355427144450287,-0.3896678896060495,5.625817411918632e-05,0.24750497025851176,-0.08073913566724049,-0.3844739318043469,-0.0006650142333838304,0.023615491322479684,0.002756957020256081,-0.00048619531282670343,-0.03946686540528277,0.0822268633079926,-0.006697369590718348,0.013916774456417846,0.0076689692449086275,-0.0032667315868722883,-0.003216426071312787,0.09567742567300447,-0.09807830171873305,-0.003629244859819435,0.046947794653155746,-0.014067350284735576,0.003963266164774822,-0.0005244126101685141,-0.028928982082704103,-0.00030212060044324364,-0.0017040882663705546,-0.011301635549298767,0.01741292755361376,-0.009106405982840718,0.002074571942629537,0.007616894323836633,-0.03831223989173795,0.0036743805942889072,0.001678643540236164,-0.0004034795322665708,0.0,-0.0003039313058144342,-0.027243288330474926,0.012371933202932922,0.0022231277971880583,0.002830593646264921,-0.038145447367594724,-0.033191119049723106,-0.017802610956654658,-0.09484442689887737,0.018837091415709238,-0.027611186197378637,-0.00025691740672216534,-0.0006235615159341794,0.0,-0.10382058028887133,-0.001793900119598741,0.0006855327398627436,4.23044786957464e-05,0.0,0.009348090148710802,-0.04881038995475403
2388,0.05260283143980345,-0.008377829630488118,0.025534896625733324,-0.42927840156917974,0.0003439249688176832,-0.1522791778873032,-0.009169026063047389,0.011061044597616674,-0.04101330492854379,0.07615112217983293,-0.007068338851811647,-0.0008903561211438383,0.007999427383862922,-0.0403070419842627,0.0006128365876908693,-0.010796838742013277,0.0035055206568739574,-0.0029622140037411644,-0.0063399842204253576,0.0017504771643716544,0.03689008679674675,-0.005005713142023233,0.055112721086310046,0.3453262612410913,0.0019106318348152767,-0.0005873589697605856,-0.0022030016024596794,-0.0006426903691704487,8.027411512829616e-05,-0.01341731423716076,0.026521362523512178,0.008087465959845374,0.0016659559865404218,0.008494234804867547,-0.0014445820286644777,0.005679343337466365,0.0024848360751965827,-0.001087976609776496,0.0,-0.0006260198886327778,0.10826405755414037,0.016695407193445273,0.005754093710270748,0.021975147956876512,-0.01741907080955048,0.03594986254296107,-0.005625959378274284,0.09179980244154191,-0.0051433638875205846,-0.04183816827597902,-0.00042301434411056354,-0.0008128454858142483,0.0,-0.06339679033321571,0.0757882808054672,0.00012431186986907745,7.285373461944912e-05,0.0,-0.00098855684548483,-0.21672588831578618
1653,0.04504965035399182,-0.15508220361852262,0.23216230661263693,0.022188679565940318,0.0008855482636431507,-0.1403435733307455,-0.005834319002349272,0.005782072360650823,-0.6667734568532018,-0.019064208853665877,-0.013281797830843352,-0.0004843581343340198,-0.0006175246237075261,-0.014894469053179909,-0.06587396025317557,-0.013713581461903787,-0.0005485544640330051,-0.002229091338146887,-0.0040200232313342965,0.0921969773920542,0.03298040386230774,-0.004860593662130424,0.06150728003516865,-0.02308552529767354,0.002505974834021213,-0.0007037181338606156,0.024748619153785394,-0.001082103687413993,4.1974935905454415e-05,-0.004398366259127428,0.044749839402715236,0.008798142799942598,0.00111622632187519,0.008219225652306423,-0.005653741071068227,0.003393409530928326,0.0020103265775471522,-0.0006959527788474417,0.0,-0.0005403832366105411,-0.018663328580973818,0.014352984584925435,0.0013357940657448824,0.013783133670812346,-0.008482248619132897,0.0394406254451577,-0.008657020411961333,-0.1389790290276537,-0.07812105499449508,0.011331642350286497,-0.00039257993831768434,-0.0008231972632602012,0.0,-0.14372111413575492,0.06966745778723024,0.00012175772940007966,6.566798740165892e-05,0.0,-0.004019613248913321,-0.02340931260655733
2962,-0.16300497988103427,0.010292982205716263,-0.14668873014413403,-0.5138517549088553,0.00021135361894211572,0.06658783968244496,-0.005876818325606845,0.006398608593250345,0.5255708336457039,-0.011668119276418379,-0.011080224874162423,-0.0002496680822091893,0.0018669724868620467,-0.04200193536193455,0.005955359972419875,0.013353956359851132,0.005063117180666399,-0.0010119631097259237,-0.0027274648771338787,0.005449274749096867,0.011168163728410887,-0.005069756985839478,0.0193736942272757,-0.01927089861684604,0.0036974841633507474,-0.0003574217139191414,0.00496183861162753,-0.001151831847715692,0.00013709988137757364,-0.024586607766242937,0.01854108717643637,-0.0073634513788931625,0.0014625089016871743,0.00921737268109835,0.0006196581937260523,0.002586215102394453,0.002222114822638478,-0.0006613669931567758,0.0,-0.0005727310659806739,-0.015752356606902284,0.01591412365284361,0.004260973412347609,0.009294892849774326,-0.01848797212921921,0.03312147348132225,-0.005594945494357014,0.04749747501206539,0.03757278853893998,0.005157592507196213,-0.0003268922316641502,-0.0007757490584396984,0.0,-0.06863038256915559,-0.20835178267123838,-0.0003198151491404641,4.23044786957464e-05,0.0,-0.0010076428613338521,-0.23403923074592484
2113,0.1286378072258122,0.012254931859770033,-0.04805427009997803,-0.24547287299000334,0.002086103558941504,0.20242687969099676,-0.041051317227938644,0.005072948090205195,-0.654282971353173,-0.032489008329552614,0.001086532718833788,-0.001025244397707703,0.01410041262337988,0.016471354615046358,-0.0038576070138190404,-0.009734117703894067,0.0024995805723757652,-0.0029303916935407358,-0.0042713295330062285,-0.006822141760424745,0.015424443145817228,-0.0044848808268883504,-0.0052849969233123364,-0.02681587103200297,0.015991354404934544,-0.0018202332859187027,-0.0015132054913066053,-0.0006861271549236621,7.588963105375449e-05,-0.054657216911462296,0.02594337530887763,0.00873221691954172,0.0010423682280365839,0.007036200342193378,0.0035809206746820785,0.011762895571695842,0.0024238040653275896,-0.0007266077146723569,0.0,-0.0005437056467727996,-0.02445701901394248,0.015599567482120972,0.0014432718256965195,0.010855837881134813,-0.004280946987271821,-0.003928068531514745,-0.004150611315798208,0.09165398150382226,-0.04391345465330842,0.05358186761879315,-0.0003384563020942744,-0.0009640333379605012,0.0,-0.09987723522372602,0.024537284280199183,-5.023596854496267e-05,0.00010588631028144089,0.0,-0.0005019226300847415,0.004818772271547447
2360,0.014555858453539013,-0.14528236284920001,0.03014880300834576,-0.4265743469603266,5.873767040808346e-05,-0.052203307016475096,-0.018534772291719178,0.010172994569200641,-0.08103605526389075,0.07105839093493406,0.001972602256039482,-0.0011276040809744111,0.01915365978625167,0.07602547853779548,-0.00034594389882132865,0.011183702134053421,0.003911925011840302,-0.002870673074547986,-0.003979088949451877,-0.01037289712810872,0.03291081643368447,-0.004698603796187792,0.05038771375351843,-0.020558928679143048,0.00681431801819002,-0.0007793105393060982,-0.00933414921389442,-0.0011002471146003554,9.928848152003247e-05,0.008799330306528593,0.04422221284695308,0.012468266649573925,0.0018470968253605654,0.008468117415655289,0.004548176376279648,0.007079504520689826,0.00243618633183228,-0.0010906976753173895,0.0,-0.0006107290752321285,-0.008503583274600513,0.012927717777104702,-0.03568320302352518,0.029297058376586037,0.017084282103050536,0.05956598587499508,-0.013916774864850606,-0.16747243332883482,-0.017299059146594842,-0.03408293235505277,-0.00018514332970528006,-0.0003665252101009522,0.0,-0.09852251579318375,0.024723609913577138,0.0019139644021048023,7.285373461944912e-05,0.0,-0.0014292557656154618,-0.23219909258366725
587,0.1356343477833607,0.058541713992170424,0.022015990977375704,0.868441519801021,0.00127022790822176,-0.24864727720775287,-0.1156164476115954,0.004540102325620366,-0.6431079558833456,-0.011306655898707602,0.002556825836157073,-0.0005276816933849626,-0.021444442684861197,0.009437246960804311,0.025875603120167234,-0.01808517179025011,0.0025499232960306067,-0.013659576599739277,-0.005108670690907042,-0.004713603287106903,-0.10252021840605141,-0.004996194507731347,-0.07306909235512302,-0.02699344512846674,0.007696798663198002,-0.001879210914246971,-0.01601910668022087,-0.0007894621308499444,0.0002886935226144044,0.013421378780757132,0.03372740141546146,0.010835885542945957,0.0013391590485895457,0.005255426263844177,-0.0022028951184527006,0.007240888575119918,0.0020538226533828676,-0.0007059813414143674,0.0,-0.0006349154477339049,-0.01671007326270703,0.007711873462640844,0.0014886549666049862,0.009597183991962258,-0.027262677512100635,0.018807769879551142,-0.011289963828458514,-0.05335572122210551,-0.04543443611808014,0.018805566331271905,-0.00043217194628725674,-0.0008007595902458437,0.0,-0.13896832497991332,-0.17357309349657893,-0.00013750218274866303,6.566798740165892e-05,0.0,-0.00011941874283540975,0.3188616551127042
3623,0.07241852622639583,0.129400140739387,0.20096612546597373,-0.5463255275460547,-0.0019304859789706337,0.4168064833210128,-0.03195658474057453,0.010367645808899411,-0.40403871916704726,-0.010786708243664601,-0.01843968451951149,-0.00041335637819244,0.01688132032981172,-0.0738396814964291,0.024628052565592716,0.03420523068848991,0.008183635485556236,-0.0009796721085390027,-0.004139975004132039,0.056815125885301555,0.01811319795668784,-0.0041782261904630535,-0.05732481013152775,-0.00746642935954651,0.0073080411047285335,-0.0017812996457491114,0.18577225383412202,-0.0006655891557150657,-0.0006682117919158485,-0.008418719021754322,0.029432053576082893,-0.00839426494698243,0.003246639743191533,0.009980317526973564,-0.029641472903340852,0.005386246133274658,0.00239939264892782,-0.000533969445655871,0.0,-0.0004965386021993809,0.26309495734809485,0.0137393477236966,0.0028639182121998658,0.006180243052153818,0.018514427522769328,0.05289999945094687,-0.007672290484623353,-0.05603816421497615,0.011698032939505441,0.040818138234989816,-0.0002956867562846952,-0.0005585680500881688,0.0,-0.08230720627506968,-0.14958291617536829,-0.004197562070957881,4.23044786957464e-05,0.0,0.0235565479837377,0.11984431025960078
3112,-0.20343147239794993,0.01983367333512669,0.14298596077501524,-0.6450825303647475,-0.0002618822770170966,0.1042324625824972,-0.41190046788665086,0.01027216000281768,-0.07421145372900056,0.03166616367235535,0.004134567706857148,-0.0006704292876153402,-0.047951307182205104,0.015543602193197368,0.00221136974238566,0.004068484262646715,0.0034882571551872773,-0.002782700091187705,-0.0053025296258309915,-0.004850646757865887,0.015548630776466121,-0.004408354830181449,0.036182515400775085,-0.034503873394048264,0.009796182393609762,-0.0009579636289944451,-0.02289233990045425,-0.0011748270847745886,0.0006754271359766122,-0.15503412685606688,0.027283260728750352,0.008571853936203206,0.0036734997702159216,0.00924480580182001,0.002134723391979422,0.00786152207676543,0.002011327842645179,-0.0010127799368621956,0.0,-0.0005477798068877469,-0.01671200199867215,0.012281979382809461,0.004968103642875065,0.015037764997437494,-0.040450828565152905,0.022609162809949793,-0.01404269611232537,-0.16780287031508095,-0.0031438538531491818,-0.07031769095251378,-0.00018519036802949954,-0.00039531536477036125,0.0,-0.11488430413187975,0.026999530297448913,-0.00025449556114427106,7.285373461944912e-05,0.0,0.007999577884882179,-0.35341923975709605
378,0.12727113954999172,-0.016143321786770425,-0.0626531947480183,0.7520271737290254,0.0005130462725248594,-0.10557666441378533,0.012219689034158711,0.005469611290028109,0.044767062399384855,-0.013233400563589848,0.002661292761703471,-0.00030033921794276903,0.006907812156501083,0.023999024469506226,0.0066518308842332214,-0.012356600193601372,0.0019934993987139964,-0.014166410903760378,-0.004626454214727795,0.006078922745086939,0.035240990551846485,-0.004750023439344741,0.016043599095045127,-0.02111920741027649,0.002967335488984206,-0.0008170115595148555,0.04726229272347608,-0.000907475859879286,6.319434029190031e-05,-0.018438282275466178,0.03326658300151795,-0.03364995598593374,0.0010493030725447086,0.006456437377652893,0.0026890968486634123,0.0034588904052803514,0.0022311258226720685,-0.0010744605119975778,0.0,-0.0004937674253388963,-0.013082314053698672,0.01134000026419843,0.0013948270817362315,0.011142445135252073,-0.04102660669542097,0.0031137859049368815,-0.005301935387549783,-0.04432595300550414,-0.021987389018006176,-0.031090833201766515,-0.00042147235436615176,-0.0008304597527495489,0.0,-0.09326357251029316,0.022432054375386375,-0.0003515559822377922,0.00010588631028144089,0.0,-0.003573059587166108,0.3644760616057454
2613,0.021704688757778135,-0.012279906906093952,-0.038132909750654975,-0.569917084041649,-0.007655478723266727,-0.38323458725799014,0.04923050255918672,0.006232397875425511,-0.17279716887835117,0.03156170335703769,0.0019292921985542694,0.004571928715742162,0.009739435521337006,0.011520350175940402,0.02542359800026577,-0.03435671750506858,0.0012457162778140058,-0.0033134847165243045,-0.005651141957247636,-0.0007251109308790449,-0.14280799062531646,-0.005368000848263276,-0.060897391293061605,-0.034805874694292124,0.003722621031274966,-0.0006736303928857511,-0.0065014364744083964,-0.0010174701775107235,4.1974935905454395e-05,-0.0046162708825151395,0.03615837078066092,-0.049025772168354916,0.0017946619267672863,0.003786753877501744,0.0037293816793318077,0.00806914915859704,0.0023803208373773246,-0.0011062394197615289,0.0,-0.0007494967276453613,-0.009547901630399775,0.015095784988799222,0.0014415890241915922,0.027527654825551282,0.03634776416470548,0.05584569719012475,-0.021571930060992776,-0.08325101700582356,-0.02199703422840727,-0.0886089640014414,-0.0003834033872676138,-0.0007983330153515727,0.0,-0.14093627471660594,-0.2404837382281195,6.38594128863012e-06,5.41565759318948e-05,0.0,-0.00074838660197752,-0.2477506456509243
2823,-0.17026018629793044,0.03939425387648243,0.14831831199545759,-0.3699583438483701,-0.00040294578066211886,-0.11911144358780036,-0.026824812308899063,0.008030140435116177,0.37775737274876486,-0.01638970155441736,0.00512464778388432,-0.00034061236121475387,-0.014142664386076234,-0.02957488628373335,-0.047629399330930335,-0.0037210217208148515,0.0038012173786960745,-0.0012144694049658902,-0.0044576896241885645,0.0036387994042304085,0.020175530449032086,-0.005502300775442161,0.02511239786002783,-0.015978107495718315,-0.0006474019854717807,-0.000984566773978014,0.002143780219767962,-0.0008802383154020376,7.814782750397047e-05,-0.02019720939582189,0.013487723025392181,-0.015864948434806833,0.002293479883607793,0.008089157637343355,0.0013051415177736335,0.004258571907417733,0.0022256302186109546,-0.0006594494240796924,0.0,-0.0006287307316245118,0.10084958587284691,0.01523310388123407,0.00402080044766831,0.020778753498340154,0.009500711549266886,0.041920184479220426,-0.01648952430799223,0.029283068861948668,-0.006190249652226995,-0.35421251209084803,-0.00046167674596899437,-0.0008709101285482276,0.0,-0.0756122277612361,0.08116318113788624,0.00044372560182336345,4.23044786957464e-05,0.0,-0.0036623001550151447,-0.17440574276028203
1180,0.055731332965477706,0.057113635254316335,-0.12277409510803143,0.2722187766282881,0.0008061710764810481,0.09966865126430992,-0.003837138422935812,0.0059977844530674585,-0.6794106892257225,-0.008667226042429234,0.0009131161339500334,-0.0009810537250018873,0.018270490037928463,0.03856347787404776,0.004867742655958157,0.004933728676933071,0.0012533400213887646,-0.004671311079564674,-0.003673186056336082,0.004278140122340151,0.01879179685227459,-0.00489377240425294,-0.028492947471622187,-0.026317449753315826,0.011146818367097161,-0.002372474398823882,-0.0014851637419876055,0.02576363872694787,7.588963105375449e-05,-0.03678453255344534,0.04024236948821765,0.013324516874665095,0.00031717365601020896,0.004534479946397492,0.002528911947167543,-0.001633041680099813,0.0017125604751649938,-0.0010159157438377243,0.0,-0.0005721757520950498,-0.0162205609918548,0.012649898187294338,0.0014051386916354642,0.012294242530582698,-0.004965122856575664,-0.41241827071431963,-0.008517895093099,0.04491500033425568,-0.08471129499702908,0.11252054956128545,-0.0004904614339361833,-0.0009003601026769611,0.0,-0.13905113786385462,-0.24667862389491257,-5.043598596143425e-05,0.0011277088620342726,0.0,-0.00045448286473497354,0.09377968178273549
1323,0.04924614903404621,0.048557956024395325,-0.04801983305999135,0.3112459648918212,0.0016394929471686272,0.18372225380000567,0.027809653468799402,0.0057625746259999675,-0.35525503466885033,-0.011025455270737764,0.0008919717334744088,-0.00040233835282326244,-0.10390295182174213,-0.048444383197598084,-0.00242738290517551,0.010172875102673659,0.0026719589350957945,-0.002733366388465304,-0.004127161977063593,-0.0013045716855843374,-0.11408232367027894,-0.0038644980038567696,-0.0014599934486638725,-0.02119243060860766,0.011709619206982422,0.04170200991280351,-0.001092734500953921,-0.0005952100817107891,7.588963105375449e-05,-0.030627167380371047,0.029515948395900535,0.004322950475000015,0.0005163909057383379,-0.16669356374037364,0.004466870317153181,-0.001932673107867103,0.002043732713683189,-0.000940733421273421,0.0,-0.0005793034935021261,-0.01585927219040836,0.014059852200003558,0.0014257419562950307,0.009570769357270961,-0.054409268234034316,-0.01526466529909476,-0.006130223866756569,0.053365952836760135,0.031486569193987214,-0.07941940360802091,-0.0003819774176952263,-0.0008447832771995216,0.0,0.16488776931484186,0.007428616696472322,-4.7178379895703364e-05,0.00010588631028144089,0.0,-0.0005971228031618369,0.09719850913910388
1056,0.11134879643518653,-0.043678205385685086,0.1840929916802483,0.47920998405131776,0.001266760929792121,0.08730539096031355,0.02627361493944252,0.006231129458718476,-0.4919255306204905,-0.009788827362531916,0.0012629310523607404,-0.0011466772738094172,0.017376047823735384,0.03297091827601829,0.011009235835429176,0.005174604420908704,0.0020635978591734766,-0.0030189158401542886,-0.0027446558211728844,0.006930438673238035,0.026065733159530088,-0.004075727652495067,0.02904685366793207,-0.017753611650786545,0.008185747844258441,-0.0018529186179815004,-0.0038086627091512316,-0.0006676798263614318,0.00011636825635642834,0.1083800607922818,0.03670626168147675,0.012513706432916438,0.0014167396337291622,0.008856391121924639,0.0027432497109013223,0.0037444000608550113,0.0024277179304388764,-0.0011263153378261448,0.0,-0.0005723678490147893,-0.009034609642093714,0.008866217891797448,0.0014092941108019962,0.01096360101987323,0.0100777165805545,0.023920905120372198,-0.005677432375897084,0.04080896723448619,0.14959228044902395,0.023580969506304256,-0.00018332740740354878,-0.0003637320340853693,0.0,-0.07880665957834326,0.028342321977963044,1.0316025948406832e-05,0.00012458346896899523,0.0,-0.0007663732785036754,0.1815926095778903
1079,0.12598218748985324,0.08156580205063572,-0.026155688464119524,0.4292154901064027,0.0008377899889922453,-0.24848466205051814,-0.006358321941897444,0.0052230994463955405,0.0809715746705446,-0.008952515352231316,0.0027403110059561852,-0.0007492923371215782,-0.041269849485354525,-0.08039705689763291,-0.007084619678647768,-0.030865568161538483,0.001987166800650568,-0.004462437746081182,-0.005357607149579951,0.009697575094229085,0.034964261061903736,-0.0050636252917631835,-0.02376159237125253,-0.020858099402205052,0.004018491258337928,-0.0010742802214000662,-0.006247074052075633,-0.0012564329448121476,-0.00039081583885135484,-0.03200036955699706,0.03653547335298684,-0.039428394371037324,0.0015703445630406846,0.00806000243423206,0.007769826121160463,0.0035095397482592717,0.0017857727358191616,-0.0010435568068173158,0.0,-0.0006494629444167688,-0.015119834711654782,0.013540490786241713,0.0014435740870119222,0.013788329756321577,-0.020562200347629653,-0.0969691493282949,-0.012467706338054142,-0.05443286441407178,-0.04847672960534632,-0.016446312526044757,-0.00042521704350442557,-0.0008367606532987902,0.0,-0.11325351591892312,-0.09219924421169394,-3.324305821637734e-05,0.0006261337456477523,0.0,-0.0007759427201069405,0.06766721321583143
561,0.17357884240890356,0.005294600642644712,-0.05803287728027717,0.7062602103013312,0.002379781702067638,0.13272647260049808,0.012679107836467902,0.005398438076494865,0.316706364591717,-0.00612031727821829,-0.0011444487883800554,-0.0005122605707672739,0.019991670465871424,0.03284071517151644,-0.0013257465170143858,0.007151150353185839,0.0011599472801613509,-0.009400250403252474,-0.0026201646291271687,0.0006133525312255897,0.01513981380268496,-0.00402844853115812,-0.02266660983523244,-0.012734819548756932,0.006386287727762139,0.00042939173047783897,-0.0007614491641783804,-0.0005142256404421405,7.588963105375449e-05,-0.025205137108638337,0.020581511920450952,0.0028555988340997207,0.0013331416537186486,0.004747539468009411,0.0006221048804839123,0.0027446135102077284,0.001824060679959247,-0.0010757324241225431,0.0,-0.0003832109458132468,-0.006880729234264246,0.010227385247175697,0.0012234027089739405,0.007809740848835016,0.0068334212075932136,0.019335032911308274,-0.001889909256560885,-0.0411212596811911,0.07084785779743726,0.053558142829532814,-0.0004281037334521321,-0.0008174639120053054,0.0,0.09312303788769462,0.020961228340124337,-2.6129457618575114e-05,-0.000314503996187647,0.0,-0.00048619524703873786,0.24042903393185003
2616,0.011387733583748621,-0.07038897498859928,0.29301449779585126,-0.3892996865635116,-0.00035504223208950134,-0.014104780617601113,-0.06027206464459374,0.009449752836046817,-0.09338256883427042,0.018095846616273708,0.0030868091418305454,-0.00046522300521197036,-0.01857248856322233,0.03807287369588132,0.023819158371549753,0.01341242107168169,0.003914088751478882,-0.0014570400492028128,-0.004446044488691658,0.012295963656874803,0.03155557873304269,-0.0049853939054988385,0.06649674925588833,-0.03676463480303479,0.003244231128407217,-0.000882009305652644,0.09200735279006932,-0.0013068479950862114,-0.005572306149058743,0.02842974197815472,0.02713122506283614,-0.02912656446771943,0.0022901360692068125,0.009473571812366133,0.008375540260442205,0.006856439208933282,0.002436221969863041,-0.0006676249753747053,0.0,-0.0005695929611454087,-0.007013255215092181,0.01602458127763169,0.0014903928541941545,0.01853577221589016,-0.017545793246618088,-0.0023878497176442297,-0.014677318074660634,0.07742432419575082,-0.0007552711003778093,0.0011487866204505386,-0.0004241151533575961,-0.0007784663295509332,0.0,-0.07765382886018449,-0.0034880154904242495,-0.000190599802114182,4.23044786957464e-05,0.0,-0.0019042845983854829,-0.22165123031920853
2833,-0.12110401524524833,-0.013745342450876536,0.10052113516397214,-0.416196805719144,-0.00018042396007443914,-0.035719694386720895,0.032241718275996784,0.01051542521625025,-0.030410080329173025,0.016882132398457268,0.005599302986605839,-0.0003678445309826922,0.008043294030466787,0.03298135742373427,-0.08882855406880961,0.00782584918175452,0.005778931622102615,-0.002267355673748612,-0.004132222695909332,0.0027313279075893036,0.023221218027979294,-0.004807252790394599,-0.024426335330501144,-0.02248387670580197,0.002608634936325257,0.0001265546371221378,0.003904281866452813,-0.0018243549875643838,0.00017150155320217952,0.03546101148972548,0.026200278606001503,0.006431435318260509,0.0023244894720521217,0.0086549225370955,0.004311883505387462,0.0031883637762730416,0.002084376800706668,-0.0010807074927700754,0.0,-0.0005946328447335183,-0.011930373501739863,0.01102883564745274,0.004384475853719237,0.015281534666210083,-0.02855602132855495,0.001073342814022197,-0.008145698895557133,-0.0026583345757104407,0.02440740431896846,-0.022480381091527432,-0.0001869302965232562,-0.00037734399953211466,0.0,0.20160141483938282,0.01887519471501192,-4.670911224430845e-05,4.410880769838943e-05,0.0,-0.0005846978229685039,-0.2612564653267116
891,0.07127793859719429,-0.008340057471262362,0.0911896377347543,0.6496488357251451,0.00045140187245493646,-0.05745980524119898,0.021339000936618367,0.004049955577171083,0.6267954755699635,-0.00888296258892067,0.0006414993468524897,0.0012709991072152817,0.00839972901959273,0.028179569578829326,0.014616739968178779,0.009280345640607528,0.0026442145380352793,-0.005375559173886022,-0.006240710487279294,-0.0020996587945274372,0.012234235412483486,-0.004312703390887071,-0.04766132582269934,-0.02094158012620638,0.003406285339112818,-0.0008171353627051411,-0.010797955022858073,-0.0010241896642443538,0.00011636825635642834,-0.023584621049403703,-0.18510987553709338,-0.005843794827993504,0.0015533352963710205,0.005054212700246196,-0.00017816328678569405,0.0007406569330981956,0.0015834921505308481,-0.0011121995420818537,0.0,-0.0004893362933332557,-0.011619884797001207,0.008960402658720109,0.0014037374634494322,0.006930733895514755,-0.010936965987047983,6.35883232351618e-05,-0.007924516425868158,0.019800998331537197,0.009086816499078325,0.004324729898468417,-0.0003994221897369622,-0.0008389548629029954,0.0,0.10736662307648541,-0.012608339231724735,-3.175203743554107e-05,6.993256874923913e-05,0.0,-0.0006674952818619467,0.1731329431121418
3039,-0.12351086363096503,-0.05392541916620591,0.013643680285230955,-0.32677109863514925,-1.5061068544527554e-05,0.08930765524790027,-0.007539782792492371,0.011661553498063398,-0.07843822707345147,0.04571930530738086,0.0033759384986507776,-0.0003246245095668869,-0.03647372917140523,-0.06494014772871234,-0.00016912787460079875,0.0016415654365030245,0.004141851272877026,-0.002333733292144817,-0.005686696688658496,-0.010275289196123394,-0.11727059032139996,-0.004487041162395749,-0.020172601470434044,-0.025433014826798148,0.00699521971888509,-0.002193834967278664,-0.004268678223068511,-0.0008137761195216241,0.000467007728490504,-0.03020901927292459,0.029524321617768162,-0.02137744088859359,-0.06829961918183705,0.008597998481467528,0.009287671370836468,0.004116572247789532,0.0019438985885927764,-0.0010352763284507446,0.0,-0.00047808482473167026,-0.016860803657798414,0.013589566773337284,-0.13695026104292052,0.014768020312114568,-0.0833725510711468,0.006833396139786027,-0.01408145659761319,0.0790152247509427,-0.39571479610675553,-0.03652630135513153,-0.00030486076767509266,-0.0008596274757576736,0.0,-0.09784990726057934,0.041582966946448106,-0.00025146920908306525,5.41565759318948e-05,0.0,0.013895595862474831,-0.2646688091626842
1715,0.15835155936743633,-0.005377645463066012,0.1472593887088555,0.24451072809415555,0.0006697881084535895,-0.08861908595934248,-0.004846066883001801,0.0059447118549572665,-0.6515016055559684,-0.016623790528093263,-0.0036094309656428173,-0.00033800219433963803,0.01417950809701811,0.029250349738703885,-0.01637450576581174,0.005788587342205703,-0.018522164603876852,-0.0020181505504692407,-0.004748790195500605,-0.0026599459653824614,-0.10253832910336773,-0.00491911734947704,-0.05585419976776715,-0.03364183416264955,-0.028106072565752115,0.00028787944167361245,-0.013103544008317805,-0.0009713718237892311,0.00011636825635642834,-0.01981763154443521,-0.24963627045553707,0.00024608586004390355,0.0013758173315689415,0.00734806247557639,-0.006830598883956143,0.001092275602273747,0.0024547477884372003,-0.0007296682657674338,0.0,-0.0005817834553666899,-0.010472371536248618,0.012504893551442705,0.0013645941886616711,0.009157005843704878,-0.035009254575345476,0.0011456174051900807,-0.009136323197757949,0.06457943277382269,0.12980165843998284,0.0781072855889697,-0.0004541901609835356,-0.0008968884779964658,0.0,-0.11124834468807865,0.015334240407352703,-3.0573326031517085e-05,3.209375014706321e-05,0.0,0.0014434368511466696,0.11001253142340443
3859,-0.3078200309444916,-0.2727582844083563,0.2945817803798385,0.7088588888636352,-0.011953393981982452,0.7856111080552167,-0.09461894229010011,0.0051997845012039575,0.7145183620565403,0.02135641396797559,0.0010981910031880866,0.0007822424113067486,0.025827449139579014,0.1045472003975012,-0.02705524576174662,0.023866836914900318,0.0025712719881492386,-0.003031012089438059,-0.002322537600780882,0.12252017913629804,0.01998737124338103,0.1394187642321066,0.048768675262414,-0.008859852087230937,0.004475247349984229,-0.000410129063052684,-0.03666421740110367,-0.000528052393298754,3.838101502092457e-05,-0.024276235846327487,0.026919726460206045,0.0034004870864790477,0.0028665827218376833,0.00836874563436366,-0.0029450823141759265,0.0028763545061169468,0.0019086710150385553,-0.0003035894939097022,0.0,-0.000176929170641493,-0.009140853436582927,0.012052786960882963,0.0035920414442675405,0.008262507467894758,-0.0340186961194037,-0.007240550875625444,-0.008344492381107701,-0.051836257235756404,0.004416806390699583,-0.027543455337483966,-0.00019026870048483713,-0.0004299667082017533,0.0,-0.05985186533023313,0.08528163408355623,0.0002678833569397747,5.885286188706683e-05,0.0,0.007134980583483802,0.07797692454076564
92,0.09015324027314224,0.05844012571724464,-0.0069262179161209084,1.1535563679405652,0.0007511277978798557,-0.08880024061774819,0.0076790860249082915,0.005061307050111737,0.8855844546424817,-0.00945655011473167,-0.0030619349531288793,-0.00016326196595030457,0.009095853733223847,0.018188781231936468,-0.008541272750757252,-0.008252759944981598,0.0030188501652171676,0.026322358459952785,-0.004314420412687038,0.0012685448185292298,0.017591116071021595,-0.0037489894610973898,0.015003044782212496,-0.016579804458593136,0.0012584369848347562,0.00043752449576187335,-0.0038445911226335427,-0.0011991303686497883,6.439158323806466e-05,-0.019277390629460503,-0.16252085339917338,-0.006137018147845249,0.0018921066400766169,0.00360110684456455,-0.00018514485247751408,0.0010632314007800558,0.0007287777582462979,-0.001042551019474065,0.0,0.02220249047585888,0.09631674204335043,-0.21575272088652295,0.001294804084797982,0.006792647603825228,-0.007532526585450569,0.026930182263582823,-0.00488792416525777,0.013433562440342483,0.0027492194182084356,-0.004548366004024143,-0.0002845687909775286,-0.0009358558134720939,0.0,0.10071282632838834,0.004584775902660887,-0.0006506605732282837,-0.00033622029054632114,0.0,-0.0005255358135935021,0.6742482301776193
563,0.07057400614605461,0.08929910324930543,-0.013674984022981427,0.7008450602718149,0.0013741150307554162,-0.10283457536887004,0.0027393274368964775,0.005272594027584867,0.07132959043429564,-0.008830177316485614,0.0009006214116422355,0.0018617118586294363,0.010366981054973062,0.006969905276376521,0.00508029309378215,0.004703698362534458,0.001957227597077095,-0.014219129187669873,-0.004734302923769585,-0.00024288015153187836,0.021239675870283862,-0.005075568495790552,-0.03787414667176701,-0.017890511285886198,0.005043646652443778,-0.00048431895697623883,-0.007502851182435739,-0.0011494619383247847,7.588963105375449e-05,-0.028038609833704622,0.03145866012381029,0.009527296410496138,0.0024538731833434473,0.0051970379183618656,0.002512386302645415,-0.0038642383754170563,0.0019395608191389508,-0.0010724934481604856,0.0,-0.0004630571729752738,0.07468583034476638,0.011569817871536351,0.0014038967395050758,0.012142065796477029,-0.007875606500553916,0.022634037353759424,-0.0076303493178078744,0.042030003827795065,0.0014781325321731587,0.0024765477319188753,-0.0003866690065331547,-0.0008207853761307194,0.0,-0.08208739946155467,0.01390079736615777,2.6724868311206252e-05,0.00010588631028144089,0.0,-0.0005679173803050448,0.2608408423851273
2991,-0.021046456323031773,0.22007829388672245,0.042149087554572896,-0.3308711354931547,0.00011788073404922196,-0.13886821622540693,-0.0413366863854978,0.00919556971884555,-0.9494006957607247,-0.0260789765663811,0.005782822795951055,-0.0009094023711318712,-0.046978295429171785,-0.12141766823589135,0.005066082307408661,0.027241389027028114,0.0047434659009348125,-0.0019838239614163363,-0.0038347690983109996,0.006476876149273119,0.01974824506803731,-0.0054086021231287,-0.008008879799841771,-0.033223131619646434,0.007452134889100595,-0.0018990799286678767,0.000802656122917128,-0.0009538368326154005,0.00013709988137757345,-0.032033426308114794,0.051506839986239346,0.005853874812505074,0.00258292122818352,0.0060524371469687765,0.013726095345429358,-0.019449992278926652,0.001956168973982425,-0.0010252228439008868,0.0,-0.00055419897544327,-0.028087386958997682,0.01320792544763897,0.005576078074997337,0.006486100430188847,-0.0041284634818720654,0.061681730495469066,-0.014485619686874791,0.23683691934462983,0.08330727884461003,-0.003199429405910094,-0.00033991127976441235,-0.0008044839483332203,0.0,-0.1064053038617138,-0.12207284820361888,2.970323149580237e-05,5.41565759318948e-05,0.0,-0.000723070539676065,-0.163035374728168
2442,0.07983366395547968,-0.008525708489923208,0.04311088345541164,-0.42776119895813935,0.0011952753901334264,0.19511430805717275,-0.002712301933559977,0.006563485415333459,0.5268465912491463,-0.01194841793282554,0.0008533922563807622,-0.0009917768527382446,-0.042822627879836775,-0.07826711591599796,-0.0013260630650048506,0.007838971149312432,-0.014222535365741197,0.0023225035252990352,-0.0051488589263406544,-0.0004874718390168358,-0.05621075563271999,-0.004672619690244955,0.008502592415117137,-0.016348426337972028,0.005673777853897142,0.00029547296143580203,0.006512552480904319,-0.00041188249354875153,8.240290032519608e-05,-0.022348852793209716,0.02184283796291993,-0.012237116747616166,0.0017255816440218334,0.008499429721749496,-0.01885975460833721,0.0014702312826180136,0.0027560881724146445,-0.0011118591741024028,0.0,-0.0005920192576010415,-0.009916117166087268,0.015612134748047875,0.0013621198318186623,0.02031767574362276,0.008462452361098336,0.023552394312730058,-0.011393802516633944,0.01669016140201805,0.006097365444419399,0.025243203531993403,-0.0004214194674972185,-0.0007958319802971017,0.0,0.16008895463826747,0.01374212546397363,-4.849698911403752e-05,4.410880769838943e-05,0.0,-0.0007954982691738886,-0.2452958637234666
2713,0.10516960898128883,-0.01920251238600401,0.02990598174024517,-0.45609277007494076,0.002217445782119558,0.25193299606703967,0.019703449400423456,0.007717604772388977,0.39305188786145784,-0.010927242887387355,0.0004700981159323299,-0.0008860987009563983,0.012786456355863103,0.024603922493225794,0.01306222804537894,0.007584589881383652,0.005190218733766881,0.007878772745643792,-0.003942519871876964,0.0005171609243153485,0.016635392278757422,-0.0050113272069178495,0.008544525561422366,-0.020621865735741964,0.004920349306899454,-0.0009645272561220569,0.0051666407553697105,-0.0007663838959388315,0.000467007728490504,-0.03449489881035933,0.019413103652559976,0.00722572294333473,0.0020924700339673193,0.012297723210291187,-0.009282889822091066,0.0019176285628132574,0.0018190346452475951,-0.0010507972406757268,0.0,-0.0005300212412333414,-0.008524024961097663,0.019156442819644848,0.0012055798911480692,0.019079713993567973,0.02754238595139439,-0.06897211786874367,-0.008298993644481367,0.048209266057618494,-0.00500796740739518,0.0439532779184589,-0.0004266277188281417,-0.000809463419226156,0.0,-0.049457959334132245,0.06174774792881559,-8.680254777969508e-05,-0.002311011165611035,0.0,-0.0006176081533604071,-0.18648984465576895
2088,0.09338928328658902,0.014526347111222486,-0.10730535041586654,-0.30179601991283744,0.0008429445468621459,-0.3016558021767601,0.002373771403611129,0.005277107040355518,-0.4000277332252526,0.06985803265489578,0.0013044967091599363,-0.0003180006647845578,-0.033425029260925526,-0.05643812550245021,-0.004982608688102273,-0.032366960054733475,0.0021441472052196255,-0.002572876193880359,-0.005867395947319312,-0.0012642556532837838,-0.16809075069316778,-0.004240208054905006,-0.029611788097384427,-0.034764169933339695,0.008328163895242975,-0.001879316946611088,-0.008899848825193804,-0.0009345768106374192,6.439158323806466e-05,-0.017679215308635084,0.03367810706732111,-0.051337408230395676,0.0010771917021715346,0.006492320100076723,0.009450602293634019,0.0019282241481848041,0.002119088240206744,-0.00101729982893139,0.0,-0.0006419498671650225,0.13573711413398568,0.013709422473800357,0.001449258964117123,-0.11153197599226405,0.02801266545283463,-0.08345559113895996,-0.016117068494366612,0.06764011416101005,-0.06518769242539077,0.010596368253388203,-0.0003110561323120681,-0.0008283855490074492,0.0,-0.1462898066588662,0.0327067855572918,-2.74928139042348e-05,0.0011277088620342726,0.0,-0.0007785350194436071,0.008620229323788123
3693,-0.03050600778568538,-0.013128398091846806,0.12260217608997408,-0.4916947134360167,0.011843530142007648,-0.030835633259256895,0.005993883998596416,0.017979529162605225,-0.22546446187616856,0.04052681094626518,-0.022542498009490392,-0.0006551216036176152,0.021723929583520048,0.08677516721626952,-0.03882554558257423,-0.007896201722836033,0.018889898246626017,-0.003308792332904738,-0.005957624157308803,0.0029380903960083463,0.00951501171056313,-0.0038933722811012833,-0.015342855806198787,-0.015184280131284351,0.010470429567537722,-0.0017776227108039465,-0.018800131540496017,-1.4465745368427517e-05,0.000165333687121821,-0.04671627999697426,0.03827739696977374,0.011403852694676371,0.003264554330156935,0.010098828335772907,0.012003360626644236,-0.024895307685870754,0.0029472272337989296,-0.0009194767557652673,0.0,-0.0004992005246234702,-0.010245207451084226,0.014374581322204247,0.005837954001725066,0.024475703324795362,0.10975717600380819,0.11271416024963535,-0.012002593731076788,0.05115893045577259,-0.06965061231245855,0.021529194500560133,-0.0003464798250093537,-0.0010664030030735035,0.0,-0.08248504863960804,-0.009566097505262711,-0.00015967345223539067,7.285373461944912e-05,0.0,0.009980341789288045,-0.05667946396137205
