title,release_year,release_month,month_name,budget_musd,revenue_musd,predicted_revenue_musd,hit_probability_pct,risk_score,is_hit,is_flop,predicted_is_hit,is_major_studio,is_indie,studio_type,primary_genre,has_franchise,has_superhero,has_imax,director_median_revenue_musd
Inception,2010,7,July,160.0,825.53,759.16,97.3,0.0,1,0.0,1,1,0,Major Studio,Action,0,0,0,485.99
The Dark Knight,2008,7,July,185.0,1004.56,715.97,96.8,25.0,1,0.0,1,1,0,Major Studio,Action,0,1,1,460.42
Avatar,2009,12,December,237.0,2787.97,1001.44,98.3,0.0,1,0.0,1,1,0,Major Studio,Action,0,0,0,515.93
The Avengers,2012,4,April,220.0,1519.56,1118.86,98.3,0.0,1,0.0,1,1,0,Major Studio,Action,1,1,0,722.14
Deadpool,2016,2,February,58.0,783.11,445.26,96.0,0.0,1,0.0,1,1,0,Major Studio,Action,1,1,0,51.75
Interstellar,2014,11,November,165.0,675.12,530.2,95.7,25.0,1,0.0,1,1,0,Major Studio,Other,0,0,1,507.48
Django Unchained,2012,12,December,100.0,425.37,507.79,97.9,25.0,1,0.0,1,1,0,Major Studio,Other,1,0,0,153.75
Guardians of the Galaxy,2014,7,July,170.0,773.33,738.84,97.3,0.0,1,0.0,1,1,0,Major Studio,Action,1,1,0,0.32
The Hunger Games,2012,3,March,75.0,691.21,515.86,97.5,0.0,1,0.0,1,0,0,Mid-size Studio,Other,0,0,0,86.69
Mad Max: Fury Road,2015,5,May,150.0,378.86,525.51,97.8,0.0,1,0.0,1,1,0,Major Studio,Action,0,0,0,127.45
Fight Club,1999,10,October,63.0,100.85,215.28,89.8,25.0,1,0.0,1,0,0,Mid-size Studio,Other,0,0,0,226.5
The Dark Knight Rises,2012,7,July,250.0,1084.94,795.48,97.8,25.0,1,0.0,1,1,0,Major Studio,Action,0,1,1,448.93
The Matrix,1999,3,March,63.0,463.52,425.04,97.1,0.0,1,0.0,1,1,0,Major Studio,Action,0,0,0,289.71
Iron Man 3,2013,4,April,200.0,1215.44,820.3,97.8,0.0,1,0.0,1,1,0,Major Studio,Action,1,1,0,15.79
Iron Man,2008,4,April,140.0,585.17,855.35,98.3,0.0,1,0.0,1,1,0,Major Studio,Action,1,1,0,366.74
The Lord of the Rings: The Fellowship of the Ring,2001,12,December,93.0,871.37,835.99,97.2,0.0,1,0.0,1,1,0,Major Studio,Action,0,0,0,703.41
Jurassic World,2015,6,June,150.0,1513.53,737.71,97.4,0.0,1,0.0,1,1,0,Major Studio,Action,0,0,0,4.01
Pulp Fiction,1994,10,October,8.0,213.93,113.75,60.6,0.0,1,0.0,1,0,0,Mid-size Studio,Other,0,0,0,183.96
The Hobbit: An Unexpected Journey,2012,11,November,250.0,1021.1,1020.02,98.1,0.0,1,0.0,1,1,0,Major Studio,Action,0,0,0,684.69
The Shawshank Redemption,1994,9,September,25.0,28.34,58.26,51.4,45.0,0,0.0,1,0,0,Mid-size Studio,Other,0,0,0,126.34
The Lord of the Rings: The Return of the King,2003,12,December,94.0,1118.89,794.01,97.1,0.0,1,0.0,1,1,0,Major Studio,Action,0,0,0,672.47
Forrest Gump,1994,7,July,55.0,677.95,455.47,94.4,25.0,1,0.0,1,1,0,Major Studio,Comedy,0,0,0,242.72
Skyfall,2012,10,October,200.0,1108.56,912.51,98.2,0.0,1,0.0,1,1,0,Major Studio,Action,0,0,1,267.5
Titanic,1997,11,November,200.0,1845.03,1029.87,97.1,25.0,1,0.0,1,1,0,Major Studio,Other,0,0,1,673.09
The Lord of the Rings: The Two Towers,2002,12,December,79.0,926.29,790.79,96.8,0.0,1,0.0,1,1,0,Major Studio,Action,0,0,0,696.54
Suicide Squad,2016,8,August,175.0,745.0,598.46,97.9,0.0,1,0.0,1,1,0,Major Studio,Action,0,1,0,69.8
Batman Begins,2005,6,June,150.0,374.22,607.32,98.0,25.0,1,0.0,1,1,0,Major Studio,Action,0,1,0,550.47
The Martian,2015,9,September,108.0,630.16,554.21,97.1,45.0,1,0.0,1,1,0,Major Studio,Other,1,0,0,170.63
Captain America: Civil War,2016,4,April,250.0,1153.3,1034.82,98.1,0.0,1,0.0,1,1,0,Major Studio,Action,1,1,1,422.6
Captain America: The First Avenger,2011,7,July,140.0,370.57,672.83,98.4,0.0,1,0.0,1,1,0,Major Studio,Action,1,1,0,238.44
Harry Potter and the Philosopher's Stone,2001,11,November,125.0,976.48,942.29,98.1,0.0,1,0.0,1,1,0,Major Studio,Other,0,0,0,343.64
Batman v Superman: Dawn of Justice,2016,3,March,250.0,873.26,836.37,98.1,0.0,1,0.0,1,1,0,Major Studio,Action,0,1,0,267.16
Pirates of the Caribbean: The Curse of the Black Pearl,2003,7,July,140.0,655.01,744.49,98.3,0.0,1,0.0,1,1,0,Major Studio,Action,1,0,0,420.33
Up,2009,5,May,175.0,735.1,774.03,97.2,0.0,1,0.0,1,1,0,Major Studio,Animation,1,0,0,710.21
Iron Man 2,2010,4,April,200.0,623.93,843.02,98.4,0.0,1,0.0,1,1,0,Major Studio,Action,1,1,0,358.98
Avengers: Age of Ultron,2015,4,April,280.0,1405.4,1063.01,98.2,0.0,1,0.0,1,1,0,Major Studio,Action,1,1,0,779.21
Star Wars,1977,5,May,11.0,775.4,386.76,85.3,15.0,1,0.0,1,1,0,Major Studio,Action,0,0,0,640.93
The Amazing Spider-Man,2012,6,June,215.0,752.22,929.29,98.5,0.0,1,0.0,1,1,0,Major Studio,Action,1,1,0,383.22
The Wolf of Wall Street,2013,12,December,100.0,392.0,479.48,97.2,25.0,1,0.0,1,1,0,Major Studio,Comedy,0,0,0,97.79
Inside Out,2015,6,June,175.0,857.61,828.51,96.5,25.0,1,0.0,1,1,0,Major Studio,Animation,1,0,0,648.96
Thor,2011,4,April,150.0,449.33,631.14,98.4,0.0,1,0.0,1,1,0,Major Studio,Action,1,1,0,297.03
The Hunger Games: Catching Fire,2013,11,November,130.0,847.42,719.54,98.0,0.0,1,0.0,1,0,0,Mid-size Studio,Action,0,0,1,526.26
Despicable Me,2010,7,July,69.0,543.51,530.09,97.6,0.0,1,0.0,1,1,0,Major Studio,Animation,1,0,0,970.76
Inglourious Basterds,2009,8,August,70.0,319.13,317.53,97.7,25.0,1,0.0,1,1,0,Major Studio,Action,0,0,0,168.93
The Revenant,2015,12,December,135.0,532.95,474.36,97.8,25.0,1,0.0,1,0,0,Mid-size Studio,Other,0,0,0,69.01
Man of Steel,2013,6,June,225.0,662.85,721.07,98.2,0.0,1,0.0,1,1,0,Major Studio,Action,0,1,0,302.23
Shutter Island,2010,2,February,80.0,294.8,419.51,96.9,25.0,1,0.0,1,1,0,Major Studio,Other,0,0,0,103.86
WALL·E,2008,6,June,180.0,521.31,656.82,97.7,0.0,1,0.0,1,1,0,Major Studio,Animation,0,0,0,529.24
The Hangover,2009,6,June,35.0,459.27,281.21,97.5,0.0,1,0.0,1,1,0,Major Studio,Comedy,1,0,0,143.52
Big Hero 6,2014,10,October,165.0,652.11,759.24,96.9,0.0,1,0.0,1,1,0,Major Studio,Action,1,0,0,309.98
Finding Nemo,2003,5,May,94.0,940.34,590.29,97.8,0.0,1,0.0,1,1,0,Major Studio,Animation,1,0,0,389.57
Back to the Future,1985,7,July,19.0,381.11,310.62,90.1,15.0,1,0.0,1,1,0,Major Studio,Comedy,0,0,0,267.46
X-Men: Days of Future Past,2014,5,May,250.0,747.86,761.78,98.3,0.0,1,0.0,1,1,0,Major Studio,Action,1,1,0,294.34
"Monsters, Inc.",2001,11,November,115.0,562.82,718.38,97.8,0.0,1,0.0,1,1,0,Major Studio,Animation,0,0,0,796.36
The Godfather,1972,3,March,6.0,245.07,126.99,47.6,25.0,1,0.0,0,1,0,Major Studio,Other,0,0,0,71.22
Ant-Man,2015,7,July,130.0,519.31,587.15,98.0,0.0,1,0.0,1,1,0,Major Studio,Action,1,1,0,173.81
The Empire Strikes Back,1980,5,May,18.0,538.4,370.77,88.8,15.0,1,0.0,1,1,0,Major Studio,Action,0,0,0,160.0
Lucy,2014,7,July,40.0,126.55,184.89,95.2,0.0,1,0.0,1,1,0,Major Studio,Action,0,0,1,109.81
Harry Potter and the Prisoner of Azkaban,2004,5,May,130.0,789.8,838.0,98.2,0.0,1,0.0,1,1,0,Major Studio,Other,1,0,0,273.32
Gone Girl,2014,10,October,61.0,369.33,336.28,96.8,25.0,1,0.0,1,1,0,Major Studio,Other,0,0,0,196.67
Harry Potter and the Chamber of Secrets,2002,11,November,100.0,876.69,879.8,98.4,0.0,1,0.0,1,1,0,Major Studio,Other,1,0,0,356.12
Life of Pi,2012,11,November,120.0,609.02,569.7,98.0,25.0,1,0.0,1,0,0,Mid-size Studio,Action,0,0,0,130.1
Sherlock Holmes,2009,12,December,90.0,524.03,516.51,98.1,0.0,1,0.0,1,1,0,Major Studio,Action,0,0,0,92.76
Se7en,1995,9,September,33.0,327.31,215.79,87.7,20.0,1,0.0,1,1,0,Major Studio,Other,0,0,0,201.34
Captain America: The Winter Soldier,2014,3,March,170.0,714.77,663.22,97.8,0.0,1,0.0,1,1,0,Major Studio,Action,1,1,0,641.87
Gravity,2013,9,September,105.0,716.39,405.85,97.0,45.0,1,0.0,1,1,0,Major Studio,Other,0,0,0,297.79
The Imitation Game,2014,11,November,14.0,233.56,117.3,69.5,40.0,1,0.0,1,0,0,Mid-size Studio,Other,0,0,0,15.7
Harry Potter and the Goblet of Fire,2005,11,November,150.0,895.92,854.12,98.3,0.0,1,0.0,1,1,0,Major Studio,Other,0,0,0,159.1
The Hunger Games: Mockingjay - Part 1,2014,11,November,125.0,752.1,760.7,97.9,0.0,1,0.0,1,0,0,Mid-size Studio,Other,0,0,0,550.09
World War Z,2013,6,June,200.0,531.86,492.7,98.1,25.0,1,0.0,1,1,0,Major Studio,Action,0,0,0,146.2
Harry Potter and the Order of the Phoenix,2007,6,June,150.0,938.21,833.7,98.4,0.0,1,0.0,1,1,0,Major Studio,Other,0,0,0,645.35
Now You See Me,2013,5,May,75.0,117.7,290.43,97.3,0.0,1,0.0,1,0,0,Mid-size Studio,Other,0,0,0,115.28
Gladiator,2000,5,May,103.0,457.64,619.63,97.8,25.0,1,0.0,1,1,0,Major Studio,Action,0,0,0,182.13
The Lion King,1994,6,June,45.0,788.24,274.04,87.9,25.0,1,0.0,1,1,0,Major Studio,Animation,0,0,0,51.75
The Maze Runner,2014,9,September,34.0,348.32,213.08,89.2,20.0,1,0.0,1,1,0,Major Studio,Action,0,0,0,311.26
Frozen,2013,11,November,150.0,1274.22,887.63,97.8,0.0,1,0.0,1,1,0,Major Studio,Animation,1,0,0,51.75
Harry Potter and the Half-Blood Prince,2009,7,July,250.0,933.96,1017.19,98.2,0.0,1,0.0,1,1,0,Major Studio,Other,0,0,0,647.48
Toy Story,1995,10,October,30.0,373.55,202.74,92.2,0.0,1,0.0,1,1,0,Major Studio,Animation,0,0,0,506.4
Spider-Man,2002,5,May,139.0,821.71,758.73,98.6,0.0,1,0.0,1,1,0,Major Studio,Action,0,1,0,330.17
Pirates of the Caribbean: Dead Man's Chest,2006,6,June,200.0,1065.66,943.72,98.4,0.0,1,0.0,1,1,0,Major Studio,Action,1,0,0,351.89
X-Men: First Class,2011,5,May,160.0,353.62,363.99,97.1,0.0,1,0.0,1,1,0,Major Studio,Action,0,1,0,81.2
The Incredibles,2004,11,November,92.0,631.44,590.47,98.2,0.0,1,0.0,1,1,0,Major Studio,Action,0,1,0,309.01
Prometheus,2012,5,May,130.0,403.17,483.49,98.1,0.0,1,0.0,1,1,0,Major Studio,Other,1,0,0,185.76
Saving Private Ryan,1998,7,July,70.0,481.84,478.96,97.2,25.0,1,0.0,1,1,0,Major Studio,Other,0,0,0,333.29
300,2006,12,December,65.0,422.61,385.27,97.9,0.0,1,0.0,1,1,0,Major Studio,Action,0,0,0,342.26
Kill Bill: Vol. 1,2003,10,October,30.0,180.95,161.88,91.8,0.0,1,0.0,1,0,0,Mid-size Studio,Action,0,0,0,188.67
Pirates of the Caribbean: On Stranger Tides,2011,5,May,380.0,1045.71,861.49,98.6,0.0,1,0.0,1,1,0,Major Studio,Action,1,0,0,183.94
2012,2009,10,October,200.0,769.65,674.92,97.8,0.0,1,0.0,1,1,0,Major Studio,Action,0,0,0,312.45
Edge of Tomorrow,2014,5,May,178.0,370.54,480.28,98.0,0.0,1,0.0,1,1,0,Major Studio,Action,0,0,0,161.94
Jurassic Park,1993,6,June,63.0,920.1,727.09,97.6,0.0,1,0.0,1,1,0,Major Studio,Other,0,0,0,316.43
I Am Legend,2007,12,December,150.0,585.35,512.46,98.1,25.0,1,0.0,1,1,0,Major Studio,Action,0,0,0,591.78
Oblivion,2013,4,April,120.0,286.17,490.46,98.0,0.0,1,0.0,1,1,0,Major Studio,Action,0,0,1,400.06
Pacific Rim,2013,7,July,180.0,407.6,543.82,98.1,0.0,1,0.0,1,1,0,Major Studio,Action,1,0,1,124.49
The Hobbit: The Battle of the Five Armies,2014,12,December,250.0,956.02,960.57,98.2,0.0,1,0.0,1,1,0,Major Studio,Action,0,0,0,692.83
Thor: The Dark World,2013,10,October,170.0,644.57,677.27,97.8,0.0,1,0.0,1,1,0,Major Studio,Action,1,1,0,440.6
Silver Linings Playbook,2012,9,September,21.0,205.74,132.15,92.7,60.0,1,0.0,1,0,0,Mid-size Studio,Comedy,0,0,0,113.73
Ex Machina,2015,1,January,15.0,36.87,69.0,76.8,60.0,0,0.0,1,0,0,Mid-size Studio,Other,0,0,0,51.75
X-Men: Apocalypse,2016,5,May,178.0,543.93,674.59,98.2,0.0,1,0.0,1,1,0,Major Studio,Other,1,1,0,323.47
Looper,2012,9,September,30.0,47.04,55.1,52.7,20.0,0,0.0,1,0,0,Mid-size Studio,Action,0,0,0,5.53
Ted,2012,6,June,50.0,549.37,303.46,97.1,0.0,1,0.0,1,1,0,Major Studio,Comedy,0,0,0,217.02
Return of the Jedi,1983,5,May,32.35,572.7,396.51,92.1,0.0,1,0.0,1,1,0,Major Studio,Action,0,0,0,51.75
Divergent,2014,3,March,85.0,288.75,400.33,97.7,0.0,1,0.0,1,0,0,Mid-size Studio,Action,0,0,0,86.92
Kick-Ass,2010,3,March,28.0,96.19,109.35,92.6,0.0,1,0.0,1,0,0,Mid-size Studio,Action,0,1,0,167.01
Alice in Wonderland,2010,3,March,200.0,1025.49,675.91,98.2,0.0,1,0.0,1,1,0,Major Studio,Other,0,0,0,177.84
Brave,2012,6,June,185.0,538.98,754.66,97.6,0.0,1,0.0,1,1,0,Major Studio,Action,1,0,0,51.75
Despicable Me 2,2013,6,June,76.0,970.76,768.75,97.6,0.0,1,0.0,1,1,0,Major Studio,Animation,1,0,0,543.51
Toy Story 3,2010,6,June,200.0,1066.97,804.03,97.7,0.0,1,0.0,1,1,0,Major Studio,Animation,1,0,0,51.75
Minions,2015,6,June,74.0,1156.73,741.31,97.6,0.0,1,0.0,1,1,0,Major Studio,Animation,1,0,0,51.75
Wreck-It Ralph,2012,11,November,165.0,471.22,669.04,97.3,0.0,1,0.0,1,0,0,Mid-size Studio,Animation,1,0,0,51.75
The Truman Show,1998,6,June,60.0,264.12,279.78,96.6,25.0,1,0.0,1,1,0,Major Studio,Comedy,0,0,0,172.19
Birdman,2014,8,August,18.0,103.22,152.6,95.8,40.0,1,0.0,1,1,0,Major Studio,Comedy,0,1,0,154.95
The Hobbit: The Desolation of Smaug,2013,12,December,250.0,958.4,968.87,98.0,0.0,1,0.0,1,1,0,Major Studio,Other,0,0,0,692.53
The Grand Budapest Hotel,2014,2,February,30.0,174.6,168.98,89.6,25.0,1,0.0,1,1,0,Major Studio,Comedy,0,0,0,39.77
Star Trek,2009,5,May,150.0,385.68,566.61,98.3,0.0,1,0.0,1,1,0,Major Studio,Action,0,0,0,375.1
Pirates of the Caribbean: At World's End,2007,5,May,300.0,961.0,896.51,98.4,0.0,1,0.0,1,1,0,Major Studio,Action,1,0,0,369.34
Maleficent,2014,5,May,180.0,758.54,757.8,98.1,0.0,1,0.0,1,1,0,Major Studio,Action,0,0,0,51.75
Alien,1979,5,May,11.0,104.93,165.2,84.0,15.0,1,0.0,1,1,0,Major Studio,Action,0,0,0,205.64
American Sniper,2014,12,December,58.8,542.31,344.58,97.0,0.0,1,0.0,1,1,0,Major Studio,Action,0,0,0,103.67
Spectre,2015,10,October,245.0,880.67,852.88,98.1,0.0,1,0.0,1,1,0,Major Studio,Action,0,0,0,305.48
The Silence of the Lambs,1991,2,February,19.0,272.74,143.48,77.2,40.0,1,0.0,1,0,0,Mid-size Studio,Other,0,0,0,151.39
V for Vendetta,2006,3,March,54.0,132.51,209.75,95.6,0.0,1,0.0,1,1,0,Major Studio,Action,0,0,0,45.06
Star Wars: Episode I - The Phantom Menace,1999,5,May,115.0,924.32,723.52,98.1,0.0,1,0.0,1,1,0,Major Studio,Action,0,0,0,603.7
Black Swan,2010,12,December,13.0,327.8,151.3,89.0,40.0,1,0.0,1,0,0,Mid-size Studio,Other,0,0,0,86.65
Star Trek Into Darkness,2013,5,May,190.0,467.37,650.14,98.3,0.0,1,0.0,1,1,0,Major Studio,Action,0,0,1,347.88
Men in Black,1997,7,July,90.0,589.39,545.98,98.0,0.0,1,0.0,1,0,0,Mid-size Studio,Action,0,0,0,267.17
Dawn of the Planet of the Apes,2014,6,June,170.0,710.64,568.41,97.8,25.0,1,0.0,1,1,0,Major Studio,Action,0,0,0,97.45
The Prestige,2006,10,October,40.0,109.68,270.22,92.9,25.0,1,0.0,1,1,0,Major Studio,Other,0,0,0,588.26
Taken,2008,2,February,25.0,226.83,121.42,93.9,0.0,1,0.0,1,1,0,Major Studio,Action,0,0,0,25.35
Ratatouille,2007,6,June,150.0,623.72,635.93,97.6,0.0,1,0.0,1,1,0,Major Studio,Animation,0,0,0,51.75
Rise of the Planet of the Apes,2011,8,August,93.0,482.86,375.64,97.9,25.0,1,0.0,1,1,0,Major Studio,Action,0,0,0,39.17
The Departed,2006,10,October,90.0,289.85,373.39,97.3,25.0,1,0.0,1,1,0,Major Studio,Other,0,0,0,104.17
Schindler's List,1993,11,November,22.0,321.37,224.85,86.3,40.0,1,0.0,1,1,0,Major Studio,Other,0,0,0,339.46
Spider-Man 2,2004,6,June,200.0,783.77,823.58,98.6,0.0,1,0.0,1,1,0,Major Studio,Action,0,1,0,335.59
The Hateful Eight,2015,12,December,44.0,155.76,151.9,93.0,25.0,1,0.0,1,0,0,Mid-size Studio,Other,0,0,0,192.27
Whiplash,2014,10,October,3.3,13.09,21.4,16.3,25.0,0,0.0,0,0,0,Mid-size Studio,Other,0,0,0,51.75
How to Train Your Dragon,2010,3,March,165.0,494.88,709.1,98.2,0.0,1,0.0,1,1,0,Major Studio,Animation,0,0,0,365.48
Terminator 2: Judgment Day,1991,7,July,100.0,520.0,579.62,97.4,0.0,1,0.0,1,0,0,Mid-size Studio,Action,0,0,0,893.93
The Amazing Spider-Man 2,2014,4,April,200.0,705.72,877.05,98.2,0.0,1,0.0,1,1,0,Major Studio,Action,0,1,0,406.47
Furious 7,2015,4,April,190.0,1506.25,698.4,98.3,0.0,1,0.0,1,1,0,Major Studio,Action,0,0,0,171.21
Men in Black 3,2012,5,May,225.0,624.03,643.92,98.4,0.0,1,0.0,1,0,0,Mid-size Studio,Action,0,0,0,261.4
The Terminator,1984,10,October,6.4,78.37,118.73,86.1,0.0,1,0.0,1,0,0,Mid-size Studio,Action,0,0,0,967.53
Star Wars: Episode III - Revenge of the Sith,2005,5,May,113.0,850.0,613.5,98.3,0.0,1,0.0,1,1,0,Major Studio,Action,0,0,0,622.28
X-Men,2000,7,July,75.0,296.34,317.36,97.0,0.0,1,0.0,1,1,0,Major Studio,Action,0,1,0,358.84
Her,2013,12,December,23.0,47.35,115.94,88.1,40.0,0,0.0,1,1,0,Major Studio,Other,0,0,0,51.92
21 Jump Street,2012,3,March,42.0,201.59,234.6,96.9,0.0,1,0.0,1,1,0,Major Studio,Action,1,0,0,300.2
Shrek,2001,5,May,60.0,484.41,429.45,97.6,0.0,1,0.0,1,1,0,Major Studio,Animation,0,0,0,530.61
The Wolverine,2013,7,July,120.0,415.44,396.62,97.3,0.0,1,0.0,1,1,0,Major Studio,Action,1,1,0,130.7
The Green Mile,1999,12,December,60.0,284.6,283.0,93.5,25.0,1,0.0,1,1,0,Major Studio,Other,0,0,0,40.92
Transformers,2007,6,June,150.0,709.71,558.59,98.2,0.0,1,0.0,1,1,0,Major Studio,Action,1,0,0,465.71
Memento,2000,10,October,9.0,39.72,57.03,54.9,15.0,0,0.0,1,0,0,Mid-size Studio,Other,0,0,0,598.25
X-Men Origins: Wolverine,2009,4,April,150.0,373.06,393.13,97.3,0.0,1,0.0,1,1,0,Major Studio,Action,1,1,0,53.39
Star Wars: Episode II - Attack of the Clones,2002,5,May,120.0,649.4,582.91,98.4,0.0,1,0.0,1,1,0,Major Studio,Action,0,0,0,672.43
The Hunger Games: Mockingjay - Part 2,2015,11,November,160.0,653.43,641.43,98.1,0.0,1,0.0,1,0,0,Mid-size Studio,Action,0,0,0,574.76
Mission: Impossible - Ghost Protocol,2011,12,December,145.0,694.71,551.54,98.4,0.0,1,0.0,1,1,0,Major Studio,Action,0,0,1,287.92
Die Hard,1988,7,July,28.0,140.77,303.95,96.6,0.0,1,0.0,1,1,0,Major Studio,Action,0,0,0,147.09
Kill Bill: Vol. 2,2004,4,April,30.0,152.16,147.88,92.6,0.0,1,0.0,1,0,0,Mid-size Studio,Action,1,0,0,192.78
Fury,2014,10,October,68.0,211.82,271.76,97.8,25.0,1,0.0,1,1,0,Major Studio,Action,0,0,0,176.43
Sherlock Holmes: A Game of Shadows,2011,11,November,125.0,334.62,467.09,98.2,0.0,1,0.0,1,1,0,Major Studio,Action,0,0,0,124.33
The Fifth Element,1997,5,May,90.0,263.92,436.01,98.1,0.0,1,0.0,1,1,0,Major Studio,Action,0,0,0,75.46
Cars,2006,6,June,120.0,461.98,646.26,98.5,0.0,1,0.0,1,1,0,Major Studio,Animation,1,0,0,476.92
Ice Age,2002,3,March,59.0,383.26,473.01,96.9,0.0,1,0.0,1,1,0,Major Studio,Animation,0,0,0,264.56
Casino Royale,2006,11,November,150.0,599.05,581.07,98.4,0.0,1,0.0,1,0,0,Mid-size Studio,Action,0,0,0,209.22
Raiders of the Lost Ark,1981,6,June,18.0,389.93,341.76,93.8,15.0,1,0.0,1,1,0,Major Studio,Action,0,0,0,336.83
Spirited Away,2001,7,July,15.0,274.93,185.09,88.6,15.0,1,0.0,1,0,0,Mid-size Studio,Animation,0,0,0,193.86
Back to the Future Part II,1989,11,November,40.0,332.0,369.78,96.3,0.0,1,0.0,1,1,0,Major Studio,Comedy,0,0,0,271.55
Insurgent,2015,3,March,110.0,295.24,414.14,97.9,0.0,1,0.0,1,0,0,Mid-size Studio,Other,0,0,0,127.44
Toy Story 2,1999,10,October,90.0,497.37,508.21,97.6,0.0,1,0.0,1,1,0,Major Studio,Animation,1,0,0,465.13
Catch Me If You Can,2002,12,December,52.0,352.11,287.9,96.2,25.0,1,0.0,1,0,0,Mid-size Studio,Other,0,0,0,338.28
"I, Robot",2004,7,July,120.0,347.23,483.41,98.4,0.0,1,0.0,1,1,0,Major Studio,Action,0,0,0,106.83
Ocean's Eleven,2001,12,December,85.0,450.72,374.55,97.9,0.0,1,0.0,1,1,0,Major Studio,Other,0,0,0,128.01
The Great Gatsby,2013,5,May,105.0,351.04,456.8,98.0,25.0,1,0.0,1,1,0,Major Studio,Other,0,0,0,125.36
The Fault in Our Stars,2014,5,May,12.0,307.17,167.65,90.2,40.0,1,0.0,1,1,0,Major Studio,Other,0,0,0,51.75
The Shining,1980,5,May,19.0,44.02,163.42,71.8,15.0,0,0.0,1,1,0,Major Studio,Other,0,0,0,53.9
The Hangover Part II,2011,5,May,80.0,254.46,426.81,98.3,0.0,1,0.0,1,1,0,Major Studio,Comedy,1,0,0,177.66
Drive,2011,8,August,15.0,78.05,65.17,79.4,40.0,1,0.0,1,0,0,Mid-size Studio,Action,0,0,0,4.64
Reservoir Dogs,1992,9,September,1.2,14.66,13.03,25.4,20.0,0,0.0,0,0,0,Mid-size Studio,Other,0,0,0,212.42
12 Years a Slave,2013,10,October,20.0,187.0,102.89,83.2,40.0,1,0.0,1,0,0,Mid-size Studio,Other,0,0,0,17.69
Eternal Sunshine of the Spotless Mind,2004,3,March,20.0,72.26,93.18,89.6,40.0,1,0.0,1,0,0,Mid-size Studio,Other,0,0,0,119.77
Terminator Genisys,2015,6,June,155.0,440.6,610.54,97.9,0.0,1,0.0,1,1,0,Major Studio,Action,1,0,0,644.57
Charlie and the Chocolate Factory,2005,7,July,150.0,474.97,470.44,98.5,0.0,1,0.0,1,1,0,Major Studio,Comedy,0,0,0,220.19
Edward Scissorhands,1990,12,December,20.0,53.0,246.54,93.5,40.0,1,0.0,1,1,0,Major Studio,Other,0,0,0,252.65
The Bourne Identity,2002,6,June,60.0,214.03,256.43,98.0,25.0,1,0.0,1,1,0,Major Studio,Action,0,0,0,188.02
Spider-Man 3,2007,5,May,258.0,890.87,885.99,98.5,0.0,1,0.0,1,1,0,Major Studio,Action,0,1,0,320.29
Twilight,2008,11,November,37.0,392.62,371.54,95.9,25.0,1,0.0,1,0,0,Mid-size Studio,Other,1,0,0,35.73
Zombieland,2009,10,October,23.6,102.39,161.49,95.5,0.0,1,0.0,1,1,0,Major Studio,Comedy,1,0,0,72.87
Oz: The Great and Powerful,2013,3,March,200.0,491.87,559.46,98.3,0.0,1,0.0,1,1,0,Major Studio,Other,0,0,0,377.29
Monsters University,2013,6,June,200.0,743.56,699.74,98.1,0.0,1,0.0,1,1,0,Major Studio,Animation,1,0,0,51.75
X-Men: The Last Stand,2006,5,May,210.0,459.36,377.37,97.6,0.0,1,0.0,1,1,0,Major Studio,Action,1,1,0,212.04
Blade Runner,1982,6,June,28.0,33.14,200.55,92.5,25.0,0,0.0,1,1,0,Major Studio,Other,0,0,0,210.43
X2,2003,4,April,110.0,407.71,400.41,97.3,0.0,1,0.0,1,1,0,Major Studio,Action,0,1,0,342.93
A Good Day to Die Hard,2013,2,February,92.0,304.65,296.38,97.6,0.0,1,0.0,1,1,0,Major Studio,Action,0,0,0,66.06
The Secret Life of Pets,2016,6,June,75.0,875.96,508.05,96.4,0.0,1,0.0,1,1,0,Major Studio,Animation,0,0,0,51.75
Donnie Darko,2001,1,January,6.0,1.27,12.26,34.1,45.0,0,1.0,0,0,0,Mid-size Studio,Other,0,0,0,16.85
The Matrix Reloaded,2003,5,May,150.0,738.6,478.4,98.3,0.0,1,0.0,1,1,0,Major Studio,Action,0,0,0,234.69
Elysium,2013,8,August,115.0,286.14,292.05,97.5,25.0,1,0.0,1,0,0,Mid-size Studio,Action,0,0,0,157.61
The Fast and the Furious,2001,6,June,38.0,207.28,216.0,94.0,0.0,1,0.0,1,1,0,Major Studio,Action,1,0,0,143.47
Argo,2012,10,October,44.5,232.32,208.64,95.7,25.0,1,0.0,1,1,0,Major Studio,Other,0,0,0,154.03
In Time,2011,10,October,40.0,173.93,131.64,91.6,0.0,1,0.0,1,0,0,Mid-size Studio,Action,0,0,0,25.08
Aladdin,1992,11,November,28.0,504.05,298.27,94.8,0.0,1,0.0,1,1,0,Major Studio,Animation,1,0,0,188.31
Nightcrawler,2014,10,October,8.5,38.7,40.97,49.5,40.0,0,0.0,0,0,0,Mid-size Studio,Other,0,0,0,51.75
The Social Network,2010,9,September,40.0,224.92,200.01,95.8,45.0,1,0.0,1,1,0,Major Studio,Other,0,0,0,212.71
District 9,2009,8,August,30.0,210.82,124.56,94.9,0.0,1,0.0,1,1,0,Major Studio,Other,0,0,0,195.27
The Godfather: Part II,1974,12,December,13.0,47.54,87.44,51.6,40.0,0,0.0,1,1,0,Major Studio,Other,0,0,0,93.17
Braveheart,1995,5,May,72.0,210.0,433.54,97.2,25.0,1,0.0,1,0,0,Mid-size Studio,Action,0,0,0,366.04
Tangled,2010,11,November,260.0,591.79,668.46,98.0,0.0,1,0.0,1,1,0,Major Studio,Animation,1,0,0,51.75
22 Jump Street,2014,6,June,50.0,188.44,232.17,95.9,0.0,1,0.0,1,1,0,Major Studio,Action,1,0,0,304.58
American Beauty,1999,9,September,15.0,356.3,139.38,89.3,60.0,1,0.0,1,0,0,Mid-size Studio,Other,0,0,0,392.88
The Theory of Everything,2014,11,November,15.0,123.73,109.58,80.7,40.0,1,0.0,1,0,0,Mid-size Studio,Other,0,0,0,2.96
Amélie,2001,4,April,10.0,173.92,141.39,87.9,15.0,1,0.0,1,0,0,Mid-size Studio,Comedy,0,0,0,61.83
Transformers: Dark of the Moon,2011,6,June,195.0,1123.75,675.54,98.3,0.0,1,0.0,1,1,0,Major Studio,Action,1,0,0,428.07
The Curious Case of Benjamin Button,2008,11,November,150.0,333.93,470.26,98.0,25.0,1,0.0,1,1,0,Major Studio,Other,0,0,0,200.6
E.T. the Extra-Terrestrial,1982,4,April,10.5,792.91,304.97,91.1,15.0,1,0.0,1,1,0,Major Studio,Other,0,0,0,321.33
Independence Day,1996,6,June,75.0,816.97,590.69,98.1,0.0,1,0.0,1,1,0,Major Studio,Action,0,0,0,305.69
Fifty Shades of Grey,2015,2,February,40.0,571.01,251.41,93.5,25.0,1,0.0,1,0,0,Mid-size Studio,Other,0,0,0,51.75
The Usual Suspects,1995,7,July,6.0,23.34,48.05,39.1,25.0,0,0.0,0,1,0,Major Studio,Other,0,0,0,397.84
Hansel & Gretel: Witch Hunters,2013,1,January,50.0,224.8,217.04,91.8,20.0,1,0.0,1,1,0,Major Studio,Action,1,0,0,1.98
Madagascar,2005,5,May,75.0,532.68,427.12,97.7,0.0,1,0.0,1,1,0,Major Studio,Animation,0,0,0,383.07
Now You See Me 2,2016,6,June,90.0,334.9,390.41,98.0,0.0,1,0.0,1,0,0,Mid-size Studio,Action,0,0,0,195.11
Mission: Impossible - Rogue Nation,2015,7,July,150.0,682.33,560.19,98.1,0.0,1,0.0,1,1,0,Major Studio,Action,0,0,0,118.73
Aliens,1986,7,July,18.5,183.32,221.21,93.6,15.0,1,0.0,1,1,0,Major Studio,Action,0,0,0,950.04
Cast Away,2000,12,December,90.0,429.63,457.19,98.1,25.0,1,0.0,1,1,0,Major Studio,Other,0,0,0,263.42
Indiana Jones and the Last Crusade,1989,5,May,48.0,474.17,467.77,96.7,0.0,1,0.0,1,1,0,Major Studio,Action,0,0,0,333.59
The Sixth Sense,1999,8,August,40.0,672.81,252.83,94.6,25.0,1,0.0,1,0,0,Mid-size Studio,Other,0,0,0,222.44
Kung Fu Panda,2008,6,June,130.0,631.74,594.11,97.9,0.0,1,0.0,1,1,0,Major Studio,Animation,1,0,0,97.57
The Secret Life of Walter Mitty,2013,12,December,90.0,188.13,314.99,98.2,25.0,1,0.0,1,1,0,Major Studio,Comedy,0,0,0,101.91
Transformers: Revenge of the Fallen,2009,6,June,150.0,836.3,530.4,97.8,0.0,1,0.0,1,1,0,Major Studio,Action,1,0,1,454.2
GoodFellas,1990,9,September,25.0,46.84,66.39,49.6,45.0,0,0.0,0,0,0,Mid-size Studio,Other,0,0,0,119.36
Snow White and the Huntsman,2012,5,May,170.0,396.6,470.63,98.1,25.0,1,0.0,1,1,0,Major Studio,Other,0,0,0,51.75
Men in Black II,2002,7,July,140.0,441.82,572.66,98.2,0.0,1,0.0,1,1,0,Major Studio,Action,0,0,0,291.77
How to Train Your Dragon 2,2014,6,June,145.0,609.12,711.15,97.4,0.0,1,0.0,1,1,0,Major Studio,Action,0,0,0,51.75
The Matrix Revolutions,2003,11,November,150.0,424.99,481.55,98.3,0.0,1,0.0,1,1,0,Major Studio,Action,0,0,0,297.41
Transformers: Age of Extinction,2014,6,June,210.0,1091.41,692.09,98.2,0.0,1,0.0,1,1,0,Major Studio,Action,0,0,1,431.01
The Conjuring,2013,7,July,13.0,318.0,153.0,94.3,15.0,1,0.0,1,1,0,Major Studio,Other,0,0,0,408.86
The Devil Wears Prada,2006,6,June,35.0,326.55,256.08,97.3,25.0,1,0.0,1,1,0,Major Studio,Comedy,0,0,0,121.94
Gran Torino,2008,12,December,33.0,269.96,233.6,93.9,25.0,1,0.0,1,1,0,Major Studio,Other,0,0,0,118.01
Prisoners,2013,9,September,46.0,122.13,143.45,90.1,45.0,1,0.0,1,0,0,Mid-size Studio,Other,0,0,0,45.56
The Lego Movie,2014,2,February,60.0,469.16,382.53,96.6,0.0,1,0.0,1,1,0,Major Studio,Animation,1,1,0,211.01
The Notebook,2004,6,June,29.0,115.6,182.45,96.5,25.0,1,0.0,1,1,0,Major Studio,Other,0,0,0,131.58
Chappie,2015,3,March,49.0,104.4,189.2,96.0,0.0,1,0.0,1,1,0,Major Studio,Action,0,0,0,248.48
Into the Wild,2007,9,September,15.0,56.26,75.35,72.7,60.0,1,0.0,1,0,0,Mid-size Studio,Other,0,0,0,29.4
Pan's Labyrinth,2006,5,May,19.0,83.26,119.66,94.2,40.0,1,0.0,1,0,0,Mid-size Studio,Other,0,0,0,205.58
Maze Runner: The Scorch Trials,2015,9,September,61.0,311.26,268.65,95.5,20.0,1,0.0,1,1,0,Major Studio,Action,0,0,0,348.32
G.I. Joe: Retaliation,2013,3,March,130.0,371.88,383.07,98.1,0.0,1,0.0,1,1,0,Major Studio,Action,0,0,0,185.86
The Incredible Hulk,2008,6,June,150.0,163.71,275.01,98.3,0.0,1,0.0,1,1,0,Major Studio,Action,0,1,0,106.08
American History X,1998,10,October,20.0,23.88,47.11,54.7,40.0,0,0.0,1,1,0,Major Studio,Other,0,0,0,0.0
Bruce Almighty,2003,5,May,80.0,484.57,458.83,98.3,0.0,1,0.0,1,1,0,Major Studio,Comedy,0,0,0,140.77
A Beautiful Mind,2001,12,December,60.0,313.54,276.91,97.8,25.0,1,0.0,1,1,0,Major Studio,Other,0,0,0,256.38
No Country for Old Men,2007,11,November,25.0,171.6,111.89,90.0,25.0,1,0.0,1,0,0,Mid-size Studio,Other,0,0,0,97.75
2001: A Space Odyssey,1968,4,April,10.5,68.7,60.0,79.8,15.0,1,0.0,1,0,0,Mid-size Studio,Other,0,0,0,48.96
Jack Reacher,2012,12,December,60.0,218.34,217.68,97.4,25.0,1,0.0,1,1,0,Major Studio,Other,0,0,0,350.73
Shrek 2,2004,5,May,150.0,919.84,645.39,98.5,0.0,1,0.0,1,1,0,Major Studio,Animation,0,0,0,421.76
Olympus Has Fallen,2013,3,March,70.0,161.03,207.82,97.5,0.0,1,0.0,1,0,0,Mid-size Studio,Action,0,0,0,88.43
Cloud Atlas,2012,10,October,102.0,130.48,243.44,97.5,25.0,1,0.0,1,0,0,Mid-size Studio,Other,1,0,0,50.56
We're the Millers,2013,8,August,37.0,269.99,242.44,96.4,0.0,1,0.0,1,1,0,Major Studio,Comedy,0,0,0,192.35
San Andreas,2015,5,May,110.0,470.49,419.47,98.3,25.0,1,0.0,1,1,0,Major Studio,Action,0,0,0,234.09
The Perks of Being a Wallflower,2012,9,September,13.0,33.4,78.66,66.3,60.0,0,0.0,1,0,0,Mid-size Studio,Other,0,0,0,51.75
Mr. & Mrs. Smith,2005,6,June,110.0,478.21,372.54,98.3,25.0,1,0.0,1,0,0,Mid-size Studio,Action,0,0,0,143.99
Quantum of Solace,2008,10,October,200.0,586.09,568.61,97.9,0.0,1,0.0,1,0,0,Mid-size Studio,Action,0,0,0,137.17
Hancock,2008,7,July,150.0,624.03,486.13,98.4,0.0,1,0.0,1,1,0,Major Studio,Action,1,1,0,125.96
The Equalizer,2014,9,September,55.0,192.33,155.78,93.5,20.0,1,0.0,1,1,0,Major Studio,Action,0,0,0,83.95
Ice Age: The Meltdown,2006,3,March,80.0,660.94,646.01,98.1,0.0,1,0.0,1,1,0,Major Studio,Animation,0,0,0,623.84
Scarface,1983,12,December,25.0,65.88,113.03,71.1,25.0,1,0.0,1,1,0,Major Studio,Action,0,0,0,77.76
The Expendables,2010,8,August,80.0,274.47,367.95,97.2,0.0,1,0.0,1,0,0,Mid-size Studio,Action,1,0,0,155.72
The Big Lebowski,1998,3,March,15.0,46.19,107.91,81.0,15.0,0,0.0,1,0,0,Mid-size Studio,Comedy,0,0,0,113.43
One Flew Over the Cuckoo's Nest,1975,11,November,3.0,108.98,81.85,51.3,25.0,1,0.0,1,1,0,Major Studio,Other,0,0,0,49.7
Snatch,2000,9,September,10.0,83.56,66.67,72.2,35.0,1,0.0,1,0,0,Mid-size Studio,Other,0,0,0,166.17
(500) Days of Summer,2009,7,July,7.5,60.72,81.93,86.2,25.0,1,0.0,1,0,0,Mid-size Studio,Comedy,0,0,0,728.97
Back to the Future Part III,1990,5,May,40.0,244.53,349.13,97.0,0.0,1,0.0,1,1,0,Major Studio,Comedy,0,0,0,278.84
The Expendables 2,2012,8,August,100.0,312.57,329.95,98.0,0.0,1,0.0,1,0,0,Mid-size Studio,Action,0,0,0,128.09
The Jungle Book,2016,4,April,175.0,966.55,449.31,98.0,25.0,1,0.0,1,1,0,Major Studio,Other,0,0,0,290.46
The Bourne Ultimatum,2007,8,August,70.0,442.82,238.43,98.1,25.0,1,0.0,1,1,0,Major Studio,Action,0,0,0,161.82
Dallas Buyers Club,2013,9,September,5.0,55.2,59.31,69.1,45.0,1,0.0,1,1,0,Major Studio,Other,0,0,0,39.96
Night at the Museum,2006,10,October,110.0,574.48,462.15,98.5,0.0,1,0.0,1,1,0,Major Studio,Action,1,0,0,182.68
Snowpiercer,2013,8,August,39.2,86.76,113.76,89.8,25.0,1,0.0,1,0,0,Mid-size Studio,Action,0,1,0,51.75
Tomorrowland,2015,5,May,190.0,209.15,411.86,98.3,0.0,1,0.0,1,1,0,Major Studio,Other,0,0,1,449.77
TRON: Legacy,2010,12,December,170.0,400.06,431.79,97.6,0.0,1,0.0,1,1,0,Major Studio,Action,0,0,0,286.17
Slumdog Millionaire,2008,5,May,15.0,377.91,174.67,92.5,40.0,1,0.0,1,1,0,Major Studio,Other,1,0,0,52.81
The Bourne Supremacy,2004,7,July,75.0,288.5,320.43,98.3,25.0,1,0.0,1,1,0,Major Studio,Action,0,0,0,187.54
Good Will Hunting,1997,12,December,10.0,225.93,102.27,80.8,40.0,1,0.0,1,0,0,Mid-size Studio,Other,0,0,0,41.01
Watchmen,2009,3,March,130.0,185.26,310.87,98.1,0.0,1,0.0,1,1,0,Major Studio,Action,0,1,0,381.82
RED,2010,10,October,58.0,71.66,202.1,97.2,0.0,1,0.0,1,1,0,Major Studio,Action,0,0,0,172.15
American Hustle,2013,12,December,40.0,251.17,182.78,95.7,25.0,1,0.0,1,1,0,Major Studio,Other,0,0,0,104.64
Indiana Jones and the Temple of Doom,1984,5,May,28.0,333.0,322.01,96.0,0.0,1,0.0,1,1,0,Major Studio,Action,0,0,0,339.02
Jupiter Ascending,2015,2,February,176.0,183.99,295.61,97.7,0.0,1,0.0,1,1,0,Major Studio,Action,0,0,0,345.61
Troy,2004,5,May,175.0,497.41,392.34,98.4,25.0,1,0.0,1,1,0,Major Studio,Other,0,0,0,186.27
Room,2015,10,October,6.0,35.4,32.26,32.7,25.0,0,0.0,0,0,0,Mid-size Studio,Other,0,0,0,51.75
Taken 2,2012,9,September,45.0,376.14,192.44,94.2,20.0,1,0.0,1,1,0,Major Studio,Action,0,0,0,193.37
The King's Speech,2010,9,September,15.0,414.21,162.25,90.0,60.0,1,0.0,1,0,0,Mid-size Studio,Other,0,0,0,441.81
Neighbors,2014,5,May,18.0,268.16,175.12,95.8,15.0,1,0.0,1,1,0,Major Studio,Comedy,0,0,0,89.47
Dead Poets Society,1989,6,June,16.4,235.86,193.5,86.8,40.0,1,0.0,1,0,0,Mid-size Studio,Other,0,0,0,181.61
The Da Vinci Code,2006,5,May,125.0,767.82,418.01,98.4,0.0,1,0.0,1,1,0,Major Studio,Other,0,0,0,210.96
Source Code,2011,3,March,32.0,147.33,132.99,95.2,0.0,1,0.0,1,0,0,Mid-size Studio,Other,0,0,0,221.72
Real Steel,2011,9,September,110.0,299.27,237.55,97.9,45.0,1,0.0,1,1,0,Major Studio,Action,0,0,0,213.26
Sin City,2005,4,April,40.0,158.73,132.27,91.7,0.0,1,0.0,1,0,0,Mid-size Studio,Action,0,1,0,63.41
Spotlight,2015,11,November,20.0,88.35,87.93,80.2,40.0,1,0.0,1,1,0,Major Studio,Other,0,0,0,8.68
Ice Age: Continental Drift,2012,6,June,95.0,877.24,513.69,97.8,0.0,1,0.0,1,1,0,Major Studio,Animation,0,0,0,246.23
Trainspotting,1996,2,February,4.0,16.49,19.43,28.4,25.0,0,0.0,0,0,0,Mid-size Studio,Other,0,0,0,104.44
Warm Bodies,2013,1,January,35.0,116.98,90.26,89.7,20.0,1,0.0,1,0,0,Mid-size Studio,Comedy,0,0,0,21.04
The Bourne Legacy,2012,8,August,130.0,276.57,403.55,97.9,0.0,1,0.0,1,1,0,Major Studio,Action,0,0,0,76.5
Teenage Mutant Ninja Turtles,2014,8,August,125.0,477.2,414.1,98.2,0.0,1,0.0,1,1,0,Major Studio,Action,0,1,0,251.73
Mission: Impossible,1996,5,May,80.0,457.7,420.59,98.0,0.0,1,0.0,1,1,0,Major Studio,Action,0,0,0,42.14
"The Chronicles of Narnia: The Lion, the Witch and the Wardrobe",2005,12,December,180.0,748.81,503.1,98.2,0.0,1,0.0,1,0,0,Mid-size Studio,Other,1,0,0,464.51
Minority Report,2002,6,June,102.0,358.37,394.07,98.3,0.0,1,0.0,1,1,0,Major Studio,Action,0,0,0,338.04
The Big Short,2015,12,December,28.0,133.35,165.23,96.3,25.0,1,0.0,1,1,0,Major Studio,Comedy,0,0,0,145.15
127 Hours,2010,11,November,18.0,35.69,140.02,93.0,40.0,0,0.0,1,1,0,Major Studio,Other,0,0,0,101.7
Jack the Giant Slayer,2013,2,February,195.0,197.69,420.78,97.9,0.0,1,0.0,1,1,0,Major Studio,Action,0,0,0,372.94
Fantastic 4: Rise of the Silver Surfer,2007,6,June,130.0,289.05,436.13,98.3,0.0,1,0.0,1,1,0,Major Studio,Action,1,1,0,104.17
Bridge of Spies,2015,10,October,40.0,165.48,237.08,95.1,25.0,1,0.0,1,1,0,Major Studio,Other,0,0,0,345.46
Star Trek Beyond,2016,7,July,185.0,343.47,388.42,98.1,0.0,1,0.0,1,1,0,Major Studio,Action,0,0,0,392.3
Hotel Transylvania,2012,9,September,85.0,358.38,416.75,97.2,20.0,1,0.0,1,1,0,Major Studio,Animation,1,0,0,473.23
Me Before You,2016,6,June,20.0,207.95,159.67,90.3,40.0,1,0.0,1,1,0,Major Studio,Other,0,0,0,51.75
The Twilight Saga: Breaking Dawn - Part 2,2012,11,November,120.0,829.0,517.01,98.1,25.0,1,0.0,1,0,0,Mid-size Studio,Other,0,0,0,56.65
Focus,2015,2,February,50.1,153.96,185.12,95.0,25.0,1,0.0,1,0,0,Mid-size Studio,Comedy,0,0,0,76.75
Jaws,1975,6,June,7.0,470.65,269.48,88.7,0.0,1,0.0,1,1,0,Major Studio,Other,0,0,0,333.72
Taxi Driver,1976,2,February,1.3,28.26,15.8,22.5,25.0,0,0.0,0,0,0,Mid-size Studio,Other,0,0,0,120.52
After Earth,2013,5,May,130.0,243.84,281.99,98.0,0.0,1,0.0,1,1,0,Major Studio,Action,0,0,0,276.06
Wanted,2008,6,June,75.0,258.27,283.62,97.9,0.0,1,0.0,1,1,0,Major Studio,Action,0,0,0,79.44
The Pursuit of Happyness,2006,12,December,55.0,307.08,260.31,96.2,25.0,1,0.0,1,0,0,Mid-size Studio,Other,0,0,0,168.17
Pixels,2015,7,July,88.0,243.64,338.49,98.0,0.0,1,0.0,1,1,0,Major Studio,Action,0,0,0,435.25
Underworld,2003,9,September,22.0,95.71,121.83,92.0,35.0,1,0.0,1,0,0,Mid-size Studio,Action,0,0,0,247.44
Indiana Jones and the Kingdom of the Crystal Skull,2008,5,May,185.0,786.64,601.67,98.5,0.0,1,0.0,1,1,0,Major Studio,Action,0,0,0,321.57
Independence Day: Resurgence,2016,6,June,165.0,389.68,327.26,98.2,0.0,1,0.0,1,1,0,Major Studio,Action,0,0,0,366.73
The Lost World: Jurassic Park,1997,5,May,73.0,229.07,374.73,96.7,0.0,1,0.0,1,1,0,Major Studio,Action,0,0,0,343.01
Green Lantern,2011,6,June,200.0,219.85,396.63,98.5,0.0,1,0.0,1,1,0,Major Studio,Action,0,1,0,272.42
Armageddon,1998,7,July,140.0,553.8,500.89,98.0,0.0,1,0.0,1,0,0,Mid-size Studio,Action,1,0,0,479.88
The Mask,1994,7,July,23.0,351.58,250.16,96.1,15.0,1,0.0,1,1,0,Major Studio,Comedy,0,0,0,150.81
10 Cloverfield Lane,2016,3,March,15.0,108.29,83.34,92.1,40.0,1,0.0,1,1,0,Major Studio,Other,0,0,0,51.75
Terminator Salvation,2009,5,May,200.0,371.35,424.76,98.4,0.0,1,0.0,1,1,0,Major Studio,Action,0,0,0,155.28
Ted 2,2015,6,June,68.0,217.02,285.57,97.3,0.0,1,0.0,1,1,0,Major Studio,Comedy,1,0,0,549.37
Captain Phillips,2013,10,October,55.0,95.0,201.61,96.5,25.0,1,0.0,1,1,0,Major Studio,Action,0,0,0,219.79
Requiem for a Dream,2000,10,October,4.5,7.39,27.0,30.1,25.0,0,0.0,0,0,0,Mid-size Studio,Other,0,0,0,150.73
"Crazy, Stupid, Love.",2011,7,July,50.0,142.85,214.19,97.0,25.0,1,0.0,1,1,0,Major Studio,Comedy,0,0,0,82.31
Million Dollar Baby,2004,12,December,30.0,216.76,207.27,94.5,25.0,1,0.0,1,1,0,Major Studio,Other,0,0,0,120.81
Fast Five,2011,4,April,125.0,626.14,340.9,97.4,0.0,1,0.0,1,1,0,Major Studio,Action,1,0,1,250.97
The Twilight Saga: New Moon,2009,3,March,50.0,709.83,358.68,97.3,25.0,1,0.0,1,0,0,Mid-size Studio,Other,0,0,0,184.62
Super 8,2011,6,June,50.0,260.1,178.77,96.1,0.0,1,0.0,1,1,0,Major Studio,Other,1,0,0,416.97
The Girl with the Dragon Tattoo,2011,12,December,90.0,232.62,304.21,98.0,25.0,1,0.0,1,1,0,Major Studio,Other,0,0,0,211.86
The Legend of Tarzan,2016,6,June,180.0,356.74,456.27,97.8,0.0,1,0.0,1,1,0,Major Studio,Action,0,0,0,936.09
The Purge,2013,5,May,3.0,89.33,50.14,81.9,0.0,1,0.0,1,1,0,Major Studio,Other,0,0,0,113.69
Shaun of the Dead,2004,4,April,4.0,30.04,46.53,43.1,0.0,0,0.0,0,1,0,Major Studio,Comedy,0,0,0,58.11
Sicario,2015,9,September,30.0,84.03,68.42,81.3,45.0,1,0.0,1,0,0,Mid-size Studio,Action,0,0,0,64.62
Flight,2012,11,November,31.0,161.77,151.17,96.9,25.0,1,0.0,1,1,0,Major Studio,Other,0,0,0,285.74
Home Alone,1990,11,November,18.0,476.68,320.96,93.9,15.0,1,0.0,1,1,0,Major Studio,Comedy,0,0,0,406.12
The Croods,2013,3,March,135.0,585.18,562.7,98.1,0.0,1,0.0,1,1,0,Major Studio,Animation,1,0,0,320.33
300: Rise of an Empire,2014,3,March,110.0,337.58,362.72,97.6,0.0,1,0.0,1,1,0,Major Studio,Action,1,0,0,51.75
Home Alone 2: Lost in New York,1992,11,November,18.0,358.99,376.17,94.1,15.0,1,0.0,1,1,0,Major Studio,Comedy,0,0,0,420.83
The Day After Tomorrow,2004,5,May,125.0,544.27,425.85,98.2,0.0,1,0.0,1,1,0,Major Studio,Action,0,0,0,344.65
Dracula Untold,2014,10,October,70.0,215.53,235.98,96.6,25.0,1,0.0,1,1,0,Major Studio,Action,0,0,0,51.75
Cinderella,2015,3,March,95.0,543.51,428.55,98.1,25.0,1,0.0,1,1,0,Major Studio,Other,0,0,0,249.94
This Is the End,2013,6,June,32.0,126.04,116.15,93.1,0.0,1,0.0,1,1,0,Major Studio,Action,0,0,0,12.34
Noah,2014,3,March,125.0,362.64,287.78,98.1,25.0,1,0.0,1,1,0,Major Studio,Other,0,0,0,79.68
RoboCop,2014,1,January,120.0,242.69,222.71,95.6,20.0,1,0.0,1,1,0,Major Studio,Action,0,0,0,51.75
Jason Bourne,2016,7,July,120.0,415.48,348.46,98.0,0.0,1,0.0,1,0,0,Mid-size Studio,Action,0,0,0,166.38
King Kong,2005,12,December,207.0,550.0,524.32,98.0,25.0,1,0.0,1,1,0,Major Studio,Action,0,0,0,743.58
War of the Worlds,2005,6,June,132.0,591.74,455.11,98.3,0.0,1,0.0,1,1,0,Major Studio,Other,0,0,0,329.06
Psycho,1960,6,June,0.81,32.0,16.33,13.2,25.0,0,0.0,0,1,0,Major Studio,Other,0,0,0,8.5
Mean Girls,2004,4,April,17.0,129.04,134.04,95.9,15.0,1,0.0,1,1,0,Major Studio,Comedy,0,0,0,114.74
Dark Shadows,2012,5,May,150.0,245.53,315.48,98.5,0.0,1,0.0,1,1,0,Major Studio,Comedy,0,0,0,237.84
Prince of Persia: The Sands of Time,2010,5,May,150.0,335.15,405.0,98.2,0.0,1,0.0,1,1,0,Major Studio,Action,0,0,0,299.3
The Lone Ranger,2013,7,July,255.0,89.29,306.17,98.2,25.0,1,1.0,1,1,0,Major Studio,Action,0,0,0,514.62
"The Good, the Bad and the Ugly",1966,12,December,1.2,6.0,8.54,17.3,25.0,0,0.0,0,0,0,Mid-size Studio,Other,0,0,0,9.91
The Interview,2014,12,December,44.0,12.34,154.91,91.1,0.0,0,1.0,1,1,0,Major Studio,Action,0,0,0,126.04
A Bug's Life,1998,11,November,120.0,363.26,495.72,97.8,0.0,1,0.0,1,1,0,Major Studio,Animation,1,0,0,581.93
Ender's Game,2013,10,October,110.0,125.54,267.48,97.1,0.0,1,0.0,1,0,0,Mid-size Studio,Action,0,0,0,135.9
Groundhog Day,1993,2,February,14.6,70.91,107.67,94.3,40.0,1,0.0,1,1,0,Major Studio,Comedy,0,0,0,80.98
The Twilight Saga: Eclipse,2010,6,June,68.0,698.49,381.09,97.8,25.0,1,0.0,1,0,0,Mid-size Studio,Other,0,0,0,41.26
American Pie,1999,7,July,11.0,235.48,240.9,95.8,15.0,1,0.0,1,1,0,Major Studio,Comedy,0,0,0,303.21
Transcendence,2014,4,April,100.0,103.04,177.07,97.2,25.0,1,0.0,1,0,0,Mid-size Studio,Other,0,0,0,51.75
Blood Diamond,2006,12,December,100.0,170.88,275.19,98.4,25.0,1,0.0,1,1,0,Major Studio,Action,0,0,0,160.76
Shrek the Third,2007,5,May,160.0,798.96,621.28,98.0,0.0,1,0.0,1,1,0,Major Studio,Animation,1,0,0,554.99
Fantastic Four,2015,8,August,120.0,167.98,206.9,97.1,0.0,1,0.0,1,1,0,Major Studio,Action,0,1,0,145.0
Horrible Bosses,2011,7,July,35.0,117.0,143.86,96.0,0.0,1,0.0,1,1,0,Major Studio,Comedy,1,0,0,168.85
Rush,2013,9,September,38.0,90.25,123.36,91.2,45.0,1,0.0,1,0,0,Mid-size Studio,Action,0,0,0,278.71
Ice Age: Dawn of the Dinosaurs,2009,6,June,90.0,886.69,464.12,98.3,0.0,1,0.0,1,1,0,Major Studio,Animation,1,0,0,548.59
Warcraft,2016,5,May,160.0,433.68,288.49,98.0,0.0,1,0.0,1,1,0,Major Studio,Action,0,1,0,78.55
Non-Stop,2014,1,January,50.0,222.81,144.32,92.7,20.0,1,0.0,1,0,0,Mid-size Studio,Action,0,0,0,86.36
The Man from U.N.C.L.E.,2015,8,August,75.0,108.15,245.59,97.9,0.0,1,0.0,1,1,0,Major Studio,Action,0,0,0,162.07
The Simpsons Movie,2007,7,July,75.0,527.07,293.73,96.7,0.0,1,0.0,1,1,0,Major Studio,Animation,1,0,0,51.75
The Cabin in the Woods,2012,4,April,30.0,66.49,101.27,90.3,0.0,1,0.0,1,0,0,Mid-size Studio,Other,0,0,0,51.75
Cloverfield,2008,1,January,25.0,170.76,114.67,92.1,20.0,1,0.0,1,1,0,Major Studio,Action,1,0,0,367.4
Pitch Perfect,2012,9,September,17.0,115.35,94.19,83.0,35.0,1,0.0,1,0,0,Mid-size Studio,Comedy,0,0,0,51.75
Juno,2007,12,December,7.5,231.41,74.33,78.5,25.0,1,0.0,1,0,0,Mid-size Studio,Comedy,0,0,0,57.92
Sausage Party,2016,7,July,19.0,140.75,211.03,95.8,15.0,1,0.0,1,1,0,Major Studio,Animation,0,0,0,564.22
Friends with Benefits,2011,7,July,35.0,150.48,169.48,96.4,0.0,1,0.0,1,0,0,Mid-size Studio,Comedy,1,0,0,104.39
Clash of the Titans,2010,4,April,125.0,232.71,322.41,98.2,0.0,1,0.0,1,1,0,Major Studio,Action,0,0,0,92.28
Hellboy,2004,4,April,66.0,99.32,179.54,97.9,0.0,1,0.0,1,0,0,Mid-size Studio,Action,1,1,0,201.56
Kick-Ass 2,2013,7,July,28.0,60.7,97.63,93.6,0.0,1,0.0,1,1,0,Major Studio,Action,1,1,0,25.84
Easy A,2010,9,September,8.0,74.95,69.2,85.6,20.0,1,0.0,1,0,0,Mid-size Studio,Comedy,0,0,0,142.15
The Mummy Returns,2001,4,April,98.0,433.01,299.68,98.3,0.0,1,0.0,1,1,0,Major Studio,Action,0,0,0,156.84
Taken 3,2014,12,December,48.0,325.77,173.42,95.2,0.0,1,0.0,1,1,0,Major Studio,Action,0,0,0,218.55
Hot Fuzz,2007,2,February,12.0,80.57,106.99,88.9,15.0,1,0.0,1,1,0,Major Studio,Action,0,0,0,41.26
Lara Croft: Tomb Raider,2001,6,June,115.0,274.7,322.11,98.3,0.0,1,0.0,1,1,0,Major Studio,Action,0,0,0,134.41
Saw,2004,10,October,1.2,103.91,42.22,69.1,0.0,1,0.0,1,0,0,Mid-size Studio,Other,0,0,0,451.68
Nerve,2016,7,July,20.0,83.71,96.81,89.2,15.0,1,0.0,1,0,0,Mid-size Studio,Other,0,0,0,174.26
Rio,2011,4,April,90.0,484.64,365.38,98.2,0.0,1,0.0,1,1,0,Major Studio,Animation,1,0,0,682.61
The Book of Eli,2010,1,January,80.0,157.11,150.56,95.3,20.0,1,0.0,1,0,0,Mid-size Studio,Action,0,0,0,51.23
Terminator 3: Rise of the Machines,2003,7,July,200.0,435.0,330.34,98.1,0.0,1,0.0,1,1,0,Major Studio,Action,0,0,0,100.09
Ghostbusters,2016,7,July,144.0,229.15,283.17,97.8,0.0,1,0.0,1,1,0,Major Studio,Action,0,0,0,223.53
Hugo,2011,11,November,170.0,185.77,306.28,98.0,25.0,1,0.0,1,1,0,Major Studio,Other,0,0,0,110.68
Angels & Demons,2009,5,May,150.0,356.61,341.96,98.2,0.0,1,0.0,1,1,0,Major Studio,Other,0,0,0,252.08
Scott Pilgrim vs. the World,2010,7,July,60.0,47.66,194.69,97.4,0.0,0,1.0,1,1,0,Major Studio,Action,1,0,0,52.23
Ocean's Twelve,2004,12,December,110.0,362.74,343.05,98.2,0.0,1,0.0,1,1,0,Major Studio,Other,0,0,0,134.78
John Carter,2012,3,March,260.0,284.14,337.36,98.2,0.0,1,0.0,1,1,0,Major Studio,Action,0,0,0,608.3
Battleship,2012,4,April,209.0,303.03,353.41,98.4,0.0,1,0.0,1,1,0,Major Studio,Action,1,0,0,190.16
50 First Dates,2004,2,February,75.0,196.48,221.31,97.4,0.0,1,0.0,1,0,0,Mid-size Studio,Comedy,0,0,0,128.07
Click,2006,6,June,82.5,237.68,239.08,98.1,25.0,1,0.0,1,0,0,Mid-size Studio,Comedy,0,0,0,124.92
Superbad,2007,8,August,20.0,121.46,144.28,95.4,15.0,1,0.0,1,1,0,Major Studio,Comedy,0,0,0,57.36
Batman,1989,6,June,35.0,411.35,195.66,97.2,0.0,1,0.0,1,1,0,Major Studio,Action,0,1,0,225.08
Predator,1987,6,June,18.0,98.24,216.17,94.4,15.0,1,0.0,1,1,0,Major Studio,Action,0,0,0,153.17
Salt,2010,7,July,110.0,293.33,286.24,98.2,0.0,1,0.0,1,1,0,Major Studio,Action,0,0,0,108.92
Live Free or Die Hard,2007,6,June,110.0,383.53,337.73,98.4,0.0,1,0.0,1,1,0,Major Studio,Action,0,0,0,103.52
12 Angry Men,1957,3,March,0.35,1.0,3.99,11.0,25.0,0,0.0,0,0,0,Mid-size Studio,Other,0,0,0,25.34
Jurassic Park III,2001,7,July,93.0,368.78,273.85,96.8,0.0,1,0.0,1,0,0,Mid-size Studio,Action,0,0,0,239.34
Children of Men,2006,9,September,76.0,69.96,141.89,94.7,45.0,1,1.0,1,1,0,Major Studio,Action,0,0,0,513.27
Southpaw,2015,6,June,30.0,91.71,111.8,95.5,25.0,1,0.0,1,0,0,Mid-size Studio,Action,0,0,0,98.33
About Time,2013,8,August,,87.1,63.9,90.8,25.0,1,,1,0,0,Mid-size Studio,Comedy,0,0,0,140.64
Die Hard: With a Vengeance,1995,5,May,90.0,366.1,329.54,98.2,0.0,1,0.0,1,1,0,Major Studio,Action,0,0,0,114.9
American Psycho,2000,4,April,7.0,34.27,40.97,41.4,25.0,0,0.0,0,0,0,Mid-size Studio,Other,0,0,0,51.75
Resident Evil,2002,3,March,33.0,102.98,120.24,93.5,0.0,1,0.0,1,0,0,Mid-size Studio,Action,0,0,0,133.21
The Adventures of Tintin,2011,10,October,130.0,371.94,405.78,98.2,0.0,1,0.0,1,1,0,Major Studio,Animation,0,0,0,337.52
The Butterfly Effect,2004,1,January,13.0,96.06,70.84,91.7,35.0,1,0.0,1,1,0,Major Studio,Other,0,0,0,51.75
Apocalypse Now,1979,8,August,31.5,89.46,60.71,83.2,25.0,1,0.0,1,0,0,Mid-size Studio,Other,0,0,0,88.51
Rango,2011,3,March,135.0,245.72,319.9,98.3,25.0,1,0.0,1,1,0,Major Studio,Animation,0,0,0,488.55
Seven Pounds,2008,12,December,55.0,168.17,247.43,97.1,25.0,1,0.0,1,1,0,Major Studio,Other,0,0,0,307.08
Riddick,2013,9,September,38.0,98.34,108.4,87.7,20.0,1,0.0,1,0,0,Mid-size Studio,Action,0,0,1,63.94
Cars 2,2011,6,June,200.0,559.85,552.37,98.2,0.0,1,0.0,1,1,0,Major Studio,Animation,1,0,0,444.3
2 Fast 2 Furious,2003,6,June,76.0,236.35,216.28,96.4,0.0,1,0.0,1,1,0,Major Studio,Action,0,0,0,66.01
Mission: Impossible III,2006,5,May,150.0,397.85,377.39,98.4,0.0,1,0.0,1,1,0,Major Studio,Action,0,0,0,371.05
The Impossible,2012,9,September,42.0,180.27,116.41,89.2,45.0,1,0.0,1,0,0,Mid-size Studio,Other,0,0,0,44.0
Zodiac,2007,3,March,65.0,84.79,175.74,97.0,25.0,1,0.0,1,1,0,Major Studio,Other,0,0,0,228.28
Percy Jackson & the Olympians: The Lightning Thief,2010,2,February,95.0,226.5,297.96,97.5,0.0,1,0.0,1,0,0,Mid-size Studio,Other,0,0,0,437.39
Mulan,1998,6,June,90.0,304.32,284.52,96.8,0.0,1,0.0,1,1,0,Major Studio,Animation,0,0,0,51.75
The Exorcist,1973,12,December,8.0,441.31,162.45,73.8,25.0,1,0.0,1,1,0,Major Studio,Other,0,0,0,20.18
Ocean's Thirteen,2007,6,June,85.0,311.31,240.03,98.2,0.0,1,0.0,1,1,0,Major Studio,Other,0,0,0,138.73
Allegiant,2016,3,March,110.0,179.25,257.59,97.9,0.0,1,0.0,1,0,0,Mid-size Studio,Other,0,0,0,150.63
Big Fish,2003,12,December,70.0,122.92,206.94,97.9,25.0,1,0.0,1,1,0,Major Studio,Other,0,0,0,247.27
Howl's Moving Castle,2004,11,November,24.0,234.71,173.57,88.7,0.0,1,0.0,1,0,0,Mid-size Studio,Animation,0,0,0,207.26
Midnight in Paris,2011,5,May,30.0,151.12,114.0,94.8,0.0,1,0.0,1,0,0,Mid-size Studio,Comedy,0,0,0,47.09
The Age of Adaline,2015,4,April,25.0,65.66,72.52,90.3,25.0,1,0.0,1,0,0,Mid-size Studio,Other,0,0,0,3.09
The 40 Year Old Virgin,2005,8,August,26.0,109.45,164.5,97.1,0.0,1,0.0,1,1,0,Major Studio,Comedy,0,0,0,127.35
Princess Mononoke,1997,7,July,26.5,159.38,133.28,87.7,0.0,1,0.0,1,0,0,Mid-size Studio,Animation,0,0,0,232.37
A.I. Artificial Intelligence,2001,6,June,100.0,235.93,243.47,97.5,25.0,1,0.0,1,1,0,Major Studio,Other,0,0,0,342.75
Night at the Museum: Battle of the Smithsonian,2009,5,May,150.0,413.11,390.79,98.4,0.0,1,0.0,1,1,0,Major Studio,Action,1,0,0,200.61
Boyhood,2014,6,June,4.0,44.35,30.08,22.0,25.0,0,0.0,0,0,0,Mid-size Studio,Other,0,0,0,29.69
G.I. Joe: The Rise of Cobra,2009,8,August,175.0,302.47,276.96,98.2,0.0,1,0.0,1,1,0,Major Studio,Action,0,0,0,222.11
Shrek Forever After,2010,5,May,165.0,752.6,541.73,98.3,0.0,1,0.0,1,1,0,Major Studio,Animation,0,0,0,164.87
The Purge: Anarchy,2014,7,July,9.0,108.78,84.16,86.9,15.0,1,0.0,1,1,0,Major Studio,Other,0,0,0,103.96
The Conjuring 2,2016,5,May,40.0,320.17,200.53,96.3,0.0,1,0.0,1,1,0,Major Studio,Other,0,0,0,408.43
Unbreakable,2000,11,November,75.0,248.12,203.45,97.3,25.0,1,0.0,1,0,0,Mid-size Studio,Other,0,1,0,275.53
Oldboy,2003,1,January,3.0,14.98,18.65,14.6,45.0,0,0.0,0,0,0,Mid-size Studio,Action,0,0,0,17.94
The 5th Wave,2016,1,January,38.0,109.91,123.8,84.6,20.0,1,0.0,1,1,0,Major Studio,Other,0,0,0,51.75
Dredd,2012,9,September,50.0,41.04,62.59,72.1,20.0,0,1.0,1,0,0,Mid-size Studio,Action,0,1,0,151.16
Pitch Perfect 2,2015,5,May,29.0,287.51,190.8,95.7,0.0,1,0.0,1,1,0,Major Studio,Comedy,1,0,0,51.75
Paper Towns,2015,6,June,12.0,85.51,75.23,81.2,40.0,1,0.0,1,0,0,Mid-size Studio,Other,0,0,0,3.33
Chronicle,2012,2,February,15.0,145.0,109.11,90.4,40.0,1,0.0,1,1,0,Major Studio,Other,1,0,0,167.98
Mission: Impossible II,2000,5,May,125.0,546.39,430.84,98.4,0.0,1,0.0,1,1,0,Major Studio,Action,0,0,0,139.53
National Treasure,2004,11,November,100.0,347.45,310.0,98.3,0.0,1,0.0,1,1,0,Major Studio,Action,0,0,0,145.26
Rise of the Guardians,2012,11,November,145.0,306.94,381.35,97.8,0.0,1,0.0,1,1,0,Major Studio,Animation,1,0,0,51.75
Exodus: Gods and Kings,2014,12,December,140.0,268.03,310.51,97.9,25.0,1,0.0,1,0,0,Mid-size Studio,Action,0,0,0,194.77
The Italian Job,2003,5,May,60.0,176.07,186.88,96.9,0.0,1,0.0,1,0,0,Mid-size Studio,Action,0,0,0,83.18
Megamind,2010,10,October,130.0,321.89,342.94,97.7,0.0,1,0.0,1,1,0,Major Studio,Action,1,0,0,51.75
Creed,2015,11,November,37.0,173.57,156.2,93.2,25.0,1,0.0,1,1,0,Major Studio,Other,0,0,0,17.39
Snow White and the Seven Dwarfs,1937,12,December,1.49,184.93,103.77,74.9,0.0,1,0.0,1,0,0,Mid-size Studio,Animation,0,0,0,175.38
Gangs of New York,2002,12,December,100.0,193.77,216.73,97.5,25.0,1,0.0,1,0,0,Mid-size Studio,Other,0,0,0,110.18
The Terminal,2004,6,June,60.0,219.42,241.54,97.6,25.0,1,0.0,1,0,0,Mid-size Studio,Comedy,0,0,0,343.38
The Help,2011,8,August,25.0,124.27,81.76,84.6,25.0,1,0.0,1,0,0,Mid-size Studio,Other,0,0,0,31.91
Blade,1998,8,August,45.0,131.18,141.72,96.4,0.0,1,0.0,1,1,0,Major Studio,Action,0,1,0,179.27
Die Hard 2,1990,7,July,70.0,240.03,351.07,97.5,0.0,1,0.0,1,1,0,Major Studio,Action,0,0,0,56.53
The Last Samurai,2003,12,December,140.0,456.76,271.35,98.1,25.0,1,0.0,1,1,0,Major Studio,Action,0,0,0,113.12
Lost in Translation,2003,8,August,4.0,119.72,54.9,58.9,25.0,1,0.0,1,0,0,Mid-size Studio,Other,1,0,0,35.44
Corpse Bride,2005,9,September,40.0,117.2,152.91,93.1,20.0,1,0.0,1,1,0,Major Studio,Animation,0,0,0,247.71
White House Down,2013,6,June,150.0,205.37,229.65,97.7,25.0,1,0.0,1,1,0,Major Studio,Action,0,0,0,393.06
Les Misérables,2012,12,December,61.0,441.81,274.85,97.1,25.0,1,0.0,1,1,0,Major Studio,Other,0,0,0,414.21
The Intern,2015,9,September,35.0,194.56,158.09,93.8,20.0,1,0.0,1,1,0,Major Studio,Comedy,0,0,0,263.53
Kung Fu Panda 2,2011,5,May,150.0,665.69,427.7,97.8,0.0,1,0.0,1,1,0,Major Studio,Animation,0,0,0,521.17
Love Actually,2003,9,September,40.0,244.93,195.46,94.3,45.0,1,0.0,1,1,0,Major Studio,Comedy,0,0,0,61.72
The Pianist,2002,9,September,35.0,120.07,75.36,79.9,45.0,1,0.0,1,0,0,Mid-size Studio,Other,0,0,0,44.34
Underworld: Awakening,2012,1,January,70.0,160.11,190.65,92.0,20.0,1,0.0,1,0,0,Mid-size Studio,Action,0,0,1,51.75
Dumb and Dumber,1994,12,December,16.0,247.28,198.81,94.8,15.0,1,0.0,1,1,0,Major Studio,Comedy,0,0,0,109.09
Night at the Museum: Secret of the Tomb,2014,12,December,127.0,349.42,408.07,97.9,0.0,1,0.0,1,1,0,Major Studio,Comedy,0,0,0,207.68
The Hurt Locker,2008,10,October,15.0,42.0,89.41,78.1,40.0,0,0.0,1,0,0,Mid-size Studio,Other,0,0,0,83.99
It Follows,2015,2,February,2.0,14.67,20.2,30.7,0.0,0,0.0,0,0,0,Mid-size Studio,Other,0,0,0,51.75
The Host,2013,3,March,44.0,63.33,151.11,84.3,0.0,1,0.0,1,0,0,Mid-size Studio,Action,1,0,0,52.73
City of God,2002,2,February,3.3,30.64,18.8,12.4,25.0,0,0.0,0,0,0,Mid-size Studio,Other,0,0,0,51.16
Yes Man,2008,12,December,70.0,225.99,245.59,97.7,0.0,1,0.0,1,1,0,Major Studio,Comedy,0,0,0,271.59
Black Hawk Down,2001,12,December,92.0,172.99,239.2,97.6,25.0,1,0.0,1,0,0,Mid-size Studio,Action,0,0,0,201.1
Madagascar: Escape 2 Africa,2008,10,October,150.0,603.9,488.08,97.8,0.0,1,0.0,1,1,0,Major Studio,Animation,1,0,1,359.33
Gattaca,1997,9,September,36.0,12.53,105.37,80.9,20.0,0,1.0,1,1,0,Major Studio,Other,0,0,0,65.43
Madagascar 3: Europe's Most Wanted,2012,6,June,145.0,746.92,447.95,98.0,0.0,1,0.0,1,1,0,Major Studio,Animation,0,0,0,261.13
The Proposal,2009,6,June,40.0,317.38,200.33,95.7,25.0,1,0.0,1,0,0,Mid-size Studio,Comedy,1,0,0,92.0
Jumper,2008,2,February,85.0,222.23,236.4,94.6,0.0,1,0.0,1,0,0,Mid-size Studio,Other,0,0,0,186.65
The Giver,2014,8,August,25.0,66.98,62.38,79.9,25.0,1,0.0,1,0,0,Mid-size Studio,Other,0,0,0,141.26
The Expendables 3,2014,8,August,90.0,206.17,227.35,96.4,0.0,1,0.0,1,0,0,Mid-size Studio,Action,0,0,0,51.75
Moon,2009,6,June,5.0,9.76,20.75,26.8,25.0,0,0.0,0,0,0,Mid-size Studio,Other,0,0,0,290.5
Pearl Harbor,2001,5,May,140.0,449.22,359.89,97.9,25.0,1,0.0,1,0,0,Mid-size Studio,Other,0,0,0,489.39
Rocky,1976,11,November,1.0,117.24,89.52,56.6,25.0,1,0.0,1,0,0,Mid-size Studio,Other,0,0,0,90.82
Paul,2011,2,February,40.0,97.55,173.77,95.5,0.0,1,0.0,1,1,0,Major Studio,Comedy,1,0,0,69.31
Pitch Black,2000,2,February,23.0,53.19,54.16,81.9,15.0,1,0.0,1,0,0,Mid-size Studio,Action,0,0,0,78.99
Speed,1994,6,June,30.0,350.45,238.31,95.1,0.0,1,0.0,1,1,0,Major Studio,Action,0,0,0,226.67
The World's End,2013,7,July,20.0,46.09,62.99,90.0,15.0,0,0.0,1,1,0,Major Studio,Action,0,0,0,52.76
Gangster Squad,2013,1,January,60.0,105.2,114.36,89.4,45.0,1,0.0,1,1,0,Major Studio,Action,0,0,0,71.47
28 Days Later,2002,10,October,5.0,82.72,59.44,76.3,0.0,1,0.0,1,0,0,Mid-size Studio,Other,0,0,0,94.98
Everest,2015,9,September,55.0,203.43,170.77,92.2,45.0,1,0.0,1,1,0,Major Studio,Other,0,0,0,97.52
The Island,2005,7,July,126.0,162.95,246.41,97.8,0.0,1,0.0,1,1,0,Major Studio,Action,0,0,0,515.42
Bolt,2008,11,November,150.0,309.98,383.18,97.2,0.0,1,0.0,1,0,0,Mid-size Studio,Animation,1,0,0,652.11
Cloudy with a Chance of Meatballs,2009,9,September,100.0,242.99,277.03,97.5,20.0,1,0.0,1,1,0,Major Studio,Animation,0,0,0,286.4
Pretty Woman,1990,3,March,14.0,463.0,273.24,94.8,15.0,1,0.0,1,0,0,Mid-size Studio,Comedy,0,0,0,163.03
The Dictator,2012,5,May,65.0,179.38,142.59,95.0,0.0,1,0.0,1,1,0,Major Studio,Comedy,0,0,0,261.57
Insidious,2010,9,September,1.5,97.01,53.98,70.0,20.0,1,0.0,1,0,0,Mid-size Studio,Other,1,0,0,453.06
The Good Dinosaur,2015,11,November,175.0,331.93,320.46,97.4,0.0,1,0.0,1,1,0,Major Studio,Animation,0,0,0,51.75
Alice Through the Looking Glass,2016,5,May,170.0,299.37,244.62,97.8,0.0,1,0.0,1,1,0,Major Studio,Other,0,0,0,122.78
Evil Dead,2013,4,April,17.0,97.54,105.91,72.0,15.0,1,0.0,1,0,0,Mid-size Studio,Other,1,0,0,51.75
Hachi: A Dog's Tale,2009,6,June,16.0,47.8,72.13,52.4,40.0,0,0.0,1,0,0,Mid-size Studio,Other,0,0,0,73.48
Ghost Rider,2007,2,February,110.0,228.74,204.88,97.2,0.0,1,0.0,1,1,0,Major Studio,Action,0,1,0,18.25
Total Recall,1990,6,June,65.0,261.32,208.71,95.2,0.0,1,0.0,1,0,0,Mid-size Studio,Action,0,0,0,89.49
Rain Man,1988,12,December,25.0,412.8,208.22,91.9,25.0,1,0.0,1,0,0,Mid-size Studio,Other,1,0,0,87.06
Monty Python and the Holy Grail,1975,3,March,0.4,5.03,6.44,14.4,0.0,0,0.0,0,0,0,Mid-size Studio,Comedy,0,0,0,52.92
Grown Ups,2010,6,June,80.0,271.43,231.42,98.0,0.0,1,0.0,1,1,0,Major Studio,Comedy,0,0,0,158.36
The Fast and the Furious: Tokyo Drift,2006,6,June,85.0,158.47,181.66,95.1,25.0,1,0.0,1,1,0,Major Studio,Action,0,0,0,484.8
Zero Dark Thirty,2012,12,December,40.0,132.82,159.41,94.9,25.0,1,0.0,1,1,0,Major Studio,Other,0,0,0,38.58
10 Things I Hate About You,1999,3,March,16.0,53.48,119.08,84.5,40.0,1,0.0,1,0,0,Mid-size Studio,Comedy,1,0,0,51.75
Bad Boys,1995,4,April,19.0,141.41,190.78,90.8,15.0,1,0.0,1,1,0,Major Studio,Action,0,0,0,517.37
The Tourist,2010,12,December,100.0,278.73,204.69,97.8,0.0,1,0.0,1,1,0,Major Studio,Action,0,0,0,70.0
Meet the Parents,2000,10,October,55.0,330.44,237.33,96.6,0.0,1,0.0,1,1,0,Major Studio,Comedy,0,0,0,198.87
Top Gun,1986,5,May,15.0,356.83,312.08,94.6,15.0,1,0.0,1,1,0,Major Studio,Action,0,0,0,137.37
Sex Tape,2014,7,July,40.0,126.07,134.14,93.5,0.0,1,0.0,1,0,0,Mid-size Studio,Comedy,0,0,0,78.83
The Transporter,2002,10,October,21.0,43.93,75.78,53.5,15.0,0,0.0,1,0,0,Mid-size Studio,Action,0,0,0,130.03
Little Miss Sunshine,2006,7,July,8.0,100.52,55.48,53.1,25.0,1,0.0,1,0,0,Mid-size Studio,Comedy,0,0,0,51.75
Due Date,2010,11,November,65.0,211.78,218.48,97.2,25.0,1,0.0,1,1,0,Major Studio,Comedy,0,0,0,184.77
Hercules,2014,7,July,100.0,243.4,243.47,97.8,0.0,1,0.0,1,1,0,Major Studio,Action,0,0,0,248.03
Batman Returns,1992,6,June,80.0,280.0,302.17,97.6,0.0,1,0.0,1,1,0,Major Studio,Action,0,1,0,235.19
Don Jon,2013,7,July,6.0,,50.54,44.3,25.0,0,,0,0,0,Mid-size Studio,Comedy,0,0,0,51.75
True Grit,2010,12,December,38.0,252.28,173.6,93.2,25.0,1,0.0,1,1,0,Major Studio,Other,0,0,0,87.67
Tropic Thunder,2008,8,August,92.0,188.07,209.42,97.6,0.0,1,0.0,1,0,0,Mid-size Studio,Action,1,0,0,101.93
Hitch,2005,2,February,70.0,368.1,204.63,96.8,25.0,1,0.0,1,0,0,Mid-size Studio,Comedy,0,0,0,123.39
Moonrise Kingdom,2012,5,May,16.0,68.26,71.75,71.7,40.0,1,0.0,1,0,0,Mid-size Studio,Comedy,1,0,0,57.5
Bridesmaids,2011,4,April,32.5,288.38,242.36,93.7,0.0,1,0.0,1,1,0,Major Studio,Comedy,0,0,0,193.91
Escape Plan,2013,10,October,50.0,122.92,122.99,91.2,0.0,1,0.0,1,0,0,Mid-size Studio,Action,0,0,0,82.74
The Internship,2013,6,June,58.0,44.0,91.36,84.7,0.0,0,1.0,1,1,0,Major Studio,Comedy,0,0,0,241.62
The Place Beyond the Pines,2013,3,March,15.0,35.49,47.75,35.3,40.0,0,0.0,0,0,0,Mid-size Studio,Other,0,0,0,16.57
Into the Woods,2014,12,December,50.0,212.9,178.97,93.5,0.0,1,0.0,1,1,0,Major Studio,Comedy,1,0,0,392.14
The Adjustment Bureau,2011,3,March,50.2,127.87,153.16,93.4,0.0,1,0.0,1,1,0,Major Studio,Other,0,0,0,51.75
Central Intelligence,2016,6,June,50.0,216.97,173.23,94.6,0.0,1,0.0,1,1,0,Major Studio,Action,0,0,0,218.86
Percy Jackson: Sea of Monsters,2013,8,August,90.0,174.58,230.79,97.2,0.0,1,0.0,1,1,0,Major Studio,Other,0,0,0,74.37
Ace Ventura: Pet Detective,1994,2,February,15.0,107.22,143.88,94.0,15.0,1,0.0,1,1,0,Major Studio,Comedy,0,0,0,203.66
"Lock, Stock and Two Smoking Barrels",1998,3,March,1.35,3.9,11.71,13.9,0.0,0,0.0,0,0,0,Mid-size Studio,Comedy,0,0,0,179.45
Identity Thief,2013,2,February,35.0,173.97,93.15,79.9,0.0,1,0.0,1,0,0,Mid-size Studio,Comedy,0,0,0,140.37
The Wizard of Oz,1939,8,August,2.78,33.75,29.83,48.3,0.0,0,0.0,0,0,0,Mid-size Studio,Other,0,0,0,202.77
Training Day,2001,10,October,45.0,104.88,113.04,93.7,25.0,1,0.0,1,1,0,Major Studio,Action,0,0,0,96.45
Alien³,1992,5,May,50.0,159.77,205.65,92.3,0.0,1,0.0,1,1,0,Major Studio,Action,0,0,0,219.95
Inside Man,2006,3,March,45.0,184.38,135.24,93.6,25.0,1,0.0,1,1,0,Major Studio,Other,0,0,0,19.53
The Chronicles of Narnia: Prince Caspian,2008,5,May,225.0,419.65,307.0,97.3,0.0,1,0.0,1,1,0,Major Studio,Other,0,0,0,546.8
8 Mile,2002,11,November,41.0,215.0,145.91,92.8,25.0,1,0.0,1,0,0,Mid-size Studio,Other,0,0,0,44.41
Sucker Punch,2011,3,March,82.0,89.79,180.2,96.8,0.0,1,0.0,1,1,0,Major Studio,Action,0,0,0,397.73
London Has Fallen,2016,3,March,60.0,205.75,114.54,91.8,0.0,1,0.0,1,0,0,Mid-size Studio,Action,0,0,0,51.75
The Illusionist,2006,8,August,40.0,86.92,164.04,92.9,25.0,1,0.0,1,1,0,Major Studio,Other,0,0,0,288.75
American Reunion,2012,4,April,50.0,234.99,192.81,95.9,0.0,1,0.0,1,1,0,Major Studio,Comedy,1,0,0,43.49
Kung Fu Panda 3,2016,1,January,145.0,521.17,336.77,95.7,20.0,1,0.0,1,1,0,Major Studio,Action,0,0,0,665.69
From Dusk Till Dawn,1996,1,January,19.0,25.84,51.62,64.8,35.0,0,0.0,1,0,0,Mid-size Studio,Action,0,0,0,72.27
The Mortal Instruments: City of Bones,2013,8,August,60.0,90.57,155.56,94.0,25.0,1,0.0,1,0,0,Mid-size Studio,Action,0,0,0,58.8
Resident Evil: Retribution,2012,9,September,65.0,240.16,147.49,87.5,20.0,1,0.0,1,0,0,Mid-size Studio,Action,0,0,0,117.97
Apollo 13,1995,6,June,52.0,355.24,227.57,96.7,25.0,1,0.0,1,1,0,Major Studio,Other,0,0,1,252.22
Signs,2002,8,August,72.0,408.25,185.54,96.2,25.0,1,0.0,1,0,0,Mid-size Studio,Other,0,0,0,255.51
The Blind Side,2009,11,November,29.0,309.21,118.72,90.5,25.0,1,0.0,1,0,0,Mid-size Studio,Other,1,0,0,71.32
Gremlins,1984,6,June,11.0,153.08,126.81,89.0,15.0,1,0.0,1,1,0,Major Studio,Comedy,0,0,0,45.67
Mrs. Doubtfire,1993,11,November,25.0,441.29,212.42,93.4,25.0,1,0.0,1,1,0,Major Studio,Comedy,0,0,0,410.54
There's Something About Mary,1998,7,July,23.0,369.88,252.43,95.6,15.0,1,0.0,1,1,0,Major Studio,Comedy,0,0,0,96.83
2 Guns,2013,8,August,61.0,131.94,122.53,93.1,0.0,1,0.0,1,0,0,Mid-size Studio,Action,0,1,0,133.26
The Thing,1982,6,June,15.0,19.63,40.15,38.7,15.0,0,0.0,0,1,0,Major Studio,Other,0,0,0,29.53
Bad Teacher,2011,5,May,20.0,216.2,148.92,92.7,15.0,1,0.0,1,1,0,Major Studio,Comedy,0,0,0,48.79
Face/Off,1997,6,June,80.0,245.68,200.9,96.6,0.0,1,0.0,1,1,0,Major Studio,Action,0,0,0,199.67
Joy,2015,12,December,60.0,101.13,158.6,94.2,25.0,1,0.0,1,1,0,Major Studio,Comedy,0,0,0,134.65
Grease,1978,7,July,6.0,181.81,194.62,89.2,0.0,1,0.0,1,1,0,Major Studio,Other,0,0,0,46.82
Borat: Cultural Learnings of America for Make Benefit Glorious Nation of Kazakhstan,2006,11,November,18.0,261.57,199.52,94.1,15.0,1,0.0,1,1,0,Major Studio,Comedy,1,0,0,179.38
The Heat,2013,6,June,43.0,158.67,133.56,92.7,0.0,1,0.0,1,1,0,Major Studio,Action,0,0,0,258.77
Steve Jobs,2015,10,October,30.0,34.44,84.46,79.1,25.0,0,0.0,1,1,0,Major Studio,Other,0,0,0,101.88
Sinister,2012,3,March,3.0,77.71,41.53,65.3,0.0,1,0.0,1,0,0,Mid-size Studio,Other,0,0,0,188.66
Pain & Gain,2013,4,April,25.0,86.18,81.64,83.1,0.0,1,0.0,1,1,0,Major Studio,Action,1,0,0,522.4
The Chronicles of Riddick,2004,6,June,105.0,115.77,150.2,96.4,0.0,1,0.0,1,0,0,Mid-size Studio,Action,0,0,0,58.13
The Shallows,2016,6,June,17.0,119.1,91.47,87.9,40.0,1,0.0,1,1,0,Major Studio,Other,0,0,0,107.1
I Am Number Four,2011,2,February,50.0,144.49,110.13,89.2,0.0,1,0.0,1,0,0,Mid-size Studio,Action,0,0,0,98.83
Bad Boys II,2003,7,July,130.0,273.34,240.23,97.0,0.0,1,0.0,1,0,0,Mid-size Studio,Action,0,0,0,505.38
Project X,2012,3,March,12.0,100.0,52.46,73.2,15.0,1,0.0,1,0,0,Mid-size Studio,Comedy,0,0,0,51.75
Starship Troopers,1997,11,November,105.0,121.21,133.3,95.0,0.0,1,0.0,1,0,0,Mid-size Studio,Action,0,0,0,124.52
Shark Tale,2004,9,September,75.0,367.28,368.34,96.2,20.0,1,0.0,1,1,0,Major Studio,Action,0,0,0,6.41
Man on Fire,2004,4,April,70.0,130.29,134.19,96.2,25.0,1,0.0,1,0,0,Mid-size Studio,Action,0,0,0,157.97
Equilibrium,2002,12,December,20.0,5.36,18.92,48.7,15.0,0,1.0,0,0,0,Mid-size Studio,Action,0,0,0,31.07
Spring Breakers,2013,1,January,5.0,31.72,31.06,40.0,45.0,0,0.0,0,0,0,Mid-size Studio,Other,0,0,0,51.75
Knight and Day,2010,6,June,117.0,261.93,260.09,98.2,0.0,1,0.0,1,1,0,Major Studio,Action,1,0,0,161.4
The Godfather: Part III,1990,12,December,54.0,136.77,171.82,92.6,25.0,1,0.0,1,1,0,Major Studio,Other,0,0,0,83.25
Just Go with It,2011,2,February,80.0,214.92,225.74,97.0,0.0,1,0.0,1,1,0,Major Studio,Comedy,0,0,0,166.43
There Will Be Blood,2007,12,December,25.0,77.21,58.45,77.9,25.0,1,0.0,1,0,0,Mid-size Studio,Other,0,0,0,29.58
Horrible Bosses 2,2014,11,November,42.0,107.67,139.52,92.8,0.0,1,0.0,1,1,0,Major Studio,Comedy,0,0,0,106.53
Hulk,2003,6,June,137.0,245.36,207.58,97.7,25.0,1,0.0,1,1,0,Major Studio,Action,0,1,0,190.71
Hook,1991,12,December,70.0,300.85,312.02,96.9,0.0,1,0.0,1,0,0,Mid-size Studio,Comedy,0,0,0,340.25
Blade II,2002,3,March,54.0,155.01,140.47,96.9,0.0,1,0.0,1,1,0,Major Studio,Action,0,1,0,187.64
Underworld: Evolution,2006,1,January,50.0,111.34,95.55,80.9,20.0,1,0.0,1,0,0,Mid-size Studio,Action,0,0,0,239.62
Hellboy II: The Golden Army,2008,7,July,85.0,160.39,184.07,97.2,0.0,1,0.0,1,1,0,Major Studio,Other,0,1,0,186.3
Lone Survivor,2013,12,December,40.0,149.3,101.34,92.5,25.0,1,0.0,1,1,0,Major Studio,Action,0,0,0,220.91
RED 2,2013,7,July,84.0,,139.78,91.7,0.0,0,,1,1,0,Major Studio,Action,0,0,0,90.68
The Huntsman: Winter's War,2016,4,April,115.0,164.6,203.67,97.4,25.0,1,0.0,1,1,0,Major Studio,Action,0,0,0,51.75
The Monuments Men,2014,1,January,70.0,154.98,122.67,93.5,45.0,1,0.0,1,1,0,Major Studio,Action,0,0,0,51.23
Stand by Me,1986,8,August,8.0,52.29,45.55,55.3,25.0,1,0.0,1,1,0,Major Studio,Other,0,0,0,83.5
Need for Speed,2014,3,March,66.0,203.28,135.85,93.4,25.0,1,0.0,1,1,0,Major Studio,Action,1,0,0,51.75
Home,2015,3,March,135.0,368.87,202.68,96.0,0.0,1,0.0,1,1,0,Major Studio,Animation,0,0,0,26.29
Annabelle,2014,10,October,6.5,255.27,86.24,82.1,0.0,1,0.0,1,1,0,Major Studio,Other,0,0,0,51.38
Interview with the Vampire,1994,11,November,60.0,223.66,220.71,95.6,0.0,1,0.0,1,0,0,Mid-size Studio,Other,0,0,0,22.98
Jackie Brown,1997,12,December,12.0,39.67,49.46,51.1,15.0,0,0.0,1,0,0,Mid-size Studio,Comedy,0,0,0,208.85
The Chronicles of Narnia: The Voyage of the Dawn Treader,2010,8,August,155.0,415.69,203.29,97.1,0.0,1,0.0,1,0,0,Mid-size Studio,Other,0,0,0,124.55
Mars Attacks!,1996,12,December,70.0,101.37,202.48,96.6,0.0,1,0.0,1,0,0,Mid-size Studio,Comedy,0,0,0,248.93
The Game,1997,9,September,50.0,109.42,111.82,90.1,45.0,1,0.0,1,0,0,Mid-size Studio,Other,0,0,0,225.55
American Gangster,2007,11,November,100.0,266.47,187.33,96.7,25.0,1,0.0,1,1,0,Major Studio,Other,1,0,0,194.87
Batman Forever,1995,5,May,100.0,336.53,202.38,96.8,0.0,1,0.0,1,1,0,Major Studio,Action,0,1,0,91.71
Hotel Transylvania 2,2015,9,September,80.0,473.23,256.69,95.8,20.0,1,0.0,1,1,0,Major Studio,Animation,0,0,0,358.38
Anchorman: The Legend of Ron Burgundy,2004,7,July,26.0,90.57,108.03,92.8,0.0,1,0.0,1,0,0,Mid-size Studio,Comedy,1,0,0,153.7
The Emperor's New Groove,2000,12,December,100.0,169.33,219.59,95.9,0.0,1,0.0,1,1,0,Major Studio,Animation,0,0,0,159.0
The Aviator,2004,12,December,116.0,102.0,171.87,97.3,25.0,1,1.0,1,1,0,Major Studio,Other,0,0,0,115.91
First Blood,1982,10,October,15.0,125.21,150.95,83.5,15.0,1,0.0,1,0,0,Mid-size Studio,Action,0,0,0,51.75
Knowing,2009,3,March,50.0,155.45,116.01,93.1,25.0,1,0.0,1,0,0,Mid-size Studio,Action,0,0,0,154.78
Law Abiding Citizen,2009,10,October,53.0,126.69,121.4,92.9,25.0,1,0.0,1,0,0,Mid-size Studio,Other,0,0,0,90.23
The Book Thief,2013,11,November,,76.59,79.52,88.7,25.0,1,,1,0,0,Mid-size Studio,Other,0,0,0,51.75
The Princess Bride,1987,9,September,16.0,30.86,116.27,73.9,35.0,0,0.0,1,0,0,Mid-size Studio,Comedy,0,0,0,85.88
The Fighter,2010,12,December,25.0,93.62,121.21,93.4,25.0,1,0.0,1,1,0,Major Studio,Other,1,0,0,136.15
Gone in Sixty Seconds,2000,6,June,90.0,237.2,244.71,96.7,0.0,1,0.0,1,0,0,Mid-size Studio,Action,0,0,0,79.64
Brokeback Mountain,2005,9,September,14.0,178.04,107.69,83.2,60.0,1,0.0,1,0,0,Mid-size Studio,Other,0,0,0,201.93
Mulholland Drive,2001,5,May,15.0,20.12,36.52,32.3,40.0,0,0.0,0,0,0,Mid-size Studio,Other,0,0,0,21.31
Scream,1996,12,December,14.0,173.05,104.09,74.8,15.0,1,0.0,1,0,0,Mid-size Studio,Other,0,0,0,65.75
The Polar Express,2004,11,November,165.0,305.88,337.18,97.8,0.0,1,0.0,1,0,0,Mid-size Studio,Animation,0,0,0,273.73
The Sorcerer's Apprentice,2010,7,July,150.0,215.28,239.05,97.9,25.0,1,0.0,1,1,0,Major Studio,Action,1,0,0,171.69
The Town,2010,9,September,37.0,154.03,88.87,88.4,45.0,1,0.0,1,1,0,Major Studio,Other,0,0,0,232.32
Carrie,2013,10,October,30.0,82.39,76.74,88.5,25.0,1,0.0,1,0,0,Mid-size Studio,Other,0,0,0,11.37
Neighbors 2: Sorority Rising,2016,5,May,35.0,108.76,160.25,94.7,0.0,1,0.0,1,1,0,Major Studio,Comedy,0,0,0,129.32
Shooter,2007,3,March,61.0,95.7,143.17,96.1,25.0,1,0.0,1,1,0,Major Studio,Action,0,0,0,97.76
Pocahontas,1995,6,June,55.0,346.08,191.35,93.4,25.0,1,0.0,1,1,0,Major Studio,Animation,0,0,0,51.75
The Rock,1996,6,June,75.0,335.06,275.44,96.5,0.0,1,0.0,1,0,0,Mid-size Studio,Action,0,0,0,499.77
Parker,2013,1,January,35.0,46.22,73.62,44.6,20.0,0,0.0,0,0,0,Mid-size Studio,Action,0,0,0,138.84
The Boy in the Striped Pyjamas,2008,5,May,12.5,20.42,39.31,33.5,40.0,0,0.0,0,0,0,Mid-size Studio,Other,0,0,0,51.75
Collateral,2004,8,August,65.0,217.76,141.89,95.9,25.0,1,0.0,1,1,0,Major Studio,Other,0,0,0,91.07
The Grey,2012,1,January,25.0,77.28,65.82,82.1,45.0,1,0.0,1,0,0,Mid-size Studio,Action,1,0,0,34.87
Enchanted,2007,11,November,85.0,340.49,272.3,97.3,0.0,1,0.0,1,1,0,Major Studio,Comedy,0,0,0,183.61
Battle: Los Angeles,2011,3,March,70.0,202.47,144.46,96.7,0.0,1,0.0,1,1,0,Major Studio,Action,0,0,0,389.1
Beetlejuice,1988,2,February,15.0,73.33,85.23,88.9,15.0,1,0.0,1,1,0,Major Studio,Comedy,0,0,0,251.08
Dr. Strangelove or: How I Learned to Stop Worrying and Love the Bomb,1964,1,January,1.8,9.44,7.16,10.6,45.0,0,0.0,0,0,0,Mid-size Studio,Comedy,0,0,0,60.81
The Other Woman,2014,4,April,40.0,196.78,144.12,92.6,0.0,1,0.0,1,1,0,Major Studio,Comedy,0,0,0,104.52
The Iron Giant,1999,8,August,70.0,23.16,72.37,80.4,0.0,0,1.0,1,0,0,Mid-size Studio,Animation,0,0,0,511.77
The Witch,2016,2,February,3.5,40.42,26.82,38.0,0.0,0,0.0,0,0,0,Mid-size Studio,Other,0,0,0,51.75
Anastasia,1997,11,November,53.0,139.8,176.19,94.7,0.0,1,0.0,1,1,0,Major Studio,Animation,0,0,0,36.75
Wrath of the Titans,2012,3,March,150.0,301.0,282.19,97.5,0.0,1,0.0,1,1,0,Major Studio,Other,0,0,0,339.83
Lincoln,2012,11,November,65.0,275.29,186.91,95.1,25.0,1,0.0,1,1,0,Major Studio,Other,0,0,0,341.23
Underworld: Rise of the Lycans,2009,1,January,35.0,91.35,72.19,65.7,20.0,1,0.0,1,0,0,Mid-size Studio,Action,0,0,0,51.75
Liar Liar,1997,3,March,45.0,181.0,111.74,93.6,0.0,1,0.0,1,1,0,Major Studio,Comedy,0,0,0,191.36
xXx,2002,8,August,70.0,277.45,205.92,97.9,0.0,1,0.0,1,1,0,Major Studio,Action,0,0,0,134.7
Monsters vs Aliens,2009,3,March,175.0,381.51,327.61,97.5,0.0,1,0.0,1,1,0,Major Studio,Animation,1,0,0,443.84
Mystic River,2003,10,October,25.0,156.82,90.72,71.6,25.0,1,0.0,1,1,0,Major Studio,Other,0,0,0,123.96
Casablanca,1942,11,November,0.88,10.46,16.44,16.6,25.0,0,0.0,0,1,0,Major Studio,Other,0,0,0,8.87
Lara Croft Tomb Raider: The Cradle of Life,2003,7,July,95.0,156.51,244.57,97.9,0.0,1,0.0,1,1,0,Major Studio,Action,0,0,0,275.15
Batman & Robin,1997,6,June,125.0,238.21,240.88,97.6,0.0,1,0.0,1,1,0,Major Studio,Action,0,1,0,99.9
The Judge,2014,10,October,50.0,83.72,126.49,93.4,25.0,1,0.0,1,1,0,Major Studio,Other,0,0,0,81.89
School of Rock,2003,10,October,35.0,131.28,95.85,91.9,0.0,1,0.0,1,1,0,Major Studio,Comedy,0,0,0,20.03
Happy Feet,2006,11,November,100.0,384.34,281.79,97.9,0.0,1,0.0,1,0,0,Mid-size Studio,Animation,1,0,0,126.54
Dirty Grandpa,2016,1,January,11.5,94.07,78.94,74.2,35.0,1,0.0,1,0,0,Mid-size Studio,Comedy,0,0,0,51.75
Bambi,1942,8,August,0.86,267.45,103.31,70.7,25.0,1,0.0,1,0,0,Mid-size Studio,Animation,0,0,0,134.12
Mama,2013,1,January,15.0,146.5,113.88,88.2,35.0,1,0.0,1,1,0,Major Studio,Other,0,0,0,51.75
Unbroken,2014,12,December,65.0,163.44,116.6,94.3,25.0,1,0.0,1,1,0,Major Studio,Other,0,0,0,2.02
Superman Returns,2006,6,June,270.0,391.08,336.2,97.0,0.0,1,0.0,1,1,0,Major Studio,Action,0,1,0,345.31
The Mist,2007,11,November,18.0,57.1,64.28,85.0,15.0,1,0.0,1,0,0,Mid-size Studio,Other,0,0,0,116.75
Robin Hood,2010,5,May,200.0,310.67,285.58,98.1,0.0,1,0.0,1,1,0,Major Studio,Action,0,0,0,191.93
This Means War,2012,2,February,65.0,156.97,187.39,95.3,0.0,1,0.0,1,0,0,Mid-size Studio,Action,0,0,0,198.16
In Bruges,2008,2,February,15.0,34.53,39.76,41.5,40.0,0,0.0,0,0,0,Mid-size Studio,Comedy,0,0,0,19.42
The Mummy: Tomb of the Dragon Emperor,2008,7,July,145.0,401.13,243.67,97.7,0.0,1,0.0,1,1,0,Major Studio,Action,0,0,0,119.24
Coraline,2009,2,February,60.0,124.6,157.36,92.0,0.0,1,0.0,1,0,0,Mid-size Studio,Animation,1,0,0,5.41
Mamma Mia!,2008,7,July,52.0,609.84,219.61,96.4,0.0,1,0.0,1,1,0,Major Studio,Comedy,1,0,0,114.96
How the Grinch Stole Christmas,2000,11,November,123.0,345.14,304.58,97.9,0.0,1,0.0,1,1,0,Major Studio,Comedy,0,0,0,253.22
The Untouchables,1987,6,June,25.0,76.27,142.57,83.6,25.0,1,0.0,1,1,0,Major Studio,Other,0,0,0,76.81
The Other Guys,2010,8,August,100.0,170.43,208.66,97.4,0.0,1,0.0,1,1,0,Major Studio,Action,1,0,0,137.73
Moneyball,2011,9,September,50.0,110.21,123.35,93.4,45.0,1,0.0,1,1,0,Major Studio,Other,0,0,0,49.08
Final Destination,2000,3,March,23.0,53.3,99.18,92.6,15.0,1,0.0,1,1,0,Major Studio,Other,0,0,0,95.21
21,2008,3,March,35.0,69.82,115.18,90.7,25.0,1,0.0,1,1,0,Major Studio,Other,0,0,0,123.39
The Devil's Advocate,1997,10,October,57.0,152.94,176.62,95.2,25.0,1,0.0,1,1,0,Major Studio,Other,0,0,0,85.47
Romeo + Juliet,1996,10,October,14.5,147.3,160.86,94.4,40.0,1,0.0,1,1,0,Major Studio,Other,0,0,0,193.27
Meet the Fockers,2004,12,December,80.0,516.64,290.86,97.6,0.0,1,0.0,1,1,0,Major Studio,Comedy,0,0,0,172.27
If I Stay,2014,8,August,11.0,78.87,80.9,84.8,40.0,1,0.0,1,1,0,Major Studio,Other,0,0,0,51.75
Alien: Resurrection,1997,11,November,70.0,162.0,170.03,94.7,0.0,1,0.0,1,1,0,Major Studio,Action,0,0,0,65.81
Resident Evil: Afterlife,2010,9,September,60.0,300.23,262.68,83.7,20.0,1,0.0,1,0,0,Mid-size Studio,Action,1,0,0,111.29
The Visit,2015,9,September,5.0,98.45,57.85,64.6,20.0,1,0.0,1,0,0,Mid-size Studio,Other,0,0,0,294.24
Pride & Prejudice,2005,9,September,28.0,121.15,121.1,87.5,45.0,1,0.0,1,1,0,Major Studio,Other,0,0,0,84.42
Bridget Jones's Diary,2001,4,April,25.0,281.93,142.77,92.5,25.0,1,0.0,1,1,0,Major Studio,Comedy,1,0,0,51.75
Straight Outta Compton,2015,8,August,28.0,201.63,133.65,81.8,25.0,1,0.0,1,1,0,Major Studio,Other,1,0,0,79.53
Pinocchio,1940,2,February,2.6,84.3,39.97,41.1,0.0,1,0.0,0,0,0,Mid-size Studio,Animation,0,0,0,51.75
17 Again,2009,3,March,20.0,136.27,77.51,87.9,15.0,1,0.0,1,1,0,Major Studio,Comedy,0,0,0,23.11
Penguins of Madagascar,2014,11,November,132.0,373.55,362.55,96.8,0.0,1,0.0,1,1,0,Major Studio,Animation,0,0,0,436.11
Safe House,2012,2,February,85.0,208.08,158.11,95.0,0.0,1,0.0,1,1,0,Major Studio,Action,0,0,0,3.32
American Pie 2,2001,8,August,30.0,287.55,159.54,95.7,0.0,1,0.0,1,1,0,Major Studio,Comedy,0,0,0,51.75
Public Enemies,2009,7,July,80.0,214.1,182.27,96.6,25.0,1,0.0,1,1,0,Major Studio,Other,0,0,0,91.81
1408,2007,7,July,25.0,94.68,96.75,89.9,0.0,1,0.0,1,0,0,Mid-size Studio,Other,0,0,0,92.15
Marley & Me,2008,12,December,60.0,244.08,174.67,96.1,0.0,1,0.0,1,0,0,Mid-size Studio,Comedy,1,0,0,149.43
Ghost,1990,7,July,22.0,505.0,255.54,93.6,40.0,1,0.0,1,1,0,Major Studio,Other,0,0,0,98.85
Zoolander,2001,9,September,28.0,60.78,115.42,94.8,20.0,1,0.0,1,1,0,Major Studio,Comedy,0,0,0,133.75
Lord of War,2005,9,September,42.0,24.13,86.55,67.4,45.0,0,1.0,1,0,0,Mid-size Studio,Other,0,0,0,62.53
Robots,2005,3,March,75.0,260.7,274.19,97.1,0.0,1,0.0,1,1,0,Major Studio,Animation,0,0,0,325.84
No Strings Attached,2011,1,January,25.0,147.78,94.36,93.4,20.0,1,0.0,1,0,0,Mid-size Studio,Comedy,1,0,0,126.27
47 Ronin,2013,12,December,175.0,150.96,165.7,97.1,25.0,1,1.0,1,0,0,Mid-size Studio,Action,0,0,0,51.75
Contagion,2011,9,September,60.0,137.55,114.22,94.8,45.0,1,0.0,1,1,0,Major Studio,Other,0,0,0,152.1
Lucky Number Slevin,2006,2,February,27.0,56.31,54.65,73.2,25.0,1,0.0,1,0,0,Mid-size Studio,Other,0,0,0,23.61
Side Effects,2013,2,February,30.0,63.37,68.18,60.6,25.0,1,0.0,1,0,0,Mid-size Studio,Other,0,0,0,157.81
The DUFF,2015,2,February,8.5,43.53,45.03,40.1,15.0,0,0.0,0,0,0,Mid-size Studio,Comedy,1,0,0,51.75
Blow,2001,4,April,53.0,83.28,126.59,94.2,25.0,1,0.0,1,1,0,Major Studio,Other,0,0,0,51.75
Paranormal Activity,2007,9,September,0.02,193.36,80.13,76.9,20.0,1,0.0,1,0,0,Mid-size Studio,Other,0,0,0,51.75
The Last Witch Hunter,2015,10,October,90.0,146.94,170.34,96.0,0.0,1,0.0,1,0,0,Mid-size Studio,Action,0,0,0,87.11
The Hitchhiker's Guide to the Galaxy,2005,1,January,50.0,104.48,105.51,87.7,20.0,1,0.0,1,0,0,Mid-size Studio,Comedy,0,0,0,51.75
Lilo & Stitch,2002,6,June,80.0,145.77,185.01,95.6,0.0,1,0.0,1,1,0,Major Studio,Animation,0,0,0,540.03
L.A. Confidential,1997,9,September,35.0,126.22,88.56,74.8,45.0,1,0.0,1,1,0,Major Studio,Other,0,0,0,74.0
Journey to the Center of the Earth,2008,7,July,45.0,101.7,181.77,94.7,0.0,1,0.0,1,1,0,Major Studio,Action,0,0,0,201.58
"Hail, Caesar!",2016,2,February,22.0,63.65,87.98,89.1,40.0,1,0.0,1,1,0,Major Studio,Comedy,0,0,0,111.25
Contact,1997,7,July,90.0,171.12,191.64,97.2,25.0,1,0.0,1,1,0,Major Studio,Other,0,0,0,284.96
Casino,1995,11,November,52.0,116.11,136.59,91.3,25.0,1,0.0,1,1,0,Major Studio,Other,0,0,0,115.03
The Purge: Election Year,2016,6,June,10.0,118.59,89.06,82.0,15.0,1,0.0,1,1,0,Major Studio,Action,0,0,0,99.06
The Golden Compass,2007,12,December,180.0,372.23,252.51,97.6,0.0,1,0.0,1,1,0,Major Studio,Other,0,0,0,269.02
Fear and Loathing in Las Vegas,1998,5,May,18.5,10.68,120.8,90.6,40.0,0,1.0,1,1,0,Major Studio,Comedy,0,0,0,51.79
Moulin Rouge!,2001,3,March,52.5,179.21,194.61,95.5,25.0,1,0.0,1,1,0,Major Studio,Other,0,0,0,182.63
The Vow,2012,2,February,30.0,196.11,103.97,84.0,25.0,1,0.0,1,0,0,Mid-size Studio,Other,0,0,0,51.75
Resident Evil: Extinction,2007,9,September,45.0,148.41,64.09,65.8,20.0,1,0.0,1,0,0,Mid-size Studio,Action,0,0,0,18.01
Space Jam,1996,11,November,80.0,250.2,286.06,93.8,25.0,1,0.0,1,0,0,Mid-size Studio,Animation,0,0,0,51.75
Sin City: A Dame to Kill For,2014,8,August,65.0,39.41,75.9,70.8,0.0,0,1.0,1,0,0,Mid-size Studio,Other,0,0,0,71.37
The Royal Tenenbaums,2001,10,October,21.0,71.44,75.12,77.7,40.0,1,0.0,1,0,0,Mid-size Studio,Comedy,0,0,0,56.97
Gods of Egypt,2016,2,February,140.0,150.68,160.42,96.1,0.0,1,0.0,1,0,0,Mid-size Studio,Other,0,0,0,155.97
In the Heart of the Sea,2015,11,November,100.0,93.82,177.79,96.5,25.0,1,1.0,1,1,0,Major Studio,Action,0,0,0,278.36
Warrior,2011,9,September,25.0,23.06,53.24,48.4,45.0,0,1.0,0,0,0,Mid-size Studio,Action,0,0,0,24.57
Antz,1998,10,October,60.0,171.76,180.28,93.2,0.0,1,0.0,1,1,0,Major Studio,Animation,0,0,0,503.38
Con Air,1997,6,June,75.0,224.01,223.8,96.0,0.0,1,0.0,1,0,0,Mid-size Studio,Action,0,0,0,142.85
Abraham Lincoln: Vampire Hunter,2012,6,June,69.0,112.27,152.18,96.7,0.0,1,0.0,1,1,0,Major Studio,Action,0,0,0,128.11
Resident Evil: Apocalypse,2004,9,September,45.0,129.39,87.79,72.9,20.0,1,0.0,1,0,0,Mid-size Studio,Action,0,0,0,51.75
Panic Room,2002,3,March,48.0,196.4,150.35,93.2,25.0,1,0.0,1,0,0,Mid-size Studio,Other,0,0,0,215.88
Pompeii,2014,2,February,130.0,117.83,176.24,95.2,25.0,1,1.0,1,0,0,Mid-size Studio,Action,0,0,0,131.56
The Last Stand,2013,1,January,30.0,,64.35,34.0,20.0,0,,0,0,0,Mid-size Studio,Action,0,0,0,51.75
Unknown,2011,2,February,30.0,130.79,91.14,89.1,0.0,1,0.0,1,0,0,Mid-size Studio,Action,0,0,0,104.77
Serenity,2005,8,August,39.0,38.87,74.42,65.7,0.0,0,1.0,1,1,0,Major Studio,Action,0,0,0,1462.48
Hanna,2011,4,April,30.0,63.78,94.63,85.1,0.0,1,0.0,1,0,0,Mid-size Studio,Action,1,0,0,95.89
Dear John,2010,2,February,25.0,114.98,95.99,74.7,25.0,1,0.0,1,0,0,Mid-size Studio,Other,0,0,0,63.88
9,2009,8,August,30.0,48.43,41.54,29.3,0.0,0,0.0,0,0,0,Mid-size Studio,Action,0,0,0,51.75
Notting Hill,1999,5,May,42.0,363.89,220.88,92.5,25.0,1,0.0,1,0,0,Mid-size Studio,Comedy,0,0,0,76.86
50/50,2011,9,September,8.0,39.19,44.73,28.8,45.0,0,0.0,0,0,0,Mid-size Studio,Comedy,0,0,0,59.94
Orphan,2009,7,July,20.0,41.6,91.7,64.7,15.0,0,0.0,1,0,0,Mid-size Studio,Other,1,0,0,122.6
R.I.P.D.,2013,7,July,130.0,61.65,204.84,96.4,0.0,1,1.0,1,1,0,Major Studio,Action,0,0,0,174.15
The Call,2013,3,March,13.0,68.57,23.25,23.2,15.0,1,0.0,0,0,0,Mid-size Studio,Other,0,0,0,4.83
Begin Again,2013,9,September,8.0,63.46,36.15,44.4,45.0,1,0.0,0,0,0,Mid-size Studio,Comedy,0,0,0,20.71
Blade: Trinity,2004,12,December,65.0,128.91,141.25,95.4,0.0,1,0.0,1,1,0,Major Studio,Action,0,1,0,76.51
Bad Moms,2016,7,July,20.0,183.94,90.67,85.2,15.0,1,0.0,1,0,0,Mid-size Studio,Comedy,0,0,0,48.07
The Green Hornet,2011,1,January,120.0,227.82,157.96,94.2,20.0,1,0.0,1,0,0,Mid-size Studio,Action,0,1,0,41.99
Saw II,2005,10,October,4.0,152.93,60.07,78.8,0.0,1,0.0,1,0,0,Mid-size Studio,Other,0,0,0,101.14
The Machinist,2004,2,February,5.0,8.2,17.71,27.0,25.0,0,0.0,0,0,0,Mid-size Studio,Other,0,0,0,24.96
The Princess and the Frog,2009,12,December,105.0,267.05,287.81,97.2,0.0,1,0.0,1,1,0,Major Studio,Animation,1,0,0,306.81
Planet of the Apes,2001,7,July,100.0,362.21,238.29,96.4,0.0,1,0.0,1,1,0,Major Studio,Action,0,0,0,228.86
Black Mass,2015,9,September,53.0,98.84,93.69,87.7,45.0,1,0.0,1,0,0,Mid-size Studio,Other,0,0,0,27.43
Enemy of the State,1998,11,November,90.0,250.65,233.07,97.3,25.0,1,0.0,1,0,0,Mid-size Studio,Action,0,0,0,147.02
Eyes Wide Shut,1999,7,July,65.0,162.09,169.06,94.8,25.0,1,0.0,1,1,0,Major Studio,Other,0,0,0,30.28
The Beach,2000,2,February,40.0,144.06,163.17,92.4,25.0,1,0.0,1,0,0,Mid-size Studio,Other,0,0,0,86.22
Love & Other Drugs,2010,11,November,30.0,102.82,104.51,83.9,25.0,1,0.0,1,0,0,Mid-size Studio,Comedy,0,0,0,172.11
Charlie's Angels,2000,11,November,92.0,264.11,263.25,97.1,0.0,1,0.0,1,1,0,Major Studio,Action,0,0,0,176.73
Saving Mr. Banks,2013,11,November,35.0,112.54,119.61,89.1,25.0,1,0.0,1,1,0,Major Studio,Comedy,0,0,0,136.88
The Holiday,2006,12,December,85.0,194.17,252.87,97.4,0.0,1,0.0,1,1,0,Major Studio,Comedy,0,0,0,263.63
Atlantis: The Lost Empire,2001,6,June,120.0,186.05,214.14,97.3,0.0,1,0.0,1,1,0,Major Studio,Animation,0,0,0,100.14
Finding Neverland,2004,10,October,25.0,116.77,88.48,87.4,25.0,1,0.0,1,0,0,Mid-size Studio,Other,0,0,0,215.39
Burn After Reading,2008,9,September,37.0,163.72,122.57,89.7,45.0,1,0.0,1,0,0,Mid-size Studio,Comedy,0,0,0,98.74
Apocalypto,2006,12,December,40.0,120.18,150.39,91.3,25.0,1,0.0,1,0,0,Mid-size Studio,Action,0,0,0,410.95
The Fugitive,1993,8,August,44.0,368.88,216.71,91.5,0.0,1,0.0,1,1,0,Major Studio,Action,0,0,0,69.3
Let's Be Cops,2014,8,August,17.0,136.62,102.57,88.2,15.0,1,0.0,1,1,0,Major Studio,Comedy,0,0,0,58.36
AVP: Alien vs. Predator,2004,8,August,70.0,171.18,114.28,96.2,0.0,1,0.0,1,1,0,Major Studio,Action,0,0,0,125.63
Knocked Up,2007,6,June,30.0,219.08,163.87,94.8,25.0,1,0.0,1,1,0,Major Studio,Comedy,1,0,0,99.94
Mad Max,1979,4,April,0.4,100.0,78.36,64.1,0.0,1,0.0,1,0,0,Mid-size Studio,Action,0,0,0,173.93
Brooklyn,2015,10,October,11.0,62.08,66.94,72.6,40.0,1,0.0,1,0,0,Mid-size Studio,Other,0,0,0,51.75
Insidious: Chapter 2,2013,9,September,5.0,,65.4,46.9,20.0,0,,0,0,0,Mid-size Studio,Other,0,0,0,210.96
The Woman in Black,2012,2,February,17.0,127.73,68.34,75.7,40.0,1,0.0,1,0,0,Mid-size Studio,Other,0,0,0,3.98
Predators,2010,7,July,40.0,126.25,117.43,86.5,0.0,1,0.0,1,1,0,Major Studio,Action,0,0,0,15.46
Seven Psychopaths,2012,9,September,15.0,19.42,36.78,36.6,35.0,0,0.0,0,0,0,Mid-size Studio,Comedy,0,0,0,34.53
Up in the Air,2009,9,September,25.0,163.67,123.13,84.3,45.0,1,0.0,1,1,0,Major Studio,Other,1,0,0,74.85
Platoon,1986,12,December,6.0,138.53,114.9,69.0,25.0,1,0.0,1,0,0,Mid-size Studio,Action,0,0,0,94.96
13 Going on 30,2004,4,April,37.0,96.46,154.99,94.6,0.0,1,0.0,1,1,0,Major Studio,Comedy,0,0,0,87.18
How to Be Single,2016,1,January,38.0,112.34,101.74,88.8,20.0,1,0.0,1,1,0,Major Studio,Comedy,0,0,0,51.75
28 Weeks Later,2007,4,April,15.0,64.24,42.79,60.4,15.0,1,0.0,1,0,0,Mid-size Studio,Other,0,0,0,51.75
Big Eyes,2014,12,December,10.0,28.88,56.63,39.5,40.0,0,0.0,0,0,0,Mid-size Studio,Other,0,0,0,254.5
Surrogates,2009,9,September,80.0,122.44,146.01,91.6,20.0,1,0.0,1,0,0,Mid-size Studio,Action,0,0,0,204.28
Vacation,2015,7,July,31.0,104.38,105.44,91.9,0.0,1,0.0,1,1,0,Major Studio,Comedy,0,0,0,51.75
3:10 to Yuma,2007,9,September,55.0,70.02,124.48,93.4,45.0,1,0.0,1,0,0,Mid-size Studio,Other,0,0,0,199.79
Stardust,2007,8,August,70.0,135.56,193.8,96.2,0.0,1,0.0,1,1,0,Major Studio,Other,0,0,0,153.89
The Mask of Zorro,1998,7,July,95.0,250.29,274.07,97.5,0.0,1,0.0,1,0,0,Mid-size Studio,Action,0,0,0,267.34
Mary Poppins,1964,8,August,6.0,102.27,83.0,79.5,0.0,1,0.0,1,0,0,Mid-size Studio,Comedy,0,0,0,51.75
Sunshine,2007,4,April,50.0,32.02,68.56,69.7,0.0,0,1.0,1,0,0,Mid-size Studio,Other,0,0,0,102.22
Trainwreck,2015,7,July,35.0,140.8,118.06,93.1,0.0,1,0.0,1,1,0,Major Studio,Comedy,0,0,0,119.51
A Nightmare on Elm Street,1984,11,November,1.8,25.5,38.05,53.7,0.0,0,0.0,1,1,0,Major Studio,Other,0,0,0,82.14
The Smurfs,2011,7,July,110.0,563.75,354.06,97.8,0.0,1,0.0,1,1,0,Major Studio,Animation,1,1,0,225.56
Alvin and the Chipmunks,2007,12,December,60.0,361.37,249.24,95.8,0.0,1,0.0,1,0,0,Mid-size Studio,Animation,1,0,0,89.81
Fantastic Mr. Fox,2009,10,October,40.0,46.47,108.4,68.0,0.0,0,0.0,1,1,0,Major Studio,Animation,0,0,0,61.13
Death Race,2008,8,August,45.0,73.76,85.73,79.6,0.0,1,0.0,1,1,0,Major Studio,Action,0,0,0,136.46
GoldenEye,1995,11,November,58.0,352.19,252.07,96.1,0.0,1,0.0,1,0,0,Mid-size Studio,Action,0,0,0,250.36
Valkyrie,2008,12,December,75.0,200.28,202.62,96.6,25.0,1,0.0,1,1,0,Major Studio,Other,0,0,0,372.57
Jack Ryan: Shadow Recruit,2014,1,January,60.0,50.55,102.09,82.9,45.0,0,1.0,1,1,0,Major Studio,Action,0,0,0,496.42
Forgetting Sarah Marshall,2008,4,April,30.0,105.17,127.44,93.1,25.0,1,0.0,1,1,0,Major Studio,Comedy,0,0,0,130.21
Bee Movie,2007,10,October,150.0,287.59,295.16,96.7,0.0,1,0.0,1,1,0,Major Studio,Animation,1,0,0,51.75
End of Watch,2012,9,September,7.0,48.13,39.8,25.5,45.0,0,0.0,0,0,0,Mid-size Studio,Other,0,0,0,209.17
Perfume: The Story of a Murderer,2006,9,September,50.0,132.18,85.42,74.7,45.0,1,0.0,1,0,0,Mid-size Studio,Other,0,0,0,50.13
Unstoppable,2010,11,November,100.0,167.81,179.24,97.6,0.0,1,0.0,1,1,0,Major Studio,Action,0,0,0,154.56
Kingdom of Heaven,2005,5,May,130.0,211.64,192.62,97.0,25.0,1,0.0,1,1,0,Major Studio,Action,0,0,0,198.53
Grown Ups 2,2013,7,July,80.0,246.98,195.74,96.8,0.0,1,0.0,1,1,0,Major Studio,Comedy,0,0,0,161.85
The League of Extraordinary Gentlemen,2003,7,July,78.0,179.27,189.01,97.1,0.0,1,0.0,1,1,0,Major Studio,Action,0,0,0,131.18
The Last Airbender,2010,6,June,150.0,318.5,240.8,97.4,0.0,1,0.0,1,1,0,Major Studio,Action,0,0,0,266.73
Evan Almighty,2007,6,June,175.0,173.0,270.92,97.9,0.0,1,1.0,1,1,0,Major Studio,Comedy,1,0,0,192.7
Crank,2006,8,August,12.0,42.93,33.47,33.4,15.0,0,0.0,0,0,0,Mid-size Studio,Action,1,0,0,74.87
Chicken Run,2000,6,June,45.0,224.83,224.68,94.3,0.0,1,0.0,1,1,0,Major Studio,Animation,0,0,0,192.45
Machete,2010,9,September,20.0,31.33,46.71,27.8,35.0,0,0.0,0,0,0,Mid-size Studio,Action,0,0,0,71.9
Crash,2004,1,January,6.5,98.41,36.83,57.9,45.0,1,0.0,1,0,0,Mid-size Studio,Other,0,0,0,40.35
Insomnia,2002,5,May,46.0,113.71,113.75,86.4,0.0,1,0.0,1,0,0,Mid-size Studio,Other,0,0,0,587.68
Pineapple Express,2008,8,August,27.0,101.62,78.8,87.7,0.0,1,0.0,1,1,0,Major Studio,Action,0,0,0,14.17
Run All Night,2015,3,March,50.0,71.56,72.14,84.2,25.0,1,0.0,1,0,0,Mid-size Studio,Action,0,0,0,116.61
Donnie Brasco,1997,2,February,35.0,41.95,96.3,71.1,25.0,0,0.0,1,0,0,Mid-size Studio,Other,0,0,0,372.6
Meet Joe Black,1998,11,November,90.0,142.94,190.69,97.0,25.0,1,0.0,1,1,0,Major Studio,Other,0,0,0,120.68
Snitch,2013,2,February,35.0,42.93,61.94,56.3,25.0,0,0.0,1,0,0,Mid-size Studio,Other,0,0,0,51.75
Ghost Rider: Spirit of Vengeance,2011,12,December,57.0,149.22,122.67,94.5,0.0,1,0.0,1,1,0,Major Studio,Action,0,1,0,39.44
A Walk Among the Tombstones,2014,9,September,28.0,53.18,46.03,58.5,45.0,1,0.0,1,0,0,Mid-size Studio,Other,0,0,0,51.75
Changeling,2008,1,January,55.0,113.02,128.89,85.7,45.0,1,0.0,1,0,0,Mid-size Studio,Other,0,0,0,126.27
Lights Out,2016,7,July,4.9,44.11,51.71,37.8,0.0,0,0.0,0,0,0,Mid-size Studio,Other,0,0,0,51.75
American Wedding,2003,8,August,55.0,231.45,197.37,96.8,0.0,1,0.0,1,1,0,Major Studio,Comedy,0,0,0,43.61
The Hunchback of Notre Dame,1996,6,June,100.0,100.14,180.35,95.6,25.0,1,0.0,1,1,0,Major Studio,Animation,0,0,0,186.05
Once Upon a Time in the West,1968,12,December,5.0,5.32,6.59,20.5,25.0,0,0.0,0,1,0,Major Studio,Other,0,0,0,10.25
Dumb and Dumber To,2014,11,November,40.0,169.84,129.59,91.4,0.0,1,0.0,1,1,0,Major Studio,Comedy,0,0,0,116.84
Invictus,2009,12,December,60.0,122.23,163.31,94.1,25.0,1,0.0,1,1,0,Major Studio,Other,1,0,0,125.78
Date Night,2010,4,April,55.0,152.26,163.49,95.5,0.0,1,0.0,1,1,0,Major Studio,Comedy,1,0,0,229.59
The Walk,2015,9,September,35.0,61.18,80.68,79.8,45.0,1,0.0,1,0,0,Mid-size Studio,Other,0,0,0,294.12
Epic,2013,5,May,100.0,268.43,287.54,97.2,0.0,1,0.0,1,1,0,Major Studio,Animation,0,0,0,321.98
True Lies,1994,7,July,115.0,378.88,259.05,97.4,0.0,1,0.0,1,1,0,Major Studio,Action,0,0,0,917.45
Red Dragon,2002,9,September,78.0,209.2,127.22,91.1,20.0,1,0.0,1,1,0,Major Studio,Other,0,0,0,253.73
Mirror Mirror,2012,3,March,85.0,183.02,188.93,96.9,25.0,1,0.0,1,0,0,Mid-size Studio,Comedy,1,0,0,120.53
Bridge to Terabithia,2007,2,February,60.0,137.59,120.58,92.0,25.0,1,0.0,1,0,0,Mid-size Studio,Other,0,0,0,51.75
Unforgiven,1992,8,August,14.0,159.16,131.93,84.5,40.0,1,0.0,1,1,0,Major Studio,Other,0,0,0,123.84
"O Brother, Where Art Thou?",2000,8,August,26.0,71.87,101.19,91.5,0.0,1,0.0,1,1,0,Major Studio,Action,0,0,0,110.22
The Bucket List,2007,12,December,45.0,175.37,110.11,89.9,25.0,1,0.0,1,0,0,Mid-size Studio,Comedy,0,0,0,69.82
Match Point,2005,10,October,15.0,85.31,79.92,76.1,40.0,1,0.0,1,0,0,Mid-size Studio,Other,0,0,0,53.07
Still Alice,2014,12,December,5.0,43.88,35.48,12.8,25.0,0,0.0,0,0,0,Mid-size Studio,Other,0,0,0,51.75
Under the Skin,2014,3,March,13.3,5.38,14.91,28.7,40.0,0,1.0,0,0,0,Mid-size Studio,Other,0,0,0,51.75
The Boy,2016,1,January,10.0,64.19,75.77,73.6,35.0,1,0.0,1,0,0,Mid-size Studio,Other,0,0,0,64.43
Being John Malkovich,1999,9,September,13.0,22.86,43.47,47.8,60.0,0,0.0,0,0,0,Mid-size Studio,Comedy,0,0,0,60.08
The Butler,2013,8,August,25.0,115.92,78.29,74.5,25.0,1,0.0,1,0,0,Mid-size Studio,Other,0,0,0,47.54
The Patriot,2000,6,June,110.0,215.29,225.96,96.7,25.0,1,0.0,1,0,0,Mid-size Studio,Action,0,0,0,391.65
Ace Ventura: When Nature Calls,1995,11,November,30.0,212.39,150.81,88.1,0.0,1,0.0,1,0,0,Mid-size Studio,Comedy,0,0,0,72.78
Close Encounters of the Third Kind,1977,11,November,20.0,303.79,210.05,90.1,40.0,1,0.0,1,0,0,Mid-size Studio,Other,0,0,0,340.14
Blue Jasmine,2013,7,July,18.0,99.21,61.92,68.8,40.0,1,0.0,1,0,0,Mid-size Studio,Comedy,0,0,0,51.81
A Christmas Carol,2009,11,November,200.0,325.23,256.89,97.0,25.0,1,0.0,1,0,0,Mid-size Studio,Animation,0,0,0,272.12
Die Another Day,2002,11,November,140.0,431.97,270.94,97.6,0.0,1,0.0,1,0,0,Mid-size Studio,Action,0,0,0,56.32
Self/less,2015,7,July,26.0,30.52,64.1,60.3,0.0,0,0.0,1,0,0,Mid-size Studio,Other,0,0,0,171.36
The Road,2009,11,November,32.0,27.64,35.44,40.5,25.0,0,1.0,0,0,0,Mid-size Studio,Other,1,0,0,8.84
Vanilla Sky,2001,12,December,68.0,203.39,200.28,96.8,25.0,1,0.0,1,1,0,Major Studio,Other,0,0,0,103.86
Road to Perdition,2002,7,July,80.0,181.0,177.24,96.4,25.0,1,0.0,1,1,0,Major Studio,Other,0,0,0,422.09
Amadeus,1984,10,October,18.0,51.97,121.92,74.2,40.0,1,0.0,1,1,0,Major Studio,Other,0,0,0,78.21
It's a Wonderful Life,1946,12,December,3.18,9.64,9.37,13.5,25.0,0,0.0,0,0,0,Mid-size Studio,Other,0,0,0,6.63
Airplane!,1980,7,July,3.5,83.45,101.37,72.3,0.0,1,0.0,1,1,0,Major Studio,Comedy,1,0,0,239.37
Over the Hedge,2006,4,April,80.0,343.4,262.78,96.7,0.0,1,0.0,1,1,0,Major Studio,Animation,0,0,0,51.75
Turbo,2013,7,July,135.0,282.57,279.86,96.9,0.0,1,0.0,1,1,0,Major Studio,Animation,0,0,0,51.75
Saw III,2006,10,October,10.0,163.88,91.06,81.1,15.0,1,0.0,1,0,0,Mid-size Studio,Other,0,0,0,97.49
The Village,2004,7,July,60.0,256.7,169.2,94.1,25.0,1,0.0,1,0,0,Mid-size Studio,Other,0,0,0,274.46
Once Upon a Time in America,1984,2,February,30.0,,31.95,33.5,25.0,0,,0,1,0,Major Studio,Other,0,0,0,6.0
Cube,1997,9,September,0.25,0.5,1.74,25.5,20.0,0,0.0,0,0,0,Mid-size Studio,Other,0,0,0,51.75
Money Monster,2016,5,May,27.0,93.28,47.35,73.7,0.0,1,0.0,1,0,0,Mid-size Studio,Other,0,0,0,9.24
Mud,2013,5,May,10.0,21.59,34.37,49.4,40.0,0,0.0,0,0,0,Mid-size Studio,Other,0,0,0,4.66
Silent Hill,2006,4,April,50.0,97.61,131.22,92.7,0.0,1,0.0,1,0,0,Mid-size Studio,Other,0,0,0,51.75
The Lovely Bones,2009,12,December,65.0,93.53,172.35,95.0,25.0,1,0.0,1,1,0,Major Studio,Other,0,0,0,800.64
The Blues Brothers,1980,6,June,27.0,115.23,145.05,76.2,0.0,1,0.0,1,1,0,Major Studio,Action,0,0,0,116.87
The Longest Ride,2015,4,April,34.0,63.01,82.75,85.8,25.0,1,0.0,1,0,0,Mid-size Studio,Other,0,0,0,35.95
I Origins,2014,7,July,,0.34,3.34,25.2,25.0,0,,0,0,0,Mid-size Studio,Other,0,0,0,1.78
Step Brothers,2008,7,July,65.0,128.11,187.85,96.0,0.0,1,0.0,1,1,0,Major Studio,Comedy,1,0,0,146.19
Phone Booth,2002,9,September,13.0,97.84,68.68,74.5,60.0,1,0.0,1,0,0,Mid-size Studio,Other,0,0,0,111.6
Identity,2003,4,April,30.0,90.26,93.76,91.1,0.0,1,0.0,1,0,0,Mid-size Studio,Other,0,0,0,195.74
Transporter 2,2005,8,August,32.0,85.17,65.64,85.4,0.0,1,0.0,1,1,0,Major Studio,Action,0,0,0,121.78
Step Up,2006,8,August,12.0,114.19,77.39,64.9,40.0,1,0.0,1,0,0,Mid-size Studio,Other,0,0,0,142.79
Little Fockers,2010,12,December,100.0,310.65,268.54,96.7,0.0,1,0.0,1,1,0,Major Studio,Comedy,1,0,0,17.83
Dracula,1992,11,November,40.0,215.86,218.72,93.9,0.0,1,0.0,1,0,0,Mid-size Studio,Other,0,0,0,74.46
Babel,2006,9,September,25.0,135.33,80.86,83.7,45.0,1,0.0,1,0,0,Mid-size Studio,Other,0,0,0,148.53
The Raid,2011,9,September,1.1,4.11,7.68,11.2,20.0,0,0.0,0,0,0,Mid-size Studio,Action,0,0,0,51.75
Mortdecai,2015,1,January,60.0,30.42,131.82,89.6,20.0,0,1.0,1,0,0,Mid-size Studio,Comedy,0,0,0,48.38
The Blair Witch Project,1999,7,July,0.06,248.0,52.2,58.8,0.0,1,0.0,1,0,0,Mid-size Studio,Other,0,0,0,51.75
Rush Hour 2,2001,8,August,90.0,347.33,208.1,97.0,0.0,1,0.0,1,1,0,Major Studio,Action,1,0,0,230.71
Get Smart,2008,6,June,80.0,230.69,189.52,97.2,0.0,1,0.0,1,1,0,Major Studio,Action,0,0,0,121.23
Oculus,2013,9,September,5.0,44.03,38.14,26.0,20.0,0,0.0,0,0,0,Mid-size Studio,Other,0,0,0,51.75
Office Space,1999,2,February,10.0,12.83,24.85,36.1,15.0,0,0.0,0,1,0,Major Studio,Comedy,1,0,0,5.67
The Artist,2011,5,May,15.0,133.43,76.11,64.4,40.0,1,0.0,1,0,0,Mid-size Studio,Comedy,0,0,0,51.75
The Gift,2015,7,July,5.0,58.98,28.61,22.4,0.0,1,0.0,0,0,0,Mid-size Studio,Other,0,0,0,51.75
Atonement,2007,8,August,30.0,129.27,105.38,91.1,25.0,1,0.0,1,1,0,Major Studio,Other,0,0,0,82.79
You Don't Mess with the Zohan,2008,6,June,90.0,201.6,212.73,98.0,0.0,1,0.0,1,1,0,Major Studio,Action,0,0,0,168.34
The Spectacular Now,2013,8,August,2.5,6.85,14.73,21.0,25.0,0,0.0,0,0,0,Mid-size Studio,Comedy,0,0,0,51.75
Unfriended,2015,4,April,1.0,62.88,54.14,58.3,0.0,1,0.0,1,0,0,Mid-size Studio,Other,0,0,0,51.75
Dances with Wolves,1990,11,November,22.0,424.21,115.81,72.2,40.0,1,0.0,1,0,0,Mid-size Studio,Other,0,0,0,42.96
The Mechanic,2011,1,January,40.0,51.07,64.6,46.5,20.0,0,0.0,0,0,0,Mid-size Studio,Action,0,0,0,171.68
The Day the Earth Stood Still,2008,12,December,80.0,233.09,160.52,96.2,25.0,1,0.0,1,1,0,Major Studio,Other,0,0,0,110.96
Magic Mike,2012,6,June,7.0,167.22,70.67,78.7,25.0,1,0.0,1,0,0,Mid-size Studio,Comedy,0,0,0,149.82
Downfall,2004,9,September,18.34,92.18,68.77,49.6,60.0,1,0.0,0,0,0,Mid-size Studio,Other,0,0,0,15.07
Halloween,1978,10,October,0.3,70.0,32.76,36.5,0.0,1,0.0,0,0,0,Mid-size Studio,Other,0,0,0,23.24
Journey 2: The Mysterious Island,2012,1,January,79.0,355.69,179.29,94.0,20.0,1,0.0,1,1,0,Major Studio,Action,1,0,0,291.49
Final Destination 2,2003,1,January,26.0,90.43,123.77,92.8,20.0,1,0.0,1,1,0,Major Studio,Other,0,0,0,78.68
The Princess Diaries,2001,8,August,37.0,165.34,179.45,94.5,0.0,1,0.0,1,1,0,Major Studio,Comedy,0,0,0,212.64
The Boy Next Door,2015,1,January,4.0,52.43,73.86,77.4,20.0,1,0.0,1,1,0,Major Studio,Other,0,0,0,162.83
Superman,1978,12,December,55.0,300.22,205.09,94.1,0.0,1,0.0,1,1,0,Major Studio,Action,1,1,0,100.39
The Angry Birds Movie,2016,5,May,73.0,349.78,272.0,96.6,0.0,1,0.0,1,1,0,Major Studio,Animation,0,0,0,51.75
Vicky Cristina Barcelona,2008,8,August,15.0,96.41,72.59,72.6,40.0,1,0.0,1,0,0,Mid-size Studio,Other,0,0,0,52.06
Wild Wild West,1999,6,June,170.0,222.1,221.95,97.1,25.0,1,0.0,1,1,0,Major Studio,Action,0,0,0,328.39
Casper,1995,5,May,50.0,287.93,176.52,94.0,0.0,1,0.0,1,1,0,Major Studio,Comedy,0,0,0,92.46
A Walk to Remember,2002,1,January,11.0,41.23,39.81,58.7,60.0,0,0.0,1,1,0,Major Studio,Other,0,0,0,118.91
Eagle Eye,2008,9,September,80.0,178.07,179.48,95.2,20.0,1,0.0,1,0,0,Mid-size Studio,Action,0,0,0,87.64
The Number 23,2007,2,February,30.0,77.57,94.16,92.8,25.0,1,0.0,1,1,0,Major Studio,Other,0,0,0,113.29
Dawn of the Dead,2004,3,March,28.0,102.36,99.06,85.2,0.0,1,0.0,1,0,0,Mid-size Studio,Action,1,0,0,395.64
Valentine's Day,2010,2,February,52.0,216.49,193.78,95.3,0.0,1,0.0,1,1,0,Major Studio,Comedy,1,0,0,204.12
Austin Powers: International Man of Mystery,1997,5,May,16.5,67.68,99.24,84.8,15.0,1,0.0,1,1,0,Major Studio,Comedy,1,0,0,236.41
Austin Powers: The Spy Who Shagged Me,1999,6,June,33.0,310.94,178.5,91.3,0.0,1,0.0,1,1,0,Major Studio,Comedy,1,0,0,201.66
Annie Hall,1977,4,April,4.0,38.25,30.46,10.7,25.0,0,0.0,0,0,0,Mid-size Studio,Comedy,0,0,0,57.35
Johnny English Reborn,2011,9,September,45.0,160.08,116.42,89.4,20.0,1,0.0,1,1,0,Major Studio,Action,1,0,0,18.54
Disturbia,2007,4,April,20.0,117.76,92.37,87.3,40.0,1,0.0,1,1,0,Major Studio,Other,0,0,0,107.75
Blended,2014,5,May,40.0,123.49,116.44,91.1,0.0,1,0.0,1,1,0,Major Studio,Comedy,0,0,0,147.76
That Awkward Moment,2014,1,January,8.0,26.05,34.08,37.6,20.0,0,0.0,0,0,0,Mid-size Studio,Comedy,1,0,0,51.75
The NeverEnding Story,1984,4,April,27.0,20.16,48.12,73.5,25.0,0,1.0,1,1,0,Major Studio,Other,0,0,0,265.81
High School Musical,2006,1,January,4.2,,59.2,33.3,45.0,0,,0,0,0,Mid-size Studio,Comedy,0,0,0,23.26
The BFG,2016,6,June,140.0,183.35,238.8,97.0,0.0,1,0.0,1,1,0,Major Studio,Other,0,0,0,344.77
The Wrestler,2008,9,September,6.0,44.7,53.22,36.9,45.0,0,0.0,0,0,0,Mid-size Studio,Other,0,0,0,143.27
Enemy at the Gates,2001,3,March,68.0,96.98,137.75,95.3,0.0,1,0.0,1,1,0,Major Studio,Other,0,0,0,82.96
Goosebumps,2015,8,August,58.0,158.16,164.66,94.5,0.0,1,0.0,1,1,0,Major Studio,Comedy,0,0,0,237.38
Big,1988,6,June,18.0,151.67,162.51,86.3,40.0,1,0.0,1,1,0,Major Studio,Comedy,0,0,0,55.84
Waterworld,1995,7,July,175.0,264.22,280.78,95.8,0.0,1,0.0,1,1,0,Major Studio,Action,0,0,0,128.07
War Horse,2011,12,December,66.0,177.58,173.21,94.0,25.0,1,0.0,1,0,0,Mid-size Studio,Other,0,0,0,344.99
What Women Want,2000,12,December,70.0,374.11,346.47,97.1,0.0,1,0.0,1,1,0,Major Studio,Comedy,0,0,0,218.64
Philadelphia,1993,12,December,26.0,206.68,169.45,85.2,25.0,1,0.0,1,0,0,Mid-size Studio,Other,0,0,0,184.42
The Tree of Life,2011,5,May,32.0,54.67,43.58,88.4,25.0,1,0.0,1,0,0,Mid-size Studio,Other,0,0,0,64.33
Elf,2003,10,October,32.0,173.4,139.68,92.4,0.0,1,0.0,1,1,0,Major Studio,Comedy,0,0,0,449.09
Goldfinger,1964,9,September,2.5,124.88,96.46,80.5,20.0,1,0.0,1,0,0,Mid-size Studio,Action,1,0,0,95.65
Beautiful Creatures,2013,2,February,60.0,60.05,138.77,93.6,25.0,1,0.0,1,1,0,Major Studio,Other,0,0,0,70.3
Ouija,2014,10,October,5.0,103.59,77.51,73.9,0.0,1,0.0,1,1,0,Major Studio,Other,0,0,0,51.75
Insidious: Chapter 3,2015,6,June,10.0,104.3,44.84,72.3,40.0,1,0.0,1,0,0,Mid-size Studio,Other,0,0,0,51.75
Scary Movie 2,2001,7,July,45.0,141.22,185.53,94.1,0.0,1,0.0,1,0,0,Mid-size Studio,Comedy,0,0,0,81.36
DodgeBall: A True Underdog Story,2004,6,June,20.0,167.72,148.47,94.8,15.0,1,0.0,1,1,0,Major Studio,Comedy,1,0,0,243.48
Austin Powers in Goldmember,2002,7,July,63.0,296.66,215.75,95.7,0.0,1,0.0,1,1,0,Major Studio,Comedy,1,0,0,203.7
Rio 2,2014,3,March,103.0,500.19,285.48,96.8,0.0,1,0.0,1,1,0,Major Studio,Animation,0,0,0,677.42
One Day,2011,3,March,15.0,59.39,56.28,57.4,40.0,1,0.0,1,0,0,Mid-size Studio,Other,0,0,0,26.1
27 Dresses,2008,1,January,30.0,160.26,87.45,92.4,20.0,1,0.0,1,0,0,Mid-size Studio,Comedy,0,0,0,131.28
P.S. I Love You,2007,11,November,30.0,156.84,112.66,87.9,25.0,1,0.0,1,0,0,Mid-size Studio,Other,0,0,0,38.04
Final Destination 3,2006,2,February,25.0,117.72,133.54,94.2,0.0,1,0.0,1,1,0,Major Studio,Other,0,0,0,63.0
Legend,2015,9,September,25.0,42.97,50.07,28.7,20.0,0,0.0,0,0,0,Mid-size Studio,Other,0,0,0,96.42
The Ugly Truth,2009,7,July,38.0,205.3,147.96,91.1,0.0,1,0.0,1,0,0,Mid-size Studio,Comedy,0,0,0,96.3
Secret Window,2004,3,March,40.0,92.91,97.64,88.3,0.0,1,0.0,1,0,0,Mid-size Studio,Other,0,0,0,27.55
Gone with the Wind,1939,12,December,4.0,400.18,33.02,23.2,25.0,1,0.0,0,0,0,Mid-size Studio,Other,0,0,0,19.56
Eragon,2006,12,December,100.0,249.29,211.13,97.2,0.0,1,0.0,1,1,0,Major Studio,Action,0,0,0,51.75
Hitman,2007,11,November,24.0,99.97,49.64,79.2,25.0,1,0.0,1,1,0,Major Studio,Action,0,0,0,0.02
Drag Me to Hell,2009,3,March,30.0,90.81,80.94,85.6,0.0,1,0.0,1,1,0,Major Studio,Other,0,0,0,434.58
Bicentennial Man,1999,12,December,100.0,93.7,166.29,96.0,0.0,1,1.0,1,0,0,Mid-size Studio,Comedy,0,0,0,453.99
Teenage Mutant Ninja Turtles: Out of the Shadows,2016,6,June,135.0,245.62,199.02,97.2,0.0,1,0.0,1,1,0,Major Studio,Action,0,1,0,45.3
Miss Congeniality,2000,12,December,45.0,212.0,174.01,93.6,0.0,1,0.0,1,1,0,Major Studio,Action,0,0,0,57.37
Beverly Hills Cop,1984,11,November,15.0,316.36,187.13,83.5,15.0,1,0.0,1,1,0,Major Studio,Action,0,0,0,62.87
Abduction,2011,9,September,35.0,82.09,76.1,72.8,20.0,1,0.0,1,0,0,Mid-size Studio,Action,0,0,0,91.72
Stuart Little,1999,12,December,133.0,300.14,318.91,96.8,0.0,1,0.0,1,0,0,Mid-size Studio,Animation,0,0,0,188.27
Before Sunrise,1995,1,January,2.5,5.54,7.64,6.1,45.0,0,0.0,0,0,0,Mid-size Studio,Other,0,0,0,34.0
He's Just Not That Into You,2009,2,February,40.0,177.26,170.2,93.4,25.0,1,0.0,1,1,0,Major Studio,Comedy,1,0,0,44.36
The Lives of Others,2006,3,March,2.0,70.0,17.97,20.7,25.0,1,0.0,0,0,0,Mid-size Studio,Other,0,0,0,278.73
Mad Max 2: The Road Warrior,1981,12,December,2.0,24.6,26.95,26.0,0.0,0,0.0,0,0,0,Mid-size Studio,Action,0,0,0,186.49
The Hunt for Red October,1990,3,March,30.0,199.2,169.11,92.2,0.0,1,0.0,1,1,0,Major Studio,Action,0,0,0,138.74
Seventh Son,2014,12,December,95.0,114.18,153.86,96.5,0.0,1,0.0,1,1,0,Major Studio,Other,0,0,0,26.53
Trance,2013,3,March,20.0,24.26,45.61,42.0,40.0,0,0.0,0,0,0,Mid-size Studio,Other,1,0,0,103.33
Pan,2015,9,September,150.0,128.39,192.01,95.9,20.0,1,1.0,1,1,0,Major Studio,Other,0,0,0,82.97
The Taking of Pelham 1 2 3,2009,6,June,100.0,150.17,174.91,97.2,25.0,1,0.0,1,1,0,Major Studio,Other,1,0,0,156.16
The Crow,1994,5,May,15.0,94.0,73.12,74.2,15.0,1,0.0,1,0,0,Mid-size Studio,Action,0,0,0,170.14
Chocolat,2000,12,December,25.0,152.5,140.08,88.8,25.0,1,0.0,1,0,0,Mid-size Studio,Comedy,0,0,0,58.52
Wild,2014,12,December,15.0,52.5,54.73,74.6,40.0,1,0.0,1,0,0,Mid-size Studio,Other,0,0,0,41.3
When Harry Met Sally...,1989,7,July,16.0,92.82,94.9,72.9,40.0,1,0.0,1,0,0,Mid-size Studio,Comedy,0,0,0,79.0
The Happening,2008,6,June,60.0,163.4,165.77,92.1,0.0,1,0.0,1,1,0,Major Studio,Other,0,0,0,286.12
Twister,1996,5,May,92.0,494.47,308.0,97.5,25.0,1,0.0,1,1,0,Major Studio,Action,0,0,0,190.66
Burnt,2015,10,October,20.0,36.61,56.43,39.1,40.0,0,0.0,0,0,0,Mid-size Studio,Other,0,0,0,74.19
Remember Me,2010,3,March,20.0,,71.28,55.7,40.0,0,,1,0,0,Mid-size Studio,Other,0,0,0,51.75
Treasure Planet,2002,11,November,140.0,109.58,168.06,95.9,0.0,1,1.0,1,1,0,Major Studio,Animation,0,0,0,385.55
The Lucky One,2012,4,April,25.0,99.36,98.94,73.6,25.0,1,0.0,1,1,0,Major Studio,Other,0,0,0,58.39
Chicken Little,2005,11,November,150.0,314.43,316.42,96.1,0.0,1,0.0,1,1,0,Major Studio,Animation,1,0,0,86.45
Get Hard,2015,3,March,40.0,111.81,120.91,91.5,0.0,1,0.0,1,1,0,Major Studio,Comedy,0,0,0,51.75
The Sound of Music,1965,3,March,8.2,286.21,174.22,83.5,40.0,1,0.0,1,1,0,Major Studio,Other,0,0,0,65.01
Dr. No,1962,10,October,0.95,59.6,63.76,75.2,0.0,1,0.0,1,0,0,Mid-size Studio,Action,0,0,0,75.1
13 Hours: The Secret Soldiers of Benghazi,2016,1,January,50.0,69.41,78.45,79.3,45.0,1,0.0,1,1,0,Major Studio,Action,0,0,0,523.92
Raging Bull,1980,11,November,18.0,23.0,77.19,62.6,40.0,0,0.0,1,0,0,Mid-size Studio,Other,0,0,0,120.85
[REC],2007,4,April,1.5,30.45,24.46,23.1,0.0,0,0.0,0,0,0,Mid-size Studio,Other,0,0,0,18.47
The Descendants,2011,9,September,20.0,177.24,67.96,68.1,60.0,1,0.0,1,0,0,Mid-size Studio,Comedy,0,0,0,77.66
Project Almanac,2015,1,January,12.0,32.25,30.79,26.6,35.0,0,0.0,0,1,0,Major Studio,Other,0,0,0,51.75
Swordfish,2001,6,June,102.0,147.08,214.24,97.5,0.0,1,0.0,1,1,0,Major Studio,Action,1,0,0,124.7
Frankenweenie,2012,10,October,39.0,35.29,100.04,58.2,0.0,0,1.0,1,0,0,Mid-size Studio,Animation,0,0,0,254.01
Tower Heist,2011,11,November,75.0,152.93,196.1,96.9,0.0,1,0.0,1,1,0,Major Studio,Action,0,0,0,263.11
"Me, Myself & Irene",2000,6,June,51.0,149.27,189.84,96.7,0.0,1,0.0,1,1,0,Major Studio,Comedy,1,0,0,118.89
The Hunt,2012,8,August,3.8,16.8,22.15,11.3,25.0,0,0.0,0,0,0,Mid-size Studio,Other,0,0,0,51.75
Alexander,2004,11,November,155.0,167.3,236.08,96.9,25.0,1,0.0,1,1,0,Major Studio,Action,0,0,0,92.56
"Crouching Tiger, Hidden Dragon",2000,10,October,17.0,213.53,153.58,85.4,40.0,1,0.0,1,0,0,Mid-size Studio,Action,0,0,0,196.02
Ponyo,2008,7,July,41.68,187.48,138.25,80.3,0.0,1,0.0,1,0,0,Mid-size Studio,Animation,0,0,0,223.0
Man on a Ledge,2012,1,January,42.0,46.22,69.53,40.7,20.0,0,0.0,0,0,0,Mid-size Studio,Action,0,0,0,51.75
Tomorrow Never Dies,1997,12,December,110.0,333.01,275.37,96.8,0.0,1,0.0,1,0,0,Mid-size Studio,Action,0,0,0,51.74
The Three Musketeers,2011,8,August,75.0,132.27,170.64,96.2,0.0,1,0.0,1,0,0,Mid-size Studio,Action,0,0,0,129.95
What Happens in Vegas,2008,5,May,35.0,170.0,131.02,90.7,0.0,1,0.0,1,1,0,Major Studio,Comedy,0,0,0,15.13
Anchorman 2: The Legend Continues,2013,12,December,50.0,173.65,147.92,92.8,0.0,1,0.0,1,1,0,Major Studio,Comedy,1,0,0,137.09
Red Riding Hood,2011,3,March,42.0,89.16,135.32,94.1,0.0,1,0.0,1,1,0,Major Studio,Other,1,0,0,136.88
The Deer Hunter,1978,12,December,15.0,50.0,62.87,32.0,40.0,0,0.0,0,1,0,Major Studio,Other,0,0,0,3.48
What's Eating Gilbert Grape,1993,12,December,11.0,30.0,74.88,53.9,40.0,0,0.0,1,1,0,Major Studio,Other,0,0,0,76.02
21 Grams,2003,9,September,20.0,60.43,66.67,70.2,60.0,1,0.0,1,0,0,Mid-size Studio,Other,0,0,0,163.51
Cloudy with a Chance of Meatballs 2,2013,9,September,78.0,248.38,240.87,95.8,20.0,1,0.0,1,1,0,Major Studio,Animation,0,0,0,51.75
As Good as It Gets,1997,12,December,50.0,314.18,212.34,92.5,0.0,1,0.0,1,0,0,Mid-size Studio,Comedy,0,0,0,51.86
Charlie's Angels: Full Throttle,2003,6,June,120.0,259.18,253.77,98.0,0.0,1,0.0,1,1,0,Major Studio,Action,0,0,0,177.72
Jerry Maguire,1996,12,December,50.0,273.55,222.83,93.8,25.0,1,0.0,1,0,0,Mid-size Studio,Comedy,0,0,0,89.83
Scary Movie 3,2003,10,October,48.0,220.67,149.72,91.8,0.0,1,0.0,1,0,0,Mid-size Studio,Comedy,0,0,0,90.73
The Ides of March,2011,9,September,12.5,75.99,53.95,49.1,60.0,1,0.0,0,0,0,Mid-size Studio,Other,0,0,0,70.97
Robin Hood: Prince of Thieves,1991,6,June,48.0,390.49,186.06,92.7,0.0,1,0.0,1,1,0,Major Studio,Other,0,0,0,96.5
We Bought a Zoo,2011,12,December,50.0,120.08,141.86,95.4,25.0,1,0.0,1,1,0,Major Studio,Comedy,0,0,0,120.52
A Knight's Tale,2001,5,May,65.0,117.49,203.76,95.5,25.0,1,0.0,1,0,0,Mid-size Studio,Action,1,0,0,77.8
The Next Three Days,2010,11,November,30.0,51.15,70.03,47.0,25.0,0,0.0,0,0,0,Mid-size Studio,Other,0,0,0,63.98
Saw IV,2007,10,October,10.0,139.35,90.21,78.6,15.0,1,0.0,1,0,0,Mid-size Studio,Other,0,0,0,105.66
The Lincoln Lawyer,2011,3,March,40.0,85.41,61.54,72.2,25.0,1,0.0,1,0,0,Mid-size Studio,Other,0,0,0,39.03
Scream 4,2011,4,April,40.0,97.14,105.23,92.3,0.0,1,0.0,1,0,0,Mid-size Studio,Other,0,0,0,74.18
Spaceballs,1987,6,June,22.7,38.12,52.77,51.4,15.0,0,0.0,1,0,0,Mid-size Studio,Comedy,0,0,0,67.13
Bedtime Stories,2008,12,December,80.0,212.87,217.62,97.1,0.0,1,0.0,1,1,0,Major Studio,Comedy,0,0,0,94.38
This Is 40,2012,12,December,35.0,88.06,104.13,91.5,0.0,1,0.0,1,0,0,Mid-size Studio,Comedy,1,0,0,132.7
Body of Lies,2008,10,October,70.0,113.28,132.27,96.7,25.0,1,0.0,1,1,0,Major Studio,Action,0,0,0,205.09
Hot Tub Time Machine,2010,3,March,36.0,64.57,73.46,83.3,0.0,1,0.0,1,0,0,Mid-size Studio,Comedy,0,0,0,30.66
The Evil Dead,1981,10,October,0.35,29.4,19.25,23.1,0.0,0,0.0,0,0,0,Mid-size Studio,Other,0,0,0,443.36
The Legend of Zorro,2005,10,October,75.0,142.4,192.14,96.9,0.0,1,0.0,1,0,0,Mid-size Studio,Action,0,0,0,285.32
"South Park: Bigger, Longer & Uncut",1999,6,June,21.0,,56.24,42.9,15.0,0,,0,1,0,Major Studio,Animation,0,0,0,50.91
The Karate Kid,1984,6,June,8.0,90.82,117.47,80.6,25.0,1,0.0,1,0,0,Mid-size Studio,Other,0,0,0,117.24
Blue Valentine,2010,12,December,3.5,16.57,24.59,18.2,25.0,0,0.0,0,0,0,Mid-size Studio,Other,0,0,0,35.49
The Neon Demon,2016,6,June,7.0,1.33,6.3,24.5,0.0,0,1.0,0,0,0,Mid-size Studio,Other,0,0,0,30.22
Hostel,2005,1,January,4.8,80.58,29.24,67.3,20.0,1,0.0,1,0,0,Mid-size Studio,Other,0,0,0,21.23
Kiss Kiss Bang Bang,2005,9,September,15.0,15.79,49.5,38.4,35.0,0,0.0,0,1,0,Major Studio,Action,0,0,0,1215.44
Melancholia,2011,5,May,7.4,21.82,6.88,17.0,25.0,0,0.0,0,0,0,Mid-size Studio,Other,0,0,0,20.35
3 Days to Kill,2014,2,February,28.0,52.6,45.03,65.9,25.0,1,0.0,1,0,0,Mid-size Studio,Action,0,0,0,219.03
Paddington,2014,11,November,55.0,259.21,120.83,90.2,0.0,1,0.0,1,0,0,Mid-size Studio,Comedy,0,0,0,51.75
A Fistful of Dollars,1964,9,September,0.2,14.5,10.5,8.2,45.0,0,0.0,0,0,0,Mid-size Studio,Other,0,0,0,5.66
Stoker,2013,2,February,12.0,12.08,20.57,22.6,40.0,0,0.0,0,0,0,Mid-size Studio,Other,0,0,0,19.39
Legally Blonde,2001,7,July,18.0,141.77,107.24,88.4,15.0,1,0.0,1,0,0,Mid-size Studio,Comedy,0,0,0,109.0
Desperado,1995,8,August,7.0,25.41,53.22,32.0,0.0,0,0.0,0,1,0,Major Studio,Action,0,0,0,72.3
LOL,2012,2,February,11.0,,43.89,23.3,40.0,0,,0,0,0,Mid-size Studio,Comedy,0,0,0,51.75
The Watch,2012,7,July,68.0,68.27,108.87,95.3,0.0,1,0.0,1,1,0,Major Studio,Comedy,0,0,0,14.33
Immortals,2011,11,November,75.0,226.9,172.16,95.2,25.0,1,0.0,1,0,0,Mid-size Studio,Action,0,0,0,105.9
Freaky Friday,2003,8,August,26.0,110.23,98.21,86.8,0.0,1,0.0,1,1,0,Major Studio,Comedy,0,0,0,118.5
Seven Samurai,1954,4,April,2.0,0.27,1.48,10.2,25.0,0,1.0,0,0,0,Mid-size Studio,Action,0,0,0,51.75
A Few Good Men,1992,12,December,40.0,243.24,148.02,86.9,25.0,1,0.0,1,0,0,Mid-size Studio,Other,0,0,0,62.28
Shame,2011,10,October,6.5,17.69,28.65,24.0,25.0,0,0.0,0,0,0,Mid-size Studio,Other,0,0,0,187.0
Big Daddy,1999,6,June,34.2,234.8,167.05,94.2,25.0,1,0.0,1,1,0,Major Studio,Comedy,0,0,0,163.59
Homefront,2013,11,November,22.0,43.06,43.96,19.3,15.0,0,0.0,0,0,0,Mid-size Studio,Action,0,0,0,42.72
Flushed Away,2006,10,October,149.0,64.46,200.37,95.4,0.0,1,1.0,1,1,0,Major Studio,Animation,0,0,0,64.54
Monster House,2006,7,July,75.0,140.18,211.93,95.0,0.0,1,0.0,1,1,0,Major Studio,Animation,0,0,0,17.87
The Imaginarium of Doctor Parnassus,2009,10,October,30.0,64.35,57.89,77.2,0.0,1,0.0,1,0,0,Mid-size Studio,Other,1,0,0,41.06
Spy Kids,2001,3,March,35.0,147.93,115.15,86.7,0.0,1,0.0,1,0,0,Mid-size Studio,Action,0,0,0,64.13
Final Destination 5,2011,8,August,47.0,157.89,161.44,91.6,0.0,1,0.0,1,1,0,Major Studio,Other,1,0,0,160.6
The Grudge,2004,10,October,10.0,183.47,85.53,82.0,15.0,1,0.0,1,0,0,Mid-size Studio,Other,0,0,0,39.14
Tremors,1990,1,January,11.0,48.57,52.28,41.5,35.0,0,0.0,0,1,0,Major Studio,Action,0,0,0,7.1
Rambo: First Blood Part II,1985,5,May,44.0,300.4,164.55,88.4,0.0,1,0.0,1,0,0,Mid-size Studio,Action,0,0,0,29.33
The Passion of the Christ,2004,2,February,30.0,611.9,119.2,91.6,25.0,1,0.0,1,1,0,Major Studio,Other,0,0,0,165.09
Rosemary's Baby,1968,6,June,3.2,33.4,29.11,15.6,25.0,0,0.0,0,1,0,Major Studio,Other,0,0,0,61.68
Only God Forgives,2013,5,May,4.8,10.34,12.21,18.5,25.0,0,0.0,0,0,0,Mid-size Studio,Other,0,0,0,27.22
The World Is Not Enough,1999,11,November,135.0,361.83,233.19,97.1,0.0,1,0.0,1,0,0,Mid-size Studio,Action,0,0,0,138.01
Brazil,1985,2,February,15.0,,32.14,15.2,15.0,0,,0,0,0,Mid-size Studio,Comedy,0,0,0,42.13
Crank: High Voltage,2009,4,April,20.0,34.56,65.94,32.6,15.0,0,0.0,0,0,0,Mid-size Studio,Action,1,0,0,77.66
The Road to El Dorado,2000,3,March,95.0,76.43,160.17,95.8,0.0,1,1.0,1,1,0,Major Studio,Animation,0,0,0,51.75
National Lampoon’s Van Wilder,2002,3,March,5.0,38.28,103.87,83.0,0.0,0,0.0,1,0,0,Mid-size Studio,Comedy,0,0,0,193.2
The Bounty Hunter,2010,3,March,40.0,136.0,130.15,93.2,0.0,1,0.0,1,1,0,Major Studio,Action,0,0,0,181.41
Modern Times,1936,2,February,0.0,8.5,0.29,5.4,25.0,0,0.0,0,0,0,Mid-size Studio,Comedy,0,0,0,51.75
Bride Wars,2009,1,January,30.0,114.66,79.09,78.4,20.0,1,0.0,1,0,0,Mid-size Studio,Comedy,0,0,0,81.12
Deep Impact,1998,5,May,75.0,140.46,226.51,96.5,25.0,1,0.0,1,1,0,Major Studio,Action,0,0,0,55.71
Daddy's Home,2015,12,December,50.0,242.79,136.29,91.9,0.0,1,0.0,1,1,0,Major Studio,Comedy,0,0,0,61.49
Young Frankenstein,1974,12,December,2.8,86.27,34.53,32.1,0.0,1,0.0,0,1,0,Major Studio,Comedy,0,0,0,55.09
Ride Along,2014,1,January,25.0,154.0,91.8,78.7,20.0,1,0.0,1,1,0,Major Studio,Action,1,0,0,131.18
Johnny English,2003,4,April,40.0,160.58,151.45,90.8,0.0,1,0.0,1,1,0,Major Studio,Action,1,0,0,35.4
Lawrence of Arabia,1962,12,December,15.0,70.0,67.57,46.7,40.0,1,0.0,0,0,0,Mid-size Studio,Other,0,0,0,57.45
How to Lose a Guy in 10 Days,2003,2,February,50.0,177.37,168.27,90.6,0.0,1,0.0,1,1,0,Major Studio,Comedy,0,0,0,64.29
Water for Elephants,2011,3,March,38.0,114.16,128.51,83.1,25.0,1,0.0,1,0,0,Mid-size Studio,Other,0,0,0,709.58
Beastly,2011,1,January,17.0,43.17,25.01,22.9,60.0,0,0.0,0,0,0,Mid-size Studio,Other,0,0,0,5.31
Eastern Promises,2007,9,September,51.5,55.11,75.3,78.3,20.0,1,0.0,1,0,0,Mid-size Studio,Other,0,0,0,22.79
The Addams Family,1991,11,November,30.0,191.5,113.87,86.4,0.0,1,0.0,1,1,0,Major Studio,Comedy,0,0,0,333.49
Tucker and Dale vs Evil,2010,1,January,5.0,5.48,13.87,14.4,20.0,0,0.0,0,0,0,Mid-size Studio,Comedy,0,0,0,51.75
High School Musical 2,2007,8,August,,7.0,37.96,34.1,25.0,0,,0,0,0,Mid-size Studio,Comedy,0,0,0,39.51
Mr. Peabody & Sherman,2014,2,February,145.0,272.91,251.51,95.7,0.0,1,0.0,1,1,0,Major Studio,Animation,1,0,0,195.07
The Pacifier,2005,3,March,56.0,113.01,144.14,95.4,25.0,1,0.0,1,1,0,Major Studio,Action,0,0,0,108.65
Beowulf,2007,11,November,70.0,195.74,200.31,96.1,0.0,1,0.0,1,1,0,Major Studio,Action,0,0,0,282.91
The Wave,2008,3,March,7.5,19.0,30.27,9.7,25.0,0,0.0,0,0,0,Mid-size Studio,Other,0,0,0,51.75
Air Force One,1997,7,July,85.0,315.16,248.27,97.2,0.0,1,0.0,1,0,0,Mid-size Studio,Action,0,0,0,216.64
Scream 2,1997,12,December,24.0,172.36,119.08,88.4,0.0,1,0.0,1,0,0,Mid-size Studio,Other,0,0,0,65.83
Tinker Tailor Soldier Spy,2011,9,September,30.0,,33.04,40.6,45.0,0,,0,0,0,Mid-size Studio,Other,0,0,0,51.75
Army of Darkness,1992,10,October,11.0,,42.77,41.1,15.0,0,,0,1,0,Major Studio,Comedy,0,0,0,291.34
You've Got Mail,1998,12,December,65.0,250.82,225.17,94.9,0.0,1,0.0,1,1,0,Major Studio,Comedy,0,0,0,129.54
Jennifer's Body,2009,9,September,16.0,31.56,80.75,50.1,35.0,0,0.0,1,0,0,Mid-size Studio,Comedy,1,0,0,52.3
The Boondock Saints,1999,1,January,6.0,0.03,15.76,21.5,20.0,0,1.0,0,0,0,Mid-size Studio,Action,1,0,0,10.63
RockNRolla,2008,9,September,18.0,25.74,38.55,25.6,35.0,0,0.0,0,1,0,Major Studio,Action,0,0,0,175.81
Rocky Balboa,2006,12,December,24.0,155.72,99.02,90.1,25.0,1,0.0,1,1,0,Major Studio,Other,0,0,0,274.47
Inside Llewyn Davis,2013,10,October,11.0,32.94,38.96,44.8,40.0,0,0.0,0,0,0,Mid-size Studio,Other,0,0,0,115.08
Inherent Vice,2014,12,December,20.0,11.11,27.02,32.4,40.0,0,1.0,0,1,0,Major Studio,Comedy,0,0,0,42.8
Patch Adams,1998,12,December,50.0,202.29,159.17,92.4,25.0,1,0.0,1,1,0,Major Studio,Comedy,0,0,0,187.81
The Break-Up,2006,6,June,52.0,205.0,174.71,94.7,0.0,1,0.0,1,1,0,Major Studio,Comedy,0,0,0,278.58
Premium Rush,2012,8,August,35.0,31.08,50.87,38.8,0.0,0,1.0,0,0,0,Mid-size Studio,Action,1,0,0,48.15
A History of Violence,2005,9,September,32.0,60.74,49.89,61.7,45.0,1,0.0,1,1,0,Major Studio,Other,0,0,0,21.66
The Final Destination,2009,8,August,40.0,186.17,152.79,85.4,0.0,1,0.0,1,1,0,Major Studio,Other,0,0,0,54.75
Spirit: Stallion of the Cimarron,2002,5,May,80.0,122.56,168.86,93.2,25.0,1,0.0,1,1,0,Major Studio,Animation,0,0,0,51.75
Kung Fu Hustle,2004,2,February,20.0,100.91,68.76,57.5,15.0,1,0.0,1,1,0,Major Studio,Action,0,0,0,45.04
Dark City,1998,2,February,27.0,27.2,31.95,50.4,0.0,0,0.0,1,1,0,Major Studio,Other,0,0,0,186.84
Cruel Intentions,1999,3,March,10.5,75.9,64.52,65.5,40.0,1,0.0,1,1,0,Major Studio,Other,0,0,0,54.02
Buried,2010,9,September,1.99,19.15,15.06,10.8,45.0,0,0.0,0,0,0,Mid-size Studio,Other,1,0,0,13.55
The Fountain,2006,9,September,35.0,15.3,37.6,58.3,45.0,0,1.0,1,1,0,Major Studio,Other,0,0,0,149.15
The Bone Collector,1999,11,November,73.0,151.49,187.98,96.0,25.0,1,0.0,1,1,0,Major Studio,Other,0,0,0,129.18
Blackhat,2015,1,January,70.0,17.75,66.85,88.9,45.0,0,1.0,1,1,0,Major Studio,Other,0,0,0,131.08
Magnolia,1999,12,December,37.0,48.45,105.77,68.5,25.0,0,0.0,1,1,0,Major Studio,Other,0,0,0,35.34
The Girl Next Door,2004,4,April,25.0,30.41,74.35,62.0,0.0,0,0.0,1,0,0,Mid-size Studio,Comedy,0,0,0,93.77
Colombiana,2011,7,July,40.0,60.97,63.97,76.7,25.0,1,0.0,1,0,0,Mid-size Studio,Action,0,0,0,350.96
Safe Haven,2013,2,February,28.0,97.59,61.47,67.9,0.0,1,0.0,1,0,0,Mid-size Studio,Other,0,0,0,66.36
Concussion,2015,11,November,35.0,50.36,65.74,56.8,25.0,0,0.0,1,1,0,Major Studio,Other,0,0,0,51.75
Dogma,1999,11,November,10.0,30.65,42.16,37.0,15.0,0,0.0,0,0,0,Mid-size Studio,Comedy,1,0,0,21.47
Remember the Titans,2000,9,September,30.0,136.71,84.26,72.3,45.0,1,0.0,1,1,0,Major Studio,Other,0,0,0,42.16
Saw V,2008,10,October,10.8,113.86,70.59,70.0,15.0,1,0.0,1,0,0,Mid-size Studio,Other,0,0,0,51.75
Scooby-Doo,2002,6,June,84.0,275.65,207.1,95.7,0.0,1,0.0,1,1,0,Major Studio,Comedy,0,0,0,283.18
Garfield,2004,6,June,50.0,200.8,141.29,86.0,0.0,1,0.0,1,1,0,Major Studio,Animation,0,0,0,12.51
The Brothers Grimm,2005,8,August,88.0,105.32,142.39,96.4,0.0,1,0.0,1,1,0,Major Studio,Action,1,0,0,32.86
Into the Storm,2014,8,August,50.0,160.6,95.43,74.7,0.0,1,0.0,1,1,0,Major Studio,Action,0,0,0,157.89
The Prince of Egypt,1998,12,December,70.0,218.61,168.62,94.2,25.0,1,0.0,1,1,0,Major Studio,Animation,0,0,0,81.36
The Virgin Suicides,1999,4,April,6.0,10.41,16.96,21.1,25.0,0,0.0,0,0,0,Mid-size Studio,Other,0,0,0,90.1
Selma,2014,12,December,20.0,66.79,44.43,46.5,40.0,1,0.0,0,0,0,Mid-size Studio,Other,0,0,0,51.75
Devil,2010,1,January,10.0,33.58,84.77,43.9,35.0,0,0.0,0,1,0,Major Studio,Other,0,0,0,45.12
The Reader,2008,12,December,32.0,113.02,79.3,75.3,25.0,1,0.0,1,0,0,Mid-size Studio,Other,0,0,0,68.95
Lethal Weapon 3,1992,5,May,35.0,321.73,176.88,91.9,0.0,1,0.0,1,1,0,Major Studio,Action,1,0,0,98.24
Closer,2004,12,December,27.0,115.51,105.61,80.5,25.0,1,0.0,1,1,0,Major Studio,Other,0,0,0,71.96
The Abyss,1989,8,August,70.0,90.0,116.52,90.9,0.0,1,0.0,1,1,0,Major Studio,Action,0,0,0,965.59
Fantasia,1940,11,November,2.28,83.32,82.37,72.4,0.0,1,0.0,1,1,0,Major Studio,Animation,0,0,0,226.19
Catwoman,2004,7,July,100.0,82.1,98.91,94.7,0.0,1,1.0,1,1,0,Major Studio,Action,0,1,0,51.75
Some Like It Hot,1959,3,March,2.88,25.0,15.25,13.3,0.0,0,0.0,0,0,0,Mid-size Studio,Comedy,0,0,0,18.0
Clueless,1995,7,July,12.0,,47.9,31.4,40.0,0,,0,1,0,Major Studio,Comedy,0,0,0,27.09
Safe,2012,4,April,30.0,40.35,35.55,21.5,0.0,0,0.0,0,0,0,Mid-size Studio,Action,0,0,0,90.34
Last Vegas,2013,10,October,28.0,134.4,70.89,71.5,0.0,1,0.0,1,0,0,Mid-size Studio,Comedy,0,0,0,187.87
Willy Wonka & the Chocolate Factory,1971,6,June,3.0,4.0,21.35,33.0,0.0,0,0.0,0,1,0,Major Studio,Other,0,0,0,51.75
The Time Traveler's Wife,2009,8,August,39.0,101.23,90.82,89.8,25.0,1,0.0,1,1,0,Major Studio,Other,0,0,0,166.24
Almost Famous,2000,9,September,60.0,47.38,74.42,72.6,45.0,0,1.0,1,1,0,Major Studio,Other,0,0,0,135.06
Triple 9,2016,2,February,20.0,12.64,23.88,15.4,15.0,0,1.0,0,0,0,Mid-size Studio,Action,0,0,0,16.34
August Rush,2007,11,November,25.0,66.12,67.25,76.2,25.0,1,0.0,1,1,0,Major Studio,Other,0,0,0,51.75
Movie 43,2013,1,January,6.0,32.44,38.13,34.8,20.0,0,0.0,0,0,0,Mid-size Studio,Comedy,1,0,0,46.68
Zoolander 2,2016,2,February,50.0,55.97,82.88,80.8,0.0,1,0.0,1,0,0,Mid-size Studio,Comedy,0,0,0,134.95
Revolutionary Road,2008,12,December,35.0,75.23,80.91,81.2,25.0,1,0.0,1,0,0,Mid-size Studio,Other,0,0,0,439.72
Letters to Juliet,2010,5,May,30.0,,62.79,44.4,25.0,0,,0,0,0,Mid-size Studio,Comedy,0,0,0,105.56
Shakespeare in Love,1998,12,December,25.0,289.32,132.51,89.1,25.0,1,0.0,1,1,0,Major Studio,Other,0,0,0,82.64
Boogie Nights,1997,9,September,15.0,43.1,52.18,16.0,60.0,0,0.0,0,1,0,Major Studio,Other,0,0,0,36.41
Poltergeist,1982,6,June,10.7,122.2,82.91,72.1,15.0,1,0.0,1,0,0,Mid-size Studio,Other,0,0,0,14.59
Hotel Rwanda,2004,9,September,17.5,38.0,49.54,23.6,60.0,0,0.0,0,0,0,Mid-size Studio,Other,0,0,0,51.75
Scary Movie 5,2013,4,April,20.0,78.38,75.74,47.6,15.0,1,0.0,0,0,0,Mid-size Studio,Comedy,1,0,0,47.86
Master and Commander: The Far Side of the World,2003,11,November,150.0,212.01,170.61,96.5,0.0,1,0.0,1,1,0,Major Studio,Other,0,0,0,189.56
ParaNorman,2012,8,August,60.0,107.14,112.12,88.4,0.0,1,0.0,1,0,0,Mid-size Studio,Animation,1,0,0,51.75
Paul Blart: Mall Cop,2009,1,January,26.0,183.29,122.14,90.8,20.0,1,0.0,1,1,0,Major Studio,Action,1,0,0,133.46
42,2013,4,April,40.0,95.02,83.3,82.3,25.0,1,0.0,1,1,0,Major Studio,Other,0,0,0,83.41
The Longest Yard,2005,5,May,82.0,190.32,140.18,96.6,25.0,1,0.0,1,1,0,Major Studio,Comedy,0,0,0,129.3
Point Break,2015,12,December,105.0,133.72,91.19,91.1,0.0,1,0.0,1,0,0,Mid-size Studio,Action,0,0,0,51.75
Rush Hour 3,2007,8,August,140.0,258.02,169.78,94.2,0.0,1,0.0,1,1,0,Major Studio,Action,0,0,0,245.59
The Scorpion King,2002,4,April,60.0,165.33,128.52,95.8,0.0,1,0.0,1,1,0,Major Studio,Action,0,0,0,212.89
Zathura: A Space Adventure,2005,11,November,65.0,64.32,92.95,89.9,0.0,1,1.0,1,0,0,Mid-size Studio,Other,0,0,0,470.91
No Escape,2015,8,August,5.0,54.42,23.77,36.4,0.0,1,0.0,0,0,0,Mid-size Studio,Action,0,0,0,38.18
The Assassination of Jesse James by the Coward Robert Ford,2007,9,September,30.0,14.71,39.3,43.6,45.0,0,1.0,0,1,0,Major Studio,Action,0,0,0,37.93
The Life Aquatic with Steve Zissou,2004,12,December,50.0,34.81,87.13,55.4,25.0,0,1.0,1,0,0,Mid-size Studio,Comedy,0,0,0,63.07
Pandorum,2009,9,September,33.0,20.65,15.01,8.0,20.0,0,1.0,0,0,0,Mid-size Studio,Action,0,0,0,29.0
Along Came Polly,2004,1,January,42.0,171.96,73.41,85.6,20.0,1,0.0,1,0,0,Mid-size Studio,Comedy,0,0,0,91.64
Akira,1988,7,July,8.0,0.55,22.56,19.3,0.0,0,1.0,0,0,0,Mid-size Studio,Animation,0,0,0,51.75
Flightplan,2005,9,September,55.0,223.39,81.21,88.9,45.0,1,0.0,1,0,0,Mid-size Studio,Other,0,0,0,141.81
Killers,2010,6,June,75.0,98.16,121.09,95.4,0.0,1,0.0,1,0,0,Mid-size Studio,Action,0,0,0,117.73
The Thin Red Line,1998,12,December,52.0,98.13,100.78,79.9,25.0,1,0.0,1,0,0,Mid-size Studio,Other,0,0,0,42.61
Contraband,2012,1,January,25.0,63.1,41.87,60.0,45.0,1,0.0,1,1,0,Major Studio,Action,0,0,0,167.68
S.W.A.T.,2003,8,August,80.0,116.64,116.94,93.4,0.0,1,0.0,1,0,0,Mid-size Studio,Action,0,0,0,77.92
30 Days of Night,2007,10,October,30.0,75.51,80.56,88.2,0.0,1,0.0,1,1,0,Major Studio,Other,0,0,0,352.76
Lethal Weapon 4,1998,7,July,140.0,285.44,158.17,95.8,0.0,1,0.0,1,1,0,Major Studio,Action,0,0,0,101.87
The Talented Mr. Ripley,1999,12,December,40.0,128.8,108.93,89.2,25.0,1,0.0,1,1,0,Major Studio,Other,0,0,0,202.49
The Punisher,2004,4,April,33.0,54.7,55.05,82.5,25.0,1,0.0,1,1,0,Major Studio,Action,0,1,0,51.75
Savages,2012,7,July,45.0,82.97,48.63,77.7,25.0,1,0.0,1,0,0,Mid-size Studio,Other,0,0,0,99.59
The Bélier Family,2014,12,December,11.0,,42.87,23.6,40.0,0,,0,0,0,Mid-size Studio,Comedy,0,0,0,51.75
"As Above, So Below",2014,8,August,5.0,40.1,44.08,26.1,0.0,0,0.0,0,1,0,Major Studio,Other,0,0,0,42.95
The Best of Me,2014,10,October,26.0,35.93,45.65,31.2,25.0,0,0.0,0,0,0,Mid-size Studio,Other,0,0,0,51.75
Jarhead,2005,11,November,72.0,96.89,120.49,95.1,25.0,1,0.0,1,1,0,Major Studio,Other,0,0,0,436.11
St. Vincent,2014,10,October,13.0,54.84,41.75,49.1,15.0,1,0.0,0,0,0,Mid-size Studio,Comedy,0,0,0,51.75
From Russia with Love,1963,10,October,2.0,78.9,23.57,63.1,0.0,1,0.0,1,0,0,Mid-size Studio,Action,1,0,0,68.67
Gamer,2009,9,September,50.0,40.83,36.82,26.4,20.0,0,1.0,0,0,0,Mid-size Studio,Action,0,0,0,75.57
The Ninth Gate,1999,8,August,38.0,58.4,78.7,83.7,0.0,1,0.0,1,0,0,Mid-size Studio,Other,0,0,0,56.68
The Little Prince,2015,7,July,64.0,97.57,59.39,73.1,0.0,1,0.0,1,0,0,Mid-size Studio,Animation,0,0,0,631.74
Happy Gilmore,1996,2,February,12.0,41.21,83.22,64.8,15.0,0,0.0,1,1,0,Major Studio,Comedy,0,0,0,191.25
Clerks,1994,9,September,0.03,3.15,13.47,7.1,20.0,0,0.0,0,0,0,Mid-size Studio,Comedy,1,0,0,24.22
The Book of Life,2014,10,October,50.0,97.44,86.08,71.7,0.0,1,0.0,1,1,0,Major Studio,Animation,0,0,0,51.75
Mr. Popper's Penguins,2011,6,June,55.0,187.36,116.57,91.4,0.0,1,0.0,1,1,0,Major Studio,Comedy,1,0,0,103.08
Scary Movie 4,2006,4,April,45.0,178.26,110.23,84.0,0.0,1,0.0,1,0,0,Mid-size Studio,Comedy,0,0,0,104.87
Billy Elliot,2000,5,May,5.0,110.0,15.61,31.0,25.0,1,0.0,0,0,0,Mid-size Studio,Comedy,0,0,0,69.96
Bridget Jones: The Edge of Reason,2004,11,November,50.0,40.2,97.99,79.8,0.0,0,1.0,1,1,0,Major Studio,Comedy,0,0,0,51.75
True Romance,1993,9,September,12.5,12.28,27.36,25.3,35.0,0,1.0,0,1,0,Major Studio,Action,0,0,0,168.69
Mad Max Beyond Thunderdome,1985,6,June,12.31,36.23,94.78,69.7,15.0,0,0.0,1,0,0,Mid-size Studio,Action,0,0,0,184.56
Event Horizon,1997,8,August,60.0,26.67,63.56,90.5,0.0,0,1.0,1,1,0,Major Studio,Other,0,0,0,141.69
Commando,1985,10,October,10.0,57.5,79.93,62.4,15.0,1,0.0,1,1,0,Major Studio,Action,0,0,0,9.68
Killing Them Softly,2012,9,September,15.0,37.93,31.74,26.2,35.0,0,0.0,0,0,0,Mid-size Studio,Other,0,0,0,14.71
The Men Who Stare at Goats,2009,10,October,24.0,68.73,63.9,57.0,0.0,1,0.0,1,0,0,Mid-size Studio,Comedy,0,0,0,51.75
Evil Dead II,1987,3,March,3.6,5.92,9.49,13.1,0.0,0,0.0,0,0,0,Mid-size Studio,Comedy,0,0,0,446.71
J. Edgar,2011,11,November,35.0,84.61,50.45,75.5,25.0,1,0.0,1,0,0,Mid-size Studio,Other,0,0,0,127.76
From Hell,2001,10,October,35.0,74.56,98.01,91.8,0.0,1,0.0,1,1,0,Major Studio,Other,0,0,0,92.5
Aliens vs Predator: Requiem,2007,12,December,40.0,41.8,75.8,62.4,0.0,0,0.0,1,1,0,Major Studio,Action,0,0,0,66.82
Trading Places,1983,6,June,40.6,90.4,139.63,92.2,0.0,1,0.0,1,1,0,Major Studio,Comedy,0,0,0,125.15
Carnage,2011,9,September,25.0,27.6,22.15,23.1,45.0,0,0.0,0,0,0,Mid-size Studio,Comedy,0,0,0,62.84
Never Let Me Go,2010,9,September,15.0,9.46,10.22,4.8,60.0,0,1.0,0,0,0,Mid-size Studio,Other,0,0,0,52.22
21 & Over,2013,3,March,13.0,48.07,59.76,43.1,15.0,0,0.0,0,0,0,Mid-size Studio,Comedy,0,0,0,183.94
Adventureland,2009,4,April,9.5,17.16,42.65,36.0,15.0,0,0.0,0,0,0,Mid-size Studio,Comedy,1,0,0,109.51
The Change-Up,2011,8,August,52.0,75.45,77.23,92.2,0.0,1,0.0,1,1,0,Major Studio,Comedy,0,0,0,86.02
Scream 3,2000,2,February,40.0,161.83,104.32,90.1,0.0,1,0.0,1,0,0,Mid-size Studio,Other,0,0,0,67.0
Shanghai Noon,2000,5,May,55.0,56.93,81.64,91.6,25.0,1,0.0,1,0,0,Mid-size Studio,Action,1,0,0,86.24
Bronson,2008,10,October,0.23,2.26,4.33,8.1,25.0,0,0.0,0,0,0,Mid-size Studio,Action,0,0,0,29.91
Attack the Block,2011,5,May,14.35,3.96,8.47,13.6,15.0,0,1.0,0,0,0,Mid-size Studio,Action,0,0,0,51.75
Babe,1995,7,July,30.0,254.13,107.57,76.5,25.0,1,0.0,1,1,0,Major Studio,Comedy,0,0,0,35.08
The Last of the Mohicans,1992,9,September,40.0,75.51,96.26,84.9,45.0,1,0.0,1,0,0,Mid-size Studio,Action,0,0,0,119.53
Shallow Hal,2001,11,November,40.0,141.07,140.79,93.0,0.0,1,0.0,1,1,0,Major Studio,Comedy,0,0,0,119.71
Predator 2,1990,11,November,35.0,57.12,104.94,81.0,0.0,1,0.0,1,1,0,Major Studio,Action,0,0,0,64.18
Saw: The Final Chapter,2010,10,October,20.0,136.15,65.91,77.5,15.0,1,0.0,1,0,0,Mid-size Studio,Other,0,0,0,68.23
Wayne's World,1992,2,February,20.0,121.7,134.46,81.8,15.0,1,0.0,1,1,0,Major Studio,Comedy,0,0,0,51.75
Singin' in the Rain,1952,4,April,2.54,7.2,16.69,9.4,0.0,0,0.0,0,0,0,Mid-size Studio,Comedy,0,0,0,51.75
The Incredible Burt Wonderstone,2013,3,March,30.0,27.44,63.52,67.9,0.0,0,1.0,1,1,0,Major Studio,Comedy,0,0,0,51.75
Saw VI,2009,10,October,11.0,68.23,81.49,81.9,15.0,1,0.0,1,0,0,Mid-size Studio,Other,1,0,0,136.15
Paranormal Activity 2,2010,10,October,3.0,177.51,81.97,71.9,0.0,1,0.0,1,1,0,Major Studio,Other,1,0,0,51.75
Zack and Miri Make a Porno,2008,9,September,24.0,42.11,65.2,49.5,20.0,0,0.0,0,0,0,Mid-size Studio,Comedy,1,0,0,20.32
Stranger Than Fiction,2006,9,September,30.0,53.65,51.84,65.8,45.0,1,0.0,1,0,0,Mid-size Studio,Comedy,0,0,0,225.91
"Girl, Interrupted",1999,12,December,40.0,,82.67,54.7,25.0,0,,1,0,0,Mid-size Studio,Other,0,0,0,138.35
The Great Beauty,2013,5,May,12.4,8.37,23.36,30.6,40.0,0,1.0,0,0,0,Mid-size Studio,Comedy,0,0,0,51.75
Jeepers Creepers,2001,7,July,10.0,59.22,71.62,72.5,15.0,1,0.0,1,0,0,Mid-size Studio,Other,1,0,0,63.1
Out of the Furnace,2013,12,December,22.0,15.4,21.86,18.6,40.0,0,1.0,0,0,0,Mid-size Studio,Other,0,0,0,69.15
The SpongeBob Movie: Sponge Out of Water,2015,2,February,74.0,311.59,151.55,92.9,0.0,1,0.0,1,1,0,Major Studio,Animation,0,0,0,51.75
The Elephant Man,1980,10,October,5.0,26.01,29.62,19.5,25.0,0,0.0,0,0,0,Mid-size Studio,Other,0,0,0,19.35
New Year's Eve,2011,12,December,56.0,142.04,106.65,87.7,0.0,1,0.0,1,1,0,Major Studio,Comedy,1,0,0,216.52
Walk the Line,2005,9,September,28.0,186.44,103.26,79.5,45.0,1,0.0,1,0,0,Mid-size Studio,Other,0,0,0,176.5
Before Sunset,2004,2,February,2.7,15.99,12.39,6.8,25.0,0,0.0,0,0,0,Mid-size Studio,Other,0,0,0,32.84
Green Zone,2010,3,March,100.0,94.88,111.21,95.5,25.0,1,1.0,1,1,0,Major Studio,Action,0,0,0,219.81
The Great Escape,1963,6,June,4.0,11.74,12.99,12.2,25.0,0,0.0,0,0,0,Mid-size Studio,Other,0,0,0,51.75
Vantage Point,2008,2,February,40.0,151.16,71.8,74.0,25.0,1,0.0,1,1,0,Major Studio,Action,0,0,0,41.04
Erin Brockovich,2000,3,March,52.0,256.27,115.49,86.8,25.0,1,0.0,1,0,0,Mid-size Studio,Other,0,0,0,142.97
Gandhi,1982,11,November,22.0,77.74,92.58,81.1,40.0,1,0.0,1,1,0,Major Studio,Other,0,0,0,50.75
Lockout,2012,4,April,20.0,32.2,20.1,19.6,15.0,0,0.0,0,0,0,Mid-size Studio,Action,0,0,0,51.75
Sleepers,1996,10,October,44.0,165.62,93.23,81.5,25.0,1,0.0,1,1,0,Major Studio,Other,0,0,0,117.95
A Cinderella Story,2004,7,July,19.0,70.07,77.14,75.3,15.0,1,0.0,1,1,0,Major Studio,Comedy,0,0,0,51.75
The Counselor,2013,10,October,25.0,71.01,41.08,65.4,25.0,1,0.0,1,1,0,Major Studio,Other,0,0,0,207.9
Last Action Hero,1993,6,June,85.0,137.3,171.52,96.6,0.0,1,0.0,1,0,0,Mid-size Studio,Action,0,0,0,147.59
Nanny McPhee,2005,10,October,25.0,122.49,96.4,86.3,0.0,1,0.0,1,1,0,Major Studio,Comedy,0,0,0,84.31
Galaxy Quest,1999,12,December,45.0,90.68,95.96,85.3,0.0,1,0.0,1,0,0,Mid-size Studio,Comedy,0,0,0,106.23
Hairspray,2007,7,July,50.0,90.45,124.03,92.5,0.0,1,0.0,1,1,0,Major Studio,Comedy,0,0,0,111.87
Extremely Loud & Incredibly Close,2011,12,December,40.0,55.25,72.41,81.4,25.0,1,0.0,1,1,0,Major Studio,Other,0,0,0,88.21
Magic Mike XXL,2015,7,July,14.8,122.51,53.47,58.0,40.0,1,0.0,1,1,0,Major Studio,Comedy,0,0,0,51.75
Big Trouble in Little China,1986,5,May,25.0,11.0,43.2,39.1,0.0,0,1.0,0,1,0,Major Studio,Action,0,0,0,30.61
The Hills Have Eyes,2006,3,March,15.0,69.62,59.03,70.8,15.0,1,0.0,1,0,0,Mid-size Studio,Other,0,0,0,77.81
The Best Offer,2013,1,January,13.5,19.26,17.35,13.6,60.0,0,0.0,0,1,0,Major Studio,Other,0,0,0,51.75
Æon Flux,2005,11,November,62.0,52.3,44.09,75.6,0.0,1,1.0,1,1,0,Major Studio,Action,0,0,0,31.56
The Running Man,1987,11,November,27.0,38.12,44.34,24.1,0.0,0,0.0,0,0,0,Mid-size Studio,Action,0,0,0,51.75
Escape from New York,1981,5,May,6.0,50.24,23.52,6.2,0.0,0,0.0,0,0,0,Mid-size Studio,Action,0,0,0,25.71
Legend of the Guardians: The Owls of Ga'Hoole,2010,7,July,80.0,140.07,157.33,94.0,0.0,1,0.0,1,1,0,Major Studio,Animation,0,0,0,389.35
The Nutty Professor,1996,6,June,54.0,128.77,147.83,90.5,0.0,1,0.0,1,1,0,Major Studio,Comedy,1,0,0,200.07
The Master,2012,9,September,32.0,28.26,38.82,32.5,45.0,0,1.0,0,0,0,Mid-size Studio,Other,0,0,0,39.37
Hard Candy,2005,1,January,0.95,7.02,17.3,15.7,45.0,0,0.0,0,0,0,Mid-size Studio,Other,0,0,0,387.0
Seeking a Friend for the End of the World,2012,6,June,10.0,9.64,15.12,18.2,40.0,0,1.0,0,0,0,Mid-size Studio,Comedy,0,0,0,51.75
Cheaper by the Dozen,2003,12,December,40.0,190.21,119.91,88.5,0.0,1,0.0,1,1,0,Major Studio,Comedy,0,0,0,225.37
The Princess Diaries 2: Royal Engagement,2004,8,August,40.0,95.15,100.99,89.3,25.0,1,0.0,1,1,0,Major Studio,Comedy,0,0,0,224.34
The Bank Job,2008,2,February,20.0,64.82,35.47,52.6,40.0,1,0.0,1,0,0,Mid-size Studio,Other,0,0,0,73.45
Munich,2005,12,December,70.0,130.36,110.55,90.3,25.0,1,0.0,1,1,0,Major Studio,Action,0,0,0,346.81
Flubber,1997,11,November,80.0,177.98,146.45,90.4,0.0,1,0.0,1,1,0,Major Studio,Comedy,0,0,0,38.54
Killer Elite,2011,9,September,66.0,57.78,53.34,84.8,20.0,1,1.0,1,0,0,Mid-size Studio,Action,0,0,0,51.75
K-PAX,2001,10,October,48.0,50.32,56.57,45.1,25.0,0,0.0,0,0,0,Mid-size Studio,Other,0,0,0,52.34
The Smurfs 2,2013,7,July,105.0,347.43,198.74,95.2,0.0,1,0.0,1,1,0,Major Studio,Animation,0,0,0,268.82
Australia,2008,11,November,130.0,49.55,131.6,88.2,25.0,0,1.0,1,1,0,Major Studio,Other,1,0,0,225.85
Midnight Special,2016,2,February,18.0,6.21,14.1,22.3,40.0,0,1.0,0,1,0,Major Studio,Other,0,0,0,12.34
Harold & Kumar Go to White Castle,2004,5,May,9.0,23.94,49.39,29.6,15.0,0,0.0,0,1,0,Major Studio,Comedy,0,0,0,73.18
Aloha,2015,5,May,37.0,26.25,54.32,47.6,25.0,0,1.0,0,0,0,Mid-size Studio,Comedy,1,0,0,139.29
Priest,2011,5,May,60.0,78.31,41.1,65.8,0.0,1,0.0,1,0,0,Mid-size Studio,Action,0,0,0,67.92
Three Kings,1999,9,September,75.0,108.0,124.98,93.8,20.0,1,0.0,1,1,0,Major Studio,Action,0,0,0,133.27
Shanghai Knights,2003,2,February,50.0,88.32,62.71,85.7,25.0,1,0.0,1,0,0,Mid-size Studio,Action,1,0,0,79.58
Dope,2015,6,June,0.7,17.99,8.82,5.1,25.0,0,0.0,0,0,0,Mid-size Studio,Comedy,0,0,0,24.61
Deliver Us from Evil,2014,7,July,30.0,,39.89,35.8,0.0,0,,0,0,0,Mid-size Studio,Other,0,0,0,144.22
Rambo III,1988,5,May,63.0,189.02,117.87,90.5,0.0,1,0.0,1,0,0,Mid-size Studio,Action,0,0,0,51.75
The Way Way Back,2013,6,June,4.6,23.2,18.23,8.3,25.0,0,0.0,0,0,0,Mid-size Studio,Comedy,0,0,0,51.75
"I, Frankenstein",2014,1,January,65.0,71.15,75.97,75.5,20.0,1,0.0,1,0,0,Mid-size Studio,Other,0,0,1,51.75
I Know What You Did Last Summer,1997,10,October,17.0,125.59,78.7,78.7,15.0,1,0.0,1,0,0,Mid-size Studio,Other,0,0,0,6.42
Doctor Dolittle,1998,6,June,71.0,294.46,205.56,93.2,0.0,1,0.0,1,1,0,Major Studio,Comedy,0,0,0,238.35
Victor Frankenstein,2015,11,November,40.0,34.23,46.41,50.8,25.0,0,1.0,1,1,0,Major Studio,Other,0,0,0,34.66
Green Room,2016,4,April,5.0,3.22,4.05,8.4,0.0,0,1.0,0,0,0,Mid-size Studio,Other,0,0,0,0.26
Bad Grandpa,2013,10,October,15.0,151.83,81.95,69.4,15.0,1,0.0,1,1,0,Major Studio,Comedy,1,0,0,84.76
White Chicks,2004,6,June,37.0,113.09,93.98,90.9,0.0,1,0.0,1,1,0,Major Studio,Comedy,0,0,0,90.74
Pete's Dragon,2016,8,August,65.0,143.7,101.76,90.6,0.0,1,0.0,1,1,0,Major Studio,Other,0,0,0,51.75
Chicago,2002,12,December,45.0,306.78,102.69,81.2,25.0,1,0.0,1,0,0,Mid-size Studio,Action,0,0,0,368.67
We Need to Talk About Kevin,2011,9,September,7.0,6.04,13.04,14.8,45.0,0,1.0,0,0,0,Mid-size Studio,Other,0,0,0,51.75
House of Wax,2005,4,April,40.0,68.77,62.02,90.7,0.0,1,0.0,1,1,0,Major Studio,Other,0,0,0,117.17
Babylon A.D.,2008,8,August,70.0,72.11,54.09,85.2,0.0,1,0.0,1,0,0,Mid-size Studio,Action,0,0,0,141.59
Rushmore,1998,9,September,9.0,17.1,13.99,8.7,60.0,0,0.0,0,0,0,Mid-size Studio,Comedy,0,0,0,66.02
Cape Fear,1991,11,November,35.0,182.3,117.93,81.1,0.0,1,0.0,1,1,0,Major Studio,Other,0,0,0,110.9
From Paris with Love,2010,2,February,52.0,52.83,52.55,72.2,0.0,1,0.0,1,0,0,Mid-size Studio,Action,0,0,0,83.35
Star Trek II: The Wrath of Khan,1982,6,June,12.0,96.8,88.95,79.6,15.0,1,0.0,1,1,0,Major Studio,Action,0,0,0,96.9
It's Kind of a Funny Story,2010,7,July,8.0,6.49,11.85,8.1,25.0,0,1.0,0,0,0,Mid-size Studio,Comedy,0,0,0,4.91
Around the World in 80 Days,2004,6,June,110.0,72.18,135.52,96.0,0.0,1,1.0,1,0,0,Mid-size Studio,Action,0,0,0,158.02
She's the Man,2006,3,March,20.0,33.89,58.88,40.3,40.0,0,0.0,0,0,0,Mid-size Studio,Comedy,0,0,0,102.71
All Is Lost,2013,10,October,9.0,6.11,10.19,16.5,40.0,0,1.0,0,0,0,Mid-size Studio,Action,0,0,0,15.76
What's Your Number?,2011,9,September,20.0,30.43,31.18,12.7,35.0,0,0.0,0,0,0,Mid-size Studio,Comedy,0,0,0,51.75
Splice,2009,10,October,26.0,,31.96,28.6,0.0,0,,0,0,0,Mid-size Studio,Other,0,0,0,0.5
My Big Fat Greek Wedding,2002,2,February,5.0,368.74,94.18,60.8,25.0,1,0.0,1,0,0,Mid-size Studio,Comedy,0,0,0,51.75
The Lake House,2006,6,June,40.0,114.83,92.49,86.8,25.0,1,0.0,1,1,0,Major Studio,Other,0,0,0,51.75
The Ghost Writer,2010,2,February,45.0,60.22,60.63,77.1,0.0,1,0.0,1,0,0,Mid-size Studio,Other,0,0,0,56.31
Automata,2014,10,October,7.0,,14.68,14.0,0.0,0,,0,0,0,Mid-size Studio,Other,0,0,0,51.75
Reign of Fire,2002,7,July,60.0,43.06,100.81,85.7,0.0,0,1.0,1,0,0,Mid-size Studio,Action,0,0,0,82.91
Paranormal Activity 3,2011,10,October,5.0,205.7,106.7,84.8,0.0,1,0.0,1,1,0,Major Studio,Other,0,0,0,113.26
The Boxtrolls,2014,9,September,60.0,108.26,86.87,83.6,20.0,1,0.0,1,0,0,Mid-size Studio,Animation,1,0,0,51.75
The Boat That Rocked,2009,4,April,50.0,36.35,80.01,61.3,25.0,0,1.0,1,1,0,Major Studio,Comedy,0,0,0,166.02
Alvin and the Chipmunks: The Squeakquel,2009,12,December,75.0,443.14,244.51,94.4,0.0,1,0.0,1,0,0,Mid-size Studio,Animation,1,0,0,164.01
Run Lola Run,1998,8,August,1.53,7.27,10.26,11.0,25.0,0,0.0,0,0,0,Mid-size Studio,Action,0,0,0,81.36
Idiocracy,2006,9,September,30.0,0.5,3.98,18.2,20.0,0,1.0,0,1,0,Major Studio,Comedy,0,0,0,11.84
Thank You for Smoking,2005,9,September,6.5,24.79,19.81,19.1,45.0,0,0.0,0,0,0,Mid-size Studio,Comedy,0,0,0,109.57
Step Up Revolution,2012,7,July,33.0,140.47,58.46,55.8,25.0,1,0.0,1,0,0,Mid-size Studio,Other,0,0,0,51.75
Mr. Bean's Holiday,2007,3,March,25.0,229.74,83.71,73.9,0.0,1,0.0,1,0,0,Mid-size Studio,Comedy,1,0,0,51.75
Eddie the Eagle,2016,2,February,23.0,46.15,53.91,28.6,40.0,0,0.0,0,1,0,Major Studio,Comedy,0,0,0,51.75
Star Trek: First Contact,1996,11,November,46.0,150.0,103.15,78.9,0.0,1,0.0,1,1,0,Major Studio,Action,0,0,0,61.69
16 Blocks,2006,3,March,55.0,65.66,64.21,89.7,0.0,1,0.0,1,1,0,Major Studio,Action,0,0,0,123.85
The Bodyguard,1992,11,November,25.0,411.01,251.26,85.8,25.0,1,0.0,1,1,0,Major Studio,Action,0,0,0,51.75
Team America: World Police,2004,10,October,32.0,50.91,87.52,74.8,0.0,0,0.0,1,1,0,Major Studio,Action,0,0,0,51.75
The Exorcism of Emily Rose,2005,9,September,19.0,144.22,61.86,76.7,60.0,1,0.0,1,0,0,Mid-size Studio,Other,0,0,0,155.4
Before I Go to Sleep,2014,9,September,22.0,15.45,32.37,28.0,35.0,0,1.0,0,0,0,Mid-size Studio,Other,0,0,0,51.75
Primer,2004,10,October,0.01,0.42,0.58,8.2,25.0,0,0.0,0,0,0,Mid-size Studio,Other,0,0,0,51.75
Ronin,1998,9,September,55.0,41.61,70.41,52.3,20.0,0,1.0,1,0,0,Mid-size Studio,Action,0,0,0,35.65
We Are Your Friends,2015,8,August,6.0,11.12,17.52,15.9,25.0,0,0.0,0,0,0,Mid-size Studio,Other,0,0,0,51.75
To Kill a Mockingbird,1962,12,December,2.0,13.13,10.06,17.6,25.0,0,0.0,0,1,0,Major Studio,Other,0,0,0,51.75
Metropolis,1927,1,January,92.62,0.65,3.56,51.6,45.0,0,1.0,1,1,0,Major Studio,Other,0,0,0,51.75
Open Season,2006,9,September,85.0,197.31,138.01,92.7,20.0,1,0.0,1,0,0,Mid-size Studio,Animation,0,0,0,51.75
Bad Santa,2003,11,November,23.0,76.49,65.0,69.0,40.0,1,0.0,1,1,0,Major Studio,Comedy,0,0,0,51.75
Wild Card,2015,1,January,30.0,,32.27,30.6,45.0,0,,0,0,0,Mid-size Studio,Other,0,0,0,149.71
EuroTrip,2004,2,February,25.0,20.8,49.81,47.9,0.0,0,1.0,0,0,0,Mid-size Studio,Comedy,1,0,0,51.75
Hannibal Rising,2007,2,February,50.0,82.17,73.38,73.9,25.0,1,0.0,1,0,0,Mid-size Studio,Other,0,0,0,31.47
Gremlins 2: The New Batch,1990,6,June,50.0,41.48,105.99,80.5,0.0,0,1.0,1,1,0,Major Studio,Comedy,0,0,0,73.57
Memoirs of a Geisha,2005,12,December,85.0,162.24,172.68,85.7,25.0,1,0.0,1,0,0,Mid-size Studio,Other,0,0,0,404.8
Butch Cassidy and the Sundance Kid,1969,9,September,6.0,102.31,38.48,38.9,45.0,1,0.0,0,1,0,Major Studio,Other,0,0,0,159.62
Conan the Barbarian,1982,4,April,20.0,79.11,110.18,88.1,15.0,1,0.0,1,1,0,Major Studio,Action,0,0,0,38.38
Wild Hogs,2007,3,March,,253.63,76.64,83.8,0.0,1,,1,0,0,Mid-size Studio,Action,0,0,0,121.42
Hot Pursuit,2015,5,May,35.0,51.68,66.0,45.6,0.0,0,0.0,0,1,0,Major Studio,Action,0,0,0,158.42
Starsky & Hutch,2004,3,March,60.0,170.27,109.27,93.1,0.0,1,0.0,1,1,0,Major Studio,Comedy,0,0,0,191.69
Mr. Deeds,2002,6,June,50.0,171.27,133.35,91.6,0.0,1,0.0,1,1,0,Major Studio,Comedy,0,0,0,69.63
The Curse of the Were-Rabbit,2005,9,September,30.0,192.45,73.15,75.3,20.0,1,0.0,1,1,0,Major Studio,Animation,0,0,0,224.83
Marie Antoinette,2006,5,May,40.0,60.47,90.11,83.8,25.0,1,0.0,1,0,0,Mid-size Studio,Other,0,0,0,65.07
"Good Morning, Vietnam",1987,12,December,13.0,123.92,95.28,74.9,40.0,1,0.0,1,0,0,Mid-size Studio,Comedy,0,0,0,123.17
Let Me In,2010,10,October,20.0,24.15,51.64,58.7,40.0,0,0.0,1,0,0,Mid-size Studio,Other,0,0,0,440.7
Pride and Prejudice and Zombies,2016,2,February,28.0,16.37,25.42,28.8,0.0,0,1.0,0,0,0,Mid-size Studio,Comedy,0,0,0,63.08
The Land Before Time,1988,11,November,12.3,84.46,94.76,58.5,15.0,1,0.0,1,1,0,Major Studio,Animation,0,0,0,51.75
Step Up 2: The Streets,2008,2,February,23.0,150.82,72.68,55.4,40.0,1,0.0,1,0,0,Mid-size Studio,Other,0,0,0,241.13
The November Man,2014,8,August,15.0,32.56,36.04,23.2,15.0,0,0.0,0,0,0,Mid-size Studio,Action,0,0,0,79.9
Arthur and the Invisibles,2006,12,December,86.0,107.94,171.61,95.6,0.0,1,0.0,1,0,0,Mid-size Studio,Animation,0,0,0,114.46
Anna Karenina,2012,9,September,,68.93,55.75,63.8,45.0,1,,1,1,0,Major Studio,Other,0,0,0,94.86
Adaptation.,2002,12,December,19.0,32.8,34.48,30.3,40.0,0,0.0,0,0,0,Mid-size Studio,Comedy,0,0,0,56.77
Dead Man Down,2013,3,March,,18.07,18.14,18.2,25.0,0,,0,0,0,Mid-size Studio,Action,0,0,0,51.75
Nebraska,2013,9,September,12.0,17.65,30.16,21.2,60.0,0,0.0,0,0,0,Mid-size Studio,Other,0,0,0,130.86
Eat Pray Love,2010,8,August,60.0,204.59,87.98,86.6,25.0,1,0.0,1,1,0,Major Studio,Other,0,0,0,6.75
Death Becomes Her,1992,7,July,55.0,149.02,150.08,89.7,0.0,1,0.0,1,1,0,Major Studio,Comedy,0,0,0,286.8
Hero,2002,12,December,31.0,177.39,82.6,59.5,25.0,1,0.0,1,0,0,Mid-size Studio,Action,0,0,0,94.09
Wrong Turn,2003,5,May,12.6,28.65,47.57,57.4,15.0,0,0.0,1,0,0,Mid-size Studio,Other,0,0,0,51.75
Daybreakers,2009,1,January,20.0,51.42,23.68,7.9,35.0,0,0.0,0,0,0,Mid-size Studio,Action,0,0,0,51.75
Hollow Man,2000,8,August,95.0,190.21,112.09,93.7,0.0,1,0.0,1,0,0,Mid-size Studio,Action,0,0,0,107.27
The Orphanage,2007,8,August,,44.0,40.76,29.6,25.0,0,,0,0,0,Mid-size Studio,Other,0,0,0,180.27
The Crazies,2010,2,February,20.0,54.96,67.31,76.7,15.0,1,0.0,1,0,0,Mid-size Studio,Action,1,0,0,133.1
Brothers,2009,1,January,26.0,43.32,41.68,14.9,45.0,0,0.0,0,0,0,Mid-size Studio,Other,0,0,0,42.47
Four Weddings and a Funeral,1994,3,March,6.0,254.7,100.84,79.0,25.0,1,0.0,1,0,0,Mid-size Studio,Comedy,0,0,0,319.41
The Ring Two,2005,3,March,50.0,161.45,86.08,79.6,25.0,1,0.0,1,0,0,Mid-size Studio,Other,0,0,0,51.75
The Time Machine,2002,3,March,80.0,123.73,136.29,93.9,0.0,1,0.0,1,1,0,Major Studio,Action,0,0,0,128.8
Machete Kills,2013,9,September,12.0,15.01,25.15,23.4,35.0,0,0.0,0,0,0,Mid-size Studio,Action,0,0,0,72.99
The Signal,2014,3,March,4.0,0.6,6.92,19.2,0.0,0,1.0,0,0,0,Mid-size Studio,Other,0,0,0,51.75
Seven Years in Tibet,1997,9,September,70.0,131.46,87.02,82.0,45.0,1,0.0,1,0,0,Mid-size Studio,Other,0,0,0,71.47
Ed Wood,1994,9,September,18.0,5.89,31.83,45.8,60.0,0,1.0,0,0,0,Mid-size Studio,Comedy,0,0,0,256.27
25th Hour,2002,12,December,15.0,13.06,39.66,31.8,40.0,0,1.0,0,0,0,Mid-size Studio,Other,1,0,0,40.94
Legion,2010,1,January,26.0,67.92,82.86,58.1,20.0,1,0.0,1,0,0,Mid-size Studio,Other,0,0,0,78.31
Superman II,1980,12,December,54.0,190.46,124.81,86.1,0.0,1,0.0,1,1,0,Major Studio,Action,1,1,0,44.08
Gothika,2003,11,November,40.0,141.59,108.74,88.4,0.0,1,0.0,1,1,0,Major Studio,Other,0,0,0,72.11
High Fidelity,2000,3,March,30.0,47.13,78.82,41.8,25.0,0,0.0,0,0,0,Mid-size Studio,Comedy,0,0,0,47.33
Kindergarten Cop,1990,12,December,15.0,201.96,126.86,92.4,15.0,1,0.0,1,1,0,Major Studio,Comedy,0,0,0,117.24
Fun with Dick and Jane,2005,12,December,100.0,202.03,142.7,94.0,0.0,1,0.0,1,0,0,Mid-size Studio,Comedy,0,0,0,50.56
Tombstone,1993,12,December,25.0,56.51,69.18,82.0,25.0,1,0.0,1,0,0,Mid-size Studio,Action,0,0,0,151.28
The Secret in Their Eyes,2009,8,August,2.0,33.97,22.36,5.9,25.0,0,0.0,0,0,0,Mid-size Studio,Other,0,0,0,24.0
Highlander,1986,3,March,16.0,5.9,89.3,72.8,15.0,0,1.0,1,0,0,Mid-size Studio,Action,0,0,0,65.52
The Sting,1973,12,December,5.5,159.62,63.79,57.8,25.0,1,0.0,1,1,0,Major Studio,Comedy,0,0,0,102.31
Gulliver's Travels,2010,12,December,112.0,237.38,161.15,92.6,0.0,1,0.0,1,1,0,Major Studio,Comedy,0,0,0,158.16
Ben-Hur,2016,8,August,100.0,94.06,115.99,92.4,25.0,1,1.0,1,1,0,Major Studio,Other,0,0,0,134.18
"Definitely, Maybe",2008,2,February,,55.45,71.35,69.4,0.0,1,,1,1,0,Major Studio,Comedy,0,0,0,51.75
Repo Men,2010,3,March,32.0,18.41,15.37,20.1,0.0,0,1.0,0,1,0,Major Studio,Action,1,0,0,51.75
Legends of the Fall,1994,12,December,30.0,160.64,139.58,82.7,25.0,1,0.0,1,0,0,Mid-size Studio,Other,0,0,0,162.47
Garden State,2004,7,July,2.5,26.78,23.72,12.9,25.0,0,0.0,0,0,0,Mid-size Studio,Comedy,0,0,0,5.48
Cinderella Man,2005,6,June,88.0,108.54,125.1,93.0,25.0,1,0.0,1,1,0,Major Studio,Other,0,0,0,276.89
Brick Mansions,2014,4,April,28.0,68.9,34.9,49.2,25.0,1,0.0,0,0,0,Mid-size Studio,Action,0,0,0,72.63
Welcome to the Sticks,2008,1,January,11.0,53.19,46.83,41.6,35.0,1,0.0,0,0,0,Mid-size Studio,Comedy,0,0,0,51.75
Beverly Hills Cop II,1987,5,May,20.0,299.97,147.75,81.6,15.0,1,0.0,1,1,0,Major Studio,Action,0,0,0,142.54
Das Boot,1981,9,September,14.0,85.0,45.15,60.1,60.0,1,0.0,1,0,0,Mid-size Studio,Action,0,0,0,255.0
Max Payne,2008,10,October,35.0,85.42,79.88,84.2,0.0,1,0.0,1,0,0,Mid-size Studio,Action,1,0,0,139.14
Stuart Little 2,2002,7,July,120.0,169.96,201.41,96.2,0.0,1,0.0,1,1,0,Major Studio,Animation,0,0,0,220.81
Triangle,2009,10,October,12.0,,47.72,27.9,15.0,0,,0,0,0,Mid-size Studio,Other,0,0,0,51.75
Milk,2008,11,November,20.0,54.59,64.31,76.4,40.0,1,0.0,1,0,0,Mid-size Studio,Other,0,0,0,83.85
Get Him to the Greek,2010,6,June,40.0,90.03,77.1,89.2,0.0,1,0.0,1,1,0,Major Studio,Comedy,1,0,0,134.0
Hall Pass,2011,2,February,36.0,83.16,86.22,88.1,0.0,1,0.0,1,1,0,Major Studio,Comedy,0,0,0,125.51
Anaconda,1997,4,April,45.0,136.89,121.21,86.9,0.0,1,0.0,1,0,0,Mid-size Studio,Other,0,0,0,170.36
Blazing Saddles,1974,2,February,2.6,119.5,57.48,34.1,25.0,1,0.0,0,1,0,Major Studio,Comedy,0,0,0,46.78
Doom,2005,10,October,60.0,55.99,81.93,91.3,0.0,1,1.0,1,0,0,Mid-size Studio,Action,0,0,0,60.06
Four Brothers,2005,8,August,45.0,92.37,85.11,87.9,0.0,1,0.0,1,1,0,Major Studio,Action,1,0,0,90.01
About a Boy,2002,4,April,27.0,129.0,120.09,86.6,25.0,1,0.0,1,1,0,Major Studio,Comedy,0,0,0,329.83
City of Ember,2008,10,October,55.0,17.87,38.89,52.0,0.0,0,1.0,1,0,0,Mid-size Studio,Other,0,0,0,140.18
The Peanuts Movie,2015,11,November,99.0,246.23,167.69,90.0,0.0,1,0.0,1,1,0,Major Studio,Animation,0,0,0,877.24
Jack and Jill,2011,11,November,79.0,149.67,112.66,91.5,0.0,1,0.0,1,1,0,Major Studio,Comedy,1,0,0,175.76
Deep Blue Sea,1999,7,July,60.0,73.65,92.11,91.8,0.0,1,0.0,1,1,0,Major Studio,Action,0,0,0,68.42
Fright Night,2011,8,August,17.0,24.92,24.94,20.1,15.0,0,0.0,0,0,0,Mid-size Studio,Comedy,0,0,0,33.9
Entrapment,1999,4,April,66.0,212.4,139.69,88.9,25.0,1,0.0,1,0,0,Mid-size Studio,Other,0,0,0,44.01
Police Academy,1984,3,March,4.5,146.2,93.71,59.0,0.0,1,0.0,1,1,0,Major Studio,Comedy,0,0,0,78.33
Surf's Up,2007,6,June,85.0,149.04,170.94,94.0,0.0,1,0.0,1,1,0,Major Studio,Animation,0,0,0,51.75
Drive Angry,2011,2,February,50.0,28.93,41.46,44.4,0.0,0,1.0,0,0,0,Mid-size Studio,Action,0,0,0,66.87
My Sister's Keeper,2009,6,June,30.0,95.71,56.09,53.2,25.0,1,0.0,1,0,0,Mid-size Studio,Other,0,0,0,138.21
The Perfect Storm,2000,3,March,120.0,325.76,183.18,95.7,25.0,1,0.0,1,1,0,Major Studio,Other,0,0,0,214.88
The Box,2009,9,September,30.0,33.33,40.07,31.4,20.0,0,0.0,0,1,0,Major Studio,Other,0,0,0,0.82
The 6th Day,2000,11,November,82.0,96.09,135.11,91.6,0.0,1,0.0,1,0,0,Mid-size Studio,Other,0,0,0,170.21
Once Upon a Time in Mexico,2003,9,September,29.0,98.19,79.05,76.7,20.0,1,0.0,1,0,0,Mid-size Studio,Action,0,0,0,67.45
John Q,2002,2,February,36.0,102.24,82.4,88.6,25.0,1,0.0,1,1,0,Major Studio,Other,0,0,0,136.03
The Cable Guy,1996,6,June,47.0,102.83,125.92,91.1,25.0,1,0.0,1,0,0,Mid-size Studio,Comedy,0,0,0,123.24
Freddy vs. Jason,2003,8,August,30.0,114.91,78.72,79.7,0.0,1,0.0,1,1,0,Major Studio,Other,0,0,0,25.34
What to Expect When You're Expecting,2012,5,May,40.0,79.7,75.93,81.5,25.0,1,0.0,1,0,0,Mid-size Studio,Comedy,0,0,0,105.71
Broken City,2013,1,January,56.0,19.7,29.59,42.6,45.0,0,1.0,0,0,0,Mid-size Studio,Other,0,0,0,51.75
Maggie,2015,5,May,4.0,0.19,2.78,21.8,0.0,0,1.0,0,0,0,Mid-size Studio,Other,0,0,0,51.75
Monte Carlo,2011,7,July,20.0,17.42,30.0,17.8,15.0,0,1.0,0,0,0,Mid-size Studio,Comedy,0,0,0,51.75
Here Comes the Boom,2012,10,October,,73.1,59.89,50.9,0.0,1,,1,1,0,Major Studio,Comedy,0,0,0,157.84
Inkheart,2008,12,December,60.0,57.49,103.88,93.0,0.0,1,1.0,1,1,0,Major Studio,Other,0,0,0,49.95
The Texas Chain Saw Massacre,1974,10,October,0.08,30.86,24.39,24.7,0.0,0,0.0,0,1,0,Major Studio,Other,0,0,0,45.04
Cliffhanger,1993,5,May,70.0,255.0,140.76,94.8,0.0,1,0.0,1,0,0,Mid-size Studio,Action,0,0,0,55.46
The Finest Hours,2016,1,January,80.0,52.1,72.06,85.6,45.0,1,1.0,1,1,0,Major Studio,Action,0,0,0,24.84
Couples Retreat,2009,9,September,70.0,171.84,125.56,91.5,20.0,1,0.0,1,1,0,Major Studio,Comedy,1,0,0,51.75
The Amityville Horror,2005,4,April,19.0,108.05,68.18,68.4,40.0,1,0.0,1,0,0,Mid-size Studio,Other,0,0,0,51.75
Monsters,2010,6,June,0.5,4.24,1.89,4.9,25.0,0,0.0,0,0,0,Mid-size Studio,Other,0,0,0,51.75
Pi,1998,7,July,0.06,3.22,6.54,12.4,25.0,0,0.0,0,0,0,Mid-size Studio,Other,0,0,0,151.57
"Good bye, Lenin!",2003,2,February,4.8,79.38,35.99,50.6,25.0,1,0.0,1,0,0,Mid-size Studio,Comedy,0,0,0,51.75
Regression,2015,10,October,,17.67,22.69,34.5,0.0,0,,0,0,0,Mid-size Studio,Other,0,0,0,38.79
Krampus,2015,11,November,15.0,61.55,53.67,32.8,15.0,1,0.0,0,1,0,Major Studio,Comedy,0,0,0,51.75
My Best Friend's Wedding,1997,6,June,38.0,299.29,139.88,79.7,0.0,1,0.0,1,0,0,Mid-size Studio,Comedy,0,0,0,51.75
Dazed and Confused,1993,9,September,6.9,7.99,24.17,14.3,45.0,0,0.0,0,0,0,Mid-size Studio,Comedy,0,0,0,33.73
Troll Hunter,2010,10,October,3.5,4.16,10.22,10.2,0.0,0,0.0,0,0,0,Mid-size Studio,Other,1,0,0,51.75
Poseidon,2006,5,May,160.0,181.67,148.23,91.4,25.0,1,0.0,1,1,0,Major Studio,Action,0,0,0,238.89
The Switch,2010,5,May,19.0,49.83,45.08,17.5,40.0,0,0.0,0,0,0,Mid-size Studio,Comedy,0,0,0,51.75
Step Up 3D,2010,8,August,30.0,159.29,76.9,64.3,25.0,1,0.0,1,0,0,Mid-size Studio,Other,1,0,0,239.01
The Negotiator,1998,7,July,50.0,44.55,85.75,66.8,25.0,0,1.0,1,1,0,Major Studio,Action,0,0,0,101.97
Child's Play,1988,11,November,9.0,44.2,63.76,39.9,15.0,0,0.0,0,0,0,Mid-size Studio,Other,0,0,0,51.75
Paycheck,2003,12,December,60.0,96.27,110.63,93.5,0.0,1,0.0,1,1,0,Major Studio,Action,0,0,0,229.56
Piranha 3D,2010,8,August,24.0,83.19,57.05,78.0,0.0,1,0.0,1,0,0,Mid-size Studio,Comedy,0,0,0,71.03
Sinister 2,2015,8,August,10.0,52.88,46.1,60.0,15.0,1,0.0,1,0,0,Mid-size Studio,Other,0,0,0,51.75
Night of the Living Dead,1968,10,October,0.11,30.0,20.66,5.2,0.0,0,0.0,0,0,0,Mid-size Studio,Other,0,0,0,26.79
Just Like Heaven,2005,9,September,58.0,102.85,83.86,86.5,20.0,1,0.0,1,0,0,Mid-size Studio,Comedy,0,0,0,119.98
Spy Game,2001,11,November,92.0,143.05,98.72,92.5,0.0,1,0.0,1,1,0,Major Studio,Action,0,0,0,156.81
Philomena,2013,11,November,12.0,100.13,35.34,31.2,40.0,1,0.0,0,0,0,Mid-size Studio,Other,0,0,0,39.75
Bend It Like Beckham,2002,4,April,3.5,76.58,42.0,54.4,25.0,1,0.0,1,0,0,Mid-size Studio,Comedy,0,0,0,51.75
The Campaign,2012,8,August,,104.91,83.06,79.5,0.0,1,,1,1,0,Major Studio,Comedy,0,0,0,231.09
What Dreams May Come,1998,10,October,85.0,71.49,95.78,86.7,25.0,1,1.0,1,0,0,Mid-size Studio,Other,0,0,0,51.75
Jingle All the Way,1996,11,November,60.0,129.83,146.31,94.0,0.0,1,0.0,1,1,0,Major Studio,Comedy,0,0,0,136.06
Coyote Ugly,2000,7,July,45.0,113.92,78.65,87.7,0.0,1,0.0,1,0,0,Mid-size Studio,Comedy,0,0,0,51.75
Elektra,2005,1,January,43.0,56.68,63.26,83.5,20.0,1,0.0,1,1,0,Major Studio,Action,0,1,0,78.37
The SpongeBob SquarePants Movie,2004,11,November,30.0,140.16,99.64,82.8,0.0,1,0.0,1,1,0,Major Studio,Animation,0,0,0,51.75
Tears of the Sun,2003,3,March,70.0,85.63,107.13,95.0,25.0,1,0.0,1,1,0,Major Studio,Action,0,0,0,99.2
The Infiltrator,2016,7,July,25.0,15.44,20.07,18.8,25.0,0,1.0,0,0,0,Mid-size Studio,Other,0,0,0,74.01
Burlesque,2010,11,November,55.0,89.52,79.01,73.7,25.0,1,0.0,1,0,0,Mid-size Studio,Other,0,0,0,51.75
The Skeleton Key,2005,7,July,43.0,91.97,79.01,82.3,25.0,1,0.0,1,1,0,Major Studio,Other,0,0,0,38.46
Where the Wild Things Are,2009,10,October,100.0,100.09,126.89,93.6,0.0,1,0.0,1,1,0,Major Studio,Other,0,0,0,34.34
The Spiderwick Chronicles,2008,2,February,90.0,162.84,139.25,90.7,0.0,1,0.0,1,1,0,Major Studio,Other,0,0,0,107.98
A Dangerous Method,2011,9,September,15.0,27.46,23.61,13.3,60.0,0,0.0,0,0,0,Mid-size Studio,Other,0,0,0,28.32
Blades of Glory,2007,3,March,53.0,,78.95,48.2,25.0,0,,0,0,0,Mid-size Studio,Action,0,0,0,49.83
Faster,2010,11,November,24.0,23.08,30.73,27.3,25.0,0,1.0,0,0,0,Mid-size Studio,Action,0,0,0,55.91
Before Midnight,2013,4,April,3.0,11.18,11.25,8.7,25.0,0,0.0,0,0,0,Mid-size Studio,Other,0,0,0,33.37
Bring It On,2000,8,August,28.0,90.45,110.9,85.3,0.0,1,0.0,1,0,0,Mid-size Studio,Comedy,1,0,0,316.77
Dreamcatcher,2003,3,March,68.0,75.72,80.63,89.3,25.0,1,0.0,1,1,0,Major Studio,Other,0,0,0,25.05
Paul Blart: Mall Cop 2,2015,4,April,38.0,107.6,90.16,82.6,0.0,1,0.0,1,1,0,Major Studio,Action,0,0,0,87.97
Charlie St. Cloud,2010,5,May,44.0,48.19,68.28,56.2,25.0,0,0.0,1,1,0,Major Studio,Other,0,0,0,52.47
District B13,2004,11,November,12.0,9.58,11.83,13.7,15.0,0,1.0,0,0,0,Mid-size Studio,Action,0,0,0,97.77
Winter's Bone,2010,6,June,2.0,13.83,12.23,8.7,25.0,0,0.0,0,0,0,Mid-size Studio,Other,1,0,0,51.75
Role Models,2008,2,February,28.0,92.38,65.54,65.2,0.0,1,0.0,1,1,0,Major Studio,Comedy,1,0,0,24.16
Paranormal Activity 4,2012,10,October,5.0,142.82,84.18,81.5,0.0,1,0.0,1,1,0,Major Studio,Other,1,0,0,144.71
Case 39,2009,8,August,27.0,29.0,46.44,28.1,0.0,0,0.0,0,0,0,Mid-size Studio,Other,0,0,0,20.65
Traffic,2000,12,December,48.0,207.52,110.77,80.7,25.0,1,0.0,1,0,0,Mid-size Studio,Other,0,0,0,146.72
Dune,1984,12,December,40.0,30.93,33.66,25.0,0.0,0,1.0,0,0,0,Mid-size Studio,Action,0,0,0,17.71
Thunderball,1965,12,December,5.5,141.2,88.99,81.7,0.0,1,0.0,1,0,0,Mid-size Studio,Action,0,0,0,47.9
Escape from Alcatraz,1979,6,June,8.0,43.0,84.69,48.8,25.0,0,0.0,0,1,0,Major Studio,Other,0,0,0,51.75
Julie & Julia,2009,8,August,40.0,129.54,100.17,88.1,25.0,1,0.0,1,1,0,Major Studio,Other,0,0,0,250.82
The Transporter Refueled,2015,9,September,25.0,72.63,37.15,47.4,20.0,1,0.0,0,0,0,Mid-size Studio,Action,0,0,0,68.9
Layer Cake,2004,9,September,6.5,11.85,18.12,18.4,45.0,0,0.0,0,0,0,Mid-size Studio,Other,0,0,0,195.12
Twins,1988,12,December,15.0,216.61,163.49,92.2,15.0,1,0.0,1,1,0,Major Studio,Comedy,0,0,0,114.79
The Last King of Scotland,2006,9,September,6.0,48.03,32.93,33.6,45.0,0,0.0,0,0,0,Mid-size Studio,Other,0,0,0,50.83
Criminal,2016,4,April,31.5,14.71,24.1,28.0,0.0,0,1.0,0,0,0,Mid-size Studio,Action,0,0,0,1.97
Safety Not Guaranteed,2012,6,June,0.75,4.01,5.28,8.8,25.0,0,0.0,0,0,0,Mid-size Studio,Comedy,0,0,0,1513.53
Planet 51,2009,11,November,70.0,104.95,136.25,91.3,0.0,1,0.0,1,0,0,Mid-size Studio,Animation,1,0,0,51.75
The Rite,2011,1,January,37.0,96.05,60.66,79.8,45.0,1,0.0,1,1,0,Major Studio,Other,0,0,0,91.69
House at the End of the Street,2012,9,September,6.9,44.29,30.98,28.3,20.0,0,0.0,0,0,0,Mid-size Studio,Other,0,0,0,51.75
Sabotage,2014,3,March,35.0,17.51,36.73,33.7,25.0,0,1.0,0,0,0,Mid-size Studio,Action,0,0,0,215.3
Ride Along 2,2016,1,January,40.0,124.83,84.42,80.3,20.0,1,0.0,1,1,0,Major Studio,Action,0,0,0,137.02
Music and Lyrics,2007,2,February,40.0,145.9,112.33,87.5,0.0,1,0.0,1,1,0,Major Studio,Comedy,0,0,0,89.32
Napoleon Dynamite,2004,6,June,0.4,46.12,29.17,15.0,0.0,0,0.0,0,1,0,Major Studio,Comedy,1,0,0,80.2
Diamonds Are Forever,1971,12,December,7.2,116.02,129.27,92.8,0.0,1,0.0,1,0,0,Mid-size Studio,Action,1,0,0,97.87
Delivery Man,2013,10,October,26.0,51.16,38.36,16.4,0.0,0,0.0,0,0,0,Mid-size Studio,Comedy,0,0,0,14.43
Sky High,2005,7,July,35.0,86.37,81.24,87.3,0.0,1,0.0,1,1,0,Major Studio,Comedy,0,1,0,386.94
They Live,1988,11,November,4.0,13.01,10.23,7.9,0.0,0,0.0,0,1,0,Major Studio,Action,0,0,0,30.36
The Wolfman,2010,2,February,150.0,,105.96,74.4,25.0,0,,1,1,0,Major Studio,Other,0,0,0,368.78
xXx: State of the Union,2005,4,April,60.0,71.07,73.75,89.7,25.0,1,0.0,1,0,0,Mid-size Studio,Action,0,0,0,146.55
Payback,1999,2,February,90.0,161.63,94.45,89.6,25.0,1,0.0,1,1,0,Major Studio,Action,0,0,0,66.76
Child 44,2015,3,March,50.0,3.32,28.01,32.4,0.0,0,1.0,0,0,0,Mid-size Studio,Other,0,0,0,208.08
Wall Street,1987,12,December,15.0,43.85,69.67,61.9,40.0,0,0.0,1,1,0,Major Studio,Other,0,0,0,102.85
A Most Violent Year,2014,12,December,20.0,12.01,12.19,14.5,40.0,0,1.0,0,0,0,Mid-size Studio,Other,0,0,0,12.81
To Rome with Love,2012,4,April,17.0,73.24,48.03,63.2,15.0,1,0.0,1,0,0,Mid-size Studio,Comedy,0,0,0,54.17
The Naked Gun 2½: The Smell of Fear,1991,6,June,23.0,86.93,61.65,51.6,15.0,1,0.0,1,1,0,Major Studio,Comedy,0,0,0,135.31
Funny Games,2007,10,October,15.0,7.94,37.01,47.2,15.0,0,1.0,0,0,0,Mid-size Studio,Other,0,0,0,19.84
Men of Honor,2000,9,September,32.0,48.81,57.38,36.7,45.0,0,0.0,0,0,0,Mid-size Studio,Other,0,0,0,43.05
The Gambler,2014,12,December,25.0,39.17,42.17,38.3,25.0,0,0.0,0,1,0,Major Studio,Other,0,0,0,482.86
Runner Runner,2013,9,September,30.0,62.62,36.67,48.0,45.0,1,0.0,0,0,0,Mid-size Studio,Other,0,0,0,50.42
The Flintstones,1994,5,May,46.0,341.63,140.6,86.1,0.0,1,0.0,1,1,0,Major Studio,Comedy,0,0,0,83.11
Eraser,1996,6,June,100.0,242.3,171.98,95.8,25.0,1,0.0,1,1,0,Major Studio,Action,0,0,0,187.24
Eight Below,2006,2,February,40.0,120.46,95.76,85.4,25.0,1,0.0,1,1,0,Major Studio,Other,0,0,0,80.65
Dinosaur,2000,5,May,127.5,354.25,205.33,92.9,0.0,1,0.0,1,1,0,Major Studio,Animation,0,0,0,51.75
Endless Love,2014,2,February,20.0,34.08,37.69,21.7,40.0,0,0.0,0,1,0,Major Studio,Other,0,0,0,20.53
Road Trip,2000,5,May,16.0,119.75,56.69,74.6,15.0,1,0.0,1,0,0,Mid-size Studio,Comedy,0,0,0,200.11
The English Patient,1996,11,November,27.0,231.98,148.15,88.5,25.0,1,0.0,1,0,0,Mid-size Studio,Other,0,0,0,150.91
The Bridge on the River Kwai,1957,10,October,3.0,33.3,12.67,17.3,25.0,0,0.0,0,0,0,Mid-size Studio,Other,0,0,0,69.68
Herbie Fully Loaded,2005,6,June,50.0,66.0,90.18,84.0,0.0,1,0.0,1,1,0,Major Studio,Comedy,0,0,0,51.75
A Most Wanted Man,2014,7,July,15.0,31.55,26.72,19.7,15.0,0,0.0,0,0,0,Mid-size Studio,Other,0,0,0,36.81
Moonraker,1979,6,June,34.0,210.31,163.65,91.9,0.0,1,0.0,1,0,0,Mid-size Studio,Action,0,0,0,148.51
Licence to Kill,1989,7,July,32.0,156.17,186.96,91.8,0.0,1,0.0,1,0,0,Mid-size Studio,Action,0,0,0,181.61
Letters from Iwo Jima,2006,12,December,19.0,68.67,61.0,68.7,40.0,1,0.0,1,1,0,Major Studio,Action,0,0,0,128.6
Old School,2003,2,February,24.0,87.06,63.1,62.6,0.0,1,0.0,1,0,0,Mid-size Studio,Comedy,0,0,0,205.56
The Lost Boys,1987,7,July,8.5,32.22,35.7,30.0,15.0,0,0.0,0,1,0,Major Studio,Comedy,0,0,0,117.07
Irreversible,2002,5,May,,0.0,29.23,29.1,25.0,0,,0,0,0,Mid-size Studio,Other,0,0,0,0.75
Cellular,2004,9,September,25.0,56.42,72.09,84.1,20.0,1,0.0,1,1,0,Major Studio,Action,1,0,0,87.19
DragonHeart,1996,5,May,57.0,115.27,122.28,91.9,0.0,1,0.0,1,1,0,Major Studio,Other,0,0,0,154.97
Smokin' Aces,2006,12,December,17.0,57.1,59.16,66.4,15.0,1,0.0,1,1,0,Major Studio,Action,0,0,0,44.96
Live and Let Die,1973,7,July,7.0,161.78,146.74,91.7,0.0,1,0.0,1,0,0,Mid-size Studio,Action,1,0,0,86.43
Cold Mountain,2003,12,December,79.0,173.01,112.27,88.8,25.0,1,0.0,1,0,0,Mid-size Studio,Other,0,0,0,180.39
The Legend of Hercules,2014,1,January,70.0,61.28,74.92,86.6,20.0,1,1.0,1,0,0,Mid-size Studio,Action,0,0,0,69.3
A Scanner Darkly,2006,5,May,8.7,7.66,5.59,8.0,15.0,0,1.0,0,0,0,Mid-size Studio,Animation,0,0,0,33.76
Ghost Ship,2002,10,October,35.0,68.35,84.92,79.7,0.0,1,0.0,1,1,0,Major Studio,Other,0,0,0,51.75
Dinner for Schmucks,2010,7,July,69.0,86.39,83.79,93.3,0.0,1,0.0,1,1,0,Major Studio,Comedy,1,0,0,233.74
The Whole Nine Yards,2000,2,February,41.3,106.37,85.71,84.0,0.0,1,0.0,1,1,0,Major Studio,Comedy,0,0,0,33.77
30 Minutes or Less,2011,8,August,28.0,40.55,76.9,70.3,0.0,0,0.0,1,1,0,Major Studio,Action,1,0,0,103.8
You Only Live Twice,1967,6,June,9.5,111.58,100.14,87.7,15.0,1,0.0,1,0,0,Mid-size Studio,Action,0,0,0,197.87
Star Trek: The Motion Picture,1979,12,December,35.0,139.0,140.54,92.7,0.0,1,0.0,1,1,0,Major Studio,Other,0,0,0,114.08
Punch-Drunk Love,2002,10,October,25.0,17.0,51.21,44.7,25.0,0,1.0,0,1,0,Major Studio,Comedy,0,0,0,41.63
I Am Sam,2001,12,December,22.0,92.54,67.23,73.5,40.0,1,0.0,1,1,0,Major Studio,Other,0,0,0,24.0
Four Rooms,1995,12,December,4.0,4.3,11.08,14.7,0.0,0,0.0,0,0,0,Mid-size Studio,Comedy,0,0,0,51.75
City of Angels,1998,4,April,55.0,198.69,123.5,90.0,25.0,1,0.0,1,1,0,Major Studio,Other,0,0,0,122.21
The House Bunny,2008,8,August,25.0,70.44,78.82,77.8,0.0,1,0.0,1,1,0,Major Studio,Comedy,0,0,0,6.58
The Iron Lady,2011,12,December,13.0,114.96,45.7,56.2,40.0,1,0.0,1,0,0,Mid-size Studio,Other,0,0,0,609.84
Octopussy,1983,6,June,27.5,187.5,183.52,92.8,0.0,1,0.0,1,0,0,Mid-size Studio,Action,0,0,0,173.77
The Jackal,1997,11,November,60.0,159.33,94.46,86.7,0.0,1,0.0,1,1,0,Major Studio,Action,0,0,0,30.89
Another Earth,2011,7,July,0.1,1.78,2.25,4.3,25.0,0,0.0,0,0,0,Mid-size Studio,Other,0,0,0,0.34
Flags of Our Fathers,2006,10,October,90.0,65.9,117.71,91.5,25.0,1,1.0,1,1,0,Major Studio,Other,1,0,0,128.75
Cheaper by the Dozen 2,2005,12,December,60.0,129.18,106.83,90.9,0.0,1,0.0,1,1,0,Major Studio,Comedy,0,0,0,106.34
She's Out of My League,2010,3,March,20.0,49.78,42.74,19.9,15.0,0,0.0,0,0,0,Mid-size Studio,Comedy,1,0,0,51.75
Margin Call,2011,9,September,3.5,19.5,12.68,6.1,45.0,0,0.0,0,0,0,Mid-size Studio,Other,0,0,0,9.06
Year One,2009,6,June,60.0,62.36,91.91,92.1,0.0,1,0.0,1,1,0,Major Studio,Comedy,1,0,0,82.4
The Man with the Golden Gun,1974,12,December,7.0,97.57,143.18,91.8,0.0,1,0.0,1,0,0,Mid-size Studio,Action,1,0,0,102.48
The X Files: I Want to Believe,2008,7,July,30.0,68.37,47.91,73.5,25.0,1,0.0,1,1,0,Major Studio,Other,1,0,0,51.75
The Naked Gun 33⅓: The Final Insult,1994,3,March,30.0,51.13,93.25,58.7,0.0,0,0.0,1,1,0,Major Studio,Comedy,0,0,0,157.14
We Were Soldiers,2002,3,March,75.0,114.66,110.65,88.6,25.0,1,0.0,1,0,0,Mid-size Studio,Action,0,0,0,80.79
Amores perros,2000,6,June,2.0,20.91,22.26,14.0,25.0,0,0.0,0,0,0,Mid-size Studio,Other,0,0,0,171.41
Spy Kids 2: The Island of Lost Dreams,2002,8,August,38.0,119.72,101.89,87.9,0.0,1,0.0,1,0,0,Mid-size Studio,Action,0,0,0,66.01
The Family Man,2000,12,December,60.0,,93.39,83.5,25.0,0,,1,1,0,Major Studio,Comedy,0,0,0,243.4
Serendipity,2001,10,October,28.0,77.52,73.66,78.3,0.0,1,0.0,1,0,0,Mid-size Studio,Comedy,0,0,0,112.02
I Spit on Your Grave,2010,6,June,2.0,0.57,2.64,9.1,0.0,0,1.0,0,0,0,Mid-size Studio,Other,0,0,0,51.75
Rat Race,2001,7,July,48.0,85.5,135.47,89.5,0.0,1,0.0,1,1,0,Major Studio,Comedy,0,0,0,238.68
The Invention of Lying,2009,9,September,18.5,31.91,44.22,26.3,35.0,0,0.0,0,1,0,Major Studio,Comedy,0,0,0,51.75
Brüno,2009,7,July,42.0,,96.26,57.5,0.0,0,,1,1,0,Major Studio,Comedy,1,0,0,220.48
Unleashed,2005,2,February,45.0,50.87,62.11,56.4,0.0,0,0.0,1,0,0,Mid-size Studio,Action,0,0,0,128.64
The Core,2003,3,March,60.0,74.21,91.69,91.7,0.0,1,0.0,1,1,0,Major Studio,Action,0,0,0,113.1
A Haunted House,2013,1,January,2.5,60.14,38.39,52.7,20.0,1,0.0,1,0,0,Mid-size Studio,Comedy,1,0,0,21.16
The Losers,2010,4,April,25.0,23.58,33.41,32.6,0.0,0,1.0,0,1,0,Major Studio,Action,0,0,0,75.51
"I Love You, Man",2009,3,March,41.0,91.64,85.38,75.7,0.0,1,0.0,1,0,0,Mid-size Studio,Comedy,1,0,0,171.96
The Rundown,2003,9,September,85.0,80.92,113.39,94.1,20.0,1,1.0,1,1,0,Major Studio,Action,0,0,0,234.58
The Kingdom,2007,8,August,70.0,86.66,86.83,93.2,25.0,1,0.0,1,1,0,Major Studio,Action,0,0,0,233.43
Outbreak,1995,3,March,50.0,189.86,107.37,82.5,25.0,1,0.0,1,1,0,Major Studio,Action,0,0,0,237.53
Bedazzled,2000,10,October,48.0,90.38,101.71,83.8,0.0,1,0.0,1,1,0,Major Studio,Comedy,0,0,0,77.73
Hostage,2005,3,March,52.0,77.94,65.57,81.8,25.0,1,0.0,1,0,0,Mid-size Studio,Other,0,0,0,51.75
The Waterboy,1998,11,November,23.0,185.99,103.86,87.3,15.0,1,0.0,1,0,0,Mid-size Studio,Comedy,0,0,0,135.26
Small Soldiers,1998,7,July,40.0,54.68,74.97,84.0,0.0,1,0.0,1,1,0,Major Studio,Action,0,0,0,70.27
Cop Out,2010,2,February,30.0,55.58,58.86,74.5,0.0,1,0.0,1,1,0,Major Studio,Action,1,0,0,18.98
Spy Kids 3-D: Game Over,2003,7,July,38.0,197.01,118.79,79.1,0.0,1,0.0,1,0,0,Mid-size Studio,Action,0,0,0,60.86
G-Force,2009,7,July,150.0,292.82,133.33,92.6,0.0,1,0.0,1,1,0,Major Studio,Action,1,0,0,51.75
The 13th Warrior,1999,8,August,160.0,61.7,135.38,93.6,0.0,1,1.0,1,0,0,Mid-size Studio,Action,0,0,0,158.39
Hereafter,2010,10,October,50.0,105.2,75.4,81.9,25.0,1,0.0,1,1,0,Major Studio,Other,0,0,0,126.68
"Dude, Where’s My Car?",2000,12,December,13.0,73.18,99.03,82.5,15.0,1,0.0,1,1,0,Major Studio,Comedy,1,0,0,23.94
Lars and the Real Girl,2007,10,October,12.0,11.29,29.49,18.9,40.0,0,1.0,0,0,0,Mid-size Studio,Comedy,0,0,0,38.44
Race to Witch Mountain,2009,3,March,50.0,106.3,91.22,79.5,0.0,1,0.0,1,1,0,Major Studio,Action,1,0,0,88.23
A Time to Kill,1996,7,July,40.0,152.27,115.47,88.5,25.0,1,0.0,1,1,0,Major Studio,Other,0,0,0,107.06
The Hundred-Foot Journey,2014,8,August,22.0,88.88,37.29,42.8,40.0,1,0.0,0,0,0,Mid-size Studio,Other,0,0,0,67.61
The Spy Who Loved Me,1977,7,July,14.0,185.44,168.75,89.7,15.0,1,0.0,1,0,0,Mid-size Studio,Action,0,0,0,160.95
Skyline,2010,11,November,10.0,66.82,35.5,59.3,15.0,1,0.0,1,0,0,Mid-size Studio,Other,1,0,0,41.8
Daddy Day Care,2003,5,May,60.0,164.43,129.87,91.8,0.0,1,0.0,1,1,0,Major Studio,Comedy,0,0,0,139.74
A View to a Kill,1985,5,May,30.0,152.43,177.3,92.1,0.0,1,0.0,1,0,0,Mid-size Studio,Action,0,0,0,182.54
The Kids Are All Right,2010,7,July,3.5,34.71,4.35,9.7,25.0,0,0.0,0,0,0,Mid-size Studio,Comedy,0,0,0,51.75
Big Momma's House,2000,5,May,30.0,173.96,120.2,88.6,0.0,1,0.0,1,1,0,Major Studio,Comedy,0,0,0,303.52
Super Size Me,2004,1,January,0.06,28.58,17.91,8.4,45.0,0,0.0,0,0,0,Mid-size Studio,Comedy,0,0,0,0.62
Haywire,2011,11,November,23.0,33.37,41.95,39.6,15.0,0,0.0,0,0,0,Mid-size Studio,Action,0,0,0,160.11
Footloose,1984,2,February,8.2,80.04,90.51,57.0,40.0,1,0.0,1,1,0,Major Studio,Other,0,0,0,51.75
This Is Where I Leave You,2014,9,September,19.8,41.3,45.95,23.9,60.0,0,0.0,0,1,0,Major Studio,Comedy,0,0,0,241.92
The Lazarus Effect,2015,1,January,3.3,64.11,30.19,51.3,20.0,1,0.0,1,0,0,Mid-size Studio,Other,0,0,0,51.75
Barry Lyndon,1975,12,December,11.0,20.0,49.08,32.4,40.0,0,0.0,0,1,0,Major Studio,Other,0,0,0,58.7
WarGames,1983,6,June,12.0,79.57,59.14,65.1,15.0,1,0.0,1,0,0,Mid-size Studio,Other,0,0,0,51.75
Elite Squad,2007,10,October,4.0,,32.25,10.4,25.0,0,,0,0,0,Mid-size Studio,Action,0,0,0,242.69
Crocodile Dundee,1986,9,September,5.0,328.2,116.97,70.5,20.0,1,0.0,1,1,0,Major Studio,Comedy,0,0,0,51.75
Analyze This,1999,3,March,80.0,176.89,115.0,89.4,0.0,1,0.0,1,1,0,Major Studio,Comedy,0,0,0,63.32
Friday,1995,4,April,3.5,28.22,28.15,16.1,0.0,0,0.0,0,1,0,Major Studio,Comedy,0,0,0,104.3
I Love You Phillip Morris,2009,1,January,13.0,10.65,25.06,33.3,60.0,0,1.0,0,0,0,Mid-size Studio,Comedy,0,0,0,148.41
JFK,1991,12,December,40.0,205.41,105.16,78.9,25.0,1,0.0,1,1,0,Major Studio,Other,0,0,0,89.39
The Muppets,2011,11,November,45.0,165.18,113.65,84.7,0.0,1,0.0,1,1,0,Major Studio,Comedy,1,0,0,189.88
The Firm,1993,6,June,42.0,270.25,165.17,93.5,25.0,1,0.0,1,1,0,Major Studio,Other,0,0,0,135.81
Michael Clayton,2007,9,September,25.0,92.99,48.67,69.0,45.0,1,0.0,1,0,0,Mid-size Studio,Other,0,0,0,168.29
Your Highness,2011,4,April,49.9,26.12,64.53,70.4,0.0,0,1.0,1,1,0,Major Studio,Comedy,0,0,0,29.27
Scooby-Doo 2: Monsters Unleashed,2004,3,March,,181.47,101.52,88.3,0.0,1,,1,1,0,Major Studio,Comedy,0,0,0,302.02
Tammy,2014,7,July,20.0,100.53,52.91,58.2,15.0,1,0.0,1,1,0,Major Studio,Comedy,0,0,0,78.64
Chloe,2009,3,March,15.0,8.46,13.81,12.7,40.0,0,1.0,0,0,0,Mid-size Studio,Other,0,0,0,3.26
Crimson Tide,1995,5,May,53.0,157.39,113.55,84.8,25.0,1,0.0,1,0,0,Mid-size Studio,Action,0,0,0,155.5
Zookeeper,2011,7,July,80.0,169.85,147.55,96.3,0.0,1,0.0,1,1,0,Major Studio,Comedy,1,0,0,138.49
The Possession,2012,8,August,14.0,85.45,36.14,50.1,15.0,1,0.0,1,0,0,Mid-size Studio,Other,0,0,0,51.75
Never Back Down,2008,3,March,20.0,41.63,38.36,20.6,40.0,0,0.0,0,0,0,Mid-size Studio,Action,0,0,0,35.37
Death at a Funeral,2007,2,February,9.0,0.0,0.17,15.5,40.0,0,1.0,0,0,0,Mid-size Studio,Comedy,0,0,0,70.61
Snakes on a Plane,2006,8,August,33.0,62.02,68.33,80.6,0.0,1,0.0,1,1,0,Major Studio,Action,1,0,0,85.79
Harold & Kumar Escape from Guantanamo Bay,2008,4,April,12.0,43.49,71.78,40.6,15.0,0,0.0,0,1,0,Major Studio,Comedy,1,0,0,234.99
George of the Jungle,1997,7,July,55.0,,101.06,54.1,0.0,0,,1,1,0,Major Studio,Comedy,0,0,0,29.0
Coach Carter,2005,1,January,30.0,76.67,75.39,70.2,45.0,1,0.0,1,1,0,Major Studio,Other,0,0,0,60.58
Wall Street: Money Never Sleeps,2010,9,September,70.0,134.75,83.64,91.4,45.0,1,0.0,1,1,0,Major Studio,Other,1,0,0,95.28
"Alexander and the Terrible, Horrible, No Good, Very Bad Day",2014,10,October,28.0,100.65,64.06,62.4,0.0,1,0.0,1,1,0,Major Studio,Comedy,0,0,0,11.86
The Faculty,1998,12,December,15.0,40.28,33.6,35.7,15.0,0,0.0,0,0,0,Mid-size Studio,Other,0,0,0,71.31
Shaolin Soccer,2001,7,July,,42.78,53.86,47.8,0.0,0,,0,0,0,Mid-size Studio,Action,0,0,0,74.11
Just My Luck,2006,5,May,28.0,38.16,66.48,47.8,25.0,0,0.0,0,0,0,Mid-size Studio,Comedy,0,0,0,92.14
Cool Runnings,1993,9,September,14.0,154.86,36.67,34.8,35.0,1,0.0,0,0,0,Mid-size Studio,Comedy,0,0,0,183.77
Talladega Nights: The Ballad of Ricky Bobby,2006,8,August,72.5,162.97,107.15,91.9,0.0,1,0.0,1,1,0,Major Studio,Comedy,1,0,0,139.22
For Your Eyes Only,1981,6,June,28.0,195.31,159.02,91.7,0.0,1,0.0,1,0,0,Mid-size Studio,Action,0,0,0,171.82
Superman III,1983,6,June,39.0,75.85,81.76,88.7,0.0,1,0.0,1,1,0,Major Studio,Action,0,1,0,101.38
The Santa Clause,1994,11,November,22.0,189.83,114.49,75.7,40.0,1,0.0,1,1,0,Major Studio,Comedy,0,0,0,51.75
[REC]²,2009,9,September,5.6,18.47,11.26,9.3,20.0,0,0.0,0,0,0,Mid-size Studio,Other,0,0,0,30.45
The X Files,1998,6,June,66.0,189.2,116.59,85.0,0.0,1,0.0,1,1,0,Major Studio,Other,0,0,0,34.2
What Lies Beneath,2000,7,July,100.0,155.46,138.55,90.2,25.0,1,0.0,1,1,0,Major Studio,Other,0,0,0,286.26
Winter's Tale,2014,2,February,60.0,30.8,51.62,57.8,25.0,0,1.0,1,1,0,Major Studio,Other,0,0,0,51.75
Two Weeks Notice,2002,12,December,60.0,93.35,116.04,91.9,0.0,1,0.0,1,1,0,Major Studio,Comedy,0,0,0,115.59
Edge of Darkness,2010,1,January,80.0,74.9,75.1,90.7,45.0,1,1.0,1,1,0,Major Studio,Other,0,0,0,296.57
Maid in Manhattan,2002,12,December,55.0,154.91,103.94,70.7,25.0,1,0.0,1,0,0,Mid-size Studio,Comedy,0,0,0,22.76
Mirrors,2008,8,August,35.0,72.44,56.75,72.9,0.0,1,0.0,1,0,0,Mid-size Studio,Other,0,0,0,76.41
Monster,2003,11,November,8.0,60.38,24.91,44.4,25.0,1,0.0,0,0,0,Mid-size Studio,Other,0,0,0,51.75
Eraserhead,1977,3,March,0.01,7.0,4.8,4.6,25.0,0,0.0,0,0,0,Mid-size Studio,Other,0,0,0,25.68
State of Play,2009,4,April,60.0,87.78,83.98,81.0,0.0,1,0.0,1,1,0,Major Studio,Action,0,0,0,30.96
Alvin and the Chipmunks: Chipwrecked,2011,12,December,75.0,342.7,194.69,88.5,0.0,1,0.0,1,0,0,Mid-size Studio,Animation,0,0,0,301.5
The Apartment,1960,6,June,3.0,25.0,12.07,7.6,25.0,0,0.0,0,0,0,Mid-size Studio,Comedy,0,0,0,18.0
Chernobyl Diaries,2012,5,May,,18.11,17.0,33.2,0.0,0,,0,0,0,Mid-size Studio,Other,0,0,0,51.75
A Serious Man,2009,10,October,7.0,31.43,30.75,19.2,25.0,0,0.0,0,0,0,Mid-size Studio,Comedy,1,0,0,115.27
August: Osage County,2013,12,December,25.0,74.19,37.24,30.8,25.0,1,0.0,0,0,0,Mid-size Studio,Comedy,0,0,0,36.61
Duplex,2003,9,September,40.0,19.32,65.81,34.1,20.0,0,1.0,0,0,0,Mid-size Studio,Action,0,0,0,51.75
End of Days,1999,11,November,100.0,211.99,111.17,88.7,0.0,1,0.0,1,0,0,Mid-size Studio,Action,0,0,0,42.16
The Insider,1999,10,October,90.0,60.29,74.17,84.0,25.0,1,1.0,1,0,0,Mid-size Studio,Other,0,0,0,122.57
The American,2010,8,August,20.0,65.46,23.56,47.9,40.0,1,0.0,0,0,0,Mid-size Studio,Other,0,0,0,19.86
Bullet to the Head,2013,1,January,55.0,9.49,26.17,28.8,20.0,0,1.0,0,0,0,Mid-size Studio,Action,0,0,0,14.34
The Life of David Gale,2003,2,February,50.0,38.96,71.73,49.5,25.0,0,1.0,0,1,0,Major Studio,Other,0,0,0,70.52
Jay and Silent Bob Strike Back,2001,8,August,22.0,33.79,48.8,27.3,15.0,0,0.0,0,0,0,Mid-size Studio,Comedy,0,0,0,21.16
Star Trek: Nemesis,2002,12,December,60.0,67.31,92.5,89.2,0.0,1,0.0,1,1,0,Major Studio,Action,0,0,0,121.97
Incendies,2010,9,September,6.8,7.1,14.75,12.3,45.0,0,0.0,0,0,0,Mid-size Studio,Other,0,0,0,103.08
Hoodwinked!,2005,12,December,15.0,51.05,83.66,42.9,15.0,0,0.0,0,0,0,Mid-size Studio,Animation,0,0,0,51.75
Race,2016,2,February,5.0,24.8,15.54,16.8,25.0,0,0.0,0,0,0,Mid-size Studio,Action,0,0,0,70.64
Sideways,2004,10,October,16.0,109.5,64.58,71.9,40.0,1,0.0,1,0,0,Mid-size Studio,Comedy,0,0,0,100.24
The Other Boleyn Girl,2008,2,February,35.0,,62.25,55.7,25.0,0,,1,1,0,Major Studio,Other,0,0,0,27.33
Star Trek IV: The Voyage Home,1986,11,November,24.0,133.0,93.44,80.9,0.0,1,0.0,1,1,0,Major Studio,Other,0,0,0,87.0
Sphere,1998,2,February,75.0,13.1,76.23,76.5,0.0,0,1.0,1,1,0,Major Studio,Other,0,0,0,137.02
The Omen,1976,6,June,2.8,60.92,34.37,36.2,0.0,1,0.0,0,1,0,Major Studio,Other,0,0,0,124.32
Sharknado,2013,7,July,1.0,,16.4,33.4,0.0,0,,0,0,0,Mid-size Studio,Other,0,0,0,51.75
eXistenZ,1999,4,April,15.0,2.86,4.75,8.0,15.0,0,1.0,0,0,0,Mid-size Studio,Action,0,0,0,33.24
8MM,1999,2,February,40.0,96.62,91.89,87.1,0.0,1,0.0,1,0,0,Mid-size Studio,Other,0,0,0,111.7
Asterix at the Olympic Games,2008,1,January,97.25,132.9,85.51,83.9,20.0,1,0.0,1,0,0,Mid-size Studio,Comedy,0,0,0,51.75
Hocus Pocus,1993,7,July,28.0,39.51,60.16,42.2,0.0,0,0.0,0,1,0,Major Studio,Comedy,0,0,0,7.0
Take Shelter,2011,11,November,5.0,3.1,8.1,15.1,25.0,0,1.0,0,0,0,Mid-size Studio,Other,0,0,0,13.9
Ransom,1996,11,November,80.0,309.49,143.91,91.0,0.0,1,0.0,1,0,0,Mid-size Studio,Action,0,0,0,256.79
The Darkest Hour,2011,12,December,30.0,64.63,30.01,36.6,0.0,1,0.0,0,0,0,Mid-size Studio,Action,0,0,0,51.75
A Separation,2011,3,March,0.8,,19.76,6.3,25.0,0,,0,0,0,Mid-size Studio,Other,0,0,0,51.75
Ray,2004,10,October,40.0,124.73,74.4,81.2,25.0,1,0.0,1,1,0,Major Studio,Other,0,0,0,99.58
Annie,2014,12,December,65.0,133.82,98.33,88.6,25.0,1,0.0,1,1,0,Major Studio,Comedy,0,0,0,112.72
The Haunted Mansion,2003,11,November,90.0,182.29,149.49,91.9,0.0,1,0.0,1,1,0,Major Studio,Comedy,1,0,0,217.73
Leap Year,2010,1,January,19.0,29.92,37.99,21.0,35.0,0,0.0,0,1,0,Major Studio,Comedy,0,0,0,5.79
The Frozen Ground,2013,7,July,27.22,5.5,10.09,15.6,0.0,0,1.0,0,0,0,Mid-size Studio,Other,0,0,0,51.75
Texas Chainsaw 3D,2013,1,January,20.0,47.24,52.41,41.1,35.0,0,0.0,0,0,0,Mid-size Studio,Other,1,0,0,69.06
Garfield: A Tail of Two Kitties,2006,6,June,,141.7,110.76,84.0,0.0,1,,1,1,0,Major Studio,Animation,0,0,0,144.73
A Single Man,2009,10,October,7.0,,20.8,10.4,25.0,0,,0,0,0,Mid-size Studio,Other,0,0,0,51.75
Blue Ruin,2014,4,April,,0.26,7.16,9.0,0.0,0,,0,0,0,Mid-size Studio,Other,0,0,0,3.22
Dragonball Evolution,2009,4,April,100.0,,75.65,85.4,0.0,0,,1,1,0,Major Studio,Action,1,1,0,72.7
Frequency,2000,4,April,31.0,68.11,56.86,69.6,25.0,1,0.0,1,1,0,Major Studio,Other,0,0,0,32.39
The Forbidden Kingdom,2008,4,April,55.0,127.91,79.69,76.1,0.0,1,0.0,1,0,0,Mid-size Studio,Action,0,0,0,231.32
Anomalisa,2015,12,December,8.0,5.66,12.47,10.8,25.0,0,1.0,0,0,0,Mid-size Studio,Animation,0,0,0,51.75
The Best Exotic Marigold Hotel,2011,11,November,10.0,136.84,39.58,56.1,40.0,1,0.0,1,0,0,Mid-size Studio,Comedy,0,0,0,120.76
Grindhouse,2007,4,April,67.0,25.04,46.15,56.5,0.0,0,1.0,1,0,0,Mid-size Studio,Action,0,0,0,72.32
The Back-Up Plan,2010,4,April,35.0,77.48,62.1,63.1,0.0,1,0.0,1,0,0,Mid-size Studio,Comedy,1,0,0,51.75
Tango & Cash,1989,12,December,55.0,63.41,102.72,77.6,0.0,1,0.0,1,1,0,Major Studio,Action,0,0,0,16.18
Into the Blue,2005,9,September,50.0,44.43,54.65,40.0,20.0,0,1.0,0,0,0,Mid-size Studio,Action,0,0,0,34.39
Ultraviolet,2006,3,March,30.0,31.07,23.13,17.4,0.0,0,0.0,0,0,0,Mid-size Studio,Action,0,0,0,5.36
The Awakening,2011,8,August,4.8,0.21,1.76,11.2,0.0,0,1.0,0,0,0,Mid-size Studio,Other,0,0,0,51.75
Behind Enemy Lines,2001,11,November,40.0,91.75,92.78,91.2,25.0,1,0.0,1,1,0,Major Studio,Action,0,0,0,137.03
The Five-Year Engagement,2012,4,April,30.0,53.91,50.64,77.4,0.0,1,0.0,1,1,0,Major Studio,Comedy,0,0,0,143.03
On Her Majesty's Secret Service,1969,12,December,6.5,81.97,56.93,68.9,0.0,1,0.0,1,0,0,Mid-size Studio,Action,1,0,0,51.75
Runaway Bride,1999,7,July,70.0,309.46,157.01,93.9,0.0,1,0.0,1,1,0,Major Studio,Comedy,0,0,0,188.62
The Jacket,2005,3,March,29.0,21.13,29.64,28.8,25.0,0,1.0,0,0,0,Mid-size Studio,Other,0,0,0,51.75
Red Eye,2005,8,August,26.0,57.89,38.61,76.0,0.0,1,0.0,1,0,0,Mid-size Studio,Other,0,0,0,78.54
Videodrome,1983,2,February,5.95,2.12,4.77,8.8,0.0,0,1.0,0,1,0,Major Studio,Other,0,0,0,33.39
Bill & Ted's Excellent Adventure,1989,2,February,10.0,40.49,28.0,21.7,15.0,0,0.0,0,0,0,Mid-size Studio,Comedy,0,0,0,47.72
Hostel: Part II,2007,6,June,10.2,35.62,30.33,42.1,15.0,0,0.0,0,0,0,Mid-size Studio,Other,0,0,0,43.71
Once,2007,3,March,0.16,20.71,14.04,7.6,25.0,0,0.0,0,0,0,Mid-size Studio,Other,0,0,0,63.46
Species,1995,7,July,35.0,113.37,62.03,73.8,0.0,1,0.0,1,0,0,Mid-size Studio,Action,0,0,0,63.74
The Count of Monte Cristo,2002,1,January,35.0,75.4,61.27,76.0,45.0,1,0.0,1,0,0,Mid-size Studio,Action,0,0,0,175.27
Bowling for Columbine,2002,10,October,4.0,35.56,33.25,18.3,0.0,0,0.0,0,0,0,Mid-size Studio,Other,0,0,0,41.95
Broken Arrow,1996,2,February,50.0,150.27,112.18,85.7,25.0,1,0.0,1,1,0,Major Studio,Action,0,0,0,218.76
That's My Boy,2012,6,June,70.0,58.06,78.35,91.6,0.0,1,1.0,1,1,0,Major Studio,Comedy,0,0,0,123.07
Star Trek: Generations,1994,11,November,38.0,120.0,104.86,79.3,0.0,1,0.0,1,1,0,Major Studio,Action,0,0,0,51.75
The Hours,2002,12,December,25.0,41.6,54.21,73.9,25.0,0,0.0,1,1,0,Major Studio,Other,0,0,0,92.76
Syriana,2005,11,November,50.0,94.0,84.31,68.4,25.0,1,0.0,1,1,0,Major Studio,Other,0,0,0,10.72
Puss in Boots,2011,10,October,130.0,554.99,180.37,80.8,0.0,1,0.0,1,0,0,Mid-size Studio,Action,0,0,0,798.96
Robot & Frank,2012,8,August,2.5,3.33,2.05,7.4,25.0,0,0.0,0,0,0,Mid-size Studio,Comedy,0,0,0,85.51
Persepolis,2007,5,May,7.3,,19.55,5.3,25.0,0,,0,0,0,Mid-size Studio,Animation,0,0,0,51.75
Paranormal Activity: The Marked Ones,2014,1,January,5.0,86.36,33.72,44.9,20.0,1,0.0,0,0,0,Mid-size Studio,Other,0,0,0,51.75
Hellraiser,1987,9,September,1.0,14.56,13.31,9.4,20.0,0,0.0,0,0,0,Mid-size Studio,Other,0,0,0,51.75
Hannah Montana: The Movie,2009,4,April,35.0,155.55,101.98,80.9,25.0,1,0.0,1,1,0,Major Studio,Comedy,0,0,0,86.01
The Forest,2016,1,January,10.0,40.06,45.03,29.4,35.0,0,0.0,0,0,0,Mid-size Studio,Other,0,0,0,51.75
World Trade Center,2006,8,August,63.0,162.95,81.51,90.5,25.0,1,0.0,1,1,0,Major Studio,Other,0,0,0,92.93
Ali,2001,12,December,107.0,87.71,116.45,88.5,25.0,1,1.0,1,0,0,Mid-size Studio,Other,0,0,0,117.08
Domino,2005,9,September,50.0,22.94,69.42,57.9,20.0,0,1.0,1,1,0,Major Studio,Action,0,0,0,167.73
Good Luck Chuck,2007,9,September,25.0,59.19,48.72,65.6,45.0,1,0.0,1,0,0,Mid-size Studio,Comedy,1,0,0,51.75
Wild Things,1998,3,March,20.0,67.2,68.27,73.3,40.0,1,0.0,1,1,0,Major Studio,Other,1,0,0,51.75
Fool's Gold,2008,2,February,70.0,111.23,110.77,90.7,0.0,1,0.0,1,1,0,Major Studio,Comedy,0,0,0,187.61
Bachelorette,2012,8,August,3.0,11.95,15.72,42.0,0.0,0,0.0,0,0,0,Mid-size Studio,Comedy,0,0,0,51.75
Submarine,2011,3,March,,0.86,3.14,11.3,25.0,0,,0,0,0,Mid-size Studio,Comedy,0,0,0,51.75
My Super Ex-Girlfriend,2006,6,June,,60.9,23.84,54.9,25.0,1,,1,0,0,Mid-size Studio,Action,0,0,0,140.75
Mortal Kombat,1995,8,August,18.0,122.2,68.74,75.3,15.0,1,0.0,1,1,0,Major Studio,Action,0,0,0,131.07
The Fourth Kind,2009,11,November,10.0,42.33,38.08,52.9,15.0,0,0.0,1,1,0,Major Studio,Other,1,0,0,51.75
The Mexican,2001,3,March,57.0,147.85,126.19,89.1,0.0,1,0.0,1,0,0,Mid-size Studio,Action,0,0,0,504.86
Super,2010,9,September,2.5,0.32,11.52,11.4,45.0,0,1.0,0,0,0,Mid-size Studio,Action,1,1,0,773.33
Hide and Seek,2005,1,January,25.0,122.64,78.27,76.1,20.0,1,0.0,1,1,0,Major Studio,Other,0,0,0,34.41
Woman in Gold,2015,4,April,11.0,61.62,34.72,42.3,40.0,1,0.0,0,0,0,Mid-size Studio,Other,0,0,0,35.06
The Last House on the Left,2009,3,March,15.0,32.72,22.15,13.0,40.0,0,0.0,0,0,0,Mid-size Studio,Other,0,0,0,51.75
The Living Daylights,1987,6,June,40.0,191.19,159.77,90.7,0.0,1,0.0,1,0,0,Mid-size Studio,Action,0,0,0,172.85
Rounders,1998,9,September,12.0,22.92,29.09,36.6,60.0,0,0.0,0,0,0,Mid-size Studio,Other,0,0,0,16.41
House of Flying Daggers,2004,5,May,,92.86,77.55,71.2,25.0,1,,1,0,0,Mid-size Studio,Action,0,0,0,136.35
Sky Captain and the World of Tomorrow,2004,9,September,70.0,57.96,62.87,86.6,20.0,1,1.0,1,1,0,Major Studio,Action,0,0,0,51.75
The Phantom of the Opera,2004,12,December,70.0,154.65,90.58,85.1,25.0,1,0.0,1,1,0,Major Studio,Other,0,0,0,106.87
Little Nicky,2000,11,November,85.0,,145.08,85.5,0.0,0,,1,1,0,Major Studio,Comedy,0,0,0,120.45
Ella Enchanted,2004,4,April,31.0,27.39,59.73,40.2,0.0,0,1.0,0,0,0,Mid-size Studio,Comedy,0,0,0,51.75
The Sum of All Fears,2002,5,May,68.0,193.0,105.01,90.7,25.0,1,0.0,1,1,0,Major Studio,Action,0,0,0,51.75
The One,2001,11,November,49.0,72.7,84.73,73.1,0.0,1,0.0,1,1,0,Major Studio,Action,0,0,0,85.51
Nanny McPhee and the Big Bang,2010,3,March,35.0,93.25,62.4,69.2,0.0,1,0.0,1,1,0,Major Studio,Comedy,1,0,0,9.93
The Cell,2000,8,August,33.0,104.16,74.69,89.8,0.0,1,0.0,1,1,0,Major Studio,Other,0,0,0,146.82
One Hour Photo,2002,8,August,12.0,52.22,38.11,55.1,15.0,1,0.0,1,0,0,Mid-size Studio,Other,0,0,0,9.46
Doubt,2008,11,November,20.0,50.91,26.74,22.7,40.0,0,0.0,0,0,0,Mid-size Studio,Other,0,0,0,51.75
Man on the Moon,1999,12,December,82.0,47.43,121.6,75.4,25.0,0,1.0,1,0,0,Mid-size Studio,Comedy,0,0,0,80.48
Star Trek III: The Search for Spock,1984,5,May,18.0,87.0,83.3,87.4,15.0,1,0.0,1,1,0,Major Studio,Action,0,0,0,133.0
Sahara,2005,4,April,130.0,119.27,93.01,92.2,25.0,1,1.0,1,1,0,Major Studio,Action,0,0,0,100.95
Speed 2: Cruise Control,1997,6,June,160.0,164.51,140.42,93.3,0.0,1,0.0,1,1,0,Major Studio,Action,0,0,0,273.15
Beverly Hills Cop III,1994,5,May,50.0,119.21,117.83,85.1,0.0,1,0.0,1,1,0,Major Studio,Action,0,0,0,115.54
Chasing Amy,1997,4,April,0.25,12.02,21.34,18.3,25.0,0,0.0,0,0,0,Mid-size Studio,Comedy,0,0,0,23.33
Patriot Games,1992,6,June,45.0,178.05,139.23,90.4,25.0,1,0.0,1,1,0,Major Studio,Action,0,0,0,125.39
Arachnophobia,1990,8,August,31.0,53.21,66.62,78.8,0.0,1,0.0,1,0,0,Mid-size Studio,Comedy,0,0,0,103.07
Grudge Match,2013,12,December,40.0,44.91,72.54,52.3,0.0,0,0.0,1,1,0,Major Studio,Comedy,0,0,0,158.39
Final Fantasy: The Spirits Within,2001,7,July,137.0,85.13,52.23,84.2,0.0,1,1.0,1,1,0,Major Studio,Action,0,0,0,51.75
Silent Hill: Revelation 3D,2012,10,October,20.0,52.3,49.11,47.3,15.0,1,0.0,0,0,0,Mid-size Studio,Other,1,0,0,51.75
Pay It Forward,2000,10,October,40.0,55.71,102.71,87.2,25.0,1,0.0,1,1,0,Major Studio,Other,0,0,0,140.46
The Boss,2016,4,April,29.0,78.64,71.2,63.8,0.0,1,0.0,1,1,0,Major Studio,Comedy,1,0,0,100.53
Conspiracy Theory,1997,8,August,75.0,136.98,118.2,89.5,25.0,1,0.0,1,1,0,Major Studio,Action,0,0,0,116.72
Not Another Teen Movie,2001,12,December,16.0,66.47,65.15,76.2,15.0,1,0.0,1,0,0,Mid-size Studio,Comedy,1,0,0,51.75
The Water Diviner,2014,12,December,22.5,15.52,19.83,14.0,40.0,0,1.0,0,0,0,Mid-size Studio,Other,0,0,0,51.75
Alvin and the Chipmunks: The Road Chip,2015,12,December,,233.76,115.17,81.5,0.0,1,,1,1,0,Major Studio,Animation,1,0,0,128.04
My Girl,1991,11,November,16.5,,82.32,39.7,40.0,0,,0,1,0,Major Studio,Comedy,0,0,0,51.75
Dante's Peak,1997,2,February,116.0,178.13,118.25,89.5,0.0,1,0.0,1,1,0,Major Studio,Action,0,0,0,50.79
Free State of Jones,2016,6,June,50.0,25.04,39.65,33.8,25.0,0,1.0,0,0,0,Mid-size Studio,Action,0,0,0,419.77
The Game Plan,2007,9,September,22.0,147.88,81.1,75.5,35.0,1,0.0,1,1,0,Major Studio,Comedy,0,0,0,79.91
Jackass 3D,2010,10,October,20.0,117.22,74.67,59.6,15.0,1,0.0,1,0,0,Mid-size Studio,Action,1,0,0,96.3
The Quick and the Dead,1995,2,February,32.0,18.55,39.56,45.8,25.0,0,1.0,0,0,0,Mid-size Studio,Action,0,0,0,444.91
The Wedding Planner,2001,1,January,35.0,94.73,77.31,84.7,20.0,1,0.0,1,0,0,Mid-size Studio,Comedy,0,0,0,111.26
Collateral Damage,2002,2,February,85.0,78.38,103.88,89.3,25.0,1,1.0,1,1,0,Major Studio,Action,0,0,0,214.54
Ghost World,2001,7,July,7.0,,46.99,26.8,25.0,0,,0,0,0,Mid-size Studio,Comedy,1,0,0,76.49
The Raven,2012,3,March,26.0,29.66,24.13,21.0,0.0,0,0.0,0,0,0,Mid-size Studio,Other,0,0,0,96.49
Sex and the City 2,2010,5,May,100.0,288.35,139.9,84.5,25.0,1,0.0,1,1,0,Major Studio,Comedy,0,0,0,51.75
Killer Joe,2011,9,September,10.0,3.67,9.88,12.3,60.0,0,1.0,0,0,0,Mid-size Studio,Other,0,0,0,107.71
The Score,2001,7,July,68.0,71.07,96.99,88.7,0.0,1,0.0,1,1,0,Major Studio,Action,0,0,0,46.92
Four Lions,2010,5,May,0.97,4.27,5.44,4.7,25.0,0,0.0,0,0,0,Mid-size Studio,Comedy,0,0,0,51.75
The French Connection,1971,10,October,1.8,41.16,22.75,20.6,0.0,0,0.0,0,1,0,Major Studio,Action,0,0,0,100.21
Any Given Sunday,1999,12,December,55.0,100.23,92.43,83.4,25.0,1,0.0,1,1,0,Major Studio,Other,0,0,0,98.15
Keanu,2016,4,April,15.0,20.57,50.91,27.9,15.0,0,0.0,0,1,0,Major Studio,Action,0,0,0,51.75
Tootsie,1982,12,December,21.0,177.2,141.36,83.2,15.0,1,0.0,1,0,0,Mid-size Studio,Comedy,0,0,0,159.08
Jonah Hex,2010,6,June,47.0,10.54,29.9,40.8,25.0,0,1.0,0,1,0,Major Studio,Action,0,1,0,110.0
Scoop,2006,7,July,4.0,31.58,23.86,12.3,0.0,0,0.0,0,0,0,Mid-size Studio,Comedy,0,0,0,57.96
"Batman: The Dark Knight Returns, Part 2",2013,1,January,3.5,,30.85,8.3,20.0,0,,0,1,0,Major Studio,Action,0,1,0,51.75
She's All That,1999,1,January,10.0,103.17,24.89,67.5,35.0,1,0.0,1,0,0,Mid-size Studio,Comedy,0,0,0,12.77
Flipped,2010,8,August,14.0,1.76,9.58,19.1,40.0,0,1.0,0,0,0,Mid-size Studio,Other,0,0,0,89.12
Animal House,1978,7,July,2.7,141.0,72.7,51.7,0.0,1,0.0,1,1,0,Major Studio,Comedy,0,0,0,108.28
Precious,2009,11,November,10.0,47.54,29.46,19.8,40.0,0,0.0,0,0,0,Mid-size Studio,Other,0,0,0,115.92
Act of Valor,2012,2,February,12.0,81.27,41.64,42.2,15.0,1,0.0,0,0,0,Mid-size Studio,Action,1,0,0,51.75
The Constant Gardener,2005,8,August,25.0,82.47,52.65,57.3,25.0,1,0.0,1,0,0,Mid-size Studio,Other,0,0,0,25.24
The Art of Getting By,2011,6,June,,1.41,3.38,15.9,25.0,0,,0,0,0,Mid-size Studio,Other,0,0,0,51.75
Ri¢hie Ri¢h,1994,12,December,40.0,,110.15,54.3,0.0,0,,1,1,0,Major Studio,Comedy,0,0,0,37.51
The Big Wedding,2013,4,April,35.0,21.82,34.4,26.1,0.0,0,1.0,0,0,0,Mid-size Studio,Comedy,0,0,0,51.75
War,2007,8,August,25.0,40.45,32.57,29.0,0.0,0,0.0,0,0,0,Mid-size Studio,Action,0,0,0,51.75
Star Trek VI: The Undiscovered Country,1991,12,December,27.0,96.9,102.68,86.1,0.0,1,0.0,1,1,0,Major Studio,Action,0,0,0,96.8
Morning Glory,2010,1,January,40.0,58.79,51.02,80.8,45.0,1,0.0,1,1,0,Major Studio,Comedy,0,0,0,229.41
Dr. Dolittle 2,2001,6,June,70.0,176.1,140.92,88.9,0.0,1,0.0,1,1,0,Major Studio,Comedy,0,0,0,135.85
Something's Gotta Give,2003,12,December,80.0,266.73,154.25,91.3,25.0,1,0.0,1,1,0,Major Studio,Comedy,0,0,0,245.49
National Lampoon's Vacation,1983,7,July,15.0,61.4,57.16,55.7,15.0,1,0.0,1,1,0,Major Studio,Comedy,1,0,0,82.56
An Education,2009,10,October,7.5,26.1,21.76,8.4,25.0,0,0.0,0,0,0,Mid-size Studio,Other,0,0,0,59.39
Astro Boy,2009,10,October,65.0,44.09,67.76,55.1,0.0,0,1.0,1,0,0,Mid-size Studio,Action,0,1,0,71.33
Lady in the Water,2006,7,July,75.0,42.29,89.69,66.0,25.0,0,1.0,1,1,0,Major Studio,Other,1,0,0,301.26
The Blue Lagoon,1980,7,July,4.5,58.85,63.46,73.4,25.0,1,0.0,1,0,0,Mid-size Studio,Other,0,0,0,108.3
Pet Sematary,1989,4,April,11.5,57.47,51.84,54.6,40.0,1,0.0,1,1,0,Major Studio,Other,0,0,0,5.22
"You, Me and Dupree",2006,7,July,54.0,130.43,118.46,84.3,0.0,1,0.0,1,1,0,Major Studio,Comedy,0,0,0,934.04
Monster-in-Law,2005,5,May,43.0,154.75,104.05,88.7,0.0,1,0.0,1,1,0,Major Studio,Comedy,0,0,0,106.41
Volver,2006,3,March,12.9,85.58,87.03,61.9,40.0,1,0.0,1,0,0,Mid-size Studio,Comedy,0,0,0,51.75
My Week with Marilyn,2011,10,October,6.4,35.06,13.97,8.5,25.0,0,0.0,0,0,0,Mid-size Studio,Other,0,0,0,61.62
Eden Lake,2008,9,September,,3.98,11.63,15.0,20.0,0,,0,0,0,Mid-size Studio,Other,0,0,0,127.73
Jaws 2,1978,6,June,20.0,187.88,132.28,90.4,15.0,1,0.0,1,1,0,Major Studio,Other,0,0,0,51.75
Flatliners,1990,8,August,26.0,61.49,62.64,79.7,25.0,1,0.0,1,0,0,Mid-size Studio,Other,0,0,0,114.63
Survivor,2015,5,May,20.0,,28.82,16.3,15.0,0,,0,0,0,Mid-size Studio,Other,0,0,0,60.46
Just Married,2003,1,January,18.0,101.56,84.11,84.5,35.0,1,0.0,1,1,0,Major Studio,Comedy,0,0,0,235.22
Beasts of the Southern Wild,2012,6,June,1.8,21.11,7.75,5.1,25.0,0,0.0,0,0,0,Mid-size Studio,Other,0,0,0,51.75
Space Cowboys,2000,7,July,65.0,128.88,122.19,84.8,0.0,1,0.0,1,1,0,Major Studio,Action,0,0,0,125.43
The Texas Chainsaw Massacre: The Beginning,2006,10,October,16.0,,62.68,36.1,15.0,0,,0,1,0,Major Studio,Other,0,0,0,301.0
Amour,2012,7,July,8.9,19.84,23.91,9.8,40.0,0,0.0,0,0,0,Mid-size Studio,Other,0,0,0,7.94
Along Came a Spider,2001,4,April,60.0,105.18,99.01,89.5,0.0,1,0.0,1,1,0,Major Studio,Action,0,0,0,138.02
Ever After: A Cinderella Story,1998,7,July,26.0,65.71,100.27,82.7,25.0,1,0.0,1,1,0,Major Studio,Comedy,0,0,0,198.99
Headhunters,2011,8,August,,15.7,14.06,16.7,0.0,0,,0,0,0,Mid-size Studio,Other,0,0,0,233.56
Failure to Launch,2006,3,March,50.0,88.72,86.56,83.4,0.0,1,0.0,1,1,0,Major Studio,Comedy,0,0,0,70.35
Hackers,1995,9,September,20.0,7.56,28.66,25.8,60.0,0,1.0,0,0,0,Mid-size Studio,Action,0,0,0,66.59
Clerks II,2006,5,May,5.0,26.89,20.07,8.2,0.0,0,0.0,0,0,0,Mid-size Studio,Comedy,1,0,0,21.85
Fahrenheit 9/11,2004,6,June,6.0,119.11,67.92,50.2,0.0,1,0.0,1,0,0,Mid-size Studio,Other,0,0,0,21.06
The Hurricane,1999,9,September,50.0,73.96,83.6,66.5,45.0,1,0.0,1,1,0,Major Studio,Other,0,0,0,41.65
Born on the Fourth of July,1989,12,December,14.0,161.0,111.07,79.6,40.0,1,0.0,1,1,0,Major Studio,Other,0,0,0,93.09
Awake,2007,11,November,86.0,14.37,39.73,45.4,0.0,0,1.0,0,0,0,Mid-size Studio,Other,0,0,0,51.75
G.I. Jane,1997,8,August,50.0,48.17,89.35,58.9,25.0,0,1.0,1,0,0,Mid-size Studio,Action,0,0,0,209.43
Lolita,1962,6,June,2.0,9.25,15.46,20.0,25.0,0,0.0,0,0,0,Mid-size Studio,Other,0,0,0,60.85
Agora,2009,5,May,70.0,39.04,66.31,57.0,25.0,0,1.0,1,0,0,Mid-size Studio,Other,0,0,0,28.1
Sweet Home Alabama,2002,9,September,30.0,180.62,69.6,62.8,20.0,1,0.0,1,0,0,Mid-size Studio,Comedy,0,0,0,170.26
Takers,2010,8,August,32.0,69.06,27.63,40.1,25.0,1,0.0,0,0,0,Mid-size Studio,Action,0,0,0,47.24
The Kite Runner,2007,10,October,20.0,73.28,36.17,41.8,40.0,1,0.0,0,0,0,Mid-size Studio,Other,0,0,0,222.64
Wanderlust,2012,2,February,35.0,24.16,55.31,37.9,0.0,0,1.0,0,0,0,Mid-size Studio,Comedy,1,0,0,92.38
Made of Honor,2008,5,May,40.0,84.6,69.6,75.6,0.0,1,0.0,1,1,0,Major Studio,Comedy,0,0,0,51.75
The Manchurian Candidate,2004,7,July,80.0,96.11,109.81,85.0,25.0,1,0.0,1,1,0,Major Studio,Other,0,0,0,239.71
Mona Lisa Smile,2003,12,December,65.0,,100.01,67.4,25.0,0,,1,1,0,Major Studio,Other,0,0,0,254.7
The Gunman,2015,2,February,40.0,13.64,16.94,26.1,25.0,0,1.0,0,0,0,Mid-size Studio,Action,0,0,0,96.41
Mallrats,1995,10,October,6.0,2.12,8.78,16.3,0.0,0,1.0,0,0,0,Mid-size Studio,Comedy,1,0,0,24.32
Left Behind,2014,10,October,16.0,19.68,25.32,20.1,15.0,0,0.0,0,0,0,Mid-size Studio,Action,0,0,0,51.75
The Interpreter,2005,4,April,80.0,162.94,88.81,89.7,0.0,1,0.0,1,1,0,Major Studio,Other,0,0,0,162.64
Florence Foster Jenkins,2016,5,May,29.0,48.9,32.41,11.1,25.0,0,0.0,0,0,0,Mid-size Studio,Comedy,0,0,0,47.07
Star Trek: Insurrection,1998,12,December,70.0,118.0,89.35,81.2,0.0,1,0.0,1,1,0,Major Studio,Action,0,0,0,72.36
Intolerable Cruelty,2003,9,September,60.0,119.94,90.01,81.7,20.0,1,0.0,1,1,0,Major Studio,Comedy,0,0,0,104.21
Dream House,2011,9,September,50.0,38.5,45.08,23.5,45.0,0,1.0,0,0,0,Mid-size Studio,Other,0,0,0,44.88
Fruitvale Station,2013,7,July,,17.39,11.87,15.5,25.0,0,,0,0,0,Mid-size Studio,Other,0,0,0,173.57
Scrooged,1988,11,November,,60.33,64.21,73.1,25.0,1,,1,1,0,Major Studio,Comedy,1,0,0,124.38
Funny People,2009,7,July,75.0,61.46,69.78,82.9,25.0,1,1.0,1,1,0,Major Studio,Comedy,0,0,0,139.35
West Side Story,1961,10,October,6.0,43.66,43.71,52.7,25.0,0,0.0,1,0,0,Mid-size Studio,Other,0,0,0,145.86
Home on the Range,2004,4,April,110.0,103.95,106.87,76.4,0.0,1,1.0,1,1,0,Major Studio,Animation,0,0,0,51.75
The Ridiculous 6,2015,12,December,60.0,,45.15,47.4,25.0,0,,0,0,0,Mid-size Studio,Comedy,0,0,0,146.67
One for the Money,2012,1,January,40.0,36.89,37.63,18.5,20.0,0,1.0,0,0,0,Mid-size Studio,Action,0,0,0,51.75
Lost in Space,1998,4,April,80.0,136.16,96.07,87.3,0.0,1,0.0,1,1,0,Major Studio,Other,0,0,0,48.37
Enter the Void,2009,5,May,13.0,0.75,18.92,20.3,40.0,0,1.0,0,0,0,Mid-size Studio,Other,0,0,0,0.0
Assassins,1995,10,October,50.0,30.3,68.31,55.3,0.0,0,1.0,1,1,0,Major Studio,Action,0,0,0,127.39
Blindness,2008,5,May,25.0,19.84,20.96,20.0,25.0,0,1.0,0,0,0,Mid-size Studio,Other,0,0,0,56.55
The Odd Life of Timothy Green,2012,8,August,,51.85,33.56,51.6,25.0,1,,1,1,0,Major Studio,Comedy,0,0,0,51.75
Clear and Present Danger,1994,8,August,62.0,215.89,110.36,86.4,25.0,1,0.0,1,1,0,Major Studio,Action,0,0,0,119.98
The Sisterhood of the Traveling Pants,2005,6,June,25.0,39.05,61.37,36.4,25.0,0,0.0,0,0,0,Mid-size Studio,Comedy,0,0,0,90.43
Centurion,2010,2,February,12.0,6.81,45.36,26.4,40.0,0,1.0,0,1,0,Major Studio,Action,0,0,0,22.21
Rock of Ages,2012,6,June,75.0,59.42,84.29,90.6,25.0,1,1.0,1,1,0,Major Studio,Comedy,0,0,0,116.31
The Bridges of Madison County,1995,5,May,24.0,182.02,98.3,60.0,25.0,1,0.0,1,1,0,Major Studio,Other,0,0,0,122.63
Capote,2005,9,September,7.0,49.08,32.02,16.4,45.0,0,0.0,0,0,0,Mid-size Studio,Other,0,0,0,110.21
My Cousin Vinny,1992,3,March,11.0,64.09,76.55,61.1,40.0,1,0.0,1,1,0,Major Studio,Comedy,0,0,0,54.91
Little Shop of Horrors,1986,12,December,25.0,38.75,53.78,28.7,0.0,0,0.0,0,0,0,Mid-size Studio,Comedy,0,0,0,57.69
Frida,2002,8,August,12.0,56.3,46.78,56.5,40.0,1,0.0,1,0,0,Mid-size Studio,Other,0,0,0,0.35
While We're Young,2015,4,April,10.0,7.59,14.76,21.0,40.0,0,1.0,0,0,0,Mid-size Studio,Comedy,0,0,0,7.58
Holes,2003,4,April,20.0,,74.83,57.5,40.0,0,,1,1,0,Major Studio,Comedy,0,0,0,78.38
Conan the Destroyer,1984,6,June,18.0,100.0,85.47,75.5,15.0,1,0.0,1,0,0,Mid-size Studio,Action,0,0,0,21.57
Glory,1989,12,December,18.0,26.83,63.88,39.7,15.0,0,0.0,0,0,0,Mid-size Studio,Other,0,0,0,184.77
Cop Land,1997,8,August,15.0,44.86,36.56,33.3,40.0,0,0.0,0,0,0,Mid-size Studio,Action,0,0,0,204.82
Grave Encounters,2011,9,September,1.0,,2.56,5.6,20.0,0,,0,0,0,Mid-size Studio,Other,0,0,0,51.75
Like Crazy,2011,10,October,0.25,3.54,2.22,5.4,25.0,0,0.0,0,0,0,Mid-size Studio,Other,0,0,0,51.75
Network,1976,11,November,3.8,23.69,28.57,9.3,25.0,0,0.0,0,0,0,Mid-size Studio,Other,0,0,0,19.67
Premonition,2007,2,February,20.0,84.15,37.98,56.4,40.0,1,0.0,1,0,0,Mid-size Studio,Other,0,0,0,51.75
Land of the Lost,2009,6,June,100.0,68.69,83.16,88.5,0.0,1,1.0,1,1,0,Major Studio,Comedy,1,0,0,165.54
Land of the Dead,2005,6,June,15.0,46.77,28.3,14.4,15.0,0,0.0,0,1,0,Major Studio,Other,0,0,0,22.6
Walking Tall,2004,4,April,56.0,57.22,55.4,49.6,25.0,1,0.0,0,0,0,Mid-size Studio,Action,0,0,0,25.48
Little White Lies,2010,10,October,25.0,48.53,40.82,10.7,25.0,0,0.0,0,0,0,Mid-size Studio,Comedy,0,0,0,2.42
The Craft,1996,5,May,15.0,24.77,35.26,30.6,40.0,0,0.0,0,1,0,Major Studio,Other,0,0,0,27.5
Analyze That,2002,12,December,60.0,55.0,87.93,83.1,0.0,1,1.0,1,1,0,Major Studio,Comedy,0,0,0,83.63
Nick and Norah's Infinite Playlist,2008,10,October,9.0,32.97,25.93,15.0,15.0,0,0.0,0,1,0,Major Studio,Comedy,0,0,0,1.69
Superhero Movie,2008,3,March,35.0,25.87,27.21,24.9,0.0,0,1.0,0,0,0,Mid-size Studio,Action,1,1,0,51.75
Ip Man 3,2015,12,December,36.0,156.84,78.84,39.5,25.0,1,0.0,0,0,0,Mid-size Studio,Action,0,0,0,51.75
The Words,2012,9,September,6.0,13.23,6.23,5.2,45.0,0,0.0,0,0,0,Mid-size Studio,Other,0,0,0,51.75
The 33,2015,8,August,25.0,24.9,20.27,17.3,25.0,0,1.0,0,0,0,Mid-size Studio,Other,0,0,0,50.16
Daylight,1996,12,December,80.0,159.21,117.81,85.8,0.0,1,0.0,1,1,0,Major Studio,Action,0,0,0,149.48
The Thirteenth Floor,1999,4,April,16.0,18.56,10.62,17.7,15.0,0,0.0,0,1,0,Major Studio,Other,0,0,0,51.75
Dancer in the Dark,2000,5,May,12.8,40.03,26.95,17.2,40.0,0,0.0,0,0,0,Mid-size Studio,Other,0,0,0,11.25
"Legally Blonde 2: Red, White & Blonde",2003,7,July,45.0,124.91,67.26,60.5,0.0,1,0.0,1,0,0,Mid-size Studio,Comedy,0,0,0,10.01
Girl with a Pearl Earring,2003,8,August,,31.47,35.52,23.9,25.0,0,,0,0,0,Mid-size Studio,Other,0,0,0,82.17
Volcano,1997,4,April,90.0,,92.37,64.5,25.0,0,,1,1,0,Major Studio,Action,0,0,0,411.01
Star Trek V: The Final Frontier,1989,6,June,30.0,70.2,80.67,82.2,0.0,1,0.0,1,1,0,Major Studio,Action,0,0,0,51.75
Red Lights,2012,3,March,14.0,13.55,8.19,12.5,15.0,0,1.0,0,0,0,Mid-size Studio,Other,0,0,0,19.15
Secretary,2002,1,January,4.0,9.3,11.06,11.3,45.0,0,0.0,0,0,0,Mid-size Studio,Comedy,0,0,0,2.28
Righteous Kill,2008,9,September,60.0,73.17,46.38,40.5,45.0,1,0.0,0,0,0,Mid-size Studio,Action,0,0,0,16.93
Witness,1985,2,February,12.0,68.71,87.79,75.1,40.0,1,0.0,1,1,0,Major Studio,Other,0,0,0,237.33
Alive,1993,1,January,32.0,36.73,68.14,51.0,45.0,0,0.0,1,1,0,Major Studio,Action,0,0,0,108.56
The Pirates! In an Adventure with Scientists!,2012,3,March,60.0,118.34,99.34,80.3,0.0,1,0.0,1,1,0,Major Studio,Animation,1,0,0,51.75
I Still Know What You Did Last Summer,1998,11,November,65.0,40.0,69.99,51.1,0.0,0,1.0,1,1,0,Major Studio,Other,0,0,0,27.61
Happy Feet Two,2011,11,November,130.0,150.41,152.91,90.2,0.0,1,0.0,1,1,0,Major Studio,Animation,1,0,0,165.53
Escape from L.A.,1996,8,August,50.0,42.28,29.06,22.3,0.0,0,1.0,0,1,0,Major Studio,Action,0,0,0,26.7
A Thousand Words,2012,3,March,40.0,22.04,45.11,36.1,25.0,0,1.0,0,1,0,Major Studio,Comedy,0,0,0,41.09
Sinbad: Legend of the Seven Seas,2003,7,July,60.0,26.29,68.64,46.6,0.0,0,1.0,0,1,0,Major Studio,Animation,0,0,0,368.87
The Conversation,1974,4,April,1.6,4.42,16.02,15.8,25.0,0,0.0,0,1,0,Major Studio,Other,0,0,0,97.96
The Guard,2011,7,July,6.0,19.56,2.4,5.9,0.0,0,0.0,0,0,0,Mid-size Studio,Action,0,0,0,51.75
Ninja Assassin,2009,9,September,40.0,60.46,40.77,53.6,20.0,1,0.0,1,1,0,Major Studio,Action,0,0,0,81.08
The Pelican Brief,1993,12,December,45.0,195.27,138.24,80.6,25.0,1,0.0,1,1,0,Major Studio,Other,0,0,0,140.81
Meet Dave,2008,7,July,60.0,50.65,89.07,77.6,0.0,0,1.0,1,1,0,Major Studio,Comedy,1,0,0,33.94
Big Momma's House 2,2006,1,January,40.0,138.26,61.3,76.6,20.0,1,0.0,1,1,0,Major Studio,Comedy,0,0,0,65.42
Malcolm X,1992,11,November,34.0,48.17,71.97,41.1,25.0,0,0.0,0,1,0,Major Studio,Other,0,0,0,36.56
Spanglish,2004,12,December,80.0,55.04,84.26,81.2,0.0,1,1.0,1,0,0,Mid-size Studio,Comedy,0,0,0,181.42
The Haunting,1999,7,July,80.0,91.19,85.38,87.1,0.0,1,0.0,1,0,0,Mid-size Studio,Other,0,0,0,291.48
Mission to Mars,2000,3,March,90.0,60.87,62.2,84.2,0.0,1,1.0,1,0,0,Mid-size Studio,Other,0,0,0,78.21
You Again,2010,9,September,20.0,32.01,33.37,19.5,35.0,0,0.0,0,0,0,Mid-size Studio,Comedy,1,0,0,103.09
Mercury Rising,1998,4,April,60.0,,90.41,87.5,25.0,0,,1,1,0,Major Studio,Action,0,0,0,82.56
The International,2009,2,February,50.0,60.16,51.38,73.4,25.0,1,0.0,1,0,0,Mid-size Studio,Other,1,0,0,68.14
Slow West,2015,4,April,,0.23,0.71,9.0,25.0,0,,0,0,0,Mid-size Studio,Other,0,0,0,51.75
The Messenger: The Story of Joan of Arc,1999,10,October,60.0,66.98,85.44,79.2,25.0,1,0.0,1,1,0,Major Studio,Action,0,0,0,124.7
United 93,2006,4,April,15.0,76.29,27.0,17.9,40.0,1,0.0,0,1,0,Major Studio,Action,0,0,0,222.91
Tusk,2014,9,September,2.8,1.83,2.24,12.8,20.0,0,1.0,0,0,0,Mid-size Studio,Comedy,0,0,0,24.35
The Ant Bully,2006,7,July,50.0,55.18,101.92,78.9,0.0,1,0.0,1,1,0,Major Studio,Animation,0,0,0,80.94
The Iceman,2012,9,September,20.0,1.97,6.46,8.0,60.0,0,1.0,0,0,0,Mid-size Studio,Other,0,0,0,14.71
Our Idiot Brother,2011,8,August,10.0,17.27,11.78,20.1,40.0,0,0.0,0,0,0,Mid-size Studio,Comedy,1,0,0,0.04
The Unborn,2009,1,January,16.0,76.51,49.53,49.9,35.0,1,0.0,0,0,0,Mid-size Studio,Other,0,0,0,128.91
Caddyshack,1980,7,July,6.0,39.85,52.76,23.2,0.0,0,0.0,0,1,0,Major Studio,Comedy,0,0,0,86.16
Aquamarine,2006,3,March,12.0,23.01,40.37,41.4,15.0,0,0.0,0,0,0,Mid-size Studio,Comedy,0,0,0,51.75
The Fifth Estate,2013,10,October,28.0,8.56,23.46,18.0,25.0,0,1.0,0,0,0,Mid-size Studio,Other,0,0,0,330.13
Young Adult,2011,12,December,12.0,22.94,38.22,25.8,40.0,0,0.0,0,1,0,Major Studio,Comedy,0,0,0,110.04
Boyz n the Hood,1991,7,July,6.5,57.5,33.82,38.1,25.0,1,0.0,0,0,0,Mid-size Studio,Other,0,0,0,95.82
Bloodsport,1988,2,February,1.5,11.81,9.7,7.3,0.0,0,0.0,0,0,0,Mid-size Studio,Action,0,0,0,51.75
This Is England,2006,9,September,2.38,8.18,1.51,3.3,45.0,0,0.0,0,0,0,Mid-size Studio,Other,0,0,0,51.75
Doomsday,2008,3,March,30.0,22.21,12.67,9.6,0.0,0,1.0,0,0,0,Mid-size Studio,Action,0,0,0,6.81
Street Kings,2008,4,April,20.0,65.57,24.84,24.9,40.0,1,0.0,0,0,0,Mid-size Studio,Action,0,0,0,205.68
The Full Monty,1997,8,August,3.5,257.85,20.97,8.5,0.0,1,0.0,0,1,0,Major Studio,Comedy,0,0,0,4.45
Super Troopers,2001,1,January,3.0,18.49,18.86,8.1,20.0,0,0.0,0,0,0,Mid-size Studio,Comedy,1,0,0,45.0
About Schmidt,2002,12,December,30.0,105.83,74.71,79.9,25.0,1,0.0,1,1,0,Major Studio,Comedy,0,0,0,101.47
Beneath the Planet of the Apes,1970,5,May,3.0,19.0,11.86,8.4,0.0,0,0.0,0,1,0,Major Studio,Other,0,0,0,6.8
A Nightmare on Elm Street Part 2: Freddy's Revenge,1985,10,October,3.0,30.0,31.3,22.0,0.0,0,0.0,0,1,0,Major Studio,Other,0,0,0,51.75
The Gallows,2015,7,July,0.1,42.66,30.89,13.7,0.0,0,0.0,0,1,0,Major Studio,Other,0,0,0,51.75
It's Complicated,2009,12,December,85.0,219.1,108.61,84.3,0.0,1,0.0,1,1,0,Major Studio,Comedy,0,0,0,257.39
Leaving Las Vegas,1995,10,October,3.6,49.8,26.98,14.9,25.0,0,0.0,0,0,0,Mid-size Studio,Other,0,0,0,51.75
Meet the Spartans,2008,1,January,30.0,84.65,55.96,48.1,20.0,1,0.0,0,0,0,Mid-size Studio,Comedy,1,0,0,57.52
Nacho Libre,2006,6,June,32.0,80.2,82.99,82.5,0.0,1,0.0,1,1,0,Major Studio,Comedy,0,0,0,46.12
Larry Crowne,2011,6,June,30.0,36.16,50.21,50.2,25.0,0,0.0,1,1,0,Major Studio,Comedy,0,0,0,34.59
The Invasion,2007,8,August,80.0,15.07,48.49,49.1,0.0,0,1.0,0,1,0,Major Studio,Other,0,0,0,92.18
March of the Penguins,2005,1,January,8.0,127.39,58.72,41.5,20.0,1,0.0,0,0,0,Mid-size Studio,Other,0,0,0,51.75
The Man with the Iron Fists,2012,11,November,15.0,15.61,23.87,18.9,15.0,0,0.0,0,0,0,Mid-size Studio,Action,1,0,0,51.75
Whip It,2009,9,September,15.0,16.63,18.56,13.0,60.0,0,0.0,0,0,0,Mid-size Studio,Other,1,0,0,51.75
On the Waterfront,1954,6,June,0.91,9.6,9.61,7.8,25.0,0,0.0,0,1,0,Major Studio,Other,0,0,0,7.9
A Good Year,2006,9,September,35.0,42.06,50.05,35.2,45.0,0,0.0,0,0,0,Mid-size Studio,Comedy,0,0,0,209.83
Freedom Writers,2007,1,January,21.0,41.17,27.8,15.3,60.0,0,0.0,0,0,0,Mid-size Studio,Other,0,0,0,76.6
Sympathy for Lady Vengeance,2005,7,July,,23.8,18.24,13.0,25.0,0,,0,0,0,Mid-size Studio,Other,0,0,0,13.53
Space Pirate Captain Harlock,2013,9,September,30.0,17.14,26.87,13.8,20.0,0,1.0,0,0,0,Mid-size Studio,Animation,0,0,0,51.75
Apollo 18,2011,7,July,5.0,25.56,10.25,13.0,0.0,0,0.0,0,0,0,Mid-size Studio,Other,0,0,0,51.75
Drinking Buddies,2013,8,August,,0.34,2.03,7.6,25.0,0,,0,0,0,Mid-size Studio,Other,0,0,0,51.75
Kill the Messenger,2014,10,October,5.0,2.45,3.79,7.8,25.0,0,1.0,0,0,0,Mid-size Studio,Other,0,0,0,1.67
The Last Emperor,1987,10,October,23.0,43.98,50.95,31.3,40.0,0,0.0,0,1,0,Major Studio,Other,0,0,0,51.75
Diary of a Wimpy Kid,2010,3,March,15.0,75.7,54.66,60.5,15.0,1,0.0,1,0,0,Mid-size Studio,Comedy,1,0,0,123.81
Sliding Doors,1998,4,April,6.0,58.0,41.3,54.4,25.0,1,0.0,1,1,0,Major Studio,Comedy,0,0,0,69.6
A League of Their Own,1992,7,July,40.0,107.46,103.72,77.0,0.0,1,0.0,1,0,0,Mid-size Studio,Comedy,0,0,0,70.58
Speed Racer,2008,5,May,120.0,93.95,82.32,83.1,0.0,1,1.0,1,1,0,Major Studio,Action,1,0,0,363.62
A Nightmare on Elm Street 3: Dream Warriors,1987,2,February,5.0,44.79,46.0,24.2,0.0,0,0.0,0,1,0,Major Studio,Other,0,0,0,253.07
Hot Tub Time Machine 2,2015,2,February,14.0,12.31,26.26,24.2,15.0,0,1.0,0,1,0,Major Studio,Comedy,1,0,0,56.79
The Net,1995,7,July,22.0,110.63,74.8,71.9,40.0,1,0.0,1,1,0,Major Studio,Action,0,0,0,51.75
Days of Thunder,1990,6,June,60.0,157.92,108.22,88.0,0.0,1,0.0,1,1,0,Major Studio,Other,0,0,0,155.45
Boys Don't Cry,1999,9,September,2.0,11.54,6.08,7.0,45.0,0,0.0,0,0,0,Mid-size Studio,Other,0,0,0,46.8
Save the Last Dance,2001,1,January,13.0,91.04,44.15,63.8,60.0,1,0.0,1,0,0,Mid-size Studio,Other,0,0,0,53.4
The Siege,1998,11,November,70.0,116.67,93.32,86.1,25.0,1,0.0,1,1,0,Major Studio,Action,0,0,0,169.8
Blue Streak,1999,9,September,65.0,117.76,83.53,81.8,20.0,1,0.0,1,1,0,Major Studio,Action,0,0,0,53.59
Sense and Sensibility,1995,12,December,16.5,135.0,76.92,72.8,40.0,1,0.0,1,0,0,Mid-size Studio,Other,0,0,0,209.1
Cats & Dogs,2001,7,July,60.0,93.38,89.63,78.8,0.0,1,0.0,1,1,0,Major Studio,Comedy,0,0,0,51.75
My Fair Lady,1964,10,October,17.0,72.07,81.98,65.8,40.0,1,0.0,1,1,0,Major Studio,Other,0,0,0,51.75
A Perfect Getaway,2009,6,June,14.0,22.85,30.36,20.0,15.0,0,0.0,0,0,0,Mid-size Studio,Other,0,0,0,89.1
The Hills Have Eyes 2,2007,3,March,15.0,,47.13,24.7,15.0,0,,0,0,0,Mid-size Studio,Other,0,0,0,51.75
Driving Miss Daisy,1989,12,December,7.5,145.79,79.24,56.7,25.0,1,0.0,1,0,0,Mid-size Studio,Comedy,0,0,0,99.28
Bride of Chucky,1998,10,October,25.0,50.67,59.93,43.8,0.0,0,0.0,0,1,0,Major Studio,Comedy,0,0,0,57.45
Whatever Works,2009,6,June,15.0,35.1,25.05,14.3,15.0,0,0.0,0,0,0,Mid-size Studio,Comedy,0,0,0,57.64
The Edge,1997,9,September,,43.31,30.13,34.3,45.0,0,,0,0,0,Mid-size Studio,Action,0,0,0,153.49
The Green Inferno,2014,9,September,5.0,6.83,9.1,15.8,20.0,0,0.0,0,0,0,Mid-size Studio,Action,0,0,0,58.1
Enough Said,2013,9,September,,25.29,7.41,6.9,45.0,0,,0,0,0,Mid-size Studio,Comedy,0,0,0,8.78
Harry Brown,2009,11,November,7.3,10.33,9.05,5.5,25.0,0,0.0,0,0,0,Mid-size Studio,Action,0,0,0,51.75
Cirque du Freak: The Vampire's Assistant,2009,10,October,40.0,28.17,57.97,44.2,0.0,0,1.0,0,1,0,Major Studio,Action,0,0,0,111.99
Beginners,2010,9,September,3.2,5.33,5.22,4.3,45.0,0,0.0,0,0,0,Mid-size Studio,Comedy,0,0,0,1.92
A Very Long Engagement,2004,10,October,47.0,,77.15,44.0,25.0,0,,0,1,0,Major Studio,Other,0,0,0,88.0
The Spy Next Door,2010,1,January,28.0,45.24,57.01,40.1,20.0,0,0.0,0,0,0,Mid-size Studio,Action,1,0,0,157.21
Kiss the Girls,1997,10,October,27.0,60.53,67.4,69.4,25.0,1,0.0,1,1,0,Major Studio,Other,0,0,0,38.35
Frances Ha,2013,5,May,,4.07,2.43,7.1,25.0,0,,0,0,0,Mid-size Studio,Comedy,0,0,0,9.34
TMNT,2007,3,March,34.0,95.61,83.87,68.9,0.0,1,0.0,1,1,0,Major Studio,Animation,0,1,0,4.63
Mean Streets,1973,10,October,0.5,3.0,6.63,17.4,25.0,0,0.0,0,0,0,Mid-size Studio,Other,0,0,0,122.1
Jackass: The Movie,2002,10,October,5.0,64.28,67.79,71.6,0.0,1,0.0,1,1,0,Major Studio,Comedy,0,0,0,113.94
A Christmas Story,1983,11,November,,19.29,32.36,22.9,0.0,0,,0,0,0,Mid-size Studio,Comedy,0,0,0,57.1
Stolen,2012,5,May,35.0,2.11,23.64,19.2,25.0,0,1.0,0,0,0,Mid-size Studio,Action,0,0,0,179.84
Soul Surfer,2011,4,April,18.0,47.09,13.55,7.9,40.0,0,0.0,0,0,0,Mid-size Studio,Action,1,0,0,14.87
The To Do List,2013,7,July,1.5,3.57,3.65,9.9,0.0,0,0.0,0,0,0,Mid-size Studio,Comedy,0,0,0,51.75
Sex Drive,2008,10,October,19.0,18.76,41.47,23.8,15.0,0,1.0,0,0,0,Mid-size Studio,Comedy,0,0,0,136.17
Windtalkers,2002,6,June,115.0,77.63,85.4,90.5,25.0,1,1.0,1,0,0,Mid-size Studio,Action,0,0,0,233.28
The Fisher King,1991,9,September,24.0,41.9,53.44,20.6,45.0,0,0.0,0,0,0,Mid-size Studio,Comedy,0,0,0,45.55
Don't Be Afraid of the Dark,2010,11,November,25.0,36.99,27.56,16.7,0.0,0,0.0,0,0,0,Mid-size Studio,Other,0,0,0,51.75
U-571,2000,4,April,62.0,127.67,97.22,86.7,25.0,1,0.0,1,1,0,Major Studio,Action,0,0,0,202.53
Quarantine,2008,10,October,12.0,40.86,25.05,29.7,15.0,0,0.0,0,0,0,Mid-size Studio,Other,0,0,0,42.7
The Thomas Crown Affair,1999,8,August,48.0,124.31,85.94,80.0,25.0,1,0.0,1,0,0,Mid-size Studio,Other,0,0,0,149.44
Sanctum,2011,2,February,30.0,108.61,50.67,54.0,0.0,1,0.0,1,1,0,Major Studio,Action,0,0,0,51.75
Thirteen,2003,8,August,2.0,4.6,7.23,9.3,25.0,0,0.0,0,0,0,Mid-size Studio,Other,0,0,0,165.06
The Color Purple,1985,12,December,15.0,146.29,91.05,58.6,40.0,1,0.0,1,1,0,Major Studio,Other,0,0,0,346.2
Never Say Never Again,1983,10,October,36.0,160.0,113.44,79.8,0.0,1,0.0,1,0,0,Mid-size Studio,Action,0,0,0,538.4
Son of the Mask,2005,2,February,84.0,,52.5,47.0,0.0,0,,0,1,0,Major Studio,Comedy,0,0,0,93.38
The Queen,2006,9,September,15.0,123.38,39.37,20.5,60.0,1,0.0,0,0,0,Mid-size Studio,Other,0,0,0,36.43
Joe,2014,4,April,4.0,2.37,4.87,7.8,25.0,0,1.0,0,0,0,Mid-size Studio,Other,0,0,0,34.02
Practical Magic,1998,10,October,75.0,46.68,63.41,56.0,25.0,0,1.0,1,1,0,Major Studio,Comedy,0,0,0,32.44
Charlie Wilson's War,2007,12,December,75.0,119.0,75.54,80.6,25.0,1,0.0,1,1,0,Major Studio,Comedy,0,0,0,70.21
Dead Man Walking,1995,12,December,11.0,39.36,50.69,30.9,40.0,0,0.0,0,0,0,Mid-size Studio,Other,0,0,0,51.75
Secret in Their Eyes,2015,10,October,19.5,34.85,12.18,6.5,40.0,0,0.0,0,0,0,Mid-size Studio,Other,0,0,0,2.94
Rescue Dawn,2006,9,September,10.0,7.18,16.69,17.1,60.0,0,1.0,0,0,0,Mid-size Studio,Other,0,0,0,10.59
Rebecca,1940,4,April,1.29,6.0,4.59,6.4,25.0,0,0.0,0,0,0,Mid-size Studio,Other,0,0,0,12.21
Spawn,1997,7,July,40.0,87.84,51.98,62.8,0.0,1,0.0,1,1,0,Major Studio,Action,0,1,0,51.75
The Stepford Wives,2004,6,June,90.0,102.0,60.08,70.8,0.0,1,0.0,1,1,0,Major Studio,Action,0,0,0,36.61
High Noon,1952,3,March,0.73,8.0,7.94,4.7,25.0,0,0.0,0,0,0,Mid-size Studio,Other,0,0,0,23.88
Elizabeth,1998,9,September,30.0,82.15,46.71,24.4,45.0,1,0.0,0,0,0,Mid-size Studio,Other,0,0,0,52.06
Reign Over Me,2007,3,March,20.0,22.22,38.72,33.3,40.0,0,0.0,0,1,0,Major Studio,Other,0,0,0,21.57
Frailty,2001,11,November,11.0,13.11,24.51,19.3,40.0,0,0.0,0,0,0,Mid-size Studio,Other,0,0,0,15.43
Bad Words,2013,9,September,9.5,7.8,8.94,6.7,35.0,0,1.0,0,0,0,Mid-size Studio,Comedy,0,0,0,51.75
Out of Sight,1998,6,June,48.0,77.75,107.54,82.6,0.0,1,0.0,1,1,0,Major Studio,Comedy,0,0,0,156.7
Mindhunters,2004,5,May,27.0,21.15,18.87,18.2,0.0,0,1.0,0,0,0,Mid-size Studio,Other,0,0,0,72.17
Bangkok Dangerous,2008,8,August,45.0,42.49,31.32,30.0,0.0,0,1.0,0,0,0,Mid-size Studio,Action,0,0,0,51.75
Nutty Professor II: The Klumps,2000,7,July,84.0,123.31,99.1,86.6,0.0,1,0.0,1,1,0,Major Studio,Comedy,1,0,0,142.71
Escape from Planet Earth,2013,2,February,40.0,74.6,52.43,37.2,0.0,1,0.0,0,0,0,Mid-size Studio,Animation,0,0,0,51.75
Six Days Seven Nights,1998,6,June,70.0,164.0,103.89,86.2,0.0,1,0.0,1,0,0,Mid-size Studio,Action,0,0,0,123.56
Dogtooth,2009,6,June,,0.11,2.02,7.5,25.0,0,,0,0,0,Mid-size Studio,Other,0,0,0,51.75
Four Christmases,2008,11,November,80.0,163.73,90.02,66.1,25.0,1,0.0,1,1,0,Major Studio,Comedy,0,0,0,145.48
Stealth,2005,7,July,135.0,76.93,71.12,81.6,0.0,1,1.0,1,0,0,Mid-size Studio,Action,1,0,0,159.77
Running Scared,2006,1,January,17.0,9.5,24.75,31.3,60.0,0,1.0,0,0,0,Mid-size Studio,Action,0,0,0,51.75
Fifty Shades of Black,2016,1,January,20.0,21.16,23.06,34.4,35.0,0,0.0,0,0,0,Mid-size Studio,Comedy,0,0,0,60.14
Hop,2011,3,March,63.0,183.95,106.8,81.3,0.0,1,0.0,1,1,0,Major Studio,Animation,1,0,0,134.16
The New World,2005,12,December,30.0,30.54,63.88,38.9,25.0,0,0.0,0,1,0,Major Studio,Other,0,0,0,76.4
Romeo Must Die,2000,3,March,25.0,91.04,64.79,60.0,0.0,1,0.0,1,1,0,Major Studio,Action,0,0,0,51.3
Nim's Island,2008,4,April,37.0,100.08,63.1,61.2,0.0,1,0.0,1,0,0,Mid-size Studio,Comedy,0,0,0,51.75
Stir of Echoes,1999,9,September,12.0,21.13,27.16,38.5,35.0,0,0.0,0,0,0,Mid-size Studio,Other,0,0,0,51.47
The Last Exorcism,2010,8,August,1.8,67.74,3.37,15.3,25.0,1,0.0,0,0,0,Mid-size Studio,Other,0,0,0,51.75
A Very Harold & Kumar Christmas,2011,11,November,19.0,35.39,33.53,14.5,15.0,0,0.0,0,1,0,Major Studio,Comedy,0,0,0,51.75
Snake Eyes,1998,8,August,73.0,103.89,83.95,87.0,0.0,1,0.0,1,1,0,Major Studio,Other,0,0,0,74.3
No Reservations,2007,7,July,28.0,92.6,64.14,75.8,0.0,1,0.0,1,1,0,Major Studio,Comedy,0,0,0,61.77
Elizabethtown,2005,10,October,57.0,52.03,81.57,84.5,25.0,1,1.0,1,1,0,Major Studio,Comedy,0,0,0,134.13
Epic Movie,2007,1,January,20.0,86.87,38.79,63.6,35.0,1,0.0,1,1,0,Major Studio,Action,0,0,0,56.96
The Bad Lieutenant: Port of Call - New Orleans,2009,9,September,25.0,10.59,17.59,6.8,45.0,0,1.0,0,0,0,Mid-size Studio,Other,0,0,0,7.18
The Sitter,2011,12,December,25.0,34.94,51.66,31.8,0.0,0,0.0,0,1,0,Major Studio,Comedy,1,0,0,27.51
Jersey Girl,2004,3,March,35.0,36.1,71.75,53.4,0.0,0,0.0,1,0,0,Mid-size Studio,Comedy,0,0,0,20.92
Street Fighter,1994,12,December,35.0,99.42,68.96,70.4,0.0,1,0.0,1,1,0,Major Studio,Action,0,0,0,51.75
Joy Ride,2001,10,October,23.0,36.64,30.71,23.1,40.0,0,0.0,0,1,0,Major Studio,Other,0,0,0,11.84
American Graffiti,1973,8,August,0.78,140.0,90.39,55.7,25.0,1,0.0,1,1,0,Major Studio,Comedy,0,0,0,799.78
Glengarry Glen Ross,1992,9,September,12.5,10.73,23.47,11.4,60.0,0,1.0,0,1,0,Major Studio,Other,0,0,0,15.16
Patton,1970,1,January,12.0,89.8,46.6,65.9,60.0,1,0.0,1,1,0,Major Studio,Other,0,0,0,0.44
Phenomenon,1996,7,July,32.0,152.04,99.07,80.2,25.0,1,0.0,1,0,0,Mid-size Studio,Other,0,0,0,184.34
We Own the Night,2007,5,May,21.0,54.93,39.26,30.5,40.0,1,0.0,0,1,0,Major Studio,Other,0,0,0,4.51
My Big Fat Greek Wedding 2,2016,3,March,18.0,88.92,57.87,55.2,15.0,1,0.0,1,1,0,Major Studio,Comedy,0,0,0,101.09
Fast Times at Ridgemont High,1982,8,August,4.5,27.09,39.96,15.9,0.0,0,0.0,0,1,0,Major Studio,Comedy,0,0,0,51.75
The Young Victoria,2009,3,March,35.0,27.41,49.86,24.1,25.0,0,1.0,0,0,0,Mid-size Studio,Other,0,0,0,53.85
Splash,1984,3,March,8.0,69.82,61.25,79.1,0.0,1,0.0,1,0,0,Mid-size Studio,Comedy,0,0,0,280.76
The Spirit,2008,12,December,60.0,39.03,63.18,40.7,0.0,0,1.0,0,1,0,Major Studio,Action,0,0,0,51.75
Unfinished Business,2015,3,March,35.0,14.43,25.42,16.0,0.0,0,1.0,0,0,0,Mid-size Studio,Comedy,0,0,0,51.16
Bernie,2012,4,April,5.0,9.21,6.36,6.9,25.0,0,0.0,0,0,0,Mid-size Studio,Comedy,1,0,0,33.59
Youth in Revolt,2009,9,September,18.0,,31.05,15.4,60.0,0,,0,0,0,Mid-size Studio,Comedy,1,0,0,16.86
Derailed,2005,11,November,22.0,57.48,46.19,26.5,40.0,1,0.0,0,0,0,Mid-size Studio,Other,0,0,0,104.55
Heist,2015,11,November,8.9,4.1,8.39,9.3,15.0,0,1.0,0,0,0,Mid-size Studio,Action,0,0,0,51.75
A Lot Like Love,2005,4,April,30.0,42.89,50.16,24.0,0.0,0,0.0,0,0,0,Mid-size Studio,Comedy,0,0,0,51.75
Timeline,2003,11,November,80.0,19.48,59.92,51.1,0.0,0,1.0,1,1,0,Major Studio,Action,0,0,0,128.47
Hidalgo,2004,3,March,100.0,108.1,53.29,85.8,25.0,1,0.0,1,0,0,Mid-size Studio,Other,0,0,0,369.68
Inspector Gadget,1999,7,July,75.0,,65.1,51.0,0.0,0,,1,1,0,Major Studio,Action,0,0,0,51.75
Superman IV: The Quest for Peace,1987,7,July,17.0,19.3,31.42,41.6,15.0,0,0.0,0,1,0,Major Studio,Action,0,1,0,51.75
Becoming Jane,2007,3,March,16.5,37.31,34.16,21.1,40.0,0,0.0,0,0,0,Mid-size Studio,Other,0,0,0,51.75
Slither,2006,3,March,15.5,,34.15,21.3,15.0,0,,0,1,0,Major Studio,Comedy,1,0,0,386.83
The Dukes of Hazzard,2005,8,August,50.0,110.8,64.03,73.6,0.0,1,0.0,1,1,0,Major Studio,Action,0,0,0,14.22
Red State,2011,8,August,4.0,1.1,3.08,11.1,0.0,0,1.0,0,0,0,Mid-size Studio,Action,1,0,0,24.42
Maniac,2012,12,December,6.0,0.03,9.72,13.5,0.0,0,1.0,0,0,0,Mid-size Studio,Other,0,0,0,51.75
Muppets Most Wanted,2014,3,March,50.0,80.38,49.38,65.9,0.0,1,0.0,1,0,0,Mid-size Studio,Comedy,0,0,0,232.28
Amistad,1997,12,December,36.0,74.0,38.75,60.6,25.0,1,0.0,1,0,0,Mid-size Studio,Other,0,0,0,348.98
Vampires Suck,2010,8,August,20.0,80.55,61.16,53.3,15.0,1,0.0,1,0,0,Mid-size Studio,Comedy,1,0,0,58.54
Friday the 13th Part 2,1981,5,May,1.25,21.72,30.29,15.1,0.0,0,0.0,0,1,0,Major Studio,Other,0,0,0,46.78
Y Tu Mamá También,2001,6,June,5.0,33.62,27.88,13.2,25.0,0,0.0,0,0,0,Mid-size Studio,Other,0,0,0,525.39
Open Water,2004,8,August,0.13,54.67,31.33,34.4,25.0,1,0.0,0,0,0,Mid-size Studio,Other,0,0,0,13.1
The Long Kiss Goodnight,1996,10,October,65.0,89.46,67.81,78.9,0.0,1,0.0,1,1,0,Major Studio,Action,0,0,0,67.29
The Specialist,1994,10,October,45.0,170.36,98.35,74.4,0.0,1,0.0,1,1,0,Major Studio,Action,0,0,0,136.89
Titan A.E.,2000,6,June,75.0,36.75,39.08,44.4,0.0,0,1.0,0,1,0,Major Studio,Action,0,0,0,139.8
102 Dalmatians,2000,10,October,85.0,183.61,101.67,70.3,0.0,1,0.0,1,1,0,Major Studio,Comedy,0,0,0,340.49
A Monster in Paris,2011,10,October,25.0,,39.92,14.2,0.0,0,,0,0,0,Mid-size Studio,Animation,0,0,0,51.75
88 Minutes,2007,2,February,30.0,16.93,31.64,26.0,0.0,0,1.0,0,0,0,Mid-size Studio,Other,0,0,0,73.17
"Big Mommas: Like Father, Like Son",2011,2,February,32.0,83.62,53.65,54.2,0.0,1,0.0,1,1,0,Major Studio,Action,1,0,0,92.75
Hot Rod,2007,8,August,,14.33,13.69,27.8,0.0,0,,0,1,0,Major Studio,Action,1,0,0,68.27
The Painted Veil,2006,12,December,19.4,,54.12,20.2,40.0,0,,0,0,0,Mid-size Studio,Other,0,0,0,9.48
Dead Snow,2009,1,January,0.8,1.98,4.32,19.5,20.0,0,0.0,0,0,0,Mid-size Studio,Comedy,0,0,0,224.8
Assault on Precinct 13,2005,1,January,30.0,35.29,42.92,29.7,20.0,0,0.0,0,0,0,Mid-size Studio,Other,0,0,0,51.75
The Dead Zone,1983,10,October,10.0,20.77,24.1,11.7,15.0,0,0.0,0,1,0,Major Studio,Other,0,0,0,29.66
First Knight,1995,7,July,55.0,127.6,128.52,85.1,25.0,1,0.0,1,0,0,Mid-size Studio,Action,0,0,0,224.65
The Fog,1980,2,February,1.0,21.38,19.88,8.4,0.0,0,0.0,0,0,0,Mid-size Studio,Other,0,0,0,29.32
Child's Play 2,1990,11,November,13.0,35.76,46.39,32.1,40.0,0,0.0,0,1,0,Major Studio,Other,0,0,0,51.75
Shaft,2000,6,June,46.0,107.2,73.32,77.9,0.0,1,0.0,1,1,0,Major Studio,Action,0,0,0,87.54
Timecrimes,2007,9,September,2.6,0.55,0.71,3.4,20.0,0,1.0,0,0,0,Mid-size Studio,Other,0,0,0,51.75
Deuce Bigalow: Male Gigolo,1999,12,December,17.0,65.54,52.22,69.3,15.0,1,0.0,1,0,0,Mid-size Studio,Comedy,0,0,0,393.89
Trust,2010,9,September,9.5,0.12,8.93,5.2,60.0,0,1.0,0,0,0,Mid-size Studio,Other,1,0,0,33.0
Bandidas,2006,1,January,35.0,10.5,19.6,27.2,45.0,0,1.0,0,0,0,Mid-size Studio,Action,0,0,0,51.75
House of 1000 Corpses,2003,4,April,7.0,16.83,35.91,21.7,0.0,0,0.0,0,1,0,Major Studio,Other,0,0,0,20.29
The Straight Story,1999,10,October,10.0,,37.9,8.4,40.0,0,,0,1,0,Major Studio,Other,0,0,0,23.06
The Mothman Prophecies,2002,1,January,32.0,55.16,56.34,62.1,45.0,1,0.0,1,0,0,Mid-size Studio,Other,0,0,0,22.73
The East,2013,5,May,6.5,2.4,5.25,6.9,25.0,0,1.0,0,0,0,Mid-size Studio,Other,0,0,0,51.75
Babe: Pig in the City,1998,11,November,90.0,69.13,91.73,75.9,25.0,1,1.0,1,0,0,Mid-size Studio,Comedy,0,0,0,179.07
RoboCop 3,1993,4,April,22.0,10.7,15.33,19.7,15.0,0,1.0,0,0,0,Mid-size Studio,Action,0,0,0,51.75
Admission,2013,3,March,13.0,18.0,23.66,37.7,40.0,0,0.0,0,0,0,Mid-size Studio,Comedy,0,0,0,115.38
Draft Day,2014,4,April,25.0,28.83,33.31,15.6,25.0,0,0.0,0,0,0,Mid-size Studio,Other,1,0,0,146.09
The Animal,2001,6,June,22.0,84.77,60.09,67.0,15.0,1,0.0,1,0,0,Mid-size Studio,Action,1,0,0,75.64
The Dilemma,2011,1,January,70.0,67.11,59.02,75.9,45.0,1,1.0,1,1,0,Major Studio,Comedy,0,0,0,281.03
The Golden Child,1986,12,December,25.0,79.82,86.7,74.2,0.0,1,0.0,1,1,0,Major Studio,Action,0,0,0,21.83
Crocodile Dundee II,1988,5,May,,239.61,83.0,77.6,0.0,1,,1,1,0,Major Studio,Comedy,1,0,0,51.75
Honey,2003,11,November,18.0,62.65,79.54,69.1,15.0,1,0.0,1,1,0,Major Studio,Other,0,0,0,36.35
Elizabeth: The Golden Age,2007,9,September,55.0,74.24,75.37,72.3,45.0,1,0.0,1,1,0,Major Studio,Other,0,0,0,56.02
The Saint,1997,4,April,68.0,118.06,92.57,84.1,0.0,1,0.0,1,1,0,Major Studio,Action,0,0,0,133.96
Finding Forrester,2000,12,December,43.0,80.05,77.38,69.0,25.0,1,0.0,1,0,0,Mid-size Studio,Other,0,0,0,77.49
Bandits,2001,10,October,75.0,67.63,73.68,84.7,0.0,1,1.0,1,0,0,Mid-size Studio,Action,0,0,0,130.2
Get Shorty,1995,10,October,30.25,115.1,71.62,64.0,0.0,1,0.0,1,0,0,Mid-size Studio,Comedy,0,0,0,346.22
Flashdance,1983,4,April,4.0,92.92,61.11,37.5,25.0,1,0.0,0,1,0,Major Studio,Other,0,0,0,148.67
On the Road,2012,5,May,25.0,8.78,10.27,20.8,25.0,0,1.0,0,0,0,Mid-size Studio,Other,0,0,0,15.53
The Informant!,2009,9,September,22.0,35.42,40.7,21.3,60.0,0,0.0,0,1,0,Major Studio,Comedy,0,0,0,159.96
Wish I Was Here,2014,1,January,5.5,5.48,7.32,8.3,45.0,0,1.0,0,0,0,Mid-size Studio,Comedy,0,0,0,26.78
Alex Cross,2012,10,October,45.0,30.35,33.91,25.0,0.0,0,1.0,0,0,0,Mid-size Studio,Action,0,0,0,165.59
Midnight Cowboy,1969,5,May,3.6,44.79,19.66,15.7,25.0,0,0.0,0,0,0,Mid-size Studio,Other,0,0,0,24.36
My Bloody Valentine,2009,1,January,15.0,100.73,52.67,50.9,35.0,1,0.0,1,0,0,Mid-size Studio,Other,1,0,0,30.97
Jeepers Creepers 2,2003,8,August,17.0,63.1,44.92,63.3,15.0,1,0.0,1,0,0,Mid-size Studio,Other,0,0,0,59.22
Changing Lanes,2002,4,April,45.0,94.94,84.57,75.5,0.0,1,0.0,1,1,0,Major Studio,Action,0,0,0,211.34
The Postman,1997,12,December,80.0,17.63,77.63,57.6,25.0,0,1.0,1,1,0,Major Studio,Other,0,0,0,246.25
Appaloosa,2008,9,September,20.0,20.21,22.16,12.6,60.0,0,0.0,0,1,0,Major Studio,Other,0,0,0,51.75
Labor Day,2013,12,December,18.0,20.28,20.14,15.0,40.0,0,0.0,0,0,0,Mid-size Studio,Other,0,0,0,110.7
Kiss of the Dragon,2001,7,July,25.0,64.44,60.85,53.8,0.0,1,0.0,1,1,0,Major Studio,Action,0,0,0,51.75
Jackass Number Two,2006,9,September,11.0,72.78,71.24,57.1,35.0,1,0.0,1,1,0,Major Studio,Action,0,0,0,111.11
Out of Time,2003,10,October,50.0,55.5,57.78,76.6,25.0,1,0.0,1,0,0,Mid-size Studio,Other,0,0,0,63.78
Death Sentence,2007,8,August,20.0,16.97,29.52,25.4,40.0,0,1.0,0,1,0,Major Studio,Action,0,0,0,469.07
Looney Tunes: Back in Action,2003,11,November,80.0,68.51,93.92,85.1,0.0,1,1.0,1,1,0,Major Studio,Animation,0,0,0,66.81
40 Days and 40 Nights,2002,3,March,17.0,,64.75,37.2,15.0,0,,0,1,0,Major Studio,Comedy,0,0,0,43.35
The Santa Clause 2,2002,10,October,65.0,172.86,98.49,76.1,0.0,1,0.0,1,1,0,Major Studio,Comedy,0,0,0,11.34
Shall We Dance?,2004,10,October,50.0,170.13,79.35,74.0,25.0,1,0.0,1,0,0,Mid-size Studio,Comedy,0,0,0,81.14
Ghosts of Mars,2001,8,August,28.0,14.01,31.87,31.0,0.0,0,1.0,0,0,0,Mid-size Studio,Action,0,0,0,30.24
Something Borrowed,2011,5,May,35.0,59.9,48.18,57.7,25.0,1,0.0,1,0,0,Mid-size Studio,Comedy,0,0,0,83.94
Risen,2016,2,February,20.0,46.07,42.18,21.8,15.0,0,0.0,0,1,0,Major Studio,Action,0,0,0,182.6
All About Steve,2009,9,September,15.0,40.11,26.87,20.2,35.0,0,0.0,0,0,0,Mid-size Studio,Comedy,1,0,0,51.75
Arbitrage,2012,9,September,12.0,35.49,13.63,7.8,60.0,0,0.0,0,0,0,Mid-size Studio,Other,0,0,0,51.75
Heavenly Creatures,1994,9,September,5.0,3.05,7.08,10.3,45.0,0,1.0,0,1,0,Major Studio,Other,0,0,0,811.95
Punisher: War Zone,2008,12,December,20.5,10.09,32.11,20.9,15.0,0,1.0,0,0,0,Mid-size Studio,Action,0,0,0,51.75
Wimbledon,2004,9,September,31.0,41.51,54.35,36.0,20.0,0,0.0,0,1,0,Major Studio,Comedy,0,0,0,82.8
Brooklyn's Finest,2009,1,January,17.0,29.54,27.1,28.4,60.0,0,0.0,0,0,0,Mid-size Studio,Other,0,0,0,107.21
The Skeleton Twins,2014,1,January,,5.28,3.57,11.8,45.0,0,,0,0,0,Mid-size Studio,Other,0,0,0,51.75
Lakeview Terrace,2008,9,September,20.0,27.64,16.38,13.5,60.0,0,0.0,0,0,0,Mid-size Studio,Other,0,0,0,51.75
Be Cool,2005,3,March,53.0,95.23,69.54,80.4,0.0,1,0.0,1,0,0,Mid-size Studio,Comedy,0,0,0,94.73
The Horse Whisperer,1998,5,May,60.0,186.88,116.1,76.7,25.0,1,0.0,1,0,0,Mid-size Studio,Other,0,0,0,39.38
Do the Right Thing,1989,6,June,6.5,37.3,31.15,8.5,25.0,0,0.0,0,1,0,Major Studio,Other,0,0,0,37.92
Fantasia 2000,1999,12,December,80.0,90.87,73.55,60.5,0.0,1,0.0,1,1,0,Major Studio,Animation,0,0,0,51.75
Biutiful,2010,10,October,,25.15,16.58,14.5,25.0,0,,0,0,0,Mid-size Studio,Other,0,0,0,170.57
New Nightmare,1994,10,October,14.0,18.09,37.65,27.4,15.0,0,0.0,0,1,0,Major Studio,Other,0,0,0,82.97
The Color of Money,1986,10,October,13.8,52.29,37.88,53.5,40.0,1,0.0,1,0,0,Mid-size Studio,Other,0,0,0,119.02
Adore,2013,4,April,16.0,0.32,3.75,12.3,40.0,0,1.0,0,0,0,Mid-size Studio,Other,0,0,0,51.75
The Outsiders,1983,3,March,10.0,33.7,26.13,17.6,40.0,0,0.0,0,1,0,Major Studio,Other,0,0,0,94.71
Fatal Attraction,1987,9,September,14.0,320.15,104.56,64.5,60.0,1,0.0,1,1,0,Major Studio,Other,0,0,0,72.93
Jason X,2001,7,July,11.0,16.95,22.52,26.4,15.0,0,0.0,0,1,0,Major Studio,Other,0,0,0,51.75
Waltz with Bashir,2008,6,June,2.0,11.13,8.05,2.6,25.0,0,0.0,0,0,0,Mid-size Studio,Animation,0,0,0,51.75
The Midnight Meat Train,2008,8,August,15.0,3.53,18.23,26.9,40.0,0,1.0,0,0,0,Mid-size Studio,Other,0,0,0,51.75
Return to Never Land,2002,2,February,20.0,109.86,87.39,62.3,15.0,1,0.0,1,1,0,Major Studio,Animation,0,0,0,51.75
Earth to Echo,2014,6,June,13.0,45.3,31.34,21.1,15.0,0,0.0,0,0,0,Mid-size Studio,Other,0,0,0,245.62
Urban Legend,1998,9,September,14.0,72.53,43.69,46.8,35.0,1,0.0,0,0,0,Mid-size Studio,Other,0,0,0,51.75
The Devil's Own,1997,3,March,90.0,140.81,105.52,75.3,25.0,1,0.0,1,1,0,Major Studio,Other,0,0,0,195.27
The Collection,2012,9,September,,6.84,5.97,6.9,20.0,0,,0,0,0,Mid-size Studio,Other,0,0,0,51.75
The Weather Man,2005,10,October,20.0,12.48,41.74,39.9,40.0,0,1.0,0,1,0,Major Studio,Comedy,0,0,0,527.42
The Covenant,2006,9,September,20.0,37.6,21.78,23.3,35.0,0,0.0,0,0,0,Mid-size Studio,Action,0,0,0,70.99
Charlotte's Web,2006,12,December,85.0,144.0,93.94,87.5,0.0,1,0.0,1,1,0,Major Studio,Comedy,0,0,0,71.34
Anonymous,2011,10,October,30.0,15.4,44.03,27.7,25.0,0,1.0,0,1,0,Major Studio,Other,1,0,0,420.2
Seed of Chucky,2004,11,November,12.0,24.83,36.99,36.6,40.0,0,0.0,0,0,0,Mid-size Studio,Comedy,0,0,0,51.75
The Black Dahlia,2006,9,September,50.0,49.11,55.67,37.2,45.0,0,1.0,0,1,0,Major Studio,Other,0,0,0,79.28
Inside Job,2010,10,October,2.0,7.87,9.57,4.1,0.0,0,0.0,0,0,0,Mid-size Studio,Other,0,0,0,1.43
Machine Gun Preacher,2011,9,September,30.0,2.53,8.35,15.6,20.0,0,1.0,0,0,0,Mid-size Studio,Action,1,0,0,234.43
Basic,2003,4,April,50.0,42.79,63.0,48.2,25.0,0,1.0,0,0,0,Mid-size Studio,Action,0,0,0,161.09
Teenage Mutant Ninja Turtles II: The Secret of the Ooze,1991,3,March,25.0,78.0,57.15,60.5,0.0,1,0.0,1,1,0,Major Studio,Action,0,0,0,51.75
Jane Got a Gun,2016,1,January,25.0,1.4,13.64,19.6,45.0,0,1.0,0,0,0,Mid-size Studio,Action,0,0,0,29.98
The Last Castle,2001,10,October,72.0,27.64,55.84,41.4,25.0,0,1.0,0,0,0,Mid-size Studio,Action,0,0,0,10.32
Polisse,2011,10,October,,20.37,7.02,6.6,25.0,0,,0,0,0,Mid-size Studio,Other,0,0,0,51.75
Stake Land,2010,9,September,0.65,0.03,0.18,3.5,45.0,0,1.0,0,0,0,Mid-size Studio,Action,0,0,0,51.75
Dreamgirls,2006,12,December,70.0,154.94,79.19,77.4,25.0,1,0.0,1,1,0,Major Studio,Other,0,0,0,281.34
The Guilt Trip,2012,12,December,40.0,41.86,61.82,36.8,0.0,0,0.0,0,1,0,Major Studio,Comedy,0,0,0,160.88
Hope Springs,2012,8,August,30.0,114.28,65.12,61.2,25.0,1,0.0,1,1,0,Major Studio,Comedy,0,0,0,192.69
Chain Reaction,1996,8,August,50.0,60.21,81.09,73.1,25.0,1,0.0,1,1,0,Major Studio,Action,1,0,0,223.63
Everybody's Fine,2009,12,December,21.0,,32.44,11.2,40.0,0,,0,0,0,Mid-size Studio,Other,1,0,0,88.92
Agent Cody Banks,2003,3,March,28.0,58.8,45.73,55.6,0.0,1,0.0,1,0,0,Mid-size Studio,Action,0,0,0,90.57
Vertical Limit,2000,12,December,75.0,215.66,97.34,80.7,0.0,1,0.0,1,0,0,Mid-size Studio,Action,0,0,0,273.11
The Grudge 2,2006,10,October,20.0,39.14,43.76,30.1,15.0,0,0.0,0,0,0,Mid-size Studio,Other,0,0,0,183.47
The Diving Bell and the Butterfly,2007,5,May,14.0,19.78,21.35,10.9,40.0,0,0.0,0,0,0,Mid-size Studio,Other,0,0,0,3.01
Wasabi,2001,10,October,15.3,,38.65,21.8,40.0,0,,0,0,0,Mid-size Studio,Action,0,0,0,51.75
Carriers,2009,9,September,,5.8,2.12,11.7,45.0,0,,0,0,0,Mid-size Studio,Action,0,0,0,51.75
Timecop,1994,9,September,27.0,101.65,42.07,60.9,20.0,1,0.0,1,1,0,Major Studio,Action,0,0,0,69.75
A Nightmare on Elm Street 4: The Dream Master,1988,8,August,7.0,72.5,53.44,55.0,0.0,1,0.0,1,1,0,Major Studio,Other,0,0,0,68.5
Think Like a Man,2012,4,April,12.0,96.07,48.37,56.6,15.0,1,0.0,1,0,0,Mid-size Studio,Comedy,1,0,0,142.77
The Eye,2008,2,February,12.0,56.31,37.66,47.3,40.0,1,0.0,0,0,0,Mid-size Studio,Other,0,0,0,51.75
The Piano,1993,5,May,7.0,116.7,64.46,35.7,25.0,1,0.0,0,0,0,Mid-size Studio,Other,0,0,0,2.22
Bottle Rocket,1996,2,February,7.0,0.56,5.92,15.2,25.0,0,1.0,0,0,0,Mid-size Studio,Comedy,0,0,0,68.78
The Medallion,2003,8,August,41.0,,60.71,22.1,0.0,0,,0,0,0,Mid-size Studio,Action,0,0,0,51.75
A Streetcar Named Desire,1951,9,September,1.8,8.0,16.99,9.6,45.0,0,0.0,0,1,0,Major Studio,Other,0,0,0,8.7
The Lizzie McGuire Movie,2003,4,April,17.0,55.53,59.02,66.3,15.0,1,0.0,1,1,0,Major Studio,Comedy,0,0,0,51.75
The Sweetest Thing,2002,4,April,43.0,68.7,83.54,74.3,0.0,1,0.0,1,0,0,Mid-size Studio,Comedy,1,0,0,57.62
The Diary of a Teenage Girl,2015,8,August,2.0,1.48,4.56,3.9,25.0,0,1.0,0,0,0,Mid-size Studio,Other,0,0,0,51.75
Out of Africa,1985,12,December,31.0,128.5,110.03,77.2,25.0,1,0.0,1,1,0,Major Studio,Other,0,0,0,171.25
Kids,1995,7,July,1.5,7.41,5.57,5.3,25.0,0,0.0,0,0,0,Mid-size Studio,Other,0,0,0,0.48
Sweet November,2001,2,February,40.0,65.75,74.94,78.1,25.0,1,0.0,1,1,0,Major Studio,Other,0,0,0,51.75
The Whole Ten Yards,2004,4,April,40.0,26.16,42.73,42.5,0.0,0,1.0,0,0,0,Mid-size Studio,Comedy,0,0,0,36.62
The Client,1994,7,July,45.0,117.62,85.95,76.3,25.0,1,0.0,1,1,0,Major Studio,Other,0,0,0,109.95
"Synecdoche, New York",2008,10,October,21.0,,48.07,14.5,40.0,0,,0,0,0,Mid-size Studio,Other,0,0,0,5.66
High Plains Drifter,1973,4,April,5.5,15.7,44.06,42.0,25.0,0,0.0,0,1,0,Major Studio,Other,0,0,0,131.39
Double Jeopardy,1999,9,September,70.0,177.84,86.26,84.0,45.0,1,0.0,1,1,0,Major Studio,Other,0,0,0,83.26
Bulletproof Monk,2003,3,March,52.0,,62.67,41.0,0.0,0,,0,0,0,Mid-size Studio,Action,0,0,0,51.75
Black Book,2006,9,September,21.0,26.19,21.32,11.4,60.0,0,0.0,0,0,0,Mid-size Studio,Other,0,0,0,148.27
Martha Marcy May Marlene,2011,10,October,,3.54,2.62,6.8,25.0,0,,0,0,0,Mid-size Studio,Other,0,0,0,51.75
Did You Hear About the Morgans?,2009,12,December,58.0,85.28,64.9,63.9,0.0,1,0.0,1,1,0,Major Studio,Comedy,1,0,0,119.63
Flight of the Phoenix,2004,12,December,45.0,21.01,53.26,30.7,25.0,0,1.0,0,1,0,Major Studio,Action,0,0,0,160.61
Max,2015,6,June,20.0,43.97,41.13,18.6,40.0,0,0.0,0,1,0,Major Studio,Other,0,0,0,88.53
The Beaver,2011,2,February,21.0,0.97,6.27,16.3,40.0,0,1.0,0,0,0,Mid-size Studio,Other,0,0,0,55.4
Unfaithful,2002,5,May,50.0,119.14,68.28,68.3,25.0,1,0.0,1,0,0,Mid-size Studio,Other,0,0,0,139.93
The Hudsucker Proxy,1994,3,March,30.0,,51.14,15.1,25.0,0,,0,1,0,Major Studio,Comedy,0,0,0,71.87
Man on Wire,2008,7,July,,2.96,4.16,5.9,25.0,0,,0,0,0,Mid-size Studio,Other,0,0,0,123.73
Confessions of a Dangerous Mind,2002,12,December,30.0,33.01,51.45,19.8,25.0,0,0.0,0,0,0,Mid-size Studio,Comedy,0,0,0,81.72
The Doors,1991,3,March,38.0,34.42,55.36,28.0,25.0,0,1.0,0,0,0,Mid-size Studio,Other,0,0,0,103.64
Drillbit Taylor,2008,3,March,40.0,,69.59,38.5,0.0,0,,0,1,0,Major Studio,Comedy,1,0,0,120.45
It Happened One Night,1934,2,February,0.32,4.5,6.31,5.2,0.0,0,0.0,0,0,0,Mid-size Studio,Comedy,0,0,0,7.92
Grosse Pointe Blank,1997,4,April,,28.08,17.08,8.4,0.0,0,,0,0,0,Mid-size Studio,Action,0,0,0,6.81
Oliver Twist,2005,9,September,50.0,42.09,43.35,21.5,45.0,0,1.0,0,0,0,Mid-size Studio,Other,0,0,0,59.94
Dark Water,2005,6,June,30.0,25.47,44.72,25.6,25.0,0,1.0,0,0,0,Mid-size Studio,Other,0,0,0,7.19
Baby's Day Out,1994,7,July,50.0,16.67,55.76,35.7,0.0,0,1.0,0,1,0,Major Studio,Action,0,0,0,15.37
Crazy Heart,2009,12,December,7.0,39.46,16.14,8.3,25.0,0,0.0,0,0,0,Mid-size Studio,Other,0,0,0,57.12
The Grandmaster,2013,1,January,3.86,64.08,10.95,8.1,45.0,1,0.0,0,0,0,Mid-size Studio,Action,0,0,0,20.53
"Good Night, and Good Luck.",2005,9,September,7.0,54.6,5.88,6.2,45.0,1,0.0,0,0,0,Mid-size Studio,Other,0,0,0,76.32
The Railway Man,2013,12,December,18.0,22.31,13.55,7.7,40.0,0,0.0,0,0,0,Mid-size Studio,Other,0,0,0,51.75
The Second Best Exotic Marigold Hotel,2015,2,February,10.0,85.98,21.23,41.6,40.0,1,0.0,0,0,0,Mid-size Studio,Comedy,0,0,0,133.48
Freddy's Dead: The Final Nightmare,1991,9,September,11.0,34.87,37.4,13.0,35.0,0,0.0,0,1,0,Major Studio,Comedy,1,0,0,4.06
Escobar: Paradise Lost,2014,10,October,17.0,3.76,14.52,12.6,15.0,0,1.0,0,0,0,Mid-size Studio,Other,0,0,0,51.75
Flyboys,2006,9,September,60.0,17.8,46.98,17.7,45.0,0,1.0,0,1,0,Major Studio,Action,0,0,0,51.75
The Cold Light of Day,2012,4,April,20.0,16.86,10.41,13.7,15.0,0,1.0,0,0,0,Mid-size Studio,Action,0,0,0,51.75
Day of the Dead,1985,7,July,3.5,34.0,16.54,4.8,0.0,0,0.0,0,0,0,Mid-size Studio,Other,0,0,0,25.79
Wag the Dog,1997,12,December,15.0,64.26,43.06,36.5,40.0,1,0.0,0,1,0,Major Studio,Comedy,0,0,0,130.62
I Spy,2002,10,October,70.0,33.56,60.48,38.8,0.0,0,1.0,0,0,0,Mid-size Studio,Action,0,0,0,368.8
Logan's Run,1976,6,June,9.0,25.0,19.66,10.0,15.0,0,0.0,0,0,0,Mid-size Studio,Action,0,0,0,51.75
Hudson Hawk,1991,5,May,65.0,17.22,57.83,32.3,0.0,0,1.0,0,0,0,Mid-size Studio,Action,0,0,0,69.49
The Adventures of Sharkboy and Lavagirl,2005,6,June,50.0,69.43,56.34,71.8,0.0,1,0.0,1,0,0,Mid-size Studio,Other,0,0,0,69.36
The Jungle Book 2,2003,2,February,20.0,135.68,92.01,64.7,15.0,1,0.0,1,1,0,Major Studio,Animation,0,0,0,51.75
When a Stranger Calls,2006,2,February,15.0,66.97,36.22,49.0,15.0,1,0.0,0,0,0,Mid-size Studio,Other,0,0,0,169.03
Murder by Numbers,2002,4,April,50.0,56.71,59.46,37.0,25.0,1,0.0,0,1,0,Major Studio,Other,0,0,0,51.75
Firewall,2006,2,February,45.0,82.8,58.71,37.5,0.0,1,0.0,0,1,0,Major Studio,Other,0,0,0,41.51
Red Planet,2000,11,November,80.0,33.46,48.7,18.4,0.0,0,1.0,0,1,0,Major Studio,Action,0,0,0,51.75
Halloween II,2009,8,August,15.0,39.42,31.23,12.1,15.0,0,0.0,0,0,0,Mid-size Studio,Other,1,0,0,9.0
The Return of the Living Dead,1985,5,May,4.0,14.24,14.16,3.4,0.0,0,0.0,0,0,0,Mid-size Studio,Comedy,0,0,0,51.75
The Spanish Apartment,2002,5,May,5.3,3.9,12.03,6.7,25.0,0,1.0,0,0,0,Mid-size Studio,Comedy,0,0,0,51.75
The Ruins,2008,4,April,8.0,,26.46,6.6,25.0,0,,0,0,0,Mid-size Studio,Other,0,0,0,51.75
The Man Who Shot Liberty Valance,1962,4,April,3.2,8.0,6.49,5.9,25.0,0,0.0,0,1,0,Major Studio,Other,0,0,0,6.0
Enough,2002,5,May,38.0,51.8,63.73,60.2,25.0,1,0.0,1,0,0,Mid-size Studio,Other,0,0,0,215.52
K-19: The Widowmaker,2002,7,July,100.0,35.17,58.44,39.4,25.0,0,1.0,0,1,0,Major Studio,Other,0,0,0,87.41
Escape from the Planet of the Apes,1971,5,May,2.5,12.35,11.36,4.2,0.0,0,0.0,0,1,0,Major Studio,Action,0,0,0,51.75
Open Range,2003,8,August,22.0,68.3,26.14,20.7,40.0,1,0.0,0,0,0,Mid-size Studio,Other,0,0,0,220.92
The Devil Inside,2012,1,January,1.0,101.76,69.82,22.4,20.0,1,0.0,0,0,0,Mid-size Studio,Other,0,0,0,45.65
Going the Distance,2010,9,September,32.0,42.05,39.4,13.9,45.0,0,0.0,0,1,0,Major Studio,Comedy,0,0,0,51.75
Little Man,2006,8,August,64.0,101.6,53.72,65.5,0.0,1,0.0,1,0,0,Mid-size Studio,Comedy,0,0,0,94.57
The Boondock Saints II: All Saints Day,2009,11,November,8.0,10.63,9.99,7.7,0.0,0,0.0,0,0,0,Mid-size Studio,Action,0,0,0,0.03
In the Valley of Elah,2007,8,August,23.0,29.54,12.91,10.8,40.0,0,0.0,0,0,0,Mid-size Studio,Other,0,0,0,74.78
White Noise,2005,1,January,10.0,91.2,41.77,42.2,60.0,1,0.0,0,1,0,Major Studio,Other,0,0,0,23.94
Ladyhawke,1985,3,March,20.0,18.43,30.55,15.7,40.0,0,1.0,0,1,0,Major Studio,Other,0,0,0,128.57
Ida,2013,10,October,2.16,10.7,6.42,4.4,25.0,0,0.0,0,0,0,Mid-size Studio,Other,0,0,0,51.75
Million Dollar Arm,2014,5,May,25.0,38.31,38.05,15.9,25.0,0,0.0,0,1,0,Major Studio,Other,1,0,0,29.44
The Wild Bunch,1969,6,June,6.24,0.64,3.45,9.2,25.0,0,1.0,0,0,0,Mid-size Studio,Other,0,0,0,5.34
The Homesman,2014,5,May,16.0,3.44,5.45,9.2,40.0,0,1.0,0,0,0,Mid-size Studio,Other,0,0,0,12.04
The Tale of Despereaux,2008,12,December,60.0,50.88,65.81,27.0,0.0,0,1.0,0,0,0,Mid-size Studio,Animation,0,0,0,51.75
A Man Apart,2003,4,April,36.0,44.35,48.64,32.1,25.0,0,0.0,0,1,0,Major Studio,Action,0,0,0,102.0
Winnie the Pooh,2011,4,April,30.0,14.46,37.83,20.4,0.0,0,1.0,0,1,0,Major Studio,Animation,1,0,0,51.75
Young Guns,1988,8,August,13.0,44.73,22.72,10.2,40.0,0,0.0,0,1,0,Major Studio,Action,0,0,0,51.75
Dangerous Liaisons,1988,12,December,14.0,34.67,48.15,17.0,40.0,0,0.0,0,1,0,Major Studio,Other,0,0,0,49.11
The Debt,2010,4,April,20.0,45.64,22.34,13.1,40.0,0,0.0,0,0,0,Mid-size Studio,Other,0,0,0,143.56
Executive Decision,1996,3,March,55.0,121.97,70.63,54.9,25.0,1,0.0,1,1,0,Major Studio,Action,0,0,0,67.31
Showgirls,1995,9,September,45.0,20.35,32.48,20.7,45.0,0,1.0,0,0,0,Mid-size Studio,Other,0,0,0,149.73
Jersey Boys,2014,6,June,40.0,67.35,55.57,42.0,25.0,1,0.0,0,1,0,Major Studio,Other,0,0,0,128.67
The White Ribbon,2009,5,May,15.24,,33.12,12.7,40.0,0,,0,0,0,Mid-size Studio,Other,0,0,0,13.89
Battlefield Earth,2000,5,May,44.0,21.4,14.63,11.1,0.0,0,1.0,0,1,0,Major Studio,Action,0,0,0,51.75
The Peacemaker,1997,9,September,50.0,,52.48,22.3,20.0,0,,0,0,0,Mid-size Studio,Action,0,0,0,98.09
Vampires,1998,4,April,20.0,,39.17,17.1,40.0,0,,0,1,0,Major Studio,Action,0,0,0,19.63
Sunshine Cleaning,2008,1,January,5.0,16.17,9.08,6.9,45.0,0,0.0,0,0,0,Mid-size Studio,Comedy,0,0,0,51.75
Friday the 13th Part III,1982,8,August,4.0,36.69,37.87,7.0,0.0,0,0.0,0,1,0,Major Studio,Other,0,0,0,39.3
The Runaways,2010,3,March,10.0,3.0,7.88,6.3,40.0,0,1.0,0,0,0,Mid-size Studio,Other,0,0,0,51.75
Heartbreakers,2001,3,March,35.0,,63.24,17.2,0.0,0,,0,0,0,Mid-size Studio,Comedy,0,0,0,51.75
The Astronaut's Wife,1999,8,August,75.0,19.6,38.25,21.1,25.0,0,1.0,0,1,0,Major Studio,Other,0,0,0,51.75
Bowfinger,1999,8,August,55.0,,55.0,34.4,0.0,0,,0,1,0,Major Studio,Comedy,0,0,0,54.91
Free Birds,2013,10,October,55.0,110.0,76.29,53.8,0.0,1,0.0,1,0,0,Mid-size Studio,Animation,1,0,0,10.54
Swingers,1996,10,October,0.2,4.51,5.66,5.7,0.0,0,0.0,0,0,0,Mid-size Studio,Comedy,0,0,0,222.94
License to Wed,2007,7,July,35.0,69.31,45.46,58.3,0.0,1,0.0,1,1,0,Major Studio,Comedy,0,0,0,80.34
Road House,1989,5,May,15.0,30.05,39.02,14.1,15.0,0,0.0,0,0,0,Mid-size Studio,Action,0,0,0,51.75
An Inconvenient Truth,2006,1,January,1.0,46.24,23.74,4.2,20.0,0,0.0,0,0,0,Mid-size Studio,Other,0,0,0,4.03
Semi-Pro,2008,2,February,,33.47,15.84,11.9,0.0,0,,0,1,0,Major Studio,Comedy,0,0,0,51.75
Session 9,2001,8,August,1.5,0.37,4.72,6.2,0.0,0,1.0,0,0,0,Mid-size Studio,Other,0,0,0,27.57
Dick Tracy,1990,6,June,47.0,103.74,75.09,60.1,0.0,1,0.0,1,0,0,Mid-size Studio,Action,0,0,0,34.79
Rubber,2010,7,July,0.5,0.1,0.19,4.8,25.0,0,1.0,0,0,0,Mid-size Studio,Comedy,1,0,0,51.75
Pale Rider,1985,6,June,,41.41,30.55,15.4,25.0,0,,0,1,0,Major Studio,Other,0,0,0,130.03
You Will Meet a Tall Dark Stranger,2010,5,May,22.0,,35.87,14.2,40.0,0,,0,0,0,Mid-size Studio,Comedy,0,0,0,36.67
After.Life,2010,4,April,4.5,3.61,6.98,5.7,25.0,0,1.0,0,0,0,Mid-size Studio,Other,0,0,0,51.75
The Legend of Bagger Vance,2000,11,November,80.0,39.46,55.31,19.0,25.0,0,1.0,0,1,0,Major Studio,Other,0,0,0,88.53
The Immigrant,2013,7,July,16.0,5.87,10.72,9.2,40.0,0,1.0,0,0,0,Mid-size Studio,Other,0,0,0,29.04
Fish Tank,2009,5,May,3.0,2.36,3.89,2.6,25.0,0,1.0,0,0,0,Mid-size Studio,Other,0,0,0,51.75
Mystery Men,1999,8,August,68.0,29.76,31.88,20.2,0.0,0,1.0,0,1,0,Major Studio,Action,0,1,0,51.75
Monster's Ball,2001,11,November,4.0,44.91,21.47,8.4,25.0,0,0.0,0,0,0,Mid-size Studio,Other,0,0,0,227.36
Time Bandits,1981,7,July,5.0,42.37,35.19,11.9,0.0,0,0.0,0,0,0,Mid-size Studio,Comedy,0,0,0,45.45
Stripes,1981,6,June,10.0,85.3,51.97,47.8,15.0,1,0.0,0,0,0,Mid-size Studio,Action,0,0,0,136.68
Alfie,2004,10,October,60.0,13.4,42.12,23.6,0.0,0,1.0,0,1,0,Major Studio,Comedy,0,0,0,51.75
The Big Year,2011,10,October,41.0,7.45,17.79,24.5,0.0,0,1.0,0,0,0,Mid-size Studio,Comedy,1,0,0,228.3
Doctor Zhivago,1965,12,December,11.0,111.86,49.3,51.4,40.0,1,0.0,1,0,0,Mid-size Studio,Other,0,0,0,43.49
Lake Placid,1999,7,July,27.0,56.87,32.31,47.2,0.0,1,0.0,0,0,0,Mid-size Studio,Action,0,0,0,29.21
This Is It,2009,10,October,60.0,,87.52,43.0,0.0,0,,0,1,0,Major Studio,Other,1,0,0,23.26
Getaway,2013,8,August,18.0,10.5,10.66,10.2,15.0,0,1.0,0,0,0,Mid-size Studio,Action,0,0,0,51.75
Gosford Park,2001,11,November,19.8,87.75,37.7,40.2,40.0,1,0.0,0,0,0,Mid-size Studio,Other,0,0,0,51.75
Blast from the Past,1999,2,February,35.0,40.26,41.54,18.8,0.0,0,0.0,0,1,0,Major Studio,Comedy,0,0,0,131.3
A Nightmare on Elm Street 5: The Dream Child,1989,8,August,8.0,22.17,31.57,13.8,0.0,0,0.0,0,1,0,Major Studio,Other,0,0,0,71.17
How to Lose Friends & Alienate People,2008,10,October,27.0,17.29,24.78,7.1,25.0,0,1.0,0,0,0,Mid-size Studio,Comedy,0,0,0,51.75
Aliens in the Attic,2009,7,July,45.0,57.88,50.86,53.9,0.0,1,0.0,1,1,0,Major Studio,Comedy,1,0,0,22.59
Kingpin,1996,7,July,27.0,25.02,24.59,18.0,0.0,0,1.0,0,0,0,Mid-size Studio,Comedy,0,0,0,131.32
Black Snake Moan,2006,12,December,15.0,10.9,16.45,10.8,40.0,0,1.0,0,0,0,Mid-size Studio,Other,0,0,0,23.56
Black Rain,1989,9,September,30.0,45.89,51.54,18.6,20.0,0,0.0,0,1,0,Major Studio,Action,0,0,0,209.58
The Vatican Tapes,2015,7,July,13.0,1.78,4.23,9.1,15.0,0,1.0,0,0,0,Mid-size Studio,Other,0,0,0,51.75
Promised Land,2012,9,September,15.0,8.14,10.21,17.8,60.0,0,1.0,0,0,0,Mid-size Studio,Other,0,0,0,95.46
The Lords of Salem,2012,9,September,1.5,1.17,2.23,4.5,20.0,0,1.0,0,0,0,Mid-size Studio,Other,0,0,0,28.13
Stigmata,1999,9,September,29.0,50.04,37.91,9.6,20.0,0,0.0,0,0,0,Mid-size Studio,Other,0,0,0,51.75
The Love Guru,2008,6,June,62.0,41.82,46.11,25.0,0.0,0,1.0,0,1,0,Major Studio,Comedy,0,0,0,51.75
Joe Dirt,2001,4,April,17.7,30.99,43.51,16.5,40.0,0,0.0,0,1,0,Major Studio,Comedy,0,0,0,51.75
Hart's War,2002,2,February,70.0,32.29,45.59,27.6,25.0,0,1.0,0,0,0,Mid-size Studio,Other,0,0,0,50.29
Mr. Smith Goes to Washington,1939,10,October,1.5,9.6,7.33,4.6,25.0,0,0.0,0,1,0,Major Studio,Comedy,0,0,0,6.64
The Hustler,1961,9,September,2.0,7.6,7.1,4.5,45.0,0,0.0,0,1,0,Major Studio,Other,0,0,0,51.75
Pride and Glory,2008,9,September,30.0,31.15,31.59,10.2,45.0,0,0.0,0,1,0,Major Studio,Other,0,0,0,22.55
Disaster Movie,2008,8,August,25.0,14.11,30.15,28.0,0.0,0,1.0,0,0,0,Mid-size Studio,Action,1,0,0,75.15
Half Nelson,2006,8,August,0.7,4.91,3.32,3.1,25.0,0,0.0,0,0,0,Mid-size Studio,Other,0,0,0,6.49
Playing for Keeps,2012,11,November,35.0,,50.8,18.9,0.0,0,,0,0,0,Mid-size Studio,Comedy,0,0,0,237.62
Little Children,2006,10,October,26.0,14.82,31.31,11.3,25.0,0,1.0,0,1,0,Major Studio,Other,0,0,0,51.75
Rumble in the Bronx,1995,1,January,7.5,32.39,25.82,6.8,20.0,0,0.0,0,1,0,Major Studio,Action,1,0,0,51.75
Queen of the Damned,2002,2,February,35.0,45.48,47.95,33.7,25.0,0,0.0,0,1,0,Major Studio,Other,0,0,0,14.01
I Heart Huckabees,2004,9,September,22.0,,28.44,9.8,35.0,0,,0,0,0,Mid-size Studio,Comedy,0,0,0,104.57
Arlington Road,1999,3,March,21.5,,33.56,10.2,40.0,0,,0,0,0,Mid-size Studio,Other,0,0,0,38.94
Goal!: The Dream Begins,2005,6,June,30.0,27.61,46.83,10.1,25.0,0,1.0,0,0,0,Mid-size Studio,Other,0,0,0,40.0
Untraceable,2008,1,January,35.0,32.48,47.45,20.4,45.0,0,1.0,0,0,0,Mid-size Studio,Other,0,0,0,50.2
Midnight Run,1988,7,July,30.0,38.41,64.18,23.5,0.0,0,0.0,0,1,0,Major Studio,Comedy,0,0,0,155.52
Diary of a Wimpy Kid: Rodrick Rules,2011,3,March,21.0,72.42,37.69,49.3,15.0,1,0.0,0,0,0,Mid-size Studio,Comedy,0,0,0,61.89
El Mariachi,1992,9,September,0.22,2.04,11.39,7.0,20.0,0,0.0,0,1,0,Major Studio,Action,0,0,0,73.86
The Sisterhood of the Traveling Pants 2,2008,8,August,27.0,44.35,37.07,22.6,55.00000000000001,0,0.0,0,0,1,Independent,Comedy,0,0,0,21.52
The Kid,2000,7,July,65.0,69.7,70.65,72.1,0.0,1,0.0,1,1,0,Major Studio,Comedy,0,0,0,200.81
"Run, Fatboy, Run",2007,9,September,10.0,33.0,23.87,6.6,35.0,0,0.0,0,0,0,Mid-size Studio,Comedy,0,0,0,0.12
Friday the 13th: The Final Chapter,1984,4,April,2.6,32.98,30.26,4.9,0.0,0,0.0,0,1,0,Major Studio,Other,0,0,0,51.75
Waiting...,2005,10,October,3.0,18.64,3.56,4.5,0.0,0,0.0,0,0,0,Mid-size Studio,Comedy,0,0,0,51.75
The Ghost and the Darkness,1996,10,October,50.0,75.0,54.15,41.4,0.0,1,0.0,0,0,0,Mid-size Studio,Other,0,0,0,60.6
Cradle 2 the Grave,2003,2,February,25.0,56.49,44.69,57.3,25.0,1,0.0,1,1,0,Major Studio,Action,0,0,0,59.94
Sydney White,2007,9,September,16.5,13.62,19.7,6.6,35.0,0,1.0,0,0,0,Mid-size Studio,Comedy,0,0,0,10.13
Blow Out,1981,7,July,18.0,12.0,34.04,25.8,40.0,0,1.0,0,0,0,Mid-size Studio,Other,0,0,0,82.66
Conquest of the Planet of the Apes,1972,6,June,1.7,9.7,8.07,5.5,0.0,0,0.0,0,1,0,Major Studio,Action,0,0,0,8.84
Sicko,2007,5,May,9.0,24.54,54.48,11.7,15.0,0,0.0,0,0,0,Mid-size Studio,Other,0,0,0,44.71
The Rainmaker,1997,11,November,40.0,45.92,45.08,19.4,25.0,0,0.0,0,1,0,Major Studio,Other,0,0,0,93.35
The Right Stuff,1983,10,October,27.0,21.5,48.62,27.2,25.0,0,1.0,0,1,0,Major Studio,Other,0,0,0,7.06
Valiant,2005,3,March,35.0,19.48,57.88,37.9,0.0,0,1.0,0,0,0,Mid-size Studio,Animation,0,0,0,51.75
Notes on a Scandal,2006,12,December,15.0,49.47,9.9,8.1,40.0,0,0.0,0,0,0,Mid-size Studio,Other,0,0,0,51.75
Fair Game,2010,5,May,22.0,24.19,21.71,12.6,40.0,0,0.0,0,0,0,Mid-size Studio,Other,1,0,0,219.66
The Longest Day,1962,9,September,10.0,50.1,35.03,21.0,60.0,0,0.0,0,1,0,Major Studio,Action,0,0,0,51.75
The Soloist,2009,4,April,60.0,31.72,41.05,29.2,25.0,0,1.0,0,1,0,Major Studio,Other,0,0,0,102.3
Flash Gordon,1980,9,September,35.0,27.11,34.11,14.0,20.0,0,1.0,0,0,0,Mid-size Studio,Other,0,0,0,51.75
My Name Is Khan,2010,2,February,12.0,42.35,33.55,13.5,40.0,0,0.0,0,0,0,Mid-size Studio,Other,0,0,0,17.0
Courage Under Fire,1996,7,July,46.0,100.86,65.57,62.8,25.0,1,0.0,1,0,0,Mid-size Studio,Other,0,0,0,172.43
The Young and Prodigious T.S. Spivet,2013,10,October,33.0,9.49,25.61,17.3,25.0,0,1.0,0,0,0,Mid-size Studio,Other,0,0,0,116.64
Super Mario Bros.,1993,5,May,48.0,20.92,40.16,24.4,0.0,0,1.0,0,0,0,Mid-size Studio,Comedy,0,0,0,51.75
Jimmy Neutron: Boy Genius,2001,12,December,25.0,80.94,63.38,56.1,0.0,1,0.0,1,0,0,Mid-size Studio,Action,0,0,0,55.18
The Triplets of Belleville,2003,6,June,8.0,1.48,5.33,4.3,25.0,0,1.0,0,0,0,Mid-size Studio,Animation,0,0,0,51.75
Sling Blade,1996,8,August,1.0,24.48,18.44,5.3,25.0,0,0.0,0,0,0,Mid-size Studio,Other,0,0,0,51.75
The Wedding Date,2005,2,February,15.0,47.18,16.48,11.6,15.0,0,0.0,0,0,0,Mid-size Studio,Comedy,0,0,0,51.75
Heaven is for Real,2014,4,April,12.0,101.33,21.55,25.8,40.0,1,0.0,0,0,0,Mid-size Studio,Other,0,0,0,87.46
Halloween III: Season of the Witch,1982,10,October,2.5,14.4,12.94,3.5,0.0,0,0.0,0,1,0,Major Studio,Other,0,0,0,51.75
Osmosis Jones,2001,8,August,75.0,13.6,41.66,41.8,0.0,0,1.0,0,1,0,Major Studio,Action,0,0,0,132.46
Halloween: Resurrection,2002,7,July,13.0,37.66,33.77,11.5,15.0,0,0.0,0,0,0,Mid-size Studio,Other,0,0,0,51.75
Holy Motors,2012,7,July,,0.64,3.44,6.4,25.0,0,,0,0,0,Mid-size Studio,Other,0,0,0,51.75
Bad Company,2002,6,June,70.0,65.98,54.35,73.9,0.0,1,1.0,1,0,0,Mid-size Studio,Action,0,0,0,114.25
Ironclad,2011,3,March,25.0,,16.04,9.6,25.0,0,,0,0,0,Mid-size Studio,Action,0,0,0,51.75
After the Sunset,2004,11,November,60.0,61.35,48.97,39.6,25.0,1,0.0,0,1,0,Major Studio,Action,0,0,0,278.37
The Squid and the Whale,2005,10,October,1.5,11.1,6.75,4.4,25.0,0,0.0,0,0,0,Mid-size Studio,Comedy,0,0,0,5.83
Creepshow,1982,11,November,8.0,21.03,20.69,8.3,0.0,0,0.0,0,1,0,Major Studio,Comedy,0,1,0,29.03
Observe and Report,2009,4,April,,24.01,8.61,10.0,25.0,0,,0,1,0,Major Studio,Comedy,0,0,0,51.75
Bringing Out the Dead,1999,10,October,32.0,,47.24,9.7,25.0,0,,0,1,0,Major Studio,Other,0,0,0,52.29
That Thing You Do!,1996,10,October,,34.59,21.15,7.5,25.0,0,,0,1,0,Major Studio,Comedy,0,0,0,36.16
Barnyard,2006,8,August,51.0,72.78,62.24,74.3,0.0,1,0.0,1,1,0,Major Studio,Animation,0,0,0,212.39
Deuce Bigalow: European Gigolo,2005,8,August,22.0,22.4,18.34,9.2,15.0,0,0.0,0,0,0,Mid-size Studio,Comedy,0,0,0,51.75
Charlie Bartlett,2008,2,February,12.0,,22.44,8.8,40.0,0,,0,0,0,Mid-size Studio,Comedy,0,0,0,51.75
The Sentinel,2006,4,April,60.0,77.92,40.78,42.0,0.0,1,0.0,0,1,0,Major Studio,Action,0,0,0,116.64
Think Like a Man Too,2014,6,June,24.0,70.18,35.97,40.0,0.0,1,0.0,0,0,0,Mid-size Studio,Comedy,0,0,0,147.95
Guess Who,2005,3,March,35.0,68.92,48.38,43.9,0.0,1,0.0,0,1,0,Major Studio,Comedy,0,0,0,51.37
Mandela: Long Walk to Freedom,2013,12,December,35.0,27.33,22.31,21.2,25.0,0,1.0,0,0,0,Mid-size Studio,Other,0,0,0,51.75
The Roommate,2011,2,February,16.0,40.49,19.99,11.0,40.0,0,0.0,0,0,0,Mid-size Studio,Other,0,0,0,51.75
Hit & Run,2012,8,August,2.0,14.4,7.19,5.5,0.0,0,0.0,0,0,0,Mid-size Studio,Action,1,0,0,51.75
In the Name of the King: A Dungeon Siege Tale,2007,11,November,60.0,,41.56,23.4,25.0,0,,0,0,0,Mid-size Studio,Action,0,0,0,6.42
Deadfall,2012,11,November,12.0,0.07,1.28,9.9,40.0,0,1.0,0,0,0,Mid-size Studio,Other,0,0,0,0.02
Jaws: The Revenge,1987,7,July,23.0,51.88,22.27,10.1,15.0,1,0.0,0,1,0,Major Studio,Other,0,0,0,51.75
How Do You Know,2010,12,December,120.0,48.67,50.8,34.9,25.0,0,1.0,0,1,0,Major Studio,Comedy,1,0,0,184.61
Absolute Power,1997,2,February,50.0,50.07,62.48,32.2,25.0,0,0.0,0,1,0,Major Studio,Other,0,0,0,129.58
Diary of a Wimpy Kid: Dog Days,2012,8,August,22.0,77.11,35.53,40.9,15.0,1,0.0,0,0,0,Mid-size Studio,Comedy,1,0,0,60.32
Date Movie,2006,2,February,20.0,48.55,38.92,32.9,15.0,0,0.0,0,0,0,Mid-size Studio,Comedy,0,0,0,66.54
Spy Kids: All the Time in the World,2011,8,August,27.0,85.56,66.32,57.7,0.0,1,0.0,1,0,0,Mid-size Studio,Action,0,0,0,68.29
Money Train,1995,11,November,60.0,35.43,55.88,21.8,0.0,0,1.0,0,1,0,Major Studio,Action,0,0,0,51.75
Soldier,1998,10,October,75.0,14.57,15.69,16.4,0.0,0,1.0,0,1,0,Major Studio,Action,0,0,0,143.03
The Lunchbox,2013,9,September,1.0,4.24,11.15,3.1,45.0,0,0.0,0,0,0,Mid-size Studio,Other,0,0,0,51.75
Howard the Duck,1986,8,August,37.0,37.96,35.41,19.3,0.0,0,0.0,0,1,0,Major Studio,Comedy,0,0,0,51.75
Compliance,2012,8,August,,0.32,0.66,5.1,25.0,0,,0,0,0,Mid-size Studio,Other,0,0,0,51.75
Are We There Yet?,2005,1,January,32.0,97.92,44.26,61.7,20.0,1,0.0,1,1,0,Major Studio,Comedy,0,0,0,144.04
Confessions of a Teenage Drama Queen,2004,2,February,15.0,29.33,25.67,13.4,15.0,0,0.0,0,1,0,Major Studio,Comedy,0,0,0,51.75
Mortal Kombat: Annihilation,1997,11,November,30.0,51.38,43.45,15.6,0.0,0,0.0,0,1,0,Major Studio,Action,0,0,0,255.27
Whiteout,2009,9,September,40.0,12.21,25.54,19.6,20.0,0,1.0,0,1,0,Major Studio,Action,0,1,0,192.14
Yogi Bear,2010,12,December,80.0,201.58,88.59,72.2,0.0,1,0.0,1,0,0,Mid-size Studio,Animation,0,0,0,101.7
Grandma's Boy,2006,1,January,,6.54,9.43,6.9,20.0,0,,0,1,0,Major Studio,Comedy,0,0,0,51.75
12 Rounds,2009,3,March,20.0,17.28,23.39,14.5,40.0,0,1.0,0,0,0,Mid-size Studio,Action,0,0,0,72.44
My Best Friend's Girl,2008,9,September,20.0,36.62,25.57,8.4,35.0,0,0.0,0,0,0,Mid-size Studio,Comedy,1,0,0,26.16
Don't Say a Word,2001,9,September,50.0,100.02,44.68,55.9,20.0,1,0.0,1,1,0,Major Studio,Other,0,0,0,28.48
The Innkeepers,2011,12,December,0.75,0.08,0.32,4.5,0.0,0,1.0,0,0,0,Mid-size Studio,Other,0,0,0,51.75
The Sea Inside,2004,9,September,12.81,38.54,29.34,9.1,60.0,0,0.0,0,0,0,Mid-size Studio,Other,0,0,0,28.36
The Proposition,2005,10,October,2.0,5.05,4.29,3.4,25.0,0,0.0,0,0,0,Mid-size Studio,Action,0,0,0,20.14
How High,2001,12,December,12.0,31.16,38.19,14.3,15.0,0,0.0,0,1,0,Major Studio,Comedy,0,0,0,143.76
The Prince,2014,8,August,18.0,266.59,34.58,25.5,15.0,1,0.0,0,0,0,Mid-size Studio,Action,0,0,0,51.75
Major League,1989,2,February,11.0,49.8,28.53,10.2,15.0,0,0.0,0,1,0,Major Studio,Comedy,0,0,0,51.75
"Jeff, Who Lives at Home",2011,9,September,10.0,4.42,8.59,5.3,60.0,0,1.0,0,0,0,Mid-size Studio,Comedy,0,0,0,51.75
Sexy Beast,2000,9,September,5.0,,12.39,3.2,45.0,0,,0,0,0,Mid-size Studio,Other,0,0,0,5.38
Seabiscuit,2003,7,July,87.0,148.34,61.23,66.1,25.0,1,0.0,1,1,0,Major Studio,Other,0,0,0,358.12
Lions for Lambs,2007,10,October,35.0,63.22,15.69,15.7,25.0,1,0.0,0,0,0,Mid-size Studio,Action,0,0,0,80.61
Friday the 13th Part VI: Jason Lives,1986,8,August,3.0,19.47,14.78,4.3,0.0,0,0.0,0,1,0,Major Studio,Other,0,0,0,51.75
Devil's Due,2014,1,January,7.0,36.43,29.9,6.5,20.0,0,0.0,0,1,0,Major Studio,Other,0,0,0,51.75
Double Impact,1991,8,August,15.0,30.1,29.3,15.0,40.0,0,0.0,0,0,0,Mid-size Studio,Action,0,0,0,3.28
The Pledge,2001,1,January,35.0,29.4,41.92,15.7,45.0,0,1.0,0,0,0,Mid-size Studio,Other,0,0,0,56.26
Wild Target,2010,6,June,8.0,3.45,4.72,5.3,0.0,0,1.0,0,0,0,Mid-size Studio,Action,0,0,0,85.23
Little Women,1994,12,December,18.0,,30.28,14.6,40.0,0,,0,1,0,Major Studio,Other,0,0,0,51.75
Red Dawn,1984,8,August,4.2,38.38,31.15,6.6,0.0,0,0.0,0,0,0,Mid-size Studio,Action,0,0,0,79.11
Battle for the Planet of the Apes,1973,6,June,1.7,8.84,12.55,4.6,0.0,0,0.0,0,1,0,Major Studio,Action,0,0,0,9.7
Everything You Always Wanted to Know About Sex *But Were Afraid to Ask,1972,8,August,2.0,18.02,17.44,5.1,0.0,0,0.0,0,0,0,Mid-size Studio,Comedy,0,0,0,59.19
Barbecue,2014,4,April,6.0,14.35,14.39,4.1,0.0,0,0.0,0,0,0,Mid-size Studio,Comedy,0,0,0,51.75
Without a Paddle,2004,8,August,19.0,69.63,29.14,21.9,15.0,1,0.0,0,1,0,Major Studio,Action,0,0,0,171.27
Congo,1995,6,June,50.0,152.02,50.13,65.6,25.0,1,0.0,1,1,0,Major Studio,Action,0,0,0,70.13
Stormbreaker,2006,7,July,40.0,23.94,42.35,34.1,0.0,0,1.0,0,0,0,Mid-size Studio,Action,0,0,0,91.2
"McFarland, USA",2015,2,February,,45.71,18.81,11.2,25.0,0,,0,1,0,Major Studio,Other,0,0,0,33.31
Hesher,2010,1,January,7.0,0.38,1.97,4.2,45.0,0,1.0,0,0,0,Mid-size Studio,Other,1,0,0,51.75
Joyeux Noël,2005,11,November,22.0,17.71,19.92,7.5,40.0,0,1.0,0,0,0,Mid-size Studio,Other,0,0,0,51.75
The Muppet Christmas Carol,1992,12,December,,27.28,17.74,11.9,25.0,0,,0,1,0,Major Studio,Comedy,0,0,0,51.75
Dom Hemingway,2013,11,November,,0.52,1.26,7.9,25.0,0,,0,0,0,Mid-size Studio,Comedy,0,0,0,17.3
My Own Private Idaho,1991,10,October,2.5,,26.54,4.4,25.0,0,,0,0,0,Mid-size Studio,Other,0,0,0,54.59
Walk Hard: The Dewey Cox Story,2007,12,December,35.0,18.32,40.39,19.8,0.0,0,1.0,0,0,0,Mid-size Studio,Comedy,1,0,0,114.75
Raise Your Voice,2004,8,August,15.0,14.87,27.34,9.3,40.0,0,1.0,0,1,0,Major Studio,Other,0,0,0,47.09
Hobo with a Shotgun,2011,5,May,3.0,0.75,1.11,3.6,0.0,0,1.0,0,0,0,Mid-size Studio,Action,0,0,0,51.75
Dumb and Dumberer: When Harry Met Lloyd,2003,6,June,19.0,39.27,30.94,10.4,15.0,0,0.0,0,1,0,Major Studio,Comedy,0,0,0,51.75
Night Watch,2004,6,June,4.2,32.0,20.31,5.8,0.0,0,0.0,0,0,0,Mid-size Studio,Action,0,0,0,154.87
The Station Agent,2003,1,January,0.5,8.68,4.11,3.6,45.0,0,0.0,0,0,0,Mid-size Studio,Comedy,0,0,0,88.35
Parental Guidance,2012,12,December,25.0,119.77,31.28,43.6,0.0,1,0.0,0,1,0,Major Studio,Comedy,0,0,0,85.54
The Act of Killing,2012,8,August,1.0,0.44,12.13,2.2,0.0,0,1.0,0,0,0,Mid-size Studio,Other,0,0,0,51.75
The River Wild,1994,9,September,45.0,,46.74,29.5,20.0,0,,0,1,0,Major Studio,Action,0,0,0,65.99
The Joneses,2009,9,September,10.0,7.02,8.27,4.8,60.0,0,1.0,0,0,0,Mid-size Studio,Comedy,1,0,0,51.75
Disclosure,1994,12,December,55.0,214.02,79.44,39.6,25.0,1,0.0,0,1,0,Major Studio,Other,0,0,0,111.9
Lords of Dogtown,2005,6,June,25.0,13.41,17.78,11.1,25.0,0,1.0,0,1,0,Major Studio,Other,0,0,0,162.13
About Last Night,2014,2,February,12.5,49.0,23.62,13.2,15.0,0,0.0,0,0,0,Mid-size Studio,Comedy,1,0,0,38.44
Kill List,2011,9,September,0.5,0.17,0.48,2.7,20.0,0,1.0,0,0,0,Mid-size Studio,Other,0,0,0,0.01
Under Siege 2: Dark Territory,1995,7,July,60.0,104.32,57.38,49.7,0.0,1,0.0,0,1,0,Major Studio,Action,0,0,0,51.75
Top Five,2014,12,December,,25.43,15.32,9.2,25.0,0,,0,1,0,Major Studio,Comedy,0,0,0,13.2
Old Dogs,2009,11,November,35.0,92.22,67.55,60.9,0.0,1,0.0,1,1,0,Major Studio,Comedy,1,0,0,175.22
Beverly Hills Chihuahua,2008,10,October,20.0,149.28,42.68,40.3,15.0,1,0.0,0,1,0,Major Studio,Comedy,1,0,0,308.45
House on Haunted Hill,1999,10,October,19.0,40.85,36.36,12.1,15.0,0,0.0,0,1,0,Major Studio,Other,1,0,0,18.9
All the Boys Love Mandy Lane,2008,2,February,0.75,,18.12,5.4,0.0,0,,0,0,0,Mid-size Studio,Other,0,0,0,39.19
Halloween 4: The Return of Michael Myers,1988,10,October,5.0,17.77,20.7,5.0,0.0,0,0.0,0,0,0,Mid-size Studio,Other,0,0,0,70.99
Proof of Life,2000,12,December,65.0,,86.45,40.3,25.0,0,,0,1,0,Major Studio,Action,0,0,0,124.73
Everything Must Go,2010,10,October,5.0,2.61,3.46,2.5,25.0,0,1.0,0,0,0,Mid-size Studio,Comedy,0,0,0,51.75
Mighty Joe Young,1998,12,December,90.0,,49.81,40.1,0.0,0,,0,1,0,Major Studio,Action,0,0,0,27.84
Armored,2009,12,December,20.0,22.94,10.41,14.1,40.0,0,0.0,0,0,0,Mid-size Studio,Action,0,0,0,67.11
28 Days,2000,4,April,43.0,,44.52,37.2,25.0,0,,0,1,0,Major Studio,Comedy,0,0,0,294.46
Good Kill,2015,4,April,,0.32,2.26,16.6,25.0,0,,0,0,0,Mid-size Studio,Action,0,0,0,68.48
The Devil's Double,2011,2,February,19.1,5.73,6.83,9.5,40.0,0,1.0,0,0,0,Mid-size Studio,Action,0,0,0,162.88
Somewhere,2010,9,September,8.0,,4.98,4.8,45.0,0,,0,0,0,Mid-size Studio,Comedy,0,0,0,60.47
Take Me Home Tonight,2011,3,March,19.0,6.93,8.8,8.0,40.0,0,1.0,0,0,0,Mid-size Studio,Comedy,0,0,0,0.12
Chariots of Fire,1981,5,May,5.5,58.97,36.89,4.5,25.0,1,0.0,0,1,0,Major Studio,Other,0,0,0,51.75
The Celebration,1998,5,May,1.3,,23.76,2.1,25.0,0,,0,0,0,Mid-size Studio,Other,0,0,0,16.8
The Last Legion,2007,4,April,67.0,25.3,31.72,25.3,0.0,0,1.0,0,0,0,Mid-size Studio,Action,0,0,0,51.75
A Bridge Too Far,1977,6,June,22.0,50.75,47.83,26.4,40.0,0,0.0,0,0,0,Mid-size Studio,Other,0,0,0,77.74
"Paris, je t'aime",2006,5,May,13.0,4.86,14.49,6.8,40.0,0,1.0,0,0,0,Mid-size Studio,Other,0,0,0,9.73
Ladder 49,2004,10,October,60.0,74.54,39.28,49.8,25.0,1,0.0,0,0,0,Mid-size Studio,Action,0,0,0,51.75
11:14,2003,5,May,6.0,,6.11,4.7,25.0,0,,0,0,0,Mid-size Studio,Other,0,0,0,51.75
Blood Work,2002,8,August,50.0,26.2,52.21,66.4,25.0,0,1.0,1,1,0,Major Studio,Other,0,0,0,130.83
Gridiron Gang,2006,9,September,30.0,41.48,29.01,11.8,45.0,0,0.0,0,1,0,Major Studio,Action,0,0,0,51.75
2046,2004,5,May,12.0,19.27,15.81,7.2,40.0,0,0.0,0,0,0,Mid-size Studio,Other,0,0,0,42.93
Red Sonja,1985,4,April,17.9,6.95,22.32,21.4,15.0,0,1.0,0,0,0,Mid-size Studio,Action,0,1,0,52.58
Rendition,2007,9,September,27.5,24.75,29.0,9.8,45.0,0,1.0,0,0,0,Mid-size Studio,Other,0,0,0,169.49
The General's Daughter,1999,6,June,60.0,149.71,67.74,73.5,25.0,1,0.0,1,1,0,Major Studio,Other,0,0,0,155.24
DOA: Dead or Alive,2006,9,September,21.0,0.48,2.05,6.9,35.0,0,1.0,0,0,0,Mid-size Studio,Action,0,0,0,51.75
Instructions Not Included,2013,7,July,5.5,99.07,12.16,2.3,25.0,1,0.0,0,0,0,Mid-size Studio,Comedy,0,0,0,51.75
Red Cliff,2008,7,July,80.34,127.81,62.95,65.7,25.0,1,0.0,1,0,0,Mid-size Studio,Action,0,0,0,223.25
Striptease,1996,6,June,50.0,113.31,63.96,74.5,25.0,1,0.0,1,1,0,Major Studio,Other,0,0,0,3.0
Baby Mama,2008,4,April,30.0,63.83,41.41,21.0,0.0,1,0.0,0,0,0,Mid-size Studio,Comedy,0,0,0,51.75
The Reaping,2007,4,April,40.0,62.77,55.75,53.6,0.0,1,0.0,1,1,0,Major Studio,Other,0,0,0,63.05
History of the World: Part I,1981,6,June,11.0,31.67,40.14,19.1,15.0,0,0.0,0,1,0,Major Studio,Comedy,0,0,0,68.74
Dragonfly,2002,2,February,60.0,52.32,42.02,59.4,25.0,1,1.0,1,1,0,Major Studio,Other,0,0,0,212.81
Mr. Turner,2014,10,October,,5.41,2.57,8.9,25.0,0,,0,0,0,Mid-size Studio,Other,0,0,0,18.12
Curse of the Golden Flower,2006,12,December,0.0,,0.92,3.9,25.0,0,,0,0,0,Mid-size Studio,Action,0,0,0,95.31
The Brothers Bloom,2008,9,September,20.0,5.53,11.58,5.2,60.0,0,1.0,0,0,0,Mid-size Studio,Comedy,0,0,0,47.04
The Last Exorcism Part II,2013,2,February,5.0,15.18,30.84,3.9,0.0,0,0.0,0,0,0,Mid-size Studio,Other,0,0,0,51.75
The Cave,2005,8,August,30.0,15.01,16.31,9.5,0.0,0,1.0,0,0,0,Mid-size Studio,Action,0,0,0,51.75
Wyatt Earp,1994,6,June,63.0,25.05,32.12,37.8,25.0,0,1.0,0,1,0,Major Studio,Action,0,0,0,75.72
Hotel for Dogs,2009,1,January,35.0,73.03,59.76,44.1,20.0,1,0.0,0,0,0,Mid-size Studio,Comedy,1,0,0,125.14
The Remains of the Day,1993,11,November,11.5,23.24,41.22,13.9,40.0,0,0.0,0,1,0,Major Studio,Other,0,0,0,16.47
Sleep Tight,2011,10,October,5.0,,19.1,2.7,0.0,0,,0,0,0,Mid-size Studio,Other,0,0,0,24.46
The Last Temptation of Christ,1988,8,August,7.0,8.37,13.33,9.7,25.0,0,0.0,0,1,0,Major Studio,Other,0,0,0,121.77
Boiler Room,2000,2,February,26.0,28.78,43.25,12.8,25.0,0,0.0,0,1,0,Major Studio,Other,0,0,0,51.75
The Glass House,2001,9,September,30.0,23.62,34.45,8.7,45.0,0,1.0,0,0,0,Mid-size Studio,Other,0,0,0,51.75
Duplicity,2009,3,March,78.15,60.0,57.35,64.3,0.0,1,1.0,1,1,0,Major Studio,Comedy,0,0,0,184.78
One Direction: This Is Us,2013,8,August,10.0,,28.65,4.6,15.0,0,,0,1,0,Major Studio,Other,0,0,0,14.6
Sleeper,1973,12,December,2.0,18.34,7.1,3.8,0.0,0,0.0,0,0,0,Mid-size Studio,Comedy,0,0,0,59.16
Control,2007,9,September,,8.16,5.96,3.3,45.0,0,,0,0,0,Mid-size Studio,Other,0,0,0,48.51
Mars Needs Moms,2011,3,March,150.0,38.99,58.32,60.0,0.0,0,1.0,1,0,0,Mid-size Studio,Animation,1,0,0,171.17
Anacondas: The Hunt for the Blood Orchid,2004,8,August,20.0,70.99,18.37,6.2,15.0,1,0.0,0,0,0,Mid-size Studio,Action,0,0,0,17.77
House of Sand and Fog,2003,12,December,16.5,16.94,31.53,9.9,40.0,0,0.0,0,0,0,Mid-size Studio,Other,0,0,0,51.75
Bound,1996,9,September,4.5,7.01,8.52,5.6,45.0,0,0.0,0,0,0,Mid-size Studio,Other,0,0,0,381.01
Breakdown,1997,5,May,36.0,50.16,41.09,11.6,25.0,0,0.0,0,1,0,Major Studio,Action,0,0,0,228.37
Original Sin,2001,8,August,42.0,35.4,44.19,22.9,25.0,0,1.0,0,0,0,Mid-size Studio,Other,0,0,0,51.75
A Night at the Roxbury,1998,10,October,17.0,30.33,23.77,6.0,15.0,0,0.0,0,1,0,Major Studio,Comedy,0,0,0,51.75
The Mighty Ducks,1992,10,October,10.0,50.75,43.75,10.8,15.0,0,0.0,0,0,0,Mid-size Studio,Comedy,0,0,0,45.15
"I Love You, Beth Cooper",2009,7,July,18.0,,29.62,17.7,15.0,0,,0,0,0,Mid-size Studio,Comedy,0,0,0,358.99
The Divide,2011,3,March,3.0,0.02,0.38,3.6,0.0,0,1.0,0,0,0,Mid-size Studio,Other,0,0,0,99.97
The Lawnmower Man,1992,3,March,10.0,32.1,26.97,7.5,15.0,0,0.0,0,1,0,Major Studio,Other,0,0,0,24.05
Anna and the King,1999,12,December,75.0,,58.7,38.3,25.0,0,,0,0,0,Mid-size Studio,Other,0,0,0,136.0
Big Fat Liar,2002,2,February,15.0,52.97,40.84,57.2,15.0,1,0.0,1,1,0,Major Studio,Comedy,0,0,0,240.62
Harsh Times,2005,9,September,2.0,5.97,5.03,6.0,45.0,0,0.0,0,0,0,Mid-size Studio,Action,0,0,0,217.6
8 Women,2002,1,January,8.0,,22.73,6.1,20.0,0,,0,0,0,Mid-size Studio,Comedy,0,0,0,22.44
Sarah's Key,2010,9,September,10.0,17.51,15.11,3.1,60.0,0,0.0,0,0,0,Mid-size Studio,Other,0,0,0,51.75
Friday the 13th: A New Beginning,1985,3,March,2.2,21.93,22.81,2.9,0.0,0,0.0,0,1,0,Major Studio,Other,0,0,0,51.75
Message in a Bottle,1999,2,February,80.0,118.88,73.75,56.8,25.0,1,0.0,1,0,0,Mid-size Studio,Other,0,0,0,29.7
Go,1999,4,April,6.5,28.45,14.24,5.1,0.0,0,0.0,0,1,0,Major Studio,Comedy,0,0,0,218.95
I'm Not There.,2007,10,October,20.0,4.0,9.61,8.5,40.0,0,1.0,0,0,0,Mid-size Studio,Other,0,0,0,15.04
Grace of Monaco,2014,5,May,30.0,,24.59,9.4,25.0,0,,0,0,0,Mid-size Studio,Other,0,0,0,51.75
Transsiberian,2008,1,January,15.0,5.93,11.05,8.8,35.0,0,1.0,0,0,0,Mid-size Studio,Other,0,0,0,25.72
Defendor,2009,9,September,3.5,0.04,0.48,2.3,45.0,0,1.0,0,0,0,Mid-size Studio,Action,0,1,0,51.75
The American President,1995,11,November,62.0,107.88,68.37,39.3,25.0,1,0.0,0,1,0,Major Studio,Comedy,0,0,0,77.32
Our Brand Is Crisis,2015,9,September,28.0,7.0,26.89,13.0,45.0,0,1.0,0,0,0,Mid-size Studio,Comedy,0,0,0,33.09
Happiness,1998,10,October,3.0,2.81,4.96,4.6,25.0,0,1.0,0,0,0,Mid-size Studio,Comedy,0,0,0,0.74
The Fan,1996,8,August,55.0,18.63,38.21,47.1,25.0,0,1.0,0,0,0,Mid-size Studio,Other,0,0,0,168.12
"The Good, The Bad, The Weird",2008,7,July,10.0,,24.68,5.6,40.0,0,,0,0,0,Mid-size Studio,Action,0,0,0,51.75
Jason Goes to Hell: The Final Friday,1993,8,August,3.0,15.94,12.71,2.7,0.0,0,0.0,0,1,0,Major Studio,Other,0,0,0,51.75
Christmas with the Kranks,2004,11,November,60.0,,35.81,27.1,0.0,0,,0,1,0,Major Studio,Comedy,0,0,0,51.75
Stone,2010,10,October,22.0,9.48,13.21,6.0,40.0,0,1.0,0,0,0,Mid-size Studio,Other,0,0,0,51.75
Friday the 13th Part VII: The New Blood,1988,5,May,2.8,19.17,18.63,2.9,0.0,0,0.0,0,1,0,Major Studio,Other,0,0,0,51.75
Hang 'em High,1968,7,July,1.8,6.8,8.21,4.3,25.0,0,0.0,0,0,0,Mid-size Studio,Other,0,0,0,19.0
Cypher,2002,10,October,7.5,,7.43,3.4,0.0,0,,0,0,0,Mid-size Studio,Other,0,0,0,0.5
Extract,2009,9,September,8.0,10.85,12.91,4.4,20.0,0,0.0,0,0,0,Mid-size Studio,Comedy,1,0,0,6.66
Friday the 13th Part VIII: Jason Takes Manhattan,1989,7,July,5.0,14.0,18.95,4.0,0.0,0,0.0,0,1,0,Major Studio,Other,0,0,0,51.75
Bubba Ho-tep,2002,6,June,1.0,,25.16,2.6,0.0,0,,0,0,0,Mid-size Studio,Comedy,0,0,0,10.67
Because I Said So,2007,2,February,,69.49,34.17,33.3,0.0,1,,0,1,0,Major Studio,Comedy,0,0,0,17.22
Boogeyman,2005,2,February,20.0,67.19,26.07,10.8,40.0,1,0.0,0,0,0,Mid-size Studio,Other,0,0,0,19.41
Bait,2012,9,September,30.0,,28.35,7.2,20.0,0,,0,0,0,Mid-size Studio,Action,0,0,0,51.75
15 Minutes,2001,3,March,60.0,56.36,50.76,64.3,0.0,1,1.0,1,1,0,Major Studio,Action,0,0,0,0.41
Diary of the Dead,2007,9,September,2.0,5.36,4.44,3.6,20.0,0,0.0,0,0,0,Mid-size Studio,Action,0,0,0,32.95
The Andromeda Strain,1971,3,March,6.5,12.38,24.29,8.2,0.0,0,0.0,0,1,0,Major Studio,Other,0,0,0,156.29
Quest for Camelot,1998,5,May,40.0,38.17,41.04,16.7,25.0,0,1.0,0,1,0,Major Studio,Animation,0,0,0,93.77
My Blueberry Nights,2007,5,May,10.0,21.79,19.15,4.7,40.0,0,0.0,0,0,0,Mid-size Studio,Other,0,0,0,41.67
Rock Star,2001,9,September,57.0,16.99,41.61,23.9,45.0,0,1.0,0,1,0,Major Studio,Comedy,0,0,0,53.6
Away We Go,2009,6,June,17.0,14.9,20.31,7.0,40.0,0,1.0,0,0,0,Mid-size Studio,Comedy,0,0,0,449.77
Thirteen Days,2000,12,December,80.0,34.57,59.3,23.8,25.0,0,1.0,0,1,0,Major Studio,Other,0,0,0,79.5
Much Ado About Nothing,1993,5,May,8.0,,42.13,7.4,25.0,0,,0,0,0,Mid-size Studio,Comedy,0,0,0,449.33
Raising Helen,2004,5,May,50.0,49.72,58.47,25.3,25.0,0,1.0,0,0,0,Mid-size Studio,Comedy,0,0,0,231.91
The Hunted,2003,3,March,55.0,34.23,32.11,18.1,25.0,0,1.0,0,0,0,Mid-size Studio,Action,0,0,0,101.6
The Oxford Murders,2008,1,January,14.1,,14.56,8.3,35.0,0,,0,0,0,Mid-size Studio,Other,0,0,0,51.75
The Majestic,2001,12,December,72.0,37.32,55.96,21.9,25.0,0,1.0,0,1,0,Major Studio,Other,0,0,0,123.35
Stuck on You,2003,12,December,55.0,33.83,32.15,17.2,0.0,0,1.0,0,1,0,Major Studio,Comedy,0,0,0,130.44
Obvious Child,2014,6,June,,3.12,1.17,3.9,0.0,0,,0,0,0,Mid-size Studio,Comedy,0,0,0,51.75
Deconstructing Harry,1997,8,August,20.0,10.69,9.88,7.3,40.0,0,1.0,0,0,0,Mid-size Studio,Comedy,0,0,0,59.86
The Flowers of War,2011,12,December,94.0,95.31,65.57,48.1,25.0,1,0.0,0,0,0,Mid-size Studio,Other,0,0,0,135.13
Miracles from Heaven,2016,3,March,16.0,77.0,14.2,8.1,40.0,1,0.0,0,0,0,Mid-size Studio,Other,0,0,0,24.11
Get Rich or Die Tryin',2005,11,November,40.0,46.44,48.12,12.7,25.0,0,0.0,0,1,0,Major Studio,Other,0,0,0,40.91
We Are Marshall,2006,12,December,65.0,43.55,40.54,22.8,25.0,0,1.0,0,1,0,Major Studio,Other,0,0,0,220.84
Snow Dogs,2002,1,January,33.0,,60.66,35.5,20.0,0,,0,1,0,Major Studio,Comedy,0,0,0,97.92
Little Boy,2015,4,April,20.0,6.42,16.57,6.4,40.0,0,1.0,0,0,0,Mid-size Studio,Comedy,0,0,0,51.75
Ice Princess,2005,3,March,25.0,27.65,44.05,11.0,25.0,0,0.0,0,1,0,Major Studio,Comedy,0,0,0,51.75
"Sex, Lies, and Videotape",1989,8,August,1.2,,27.93,3.5,25.0,0,,0,0,0,Mid-size Studio,Other,0,0,0,107.65
Teenage Mutant Ninja Turtles III,1993,3,March,21.0,42.0,31.76,16.2,15.0,0,0.0,0,1,0,Major Studio,Action,0,0,0,51.75
High Crimes,2002,4,April,42.0,63.78,56.57,41.9,25.0,1,0.0,0,1,0,Major Studio,Other,0,0,0,55.5
Danny Collins,2015,3,March,10.0,10.84,15.86,8.1,40.0,0,0.0,0,0,0,Mid-size Studio,Comedy,0,0,0,51.75
Pontypool,2009,3,March,1.5,0.03,5.47,2.4,0.0,0,1.0,0,0,0,Mid-size Studio,Other,0,0,0,51.75
Exorcist: The Beginning,2004,8,August,80.0,78.0,52.98,59.1,0.0,1,1.0,1,0,0,Mid-size Studio,Other,0,0,0,68.11
Don Juan DeMarco,1994,10,October,25.0,22.2,24.46,6.7,25.0,0,1.0,0,1,0,Major Studio,Comedy,0,0,0,51.75
Porky's,1981,11,November,4.0,125.73,56.56,13.5,0.0,1,0.0,0,0,0,Mid-size Studio,Comedy,1,0,0,21.62
Halloween 5: The Revenge of Michael Myers,1989,10,October,5.0,11.64,16.88,3.5,0.0,0,0.0,0,0,0,Mid-size Studio,Other,0,0,0,51.75
Bringing Down the House,2003,3,March,20.0,132.68,28.09,15.3,15.0,1,0.0,0,0,0,Mid-size Studio,Comedy,0,0,0,105.84
Idle Hands,1999,4,April,25.0,4.15,10.51,7.2,0.0,0,1.0,0,0,0,Mid-size Studio,Comedy,0,0,0,51.75
Fever Pitch,2005,4,April,30.0,50.45,38.18,13.5,25.0,0,0.0,0,0,0,Mid-size Studio,Comedy,0,0,0,128.78
No Good Deed,2014,9,September,13.2,53.83,32.92,24.3,35.0,1,0.0,0,0,0,Mid-size Studio,Other,0,0,0,51.75
The Good Girl,2002,1,January,8.0,16.86,11.17,6.2,45.0,0,0.0,0,0,0,Mid-size Studio,Comedy,0,0,0,53.76
Two Brothers,2004,4,April,74.5,62.17,36.6,28.0,25.0,1,1.0,0,0,0,Mid-size Studio,Other,0,0,0,94.56
My Boss's Daughter,2003,8,August,14.0,,22.65,18.8,15.0,0,,0,0,0,Mid-size Studio,Comedy,0,0,0,132.6
Love Happens,2009,9,September,18.0,36.13,21.37,4.6,60.0,0,0.0,0,1,0,Major Studio,Other,0,0,0,51.75
Basic Instinct 2,2006,3,March,70.0,38.63,43.31,38.7,0.0,0,1.0,0,0,0,Mid-size Studio,Other,0,0,0,71.12
I Am Wrath,2016,4,April,18.0,,23.09,10.9,40.0,0,,0,0,0,Mid-size Studio,Action,0,0,0,203.81
Driven,2001,4,April,94.0,54.74,32.42,52.9,0.0,1,1.0,1,0,0,Mid-size Studio,Action,0,0,0,69.77
MacGruber,2010,5,May,10.0,6.11,13.88,4.7,15.0,0,1.0,0,0,0,Mid-size Studio,Action,1,0,0,51.75
Birth,2004,9,September,20.0,,29.89,6.0,60.0,0,,0,1,0,Major Studio,Other,0,0,0,5.38
Very Bad Things,1998,9,September,30.0,9.9,17.59,10.4,20.0,0,1.0,0,0,0,Mid-size Studio,Comedy,0,0,0,248.79
Hard Rain,1998,1,January,70.0,19.87,21.99,19.3,20.0,0,1.0,0,1,0,Major Studio,Other,0,0,0,51.75
The Sessions,2012,5,May,1.0,9.14,6.25,2.2,25.0,0,0.0,0,0,0,Mid-size Studio,Comedy,0,0,0,51.75
The Birth of a Nation,2016,9,September,8.5,15.86,10.42,3.1,60.0,0,0.0,0,0,0,Mid-size Studio,Other,0,0,0,51.75
3000 Miles to Graceland,2001,2,February,62.0,18.72,51.23,33.2,0.0,0,1.0,0,1,0,Major Studio,Action,1,0,0,51.75
Police Academy: Mission to Moscow,1994,6,June,,0.13,14.55,7.6,0.0,0,,0,1,0,Major Studio,Comedy,0,0,0,51.75
Red Tails,2012,1,January,58.0,50.37,43.25,24.3,45.0,0,1.0,0,1,0,Major Studio,Action,0,0,0,51.75
Imagine Me & You,2005,2,February,,2.46,1.59,5.2,25.0,0,,0,0,0,Mid-size Studio,Comedy,0,0,0,51.75
Half Baked,1998,1,January,8.0,17.46,24.62,4.8,20.0,0,0.0,0,1,0,Major Studio,Comedy,0,0,0,61.14
The Three Burials of Melquiades Estrada,2005,11,November,15.0,12.04,13.17,8.3,40.0,0,1.0,0,0,0,Mid-size Studio,Other,0,0,0,3.44
World's Greatest Dad,2009,8,August,10.0,0.3,3.5,3.8,15.0,0,1.0,0,0,0,Mid-size Studio,Comedy,0,0,0,51.75
In & Out,1997,9,September,35.0,,50.65,15.1,20.0,0,,0,1,0,Major Studio,Comedy,0,0,0,54.91
Silent Running,1972,3,March,1.0,,27.13,2.1,25.0,0,,0,1,0,Major Studio,Other,0,0,0,51.75
Nine 1/2 Weeks,1986,2,February,17.0,6.74,46.33,18.0,40.0,0,1.0,0,0,0,Mid-size Studio,Other,0,0,0,177.4
Sorority Row,2009,9,September,12.5,27.21,21.09,5.3,35.0,0,0.0,0,0,0,Mid-size Studio,Other,0,0,0,51.75
The Ice Storm,1997,9,September,18.0,8.04,9.16,7.8,60.0,0,1.0,0,0,0,Mid-size Studio,Other,0,0,0,230.26
The Crying Game,1992,9,September,3.71,62.55,25.58,9.6,45.0,1,0.0,0,0,0,Mid-size Studio,Other,0,0,0,63.26
Kicking & Screaming,2005,5,May,45.0,56.07,45.67,29.9,0.0,1,0.0,0,1,0,Major Studio,Comedy,0,0,0,131.3
To Die For,1995,5,May,20.0,21.28,20.95,7.4,40.0,0,0.0,0,0,0,Mid-size Studio,Comedy,0,0,0,92.18
Nothing to Lose,1997,7,July,25.0,,29.94,10.6,0.0,0,,0,0,0,Mid-size Studio,Action,1,0,0,142.58
The Class,2008,9,September,,28.81,10.51,5.4,45.0,0,,0,0,0,Mid-size Studio,Other,0,0,0,51.75
Alone in the Dark,2005,1,January,20.0,10.44,12.27,10.8,35.0,0,1.0,0,0,0,Mid-size Studio,Action,0,0,0,2.41
Menace II Society,1993,5,May,3.5,27.9,16.1,3.1,25.0,0,0.0,0,1,0,Major Studio,Action,0,0,0,115.83
The 51st State,2001,12,December,0.0,0.0,0.0,4.5,0.0,0,1.0,0,0,0,Mid-size Studio,Action,0,0,0,82.79
Reindeer Games,2000,2,February,42.0,32.17,42.56,16.6,0.0,0,1.0,0,0,0,Mid-size Studio,Other,0,0,0,38.01
The Killer Inside Me,2010,2,February,13.0,,21.67,9.9,40.0,0,,0,0,0,Mid-size Studio,Other,0,0,0,18.93
Firestarter,1984,5,May,15.0,17.08,28.15,13.8,40.0,0,0.0,0,1,0,Major Studio,Action,0,0,0,29.89
Zulu,2013,12,December,16.0,,4.93,6.8,40.0,0,,0,0,0,Mid-size Studio,Other,0,0,0,51.75
Beerfest,2006,8,August,17.5,19.18,23.06,10.9,15.0,0,0.0,0,0,0,Mid-size Studio,Comedy,0,0,0,44.77
Blood Ties,2013,8,August,25.5,2.42,4.55,7.9,25.0,0,1.0,0,0,0,Mid-size Studio,Other,0,0,0,48.53
One Missed Call,2008,1,January,20.0,,28.98,7.3,35.0,0,,0,0,0,Mid-size Studio,Other,0,0,0,51.75
Halloween: The Curse of Michael Myers,1995,9,September,5.0,15.12,16.74,3.5,20.0,0,0.0,0,0,0,Mid-size Studio,Other,0,0,0,51.75
The Age of Innocence,1993,9,September,34.0,32.26,31.79,16.9,45.0,0,1.0,0,1,0,Major Studio,Other,0,0,0,120.27
A Hard Day's Night,1964,7,July,0.56,12.3,12.37,4.6,0.0,0,0.0,0,0,0,Mid-size Studio,Comedy,0,0,0,133.15
Fortress,1992,9,September,8.0,6.74,13.27,2.5,20.0,0,1.0,0,1,0,Major Studio,Action,0,0,0,51.75
Beavis and Butt-Head Do America,1996,12,December,12.0,,39.3,11.5,15.0,0,,0,1,0,Major Studio,Animation,0,0,0,10.85
The Rules of Attraction,2002,10,October,4.0,,13.09,3.2,25.0,0,,0,0,0,Mid-size Studio,Comedy,0,0,0,0.42
Cursed,2005,2,February,35.0,19.29,38.64,15.7,0.0,0,1.0,0,0,0,Mid-size Studio,Comedy,0,0,0,82.83
Capitalism: A Love Story,2009,9,September,20.0,17.44,25.71,10.0,35.0,0,1.0,0,0,0,Mid-size Studio,Other,0,0,0,46.48
Samsara,2011,9,September,4.0,,15.55,2.1,45.0,0,,0,0,0,Mid-size Studio,Other,0,0,0,51.75
The Protector,2005,8,August,6.0,27.17,18.31,2.4,25.0,0,0.0,0,0,0,Mid-size Studio,Action,0,0,0,51.75
Young Sherlock Holmes,1985,12,December,18.0,,42.3,17.3,40.0,0,,0,1,0,Major Studio,Action,1,0,0,67.63
Love the Coopers,2015,11,November,17.0,24.0,24.63,17.6,15.0,0,0.0,0,0,0,Mid-size Studio,Comedy,0,0,0,92.54
Prom Night,2008,4,April,,14.8,7.47,5.4,0.0,0,,0,0,0,Mid-size Studio,Other,0,0,0,51.75
The World's Fastest Indian,2005,10,October,25.0,,23.37,6.0,25.0,0,,0,0,0,Mid-size Studio,Other,0,0,0,49.69
Buffalo '66,1998,1,January,1.5,2.38,2.2,3.1,75.0,0,0.0,0,0,1,Independent,Comedy,0,0,0,51.75
Edtv,1999,3,March,80.0,,64.45,28.5,0.0,0,,0,1,0,Major Studio,Comedy,0,0,0,309.49
Hollywood Homicide,2003,6,June,75.0,51.14,51.92,48.5,0.0,0,1.0,0,1,0,Major Studio,Action,0,0,0,23.84
The First Wives Club,1996,9,September,26.0,116.4,50.75,25.5,20.0,1,0.0,0,0,0,Mid-size Studio,Comedy,0,0,0,93.23
Bananas,1971,4,April,2.0,11.83,9.39,4.1,0.0,0,0.0,0,0,0,Mid-size Studio,Comedy,0,0,0,59.75
Nine,2009,12,December,80.0,53.83,34.94,58.1,25.0,1,1.0,1,0,0,Mid-size Studio,Other,1,0,0,431.91
Rabbit Hole,2010,12,December,5.0,5.13,8.17,2.9,25.0,0,0.0,0,0,0,Mid-size Studio,Other,0,0,0,5.18
Cat on a Hot Tin Roof,1958,2,February,3.0,17.57,14.57,3.7,25.0,0,0.0,0,0,0,Mid-size Studio,Other,0,0,0,11.7
And So It Goes,2014,7,July,18.0,25.31,14.83,10.3,40.0,0,0.0,0,0,0,Mid-size Studio,Comedy,0,0,0,86.5
Freeheld,2015,10,October,7.0,0.57,4.87,2.7,25.0,0,1.0,0,0,0,Mid-size Studio,Other,0,0,0,17.9
The Muppet Movie,1979,5,May,,76.66,20.13,12.8,0.0,1,,0,0,0,Mid-size Studio,Comedy,1,0,0,51.75
Celeste & Jesse Forever,2012,8,August,,3.09,4.45,6.1,25.0,0,,0,0,0,Mid-size Studio,Comedy,0,0,0,65.66
Virtuosity,1995,8,August,30.0,24.05,27.46,14.6,0.0,0,1.0,0,1,0,Major Studio,Action,0,0,0,32.1
The Marine,2006,10,October,20.0,22.17,16.77,6.3,40.0,0,0.0,0,1,0,Major Studio,Action,0,0,0,51.75
Dolphin Tale,2011,9,September,37.0,95.4,45.02,49.2,45.0,1,0.0,0,0,0,Mid-size Studio,Other,0,0,0,37.78
Weekend,2011,9,September,0.01,0.47,0.43,2.4,45.0,0,0.0,0,0,0,Mid-size Studio,Other,0,0,0,51.75
Take the Lead,2006,3,March,30.0,34.74,30.91,8.5,0.0,0,0.0,0,1,0,Major Studio,Other,0,0,0,51.75
An Unfinished Life,2005,9,September,30.0,18.62,19.67,7.6,45.0,0,1.0,0,0,0,Mid-size Studio,Other,0,0,0,77.65
Wonder Boys,2000,2,February,35.0,,28.65,12.7,25.0,0,,0,1,0,Major Studio,Comedy,0,0,0,65.99
Twilight Zone: The Movie,1983,6,June,10.0,29.45,39.97,12.6,40.0,0,0.0,0,1,0,Major Studio,Other,0,0,0,350.69
The Howling,1981,4,April,1.0,17.99,23.44,4.3,25.0,0,0.0,0,0,0,Mid-size Studio,Other,0,0,0,79.44
Feast,2005,10,October,,0.66,1.53,3.3,0.0,0,,0,0,0,Mid-size Studio,Action,1,0,0,51.75
Our Kind of Traitor,2016,5,May,,9.93,2.56,5.9,0.0,0,,0,0,0,Mid-size Studio,Other,0,0,0,93.25
Win a Date with Tad Hamilton!,2004,1,January,17.0,16.98,10.69,16.0,35.0,0,1.0,0,0,0,Mid-size Studio,Comedy,0,0,0,133.96
Spellbound,1945,12,December,1.5,7.0,10.29,4.4,25.0,0,0.0,0,0,0,Mid-size Studio,Other,0,0,0,12.07
In the Land of Women,2007,4,April,10.0,17.5,20.65,4.3,40.0,0,0.0,0,0,0,Mid-size Studio,Comedy,0,0,0,51.75
Keeping the Faith,2000,4,April,30.0,37.04,35.48,10.3,0.0,0,0.0,0,0,0,Mid-size Studio,Comedy,0,0,0,51.75
Blue Crush,2002,8,August,25.0,51.84,46.16,28.1,0.0,1,0.0,0,1,0,Major Studio,Other,0,0,0,30.68
Miracle,2004,2,February,28.0,64.45,50.13,41.8,25.0,1,0.0,0,0,0,Mid-size Studio,Other,1,0,0,14.22
The Four Feathers,2002,9,September,35.0,29.88,35.47,10.4,45.0,0,1.0,0,1,0,Major Studio,Other,0,0,0,78.19
Mongol: The Rise of Genghis Khan,2007,9,September,18.0,26.53,21.56,5.2,60.0,0,0.0,0,0,0,Mid-size Studio,Other,0,0,0,114.18
Frenzy,1972,5,May,3.5,12.6,19.42,3.9,25.0,0,0.0,0,1,0,Major Studio,Other,0,0,0,11.27
The Secret Life of Bees,2008,9,September,11.0,38.11,29.44,7.5,35.0,0,0.0,0,1,0,Major Studio,Other,0,0,0,21.17
American Heist,2014,9,September,10.0,,42.44,4.6,35.0,0,,0,0,0,Mid-size Studio,Action,0,0,0,51.75
Crossroads,2002,2,February,12.0,61.14,51.28,49.7,40.0,1,0.0,0,1,0,Major Studio,Action,0,0,0,17.46
Get on Up,2014,8,August,,31.91,5.3,16.4,25.0,0,,0,0,0,Mid-size Studio,Other,0,0,0,124.27
"20,000 Leagues Under the Sea",1954,12,December,5.0,28.2,26.64,6.2,25.0,0,0.0,0,0,0,Mid-size Studio,Other,0,0,0,45.5
The Assassin,2015,8,August,15.0,0.63,4.83,5.0,40.0,0,1.0,0,0,0,Mid-size Studio,Action,0,0,0,51.75
Wicker Park,2004,9,September,30.0,13.0,25.81,8.3,45.0,0,1.0,0,0,0,Mid-size Studio,Other,0,0,0,45.27
Dressed to Kill,1980,6,June,6.5,31.9,24.69,5.1,0.0,0,0.0,0,0,0,Mid-size Studio,Other,0,0,0,80.85
A Lonely Place to Die,2011,4,April,4.0,25.34,7.44,2.3,0.0,0,0.0,0,0,0,Mid-size Studio,Action,0,0,0,51.75
The Baader Meinhof Complex,2008,9,September,27.0,,28.37,9.8,45.0,0,,0,0,0,Mid-size Studio,Action,0,0,0,13.56
Midnight in the Garden of Good and Evil,1997,11,November,35.0,25.11,27.55,15.3,25.0,0,1.0,0,1,0,Major Studio,Other,0,0,0,130.89
The Skulls,2000,3,March,15.0,35.01,27.59,11.7,40.0,0,0.0,0,1,0,Major Studio,Other,0,0,0,165.01
The Rocker,2008,8,August,15.0,8.76,15.04,16.0,15.0,0,1.0,0,0,0,Mid-size Studio,Comedy,0,0,0,129.0
By the Sea,2015,11,November,10.0,3.73,7.85,6.7,40.0,0,1.0,0,0,0,Mid-size Studio,Other,0,0,0,81.87
A Room with a View,1985,12,December,3.0,20.97,30.45,5.3,25.0,0,0.0,0,0,0,Mid-size Studio,Other,0,0,0,17.23
"4 Months, 3 Weeks and 2 Days",2007,8,August,0.85,1.19,1.65,2.1,25.0,0,0.0,0,0,0,Mid-size Studio,Other,0,0,0,51.75
Ask Me Anything,2014,4,April,0.95,,2.36,2.7,25.0,0,,0,0,0,Mid-size Studio,Other,0,0,0,51.75
Rent,2005,11,November,40.0,31.67,40.57,13.2,25.0,0,1.0,0,1,0,Major Studio,Other,0,0,0,461.75
Where the Heart Is,2000,4,April,15.0,33.77,31.81,10.3,40.0,0,0.0,0,1,0,Major Studio,Comedy,0,0,0,51.75
Stay Alive,2006,3,March,9.0,27.11,23.79,5.4,15.0,0,0.0,0,0,0,Mid-size Studio,Other,0,0,0,82.97
Judgment at Nuremberg,1961,12,December,3.0,10.0,14.03,8.3,25.0,0,0.0,0,0,0,Mid-size Studio,Other,0,0,0,60.0
Multiplicity,1996,7,July,45.0,,43.75,27.7,0.0,0,,0,0,0,Mid-size Studio,Comedy,0,0,0,62.36
Deep Rising,1998,1,January,45.0,11.2,16.35,11.4,20.0,0,1.0,0,0,0,Mid-size Studio,Action,0,0,0,367.74
Saving Silverman,2001,2,February,22.0,19.35,22.38,14.6,15.0,0,1.0,0,1,0,Major Studio,Comedy,1,0,0,194.37
Two Lovers,2008,11,November,12.0,3.15,11.53,5.4,40.0,0,1.0,0,0,0,Mid-size Studio,Other,0,0,0,30.4
Justin Bieber: Never Say Never,2011,2,February,13.0,98.44,76.58,50.6,15.0,1,0.0,1,0,0,Mid-size Studio,Other,1,0,0,254.22
The Wind That Shakes the Barley,2006,5,May,6.5,22.89,4.18,3.5,25.0,0,0.0,0,0,0,Mid-size Studio,Other,0,0,0,51.75
Swimming Pool,2003,5,May,7.8,22.44,11.96,2.7,0.0,0,0.0,0,0,0,Mid-size Studio,Other,0,0,0,51.75
Employee of the Month,2006,10,October,12.0,38.37,12.1,8.0,15.0,0,0.0,0,0,0,Mid-size Studio,Comedy,0,0,0,51.75
Nine Queens,2000,8,August,1.5,,17.52,2.6,25.0,0,,0,0,0,Mid-size Studio,Other,0,0,0,51.75
Return to the Blue Lagoon,1991,8,August,11.0,2.81,11.22,7.2,40.0,0,1.0,0,0,0,Mid-size Studio,Other,0,0,0,51.75
Antitrust,2001,1,January,30.0,18.2,23.88,11.6,45.0,0,1.0,0,0,0,Mid-size Studio,Action,0,0,0,82.87
Southland Tales,2006,5,May,17.0,0.37,2.04,12.2,40.0,0,1.0,0,1,0,Major Studio,Action,0,0,0,17.3
Big Miracle,2012,2,February,40.0,24.72,26.54,10.6,25.0,0,1.0,0,1,0,Major Studio,Other,1,0,0,95.21
May,2002,1,January,0.5,0.15,0.67,2.4,45.0,0,1.0,0,0,0,Mid-size Studio,Other,0,0,0,51.75
Ong Bak 2,2008,12,December,8.5,8.94,22.81,3.7,15.0,0,0.0,0,0,0,Mid-size Studio,Action,0,0,0,51.75
Chasing Liberty,2004,1,January,23.0,0.0,0.01,7.0,35.0,0,1.0,0,0,0,Mid-size Studio,Comedy,0,0,0,51.75
The Damned United,2009,3,March,10.0,,13.33,5.1,40.0,0,,0,0,0,Mid-size Studio,Other,0,0,0,428.01
The New Guy,2002,5,May,13.0,,43.0,15.4,15.0,0,,0,0,0,Mid-size Studio,Comedy,1,0,0,51.75
The Producers,2005,12,December,45.0,38.06,27.91,20.5,0.0,0,1.0,0,0,0,Mid-size Studio,Comedy,1,0,0,51.75
Area 51,2015,5,May,5.0,,35.43,3.7,0.0,0,,0,0,0,Mid-size Studio,Other,0,0,0,193.36
The Believer,2001,1,January,1.5,0.42,1.17,2.2,45.0,0,1.0,0,0,0,Mid-size Studio,Other,0,0,0,51.75
The Great Debaters,2007,12,December,15.0,30.23,16.49,8.4,40.0,0,0.0,0,0,0,Mid-size Studio,Other,0,0,0,23.37
Adam,2009,7,July,,2.28,1.09,4.1,25.0,0,,0,0,0,Mid-size Studio,Other,0,0,0,51.75
Pulse,2006,8,August,38.0,29.91,29.85,9.6,0.0,0,1.0,0,0,0,Mid-size Studio,Other,0,0,0,51.75
Tin Cup,1996,8,August,45.0,53.85,67.81,27.9,25.0,1,0.0,0,1,0,Major Studio,Comedy,0,0,0,22.94
The Trouble with Harry,1955,10,October,1.2,7.0,12.68,4.1,0.0,0,0.0,0,1,0,Major Studio,Comedy,0,0,0,12.07
Marmaduke,2010,6,June,50.0,83.76,58.79,58.2,0.0,1,0.0,1,1,0,Major Studio,Comedy,0,0,0,72.82
Furry Vengeance,2010,4,April,35.0,39.34,38.6,13.9,0.0,0,0.0,0,0,0,Mid-size Studio,Comedy,1,0,0,72.3
Misconduct,2016,2,February,11.0,,16.59,8.9,40.0,0,,0,0,0,Mid-size Studio,Other,0,0,0,51.75
Rob Roy,1995,4,April,28.0,31.6,50.22,15.9,0.0,0,0.0,0,0,0,Mid-size Studio,Other,0,0,0,73.46
Demonic,2015,2,February,3.0,3.39,10.46,4.0,0.0,0,0.0,0,0,0,Mid-size Studio,Other,0,0,0,51.75
Shadow of the Vampire,2000,5,May,8.0,8.28,10.33,3.5,25.0,0,0.0,0,0,0,Mid-size Studio,Other,0,0,0,13.0
Heavy Metal,1981,8,August,9.3,,29.2,6.3,15.0,0,,0,0,0,Mid-size Studio,Animation,0,0,0,51.75
Micmacs,2009,10,October,33.0,14.0,19.07,10.0,0.0,0,1.0,0,0,0,Mid-size Studio,Action,0,0,0,115.14
Dracula 2000,2000,12,December,28.0,33.0,28.37,11.1,0.0,0,0.0,0,0,0,Mid-size Studio,Other,0,0,0,64.83
The Rugrats Movie,1998,11,November,30.0,100.49,38.15,16.4,0.0,1,0.0,0,0,0,Mid-size Studio,Animation,1,0,0,51.75
The Island of Dr. Moreau,1996,8,August,40.0,49.63,46.32,15.5,0.0,0,0.0,0,1,0,Major Studio,Other,0,0,0,33.64
Tora! Tora! Tora!,1970,1,January,25.48,29.55,37.9,33.8,45.0,0,0.0,0,1,0,Major Studio,Action,0,0,0,45.05
Everyone Says I Love You,1996,12,December,20.0,,30.9,11.9,15.0,0,,0,0,0,Mid-size Studio,Comedy,0,0,0,36.67
Spy Hard,1996,5,May,18.0,,35.48,7.2,15.0,0,,0,0,0,Mid-size Studio,Action,0,0,0,51.75
My Soul to Take,2010,10,October,25.0,19.83,17.95,8.1,25.0,0,1.0,0,0,0,Mid-size Studio,Other,0,0,0,82.77
Cleopatra,1963,6,June,31.12,71.0,73.0,46.0,25.0,1,0.0,0,1,0,Major Studio,Other,0,0,0,51.75
Boat Trip,2002,10,October,20.0,8.59,18.91,6.6,15.0,0,1.0,0,0,0,Mid-size Studio,Comedy,0,0,0,51.75
Barbarella,1968,10,October,9.0,2.5,12.41,6.2,15.0,0,1.0,0,1,0,Major Studio,Other,0,0,0,51.75
Silverado,1985,7,July,26.0,,37.31,19.7,25.0,0,,0,1,0,Major Studio,Action,0,0,0,50.38
Instinct,1999,6,June,80.0,,51.4,37.3,25.0,0,,0,0,0,Mid-size Studio,Other,0,0,0,153.45
Crocodile Dundee in Los Angeles,2001,4,April,21.15,39.44,29.43,8.1,15.0,0,0.0,0,0,0,Mid-size Studio,Comedy,0,0,0,12.37
Dragon Blade,2015,2,February,65.0,121.55,22.54,33.6,25.0,1,0.0,0,0,0,Mid-size Studio,Action,0,0,0,51.75
Captain Corelli's Mandolin,2001,8,August,57.0,62.11,44.77,52.5,25.0,1,0.0,1,1,0,Major Studio,Other,0,0,0,139.44
Over Her Dead Body,2008,2,February,10.0,,40.09,4.7,15.0,0,,0,0,0,Mid-size Studio,Comedy,0,0,0,51.75
Get Carter,2000,10,October,63.6,19.41,25.25,23.2,25.0,0,1.0,0,1,0,Major Studio,Action,0,0,0,67.19
Ordinary People,1980,9,September,6.0,,44.66,5.4,45.0,0,,0,1,0,Major Studio,Other,0,0,0,51.34
Far from Heaven,2002,9,September,13.5,29.03,29.76,10.6,60.0,0,0.0,0,0,0,Mid-size Studio,Other,0,0,0,2.53
Glory Road,2006,1,January,,42.65,15.83,7.7,45.0,0,,0,1,0,Major Studio,Other,0,0,0,51.75
Straw Dogs,2011,9,September,25.0,10.32,12.17,12.7,45.0,0,1.0,0,0,0,Mid-size Studio,Other,0,0,0,27.64
Pathology,2008,4,April,8.0,,27.7,2.7,0.0,0,,0,0,0,Mid-size Studio,Other,0,0,0,51.75
Repo Man,1984,2,February,1.5,2.3,3.1,2.0,0.0,0,0.0,0,0,0,Mid-size Studio,Comedy,0,0,0,51.75
Transamerica,2005,12,December,1.0,13.35,6.32,2.1,25.0,0,0.0,0,0,0,Mid-size Studio,Other,0,0,0,51.75
Agent Cody Banks 2: Destination London,2004,12,December,26.0,28.82,33.66,7.2,0.0,0,0.0,0,0,0,Mid-size Studio,Comedy,0,0,0,51.75
1941,1979,12,December,35.0,31.76,59.87,16.4,0.0,0,1.0,0,1,0,Major Studio,Action,0,0,0,350.6
The Best Years of Our Lives,1946,12,December,2.1,23.65,23.29,7.0,25.0,0,0.0,0,0,0,Mid-size Studio,Other,0,0,0,51.75
Shin Godzilla,2016,7,July,15.0,77.0,7.2,7.6,40.0,1,0.0,0,0,0,Mid-size Studio,Action,0,0,0,51.75
W.,2008,10,October,25.1,29.51,30.3,9.8,25.0,0,0.0,0,0,0,Mid-size Studio,Other,0,0,0,104.05
The Tigger Movie,2000,2,February,30.0,45.55,53.82,12.5,0.0,0,0.0,0,1,0,Major Studio,Animation,0,0,0,51.75
Ernest & Celestine,2012,12,December,12.52,8.11,17.48,11.9,40.0,0,1.0,0,0,0,Mid-size Studio,Animation,0,0,0,51.75
Femme Fatale,2002,11,November,35.0,16.84,27.57,10.7,0.0,0,1.0,0,0,0,Mid-size Studio,Other,0,0,0,82.22
Narc,2002,1,January,6.5,12.63,15.37,4.1,45.0,0,0.0,0,1,0,Major Studio,Action,0,0,0,67.19
The Adventures of Pluto Nash,2002,8,August,100.0,7.1,33.21,31.4,0.0,0,1.0,0,1,0,Major Studio,Action,0,0,0,48.57
Sea of Love,1989,9,September,19.0,110.88,42.06,28.9,60.0,1,0.0,0,0,0,Mid-size Studio,Other,0,0,0,54.25
Ravenous,1999,3,March,12.0,,26.4,6.8,40.0,0,,0,1,0,Major Studio,Comedy,0,0,0,51.75
Miss Potter,2006,12,December,30.0,35.08,32.24,14.1,25.0,0,0.0,0,0,0,Mid-size Studio,Other,0,0,0,254.13
Radio,2003,10,October,32.0,52.28,39.1,25.1,25.0,1,0.0,0,0,0,Mid-size Studio,Other,0,0,0,19.69
I Don't Know How She Does It,2011,9,September,24.0,30.55,21.6,6.1,20.0,0,0.0,0,0,0,Mid-size Studio,Comedy,0,0,0,1.15
Must Love Dogs,2005,7,July,30.0,58.41,49.77,8.1,0.0,1,0.0,0,1,0,Major Studio,Comedy,0,0,0,51.75
Shortbus,2006,5,May,2.0,5.18,9.53,3.1,25.0,0,0.0,0,0,0,Mid-size Studio,Comedy,0,0,0,5.13
"It's a Mad, Mad, Mad, Mad World",1963,11,November,9.4,60.0,41.2,39.7,15.0,1,0.0,0,0,0,Mid-size Studio,Action,0,0,0,10.0
The Apparition,2012,8,August,17.0,9.63,17.81,9.7,15.0,0,1.0,0,1,0,Major Studio,Other,0,0,0,51.75
The Three Stooges,2012,4,April,30.0,54.82,49.77,15.8,0.0,1,0.0,0,0,0,Mid-size Studio,Comedy,1,0,0,128.34
Desire,2011,9,September,1.34,,23.34,4.3,45.0,0,,0,0,0,Mid-size Studio,Other,0,0,0,51.75
Stargate: The Ark of Truth,2008,3,March,7.0,8.9,5.12,2.6,0.0,0,0.0,0,0,0,Mid-size Studio,Other,0,0,0,51.75
Welcome to the Rileys,2010,10,October,,0.04,0.19,4.6,25.0,0,,0,0,0,Mid-size Studio,Other,0,0,0,51.75
Firefox,1982,6,June,18.0,70.69,37.77,52.5,15.0,1,0.0,1,0,0,Mid-size Studio,Action,0,0,0,128.49
The Texas Chainsaw Massacre 2,1986,8,August,4.7,8.03,9.5,5.1,0.0,0,0.0,0,0,0,Mid-size Studio,Other,0,0,0,52.65
Beyond the Lights,2014,9,September,7.0,14.62,13.08,3.3,45.0,0,0.0,0,0,0,Mid-size Studio,Other,0,0,0,32.92
Dylan Dog: Dead of Night,2011,3,March,20.0,4.63,17.15,8.9,15.0,0,1.0,0,0,0,Mid-size Studio,Action,0,0,0,95.61
Envy,2004,4,April,40.0,,28.96,14.4,0.0,0,,0,1,0,Major Studio,Comedy,0,0,0,67.63
Undisputed,2002,8,August,20.0,12.4,20.5,9.9,40.0,0,1.0,0,0,0,Mid-size Studio,Action,0,0,0,13.37
Quartet,2012,9,September,11.0,59.52,19.64,13.2,60.0,1,0.0,0,0,0,Mid-size Studio,Comedy,0,0,0,51.75
Find Me Guilty,2006,3,March,13.0,2.64,21.09,17.9,40.0,0,1.0,0,0,0,Mid-size Studio,Action,0,0,0,24.93
The Shadow,1994,7,July,25.0,48.06,19.47,17.7,0.0,0,0.0,0,1,0,Major Studio,Action,0,1,0,51.46
The Prophecy,1995,9,September,0.0,0.0,0.0,3.1,20.0,0,0.0,0,0,0,Mid-size Studio,Other,0,0,0,51.75
Touching the Void,2003,9,September,,13.89,18.45,5.6,20.0,0,,0,0,0,Mid-size Studio,Action,0,0,0,67.91
Tank Girl,1995,3,March,25.0,4.06,8.34,7.8,0.0,0,1.0,0,0,0,Mid-size Studio,Action,0,0,0,34.87
The Return of the Pink Panther,1975,5,May,5.0,41.83,36.39,4.2,0.0,0,0.0,0,0,0,Mid-size Studio,Comedy,0,0,0,51.75
Antwone Fisher,2002,12,December,12.5,23.37,34.97,16.3,40.0,0,0.0,0,0,0,Mid-size Studio,Other,0,0,0,30.23
Barbershop,2002,4,April,12.0,75.78,30.61,36.3,40.0,1,0.0,0,0,0,Mid-size Studio,Comedy,0,0,0,146.82
The Shaggy Dog,2006,3,March,50.0,61.11,29.79,41.9,0.0,1,0.0,0,1,0,Major Studio,Comedy,0,0,0,31.32
Your Sister's Sister,2011,9,September,0.12,3.2,2.51,2.4,45.0,0,0.0,0,0,0,Mid-size Studio,Comedy,0,0,0,51.75
Body Double,1984,10,October,10.0,8.8,19.79,9.3,15.0,0,1.0,0,0,0,Mid-size Studio,Other,0,0,0,82.95
Pokémon: Spell of the Unknown,2000,7,July,16.0,68.41,27.99,21.3,15.0,1,0.0,0,0,0,Mid-size Studio,Action,0,0,0,51.75
The Conspirator,2010,9,September,25.0,15.48,15.49,9.3,45.0,0,1.0,0,0,0,Mid-size Studio,Other,0,0,0,96.52
Never Back Down 2: The Beatdown,2011,9,September,3.0,,4.51,2.4,75.0,0,,0,0,1,Independent,Action,0,0,0,51.75
The Phantom,1996,6,June,45.0,17.3,26.53,15.4,0.0,0,1.0,0,1,0,Major Studio,Action,0,1,0,23.44
Cutthroat Island,1995,12,December,98.0,10.02,32.19,18.4,0.0,0,1.0,0,0,0,Mid-size Studio,Action,0,0,0,72.96
The Matador,2005,5,May,10.0,17.3,6.45,4.7,40.0,0,0.0,0,0,0,Mid-size Studio,Action,0,0,0,0.52
Peggy Sue Got Married,1986,10,October,18.0,41.38,42.32,14.4,40.0,0,0.0,0,0,0,Mid-size Studio,Comedy,0,0,0,93.85
The Warrior's Way,2010,12,December,42.0,11.09,11.17,14.1,25.0,0,1.0,0,0,0,Mid-size Studio,Action,0,0,0,51.75
Serial Mom,1994,4,April,13.0,7.82,11.07,6.5,15.0,0,1.0,0,0,0,Mid-size Studio,Comedy,0,0,0,6.0
Autumn in New York,2000,8,August,65.0,,38.56,21.9,25.0,0,,0,0,0,Mid-size Studio,Other,0,0,0,51.75
Fido,2006,9,September,8.0,0.43,6.1,3.0,45.0,0,1.0,0,0,0,Mid-size Studio,Comedy,0,0,0,51.75
Lifeforce,1985,6,June,25.0,,24.74,16.4,0.0,0,,0,0,0,Mid-size Studio,Other,0,0,0,19.44
Baahubali: The Beginning,2015,7,July,40.0,100.0,57.27,44.4,25.0,1,0.0,0,0,0,Mid-size Studio,Action,0,0,0,51.75
White Fang,1991,1,January,14.0,34.79,41.2,13.7,60.0,0,0.0,0,1,0,Major Studio,Action,0,0,0,120.33
Impostor,2001,12,December,40.0,,24.17,13.5,0.0,0,,0,0,0,Mid-size Studio,Action,0,0,0,43.06
Next Friday,2000,1,January,11.0,59.83,27.65,13.4,35.0,1,0.0,0,1,0,Major Studio,Comedy,0,0,0,174.61
Universal Soldier: The Return,1999,8,August,45.0,10.67,22.61,13.0,0.0,0,1.0,0,0,0,Mid-size Studio,Action,0,0,0,51.75
The Borrowers,1997,12,December,29.0,,58.04,23.8,0.0,0,,0,0,0,Mid-size Studio,Action,0,0,0,106.66
54,1998,8,August,13.0,16.76,22.25,10.5,40.0,0,0.0,0,0,0,Mid-size Studio,Other,0,0,0,51.75
Zoom,2006,8,August,35.0,12.51,45.35,31.5,0.0,0,1.0,0,1,0,Major Studio,Comedy,0,1,0,200.8
Cedar Rapids,2011,2,February,,6.86,9.08,10.3,0.0,0,,0,0,0,Mid-size Studio,Comedy,1,0,0,58.76
The Art of War,2000,8,August,40.0,30.2,28.86,17.5,0.0,0,1.0,0,1,0,Major Studio,Action,0,0,0,10.96
The Perfect Host,2010,7,July,,0.01,0.22,7.0,0.0,0,,0,0,0,Mid-size Studio,Comedy,0,0,0,51.75
Fun Size,2012,10,October,14.0,11.42,19.42,7.1,15.0,0,1.0,0,1,0,Major Studio,Comedy,0,0,0,51.75
Imagine That,2009,6,June,55.0,,48.66,25.7,0.0,0,,0,1,0,Major Studio,Comedy,0,0,0,343.4
Prom,2011,4,April,8.0,10.13,23.07,3.8,0.0,0,0.0,0,1,0,Major Studio,Comedy,0,0,0,13.62
The Indian in the Cupboard,1995,7,July,45.0,,47.24,16.9,0.0,0,,0,1,0,Major Studio,Other,0,0,0,54.91
Boomerang,1992,6,June,40.0,70.1,36.81,26.1,0.0,1,0.0,0,1,0,Major Studio,Comedy,0,0,0,15.32
Fiddler on the Roof,1971,11,November,9.0,83.3,64.55,31.5,40.0,1,0.0,0,0,0,Mid-size Studio,Other,0,0,0,36.98
The Flintstones in Viva Rock Vegas,2000,4,April,83.0,59.47,41.9,57.0,0.0,1,1.0,1,1,0,Major Studio,Comedy,0,0,0,153.65
He Got Game,1998,5,May,25.0,21.57,22.06,14.4,25.0,0,1.0,0,0,0,Mid-size Studio,Other,0,0,0,39.88
From Here to Eternity,1953,8,August,1.65,30.5,20.49,4.6,25.0,0,0.0,0,0,0,Mid-size Studio,Other,0,0,0,16.38
Exorcist II: The Heretic,1977,6,June,14.0,30.75,29.63,22.0,15.0,0,0.0,0,1,0,Major Studio,Other,0,0,0,15.6
Cyrus,2010,6,June,7.0,,34.97,3.8,25.0,0,,0,0,0,Mid-size Studio,Comedy,0,0,0,4.42
Walking With Dinosaurs,2013,12,December,80.0,126.55,53.43,62.5,0.0,1,0.0,1,0,0,Mid-size Studio,Animation,0,0,0,51.75
Tae Guk Gi: The Brotherhood of War,2004,2,February,,0.0,10.03,18.3,25.0,0,,0,0,0,Mid-size Studio,Action,0,0,0,51.75
The Man,2005,9,September,,12.38,14.05,11.0,20.0,0,,0,1,0,Major Studio,Action,0,0,0,79.94
Albert Nobbs,2011,12,December,8.0,5.63,5.31,3.4,25.0,0,1.0,0,0,0,Mid-size Studio,Other,0,0,0,51.75
Death to Smoochy,2002,3,March,55.0,,46.8,27.7,25.0,0,,0,1,0,Major Studio,Comedy,1,0,0,19.32
Spun,2002,6,June,2.0,,18.98,2.3,25.0,0,,0,0,0,Mid-size Studio,Comedy,0,0,0,51.75
Shark Night,2011,9,September,28.0,10.13,22.18,9.7,20.0,0,1.0,0,0,0,Mid-size Studio,Other,1,0,0,98.76
Coriolanus,2011,2,February,7.7,1.07,1.18,3.6,25.0,0,1.0,0,0,0,Mid-size Studio,Other,0,0,0,51.75
Hoodwinked Too! Hood VS. Evil,2011,4,April,30.0,13.52,30.0,15.0,0.0,0,1.0,0,0,0,Mid-size Studio,Animation,1,0,0,51.75
Capricorn One,1977,12,December,5.0,,41.01,5.9,25.0,0,,0,0,0,Mid-size Studio,Action,0,0,0,33.96
The Black Hole,1979,12,December,20.0,35.84,39.65,16.4,15.0,0,0.0,0,0,0,Mid-size Studio,Action,0,0,0,51.75
Hearts in Atlantis,2001,9,September,31.0,24.19,33.22,8.8,45.0,0,1.0,0,0,0,Mid-size Studio,Other,0,0,0,95.98
My Stepmother is an Alien,1988,12,December,20.0,13.85,21.55,11.4,15.0,0,1.0,0,0,0,Mid-size Studio,Comedy,0,0,0,5.87
The Verdict,1982,12,December,16.0,53.98,46.21,50.6,40.0,1,0.0,1,1,0,Major Studio,Other,0,0,0,12.09
Butterfly on a Wheel,2007,7,July,20.0,,12.68,4.6,40.0,0,,0,0,0,Mid-size Studio,Other,0,0,0,51.75
Leatherheads,2008,3,March,58.0,41.3,35.53,19.7,25.0,0,1.0,0,1,0,Major Studio,Comedy,0,0,0,79.65
Georgia Rule,2007,5,May,20.0,,23.16,12.9,40.0,0,,0,1,0,Major Studio,Comedy,0,0,0,165.34
The Relic,1997,1,January,60.0,33.96,27.84,20.7,20.0,0,1.0,0,1,0,Major Studio,Other,0,0,0,86.67
When the Game Stands Tall,2014,8,August,15.0,30.13,11.75,9.4,40.0,0,0.0,0,0,0,Mid-size Studio,Other,0,0,0,83.85
Detention,2011,3,March,10.0,,23.96,4.0,15.0,0,,0,0,0,Mid-size Studio,Comedy,0,0,0,46.55
Mr. Church,2016,9,September,8.0,,10.03,3.6,45.0,0,,0,0,0,Mid-size Studio,Other,0,0,0,145.79
Waitress,2007,5,May,2.0,22.18,7.96,1.9,0.0,0,0.0,0,0,0,Mid-size Studio,Comedy,0,0,0,51.75
Creepshow 2,1987,5,May,3.5,14.0,20.65,2.2,0.0,0,0.0,0,0,0,Mid-size Studio,Other,0,0,0,51.75
Barney's Version,2010,10,October,30.0,8.45,11.06,12.3,25.0,0,1.0,0,0,0,Mid-size Studio,Comedy,0,0,0,51.75
Krull,1983,7,July,27.0,16.52,33.51,11.0,0.0,0,1.0,0,0,0,Mid-size Studio,Action,0,0,0,51.75
Dragon Hunters,2008,3,March,15.0,,41.8,10.5,15.0,0,,0,0,0,Mid-size Studio,Animation,0,0,0,51.75
Man of the Year,2006,10,October,20.0,41.24,27.34,8.3,40.0,0,0.0,0,1,0,Major Studio,Comedy,0,0,0,133.5
Quills,2000,11,November,13.5,7.06,16.28,13.4,40.0,0,1.0,0,0,0,Mid-size Studio,Other,0,0,0,21.5
Friends with Money,2006,9,September,6.5,13.37,21.12,2.9,45.0,0,0.0,0,0,0,Mid-size Studio,Comedy,0,0,0,14.74
Mr. Nice Guy,1997,1,January,12.72,18.81,17.96,12.3,35.0,0,0.0,0,0,0,Mid-size Studio,Action,0,0,0,51.75
Choke,2008,9,September,3.0,3.83,2.92,2.1,45.0,0,0.0,0,0,0,Mid-size Studio,Comedy,0,0,0,51.75
What Just Happened,2008,10,October,25.0,6.67,5.34,6.1,25.0,0,1.0,0,0,0,Mid-size Studio,Comedy,0,0,0,137.82
The Replacement Killers,1998,2,February,30.0,19.2,22.58,9.9,25.0,0,1.0,0,0,0,Mid-size Studio,Action,0,0,0,108.69
The Conformist,1970,10,October,0.75,,29.53,2.3,25.0,0,,0,1,0,Major Studio,Other,0,0,0,43.98
Radio Days,1987,1,January,16.0,,19.09,8.3,60.0,0,,0,0,0,Mid-size Studio,Comedy,0,0,0,36.67
Pierrot le Fou,1965,8,August,0.3,,10.51,2.2,25.0,0,,0,0,0,Mid-size Studio,Other,0,0,0,51.75
Bandslam,2009,8,August,20.0,5.21,13.77,11.6,40.0,0,1.0,0,0,0,Mid-size Studio,Comedy,0,0,0,51.75
Central Station,1998,1,January,2.9,5.6,8.73,2.6,45.0,0,0.0,0,0,0,Mid-size Studio,Other,0,0,0,17.13
Cry_Wolf,2005,9,September,1.0,10.05,25.37,2.6,20.0,0,0.0,0,1,0,Major Studio,Other,0,0,0,51.16
Silent House,2011,1,January,2.0,13.1,13.04,3.1,20.0,0,0.0,0,0,0,Mid-size Studio,Other,0,0,0,54.67
Memoirs of an Invisible Man,1992,2,February,40.0,14.36,21.79,11.7,0.0,0,1.0,0,1,0,Major Studio,Comedy,0,0,0,30.19
The Man Who Knew Too Little,1997,11,November,20.0,13.8,17.47,7.6,15.0,0,1.0,0,1,0,Major Studio,Action,0,0,0,143.31
North Country,2005,2,February,35.0,25.22,42.49,13.4,25.0,0,1.0,0,1,0,Major Studio,Other,0,0,0,43.56
Bully,2001,6,June,,0.48,2.57,8.0,25.0,0,,0,0,0,Mid-size Studio,Other,0,0,0,7.41
Life or Something Like It,2002,4,April,40.0,16.87,29.49,10.9,25.0,0,1.0,0,0,0,Mid-size Studio,Comedy,0,0,0,53.62
Death Race 2000,1975,4,April,0.3,8.0,9.37,2.7,0.0,0,0.0,0,0,0,Mid-size Studio,Action,0,0,0,51.75
Alpha and Omega,2010,9,September,20.0,39.3,51.62,10.8,35.0,0,0.0,0,0,0,Mid-size Studio,Animation,0,0,0,51.75
Poltergeist III,1988,6,June,10.5,14.14,26.51,5.4,15.0,0,0.0,0,0,0,Mid-size Studio,Other,0,0,0,51.75
Spice World,1997,12,December,25.0,100.0,43.16,21.4,25.0,1,0.0,0,0,0,Mid-size Studio,Comedy,0,0,0,51.75
Racing Stripes,2005,1,January,30.0,93.77,31.65,25.4,20.0,1,0.0,0,0,0,Mid-size Studio,Comedy,0,0,0,38.17
The Astronaut Farmer,2006,10,October,13.0,11.13,9.86,8.4,40.0,0,1.0,0,0,0,Mid-size Studio,Comedy,0,0,0,4.84
D-Tox,2002,1,January,55.0,6.42,48.46,33.4,20.0,0,1.0,0,1,0,Major Studio,Action,0,0,0,125.59
Hardball,2001,9,September,32.0,40.22,37.72,9.6,20.0,0,0.0,0,1,0,Major Studio,Comedy,0,0,0,36.54
Underdogs,2013,7,July,22.0,24.0,10.21,8.5,15.0,0,0.0,0,0,0,Mid-size Studio,Animation,0,0,0,33.97
Can't Hardly Wait,1998,6,June,10.0,25.61,33.68,5.6,40.0,0,0.0,0,1,0,Major Studio,Comedy,0,0,0,51.75
Moms' Night Out,2014,3,March,5.0,10.43,13.52,2.6,0.0,0,0.0,0,0,0,Mid-size Studio,Comedy,1,0,0,51.75
Thunder and the House of Magic,2013,12,December,34.0,,42.49,19.8,0.0,0,,0,0,0,Mid-size Studio,Animation,0,0,0,51.75
Absentia,2011,3,March,0.07,,11.75,2.5,0.0,0,,0,0,0,Mid-size Studio,Other,0,0,0,44.03
Return to Oz,1985,6,June,25.0,11.14,20.27,8.9,0.0,0,1.0,0,0,0,Mid-size Studio,Other,0,0,0,51.75
American Splendor,2003,8,August,,6.0,3.43,5.5,55.00000000000001,0,,0,0,1,Independent,Comedy,0,0,0,0.45
Evita,1996,12,December,55.0,141.05,88.48,57.4,25.0,1,0.0,1,0,0,Mid-size Studio,Other,0,0,0,19.48
Torn Curtain,1966,7,July,3.0,13.0,14.05,4.6,0.0,0,0.0,0,1,0,Major Studio,Other,0,0,0,11.21
Man of the House,2005,2,February,40.0,,33.91,11.3,0.0,0,,0,0,0,Mid-size Studio,Action,0,0,0,40.49
Life as a House,2001,10,October,18.0,,41.24,14.2,40.0,0,,0,1,0,Major Studio,Other,0,0,0,110.63
The Messenger,2009,11,November,6.5,1.52,3.81,2.3,25.0,0,1.0,0,0,0,Mid-size Studio,Other,0,0,0,51.75
Cats & Dogs 2 : The Revenge of Kitty Galore,2010,7,July,85.0,112.48,59.43,50.8,0.0,1,0.0,1,1,0,Major Studio,Comedy,1,0,0,413.09
Black Christmas,2006,12,December,9.0,21.51,22.59,5.7,15.0,0,0.0,0,0,0,Mid-size Studio,Other,0,0,0,51.75
Nurse 3-D,2013,9,September,0.0,10.0,0.13,2.3,20.0,0,0.0,0,0,0,Mid-size Studio,Other,0,0,0,15.84
Torque,2004,1,January,40.0,46.55,40.89,10.6,20.0,0,0.0,0,1,0,Major Studio,Action,0,0,0,51.75
Last Holiday,2006,1,January,45.0,38.4,40.81,17.2,45.0,0,1.0,0,1,0,Major Studio,Comedy,0,0,0,51.88
Dying of the Light,2014,12,December,15.0,,30.13,9.2,40.0,0,,0,0,0,Mid-size Studio,Other,0,0,0,1.06
Loose Cannons,2010,2,February,7.0,8.22,13.7,2.8,25.0,0,0.0,0,0,0,Mid-size Studio,Comedy,0,0,0,51.75
Someone Like You...,2001,3,March,23.0,,20.56,6.8,15.0,0,,0,0,0,Mid-size Studio,Comedy,0,0,0,51.75
BloodRayne,2005,10,October,25.0,2.41,12.05,11.0,0.0,0,1.0,0,0,0,Mid-size Studio,Action,0,0,0,10.44
The Veil,2016,4,April,4.0,,49.77,2.9,0.0,0,,0,0,0,Mid-size Studio,Other,0,0,0,41.48
La Bamba,1987,7,July,6.5,54.22,17.62,4.3,25.0,1,0.0,0,0,0,Mid-size Studio,Other,0,0,0,51.75
Code 46,2003,9,September,7.5,,22.11,2.2,45.0,0,,0,0,0,Mid-size Studio,Other,0,0,0,18.93
Pushing Tin,1999,4,April,33.0,,37.34,12.6,25.0,0,,0,0,0,Mid-size Studio,Comedy,0,0,0,254.7
Soul Kitchen,2009,9,September,5.0,17.87,17.4,2.2,45.0,0,0.0,0,0,0,Mid-size Studio,Comedy,0,0,0,51.75
Survival of the Dead,2010,5,May,4.0,,10.94,2.6,0.0,0,,0,0,0,Mid-size Studio,Other,0,0,0,30.0
Drumline,2002,12,December,20.0,57.59,40.7,34.4,40.0,1,0.0,0,0,0,Mid-size Studio,Comedy,0,0,0,21.8
Velvet Goldmine,1998,10,October,,1.05,5.36,9.7,25.0,0,,0,0,0,Mid-size Studio,Other,0,0,0,16.51
Orgazmo,1997,9,September,1.0,,21.42,2.0,20.0,0,,0,0,0,Mid-size Studio,Comedy,0,1,0,50.91
Bound by Honor,1993,2,February,35.0,,31.51,16.3,25.0,0,,0,0,0,Mid-size Studio,Action,0,0,0,124.73
Black or White,2014,9,September,9.0,21.57,18.13,5.5,60.0,0,0.0,0,0,0,Mid-size Studio,Other,0,0,0,22.22
Beauty Shop,2005,6,June,25.0,36.35,37.62,12.9,0.0,0,0.0,0,0,0,Mid-size Studio,Comedy,0,0,0,62.65
Kung Fu Jungle,2014,10,October,25.0,,34.93,6.4,0.0,0,,0,0,0,Mid-size Studio,Action,0,0,0,5.84
Medicine Man,1992,2,February,40.0,,39.93,9.8,0.0,0,,0,0,0,Mid-size Studio,Other,0,0,0,130.8
Selena,1997,3,March,20.0,60.0,36.13,19.2,40.0,1,0.0,0,0,0,Mid-size Studio,Other,0,0,0,51.75
Godsend,2004,4,April,25.0,30.11,24.11,5.9,25.0,0,0.0,0,0,0,Mid-size Studio,Other,0,0,0,51.75
City Island,2009,3,March,6.0,6.67,12.62,2.7,25.0,0,0.0,0,0,0,Mid-size Studio,Comedy,0,0,0,51.75
Mr. Holland's Opus,1995,12,December,,106.27,38.73,40.8,25.0,1,,0,0,0,Mid-size Studio,Other,0,0,0,31.28
Domestic Disturbance,2001,10,October,75.0,54.25,39.83,47.8,0.0,1,1.0,0,1,0,Major Studio,Other,0,0,0,110.88
Hollywood Ending,2002,5,May,16.0,,42.47,12.3,40.0,0,,0,0,0,Mid-size Studio,Comedy,0,0,0,36.67
The Lost Weekend,1945,11,November,1.25,11.0,15.71,4.5,25.0,0,0.0,0,0,0,Mid-size Studio,Other,0,0,0,25.0
Children of Heaven,1997,8,August,0.18,0.9,5.71,2.5,25.0,0,0.0,0,0,0,Mid-size Studio,Comedy,0,0,0,51.75
Antiviral,2012,9,September,2.4,,11.8,1.9,20.0,0,,0,0,0,Mid-size Studio,Other,0,0,0,51.75
Undercover Brother,2002,5,May,25.0,41.6,29.6,12.4,0.0,0,0.0,0,1,0,Major Studio,Action,1,0,0,57.06
Street Fighter: The Legend of Chun-Li,2009,2,February,50.0,12.76,24.92,21.8,0.0,0,1.0,0,1,0,Major Studio,Action,0,0,0,70.87
Little Black Book,2004,8,August,35.0,22.03,17.54,11.8,25.0,0,1.0,0,0,0,Mid-size Studio,Comedy,0,0,0,51.75
Oceans,2009,10,October,,19.41,11.25,9.4,0.0,0,,0,0,0,Mid-size Studio,Other,1,0,0,20.22
Brokedown Palace,1999,8,August,25.0,13.0,26.95,5.3,25.0,0,1.0,0,1,0,Major Studio,Other,0,0,0,51.75
Killing Zoe,1993,10,October,1.5,0.42,4.75,1.9,25.0,0,1.0,0,0,0,Mid-size Studio,Action,0,0,0,51.75
Vampire in Brooklyn,1995,10,October,14.0,19.8,26.92,9.0,15.0,0,0.0,0,1,0,Major Studio,Comedy,0,0,0,82.78
Shattered Glass,2003,11,November,6.0,2.94,10.6,2.8,25.0,0,1.0,0,0,0,Mid-size Studio,Other,0,0,0,34.85
Nurse Betty,2000,9,September,24.0,,27.04,5.3,20.0,0,,0,0,0,Mid-size Studio,Comedy,0,0,0,27.64
School for Scoundrels,2006,9,September,20.0,17.81,20.57,7.6,60.0,0,1.0,0,0,0,Mid-size Studio,Comedy,0,0,0,217.1
Whale Rider,2003,1,January,8.0,41.4,30.11,3.2,45.0,0,0.0,0,0,0,Mid-size Studio,Other,0,0,0,35.47
A Sound of Thunder,2005,5,May,80.0,5.99,9.9,23.6,0.0,0,1.0,0,0,0,Mid-size Studio,Action,0,0,0,93.66
Holy Man,1998,10,October,60.0,,40.01,23.6,25.0,0,,0,0,0,Mid-size Studio,Comedy,0,0,0,40.49
The Watcher,2000,9,September,33.0,,51.03,7.8,20.0,0,,0,1,0,Major Studio,Other,0,0,0,51.75
"For a Good Time, Call...",2012,8,August,0.85,1.24,3.17,2.6,0.0,0,0.0,0,0,0,Mid-size Studio,Comedy,0,0,0,51.75
Bride & Prejudice,2004,2,February,7.0,,11.47,3.8,55.00000000000001,0,,0,0,1,Independent,Comedy,0,0,0,76.58
Criminal Activities,2015,11,November,7.0,,13.54,2.8,25.0,0,,0,0,0,Mid-size Studio,Other,0,0,0,51.75
The Rookie,2002,3,March,20.0,75.6,40.52,14.9,40.0,1,0.0,0,1,0,Major Studio,Other,0,0,0,149.19
Highlander: The Final Dimension,1994,11,November,26.0,36.8,27.45,5.0,0.0,0,0.0,0,0,0,Mid-size Studio,Action,0,0,0,51.75
Pink Flamingos,1972,3,March,0.01,6.0,2.85,2.2,0.0,0,0.0,0,0,0,Mid-size Studio,Comedy,0,0,0,7.82
The Best Man Holiday,2013,11,November,17.0,71.63,45.46,33.1,15.0,1,0.0,0,0,0,Mid-size Studio,Comedy,0,0,0,49.55
Beyond Borders,2003,10,October,35.0,,33.56,8.9,25.0,0,,0,0,0,Mid-size Studio,Other,0,0,0,219.85
The Postman Always Rings Twice,1981,3,March,12.0,,51.22,13.2,40.0,0,,0,0,0,Mid-size Studio,Other,0,0,0,51.75
Exit Wounds,2001,3,March,50.0,79.96,50.28,51.0,0.0,1,0.0,1,1,0,Major Studio,Action,0,0,0,54.07
The Greatest Game Ever Played,2005,9,September,25.0,15.43,22.76,12.1,45.0,0,1.0,0,1,0,Major Studio,Other,0,0,0,13.11
Supernova,2000,1,January,90.0,14.83,17.75,19.0,20.0,0,1.0,0,0,0,Mid-size Studio,Other,0,0,0,12.56
Hands of Stone,2016,8,August,20.0,,9.2,6.3,40.0,0,,0,0,0,Mid-size Studio,Other,0,0,0,51.75
A Civil Action,1998,3,March,70.0,56.7,52.74,50.5,25.0,1,1.0,1,1,0,Major Studio,Other,0,0,0,9.45
Quest for Fire,1981,12,December,12.0,55.26,41.68,9.8,40.0,1,0.0,0,0,0,Mid-size Studio,Other,0,0,0,96.87
The Big Hit,1998,4,April,13.0,27.01,20.55,6.3,15.0,0,0.0,0,0,0,Mid-size Studio,Action,0,0,0,51.75
Deck the Halls,2006,11,November,,47.23,11.86,10.9,0.0,0,,0,0,0,Mid-size Studio,Comedy,0,0,0,110.94
The Sweeney,2012,9,September,3.73,6.29,5.38,2.3,45.0,0,0.0,0,0,0,Mid-size Studio,Action,0,0,0,51.75
The Bounty,1984,5,May,25.0,8.61,26.0,13.3,25.0,0,1.0,0,0,0,Mid-size Studio,Action,0,0,0,84.69
Soul Plane,2004,5,May,16.0,14.82,12.06,4.9,15.0,0,1.0,0,0,0,Mid-size Studio,Comedy,0,0,0,51.75
The Wraith,1986,11,November,2.7,3.5,4.81,2.0,0.0,0,0.0,0,0,0,Mid-size Studio,Action,0,0,0,51.75
The Scarlet Letter,1995,10,October,50.0,10.38,43.7,21.5,25.0,0,1.0,0,0,0,Mid-size Studio,Other,0,0,0,51.75
Brother,2000,9,September,12.0,15.25,21.47,4.8,60.0,0,0.0,0,0,0,Mid-size Studio,Other,0,0,0,51.75
CJ7,2008,1,January,,47.3,22.76,12.5,45.0,0,,0,0,0,Mid-size Studio,Comedy,0,0,0,71.85
Bright Star,2009,11,November,8.5,4.44,8.35,3.0,40.0,0,1.0,0,0,0,Mid-size Studio,Other,1,0,0,58.35
My Name Is Bruce,2007,10,October,1.5,0.17,0.6,2.2,0.0,0,1.0,0,0,0,Mid-size Studio,Comedy,0,0,0,51.75
Club Dread,2004,2,February,8.5,5.0,16.69,3.7,15.0,0,1.0,0,0,0,Mid-size Studio,Comedy,0,0,0,49.49
Mean Creek,2004,1,January,0.5,0.6,0.83,1.9,45.0,0,0.0,0,0,0,Mid-size Studio,Other,0,0,0,51.75
Curious George,2006,2,February,50.0,69.83,56.66,47.0,0.0,1,0.0,0,1,0,Major Studio,Animation,0,0,0,51.75
The Alamo,2004,4,April,145.0,25.82,24.79,36.3,25.0,0,1.0,0,0,0,Mid-size Studio,Other,0,0,0,165.78
Air Bud,1997,8,August,3.0,23.14,26.04,3.1,25.0,0,0.0,0,1,0,Major Studio,Comedy,0,0,0,73.91
We're No Angels,1989,12,December,20.0,,32.31,15.7,40.0,0,,0,1,0,Major Studio,Comedy,0,0,0,16.9
Rudderless,2014,10,October,5.0,,22.81,2.5,25.0,0,,0,0,0,Mid-size Studio,Comedy,0,0,0,51.75
The Limey,1999,5,May,10.0,3.19,7.67,4.0,40.0,0,1.0,0,0,0,Mid-size Studio,Action,0,0,0,162.44
FearDotCom,2002,8,August,40.0,18.9,19.79,10.1,0.0,0,1.0,0,0,0,Mid-size Studio,Other,0,0,0,40.85
Highlander: Endgame,2000,9,September,25.0,15.84,16.06,4.5,20.0,0,1.0,0,0,0,Mid-size Studio,Action,0,0,0,10.0
Salton Sea,2002,1,January,18.0,0.68,7.13,6.5,60.0,0,1.0,0,0,0,Mid-size Studio,Other,0,0,0,146.77
On Deadly Ground,1994,2,February,50.0,49.0,29.34,14.9,0.0,0,1.0,0,1,0,Major Studio,Action,0,0,0,51.75
Gigli,2003,8,August,54.0,7.27,13.49,15.3,25.0,0,1.0,0,0,0,Mid-size Studio,Other,0,0,0,165.9
Laws of Attraction,2004,4,April,28.0,30.02,32.99,6.0,0.0,0,0.0,0,1,0,Major Studio,Action,0,0,0,78.93
Disturbing Behavior,1998,7,July,15.0,17.51,13.99,5.0,15.0,0,0.0,0,1,0,Major Studio,Other,0,0,0,51.75
Happily N'Ever After,2006,9,September,47.0,38.09,35.32,15.0,20.0,0,1.0,0,0,0,Mid-size Studio,Animation,0,0,0,51.75
Dragon Wars: D-War,2007,2,February,70.0,53.59,44.24,44.6,25.0,1,1.0,0,0,0,Mid-size Studio,Action,0,0,0,16.7
Oliver!,1968,9,September,10.0,37.4,41.97,11.7,60.0,0,0.0,0,0,0,Mid-size Studio,Other,0,0,0,14.4
Secretariat,2010,8,August,35.0,60.25,43.33,25.1,25.0,1,0.0,0,1,0,Major Studio,Other,0,0,0,108.0
Boys and Girls,2000,6,June,16.0,20.63,21.95,7.0,40.0,0,0.0,0,0,0,Mid-size Studio,Comedy,0,0,0,54.04
The Death and Life of Bobby Z,2007,7,July,22.0,0.41,6.16,5.5,40.0,0,1.0,0,0,0,Mid-size Studio,Action,0,0,0,56.36
The Sweet Hereafter,1997,5,May,5.0,3.26,5.15,1.9,25.0,0,1.0,0,0,0,Mid-size Studio,Other,0,0,0,8.46
Birthday Girl,2001,9,September,13.0,,22.98,2.9,35.0,0,,0,0,0,Mid-size Studio,Comedy,0,0,0,51.75
Riding in Cars with Boys,2001,10,October,48.0,35.74,38.83,12.9,25.0,0,1.0,0,1,0,Major Studio,Comedy,0,0,0,94.49
Yoga Hosers,2016,7,July,5.0,,38.63,2.4,0.0,0,,0,0,0,Mid-size Studio,Comedy,0,0,0,26.89
Mirrormask,2005,1,January,4.0,0.87,1.78,2.0,20.0,0,1.0,0,0,0,Mid-size Studio,Other,0,0,0,51.75
Somewhere in Time,1980,10,October,5.1,,29.47,2.4,25.0,0,,0,0,0,Mid-size Studio,Other,0,0,0,187.88
Steamboy,2004,7,July,20.0,,12.39,4.8,15.0,0,,0,0,0,Mid-size Studio,Animation,0,0,0,0.55
The Lady from Shanghai,1947,12,December,2.3,,17.78,1.8,25.0,0,,0,0,0,Mid-size Studio,Other,0,0,0,51.75
Ink,2009,1,January,0.25,,11.19,1.9,20.0,0,,0,0,0,Mid-size Studio,Action,0,0,0,51.75
Maximum Risk,1996,9,September,25.0,51.7,41.78,4.1,20.0,0,0.0,0,1,0,Major Studio,Action,0,0,0,51.75
My Life in Ruins,2009,2,February,17.0,20.46,17.58,7.6,15.0,0,0.0,0,0,0,Mid-size Studio,Comedy,0,0,0,95.68
Forsaken,2015,9,September,11.0,,19.5,2.8,60.0,0,,0,0,0,Mid-size Studio,Other,0,0,0,51.75
The Glimmer Man,1996,10,October,45.0,,40.73,6.5,25.0,0,,0,1,0,Major Studio,Action,0,0,0,51.75
Like Mike,2002,7,July,30.0,,46.36,7.2,25.0,0,,0,1,0,Major Studio,Comedy,0,0,0,40.24
Rugrats in Paris: The Movie,2000,9,September,0.0,0.0,0.0,2.3,20.0,0,0.0,0,1,0,Major Studio,Animation,0,0,0,51.75
Friday After Next,2002,11,November,20.0,33.53,21.7,5.0,15.0,0,0.0,0,1,0,Major Studio,Comedy,0,0,0,0.01
Fireproof,2008,9,September,0.5,33.46,9.37,1.9,45.0,0,0.0,0,0,0,Mid-size Studio,Other,0,0,0,22.35
Get Low,2010,1,January,7.5,,7.43,2.1,45.0,0,,0,0,0,Mid-size Studio,Comedy,0,0,0,51.75
Urban Legends: Final Cut,2000,9,September,14.0,38.57,29.56,2.8,35.0,0,0.0,0,0,0,Mid-size Studio,Other,1,0,0,51.75
Detroit Rock City,1999,8,August,6.5,4.22,8.14,2.0,0.0,0,1.0,0,1,0,Major Studio,Comedy,0,0,0,51.75
Post Grad,2009,8,August,15.0,6.41,12.41,3.8,15.0,0,1.0,0,0,0,Mid-size Studio,Comedy,0,0,0,367.28
Repo! The Genetic Opera,2008,7,July,,0.19,0.78,5.9,0.0,0,,0,0,0,Mid-size Studio,Comedy,0,0,0,152.05
The Way of the Gun,2000,9,September,8.5,19.13,11.18,2.7,90.0,0,0.0,0,0,1,Independent,Action,0,0,0,450.34
Space Chimps,2008,7,July,37.0,63.8,40.93,24.4,0.0,1,0.0,0,0,0,Mid-size Studio,Animation,1,0,0,51.75
Kickboxer: Vengeance,2016,7,July,17.0,,43.49,4.5,40.0,0,,0,0,0,Mid-size Studio,Action,0,0,0,44.43
The Red Violin,1998,9,September,18.0,9.5,21.27,6.3,60.0,0,1.0,0,0,0,Mid-size Studio,Other,0,0,0,51.75
Just Wright,2010,5,May,,21.52,9.33,3.4,25.0,0,,0,0,0,Mid-size Studio,Comedy,0,0,0,44.35
New in Town,2009,1,January,8.0,29.01,10.17,2.5,20.0,0,0.0,0,0,0,Mid-size Studio,Comedy,0,0,0,51.75
Hustle & Flow,2005,7,July,8.0,23.56,14.08,2.3,25.0,0,0.0,0,0,0,Mid-size Studio,Other,0,0,0,10.9
Sorcerer,1977,6,June,22.0,12.0,20.5,9.4,15.0,0,1.0,0,1,0,Major Studio,Action,0,0,0,106.04
Suspect Zero,2004,8,August,27.0,13.0,19.96,3.8,0.0,0,1.0,0,1,0,Major Studio,Other,0,0,0,8.28
Saints and Soldiers,2003,9,September,0.78,,9.13,1.5,45.0,0,,0,0,0,Mid-size Studio,Action,0,0,0,51.75
Knockaround Guys,2001,9,September,15.0,12.0,19.86,3.3,35.0,0,1.0,0,0,0,Mid-size Studio,Other,0,0,0,5.02
Michael Collins,1996,10,October,28.0,16.9,27.86,6.2,25.0,0,1.0,0,1,0,Major Studio,Other,0,0,0,74.67
Rang De Basanti,2006,1,January,2.2,11.5,13.22,2.4,45.0,0,0.0,0,0,0,Mid-size Studio,Other,0,0,0,51.75
Another Year,2010,11,November,8.0,18.12,26.14,2.7,25.0,0,0.0,0,0,0,Mid-size Studio,Comedy,0,0,0,5.41
Le Havre,2011,5,May,3.85,,17.46,1.4,55.00000000000001,0,,0,0,1,Independent,Comedy,0,0,0,51.75
The Beastmaster,1982,8,August,,14.06,7.87,6.6,0.0,0,,0,0,0,Mid-size Studio,Action,0,0,0,7.28
Human Traffic,1999,6,June,0.6,4.0,4.89,1.4,25.0,0,0.0,0,0,0,Mid-size Studio,Comedy,0,0,0,51.75
The Bad News Bears,1976,4,April,35.0,35.32,44.97,11.0,0.0,0,0.0,0,1,0,Major Studio,Comedy,0,0,0,44.08
Stan Helsing,2009,10,October,0.0,,3.41,1.7,0.0,0,,0,0,0,Mid-size Studio,Comedy,1,0,0,51.75
GirlHouse,2014,10,October,3.15,,21.03,1.6,0.0,0,,0,0,0,Mid-size Studio,Other,0,0,0,51.75
Ballistic: Ecks vs. Sever,2002,9,September,70.0,19.92,24.6,14.5,20.0,0,1.0,0,0,0,Mid-size Studio,Action,0,0,0,51.75
Crazy/Beautiful,2001,6,June,13.0,16.93,18.95,3.5,40.0,0,0.0,0,0,0,Mid-size Studio,Other,0,0,0,48.14
Dolphin Tale 2,2014,9,September,36.0,52.42,42.19,26.2,45.0,1,0.0,0,0,0,Mid-size Studio,Other,0,0,0,59.27
The Women,2008,9,September,16.0,50.01,21.31,4.7,60.0,0,0.0,0,1,0,Major Studio,Comedy,0,0,0,51.75
A Mighty Heart,2007,1,January,16.0,18.93,9.86,2.6,60.0,0,0.0,0,0,0,Mid-size Studio,Other,0,0,0,51.75
All the King's Men,2006,9,September,55.0,9.45,14.12,8.1,45.0,0,1.0,0,0,0,Mid-size Studio,Other,0,0,0,56.7
Igby Goes Down,2002,9,September,9.0,4.78,7.47,1.8,60.0,0,1.0,0,0,0,Mid-size Studio,Comedy,0,0,0,66.94
Howards End,1992,3,March,,25.97,19.25,3.2,25.0,0,,0,0,0,Mid-size Studio,Other,0,0,0,15.56
Kevin Hart: Let Me Explain,2013,7,July,,32.23,13.05,2.4,0.0,0,,0,0,0,Mid-size Studio,Comedy,1,0,0,51.75
Showdown in Little Tokyo,1991,8,August,8.0,2.28,19.27,1.9,0.0,0,1.0,0,1,0,Major Studio,Action,0,0,0,37.29
Warlock,1989,6,June,7.0,,34.06,1.9,0.0,0,,0,0,0,Mid-size Studio,Comedy,0,0,0,36.69
American Dreamz,2006,3,March,17.0,7.31,14.5,3.9,40.0,0,1.0,0,1,0,Major Studio,Comedy,0,0,0,118.94
Freeway,1996,8,August,3.0,,19.93,1.2,25.0,0,,0,0,0,Mid-size Studio,Comedy,0,0,0,51.75
Point Blank,1967,8,August,2.5,3.2,5.04,1.5,25.0,0,0.0,0,0,0,Mid-size Studio,Action,0,0,0,29.38
Accidental Love,2015,2,February,26.0,,33.91,6.5,0.0,0,,0,0,0,Mid-size Studio,Comedy,0,0,0,104.57
Primary Colors,1998,3,March,65.0,,32.35,15.1,25.0,0,,0,1,0,Major Studio,Comedy,0,0,0,115.51
The Wackness,2008,7,July,6.0,2.9,6.5,1.9,25.0,0,1.0,0,0,0,Mid-size Studio,Other,0,0,0,78.08
Phantasm II,1988,7,July,3.0,7.28,9.02,1.3,0.0,0,0.0,0,1,0,Major Studio,Action,0,0,0,14.06
Basquiat,1996,8,August,2.96,3.01,12.17,1.4,25.0,0,0.0,0,0,0,Mid-size Studio,Other,0,0,0,19.78
Tsotsi,2005,8,August,3.0,9.88,7.16,1.5,25.0,0,0.0,0,0,0,Mid-size Studio,Other,0,0,0,174.45
Casino Jack,2010,9,September,12.5,1.08,7.02,3.1,60.0,0,1.0,0,0,0,Mid-size Studio,Comedy,1,0,0,51.75
Made in Dagenham,2010,9,September,7.2,,14.98,1.6,45.0,0,,0,0,0,Mid-size Studio,Comedy,1,0,0,42.89
Buffalo Soldiers,2001,9,September,15.0,,7.2,2.4,60.0,0,,0,0,0,Mid-size Studio,Comedy,0,0,0,0.38
The Names of Love,2010,11,November,4.6,,25.19,1.5,25.0,0,,0,0,0,Mid-size Studio,Comedy,0,0,0,51.75
The Brave Little Toaster,1987,7,July,2.0,,19.63,1.8,0.0,0,,0,0,0,Mid-size Studio,Animation,0,0,0,51.75
Stitches,2012,5,May,0.1,0.1,0.77,1.4,0.0,0,1.0,0,0,0,Mid-size Studio,Other,0,0,0,51.75
The Tailor of Panama,2001,2,February,21.0,28.01,25.98,3.3,40.0,0,0.0,0,1,0,Major Studio,Other,0,0,0,16.97
Muppets from Space,1999,7,July,24.0,16.29,28.43,6.7,0.0,0,1.0,0,1,0,Major Studio,Comedy,0,0,0,176.08
Womb,2010,7,July,3.1,,2.45,1.5,0.0,0,,0,0,0,Mid-size Studio,Other,0,0,0,51.75
Captive,2015,9,September,2.0,2.8,3.35,1.3,45.0,0,0.0,0,0,0,Mid-size Studio,Other,0,0,0,51.75
City By The Sea,2002,9,September,40.0,22.43,23.74,3.5,45.0,0,1.0,0,0,0,Mid-size Studio,Other,0,0,0,76.52
Banshee Chapter,2013,8,August,0.95,,14.53,1.3,0.0,0,,0,0,0,Mid-size Studio,Other,0,0,0,51.75
The Son of No One,2011,11,November,15.0,,9.6,2.4,40.0,0,,0,0,0,Mid-size Studio,Other,0,0,0,51.75
The Order,2003,9,September,35.0,11.56,17.48,6.0,45.0,0,1.0,0,1,0,Major Studio,Other,0,0,0,104.28
Vamps,2012,8,August,16.0,,50.83,2.6,15.0,0,,0,0,0,Mid-size Studio,Comedy,0,0,0,27.09
Thunderbirds,2004,7,July,57.0,28.28,17.24,8.2,0.0,0,1.0,0,0,0,Mid-size Studio,Action,0,0,0,102.26
Force 10 from Navarone,1978,11,November,5.0,7.23,13.68,4.1,0.0,0,0.0,0,0,0,Mid-size Studio,Action,0,0,0,125.06
Kundun,1997,12,December,28.0,5.68,18.78,5.6,25.0,0,1.0,0,0,0,Mid-size Studio,Other,0,0,0,121.93
Daddy Day Camp,2007,8,August,6.0,18.2,23.06,1.4,0.0,0,0.0,0,0,0,Mid-size Studio,Comedy,0,0,0,51.75
The Great Raid,2005,8,August,80.0,10.17,16.95,10.3,25.0,0,1.0,0,0,0,Mid-size Studio,Action,0,0,0,20.66
Of Gods and Men,2010,5,May,4.0,41.42,21.13,1.6,25.0,0,0.0,0,0,0,Mid-size Studio,Other,0,0,0,51.75
Roger & Me,1989,9,September,0.16,6.71,8.82,2.7,45.0,0,0.0,0,1,0,Major Studio,Other,0,0,0,49.16
Jawbreaker,1999,1,January,3.0,3.08,5.07,1.5,20.0,0,0.0,0,0,0,Mid-size Studio,Comedy,0,0,0,51.75
D.E.B.S.,2004,1,January,3.5,,9.77,1.9,20.0,0,,0,0,0,Mid-size Studio,Action,0,0,0,66.0
Things We Lost in the Fire,2007,9,September,16.0,2.85,6.28,2.6,60.0,0,1.0,0,0,0,Mid-size Studio,Other,0,0,0,51.75
Miracle at St. Anna,2008,9,September,45.0,9.32,28.36,8.6,45.0,0,1.0,0,0,0,Mid-size Studio,Other,0,0,0,41.41
Gettysburg,1993,10,October,,25.0,11.34,2.4,25.0,0,,0,0,0,Mid-size Studio,Other,0,0,0,12.92
Center Stage,2000,5,May,18.0,17.2,25.95,7.3,40.0,0,1.0,0,1,0,Major Studio,Other,0,0,0,30.15
UHF,1989,7,July,5.0,,20.91,1.4,0.0,0,,0,0,0,Mid-size Studio,Comedy,0,0,0,51.75
The Cooler,2003,1,January,32.0,,23.02,3.8,45.0,0,,0,0,0,Mid-size Studio,Other,0,0,0,9.5
Clockstoppers,2002,3,March,26.0,38.79,28.69,2.7,0.0,0,0.0,0,1,0,Major Studio,Other,0,0,0,98.76
The Juror,1996,2,February,44.0,,34.22,6.9,25.0,0,,0,0,0,Mid-size Studio,Other,0,0,0,51.75
Extraordinary Measures,2010,1,January,31.0,15.13,16.58,5.6,45.0,0,1.0,0,0,0,Mid-size Studio,Other,0,0,0,170.0
In the Cut,2003,9,September,12.0,0.0,22.48,4.3,35.0,0,1.0,0,0,0,Mid-size Studio,Other,0,0,0,60.57
In the Bedroom,2001,11,November,1.7,,20.32,1.7,25.0,0,,0,0,0,Mid-size Studio,Other,0,0,0,14.82
Moby Dick,1956,6,June,4.5,10.4,11.33,1.8,25.0,0,0.0,0,1,0,Major Studio,Other,0,0,0,8.2
A Man for All Seasons,1966,12,December,3.9,28.35,28.2,1.9,25.0,0,0.0,0,0,0,Mid-size Studio,Other,0,0,0,17.1
For Love of the Game,1999,9,September,50.0,,28.36,8.9,45.0,0,,0,1,0,Major Studio,Other,0,0,0,291.34
Angel Eyes,2001,5,May,53.0,29.7,25.2,8.2,25.0,0,1.0,0,0,0,Mid-size Studio,Other,0,0,0,118.88
Battle of the Year,2013,9,September,20.0,16.55,13.3,4.4,60.0,0,1.0,0,0,0,Mid-size Studio,Other,0,0,0,51.75
Love & Basketball,2000,4,April,20.0,27.73,30.94,3.9,40.0,0,0.0,0,0,0,Mid-size Studio,Action,0,0,0,26.36
The Greatest Movie Ever Sold,2011,4,April,,0.62,0.7,2.4,0.0,0,,0,0,0,Mid-size Studio,Comedy,1,0,0,28.58
The Life Before Her Eyes,2007,9,September,8.0,,19.9,1.6,45.0,0,,0,0,0,Mid-size Studio,Other,0,0,0,16.94
Return of the Living Dead 3,1993,10,October,2.0,0.05,9.84,1.4,0.0,0,1.0,0,0,0,Mid-size Studio,Comedy,0,0,0,51.75
Stomp the Yard,2007,5,May,13.0,75.51,50.11,10.6,40.0,1,0.0,0,0,0,Mid-size Studio,Other,0,0,0,23.58
The Adventures of Rocky & Bullwinkle,2000,6,June,76.0,35.13,18.07,8.5,0.0,0,1.0,0,1,0,Major Studio,Action,0,0,0,51.75
Escape from Tomorrow,2013,10,October,0.0,,12.35,1.1,0.0,0,,0,0,0,Mid-size Studio,Other,0,0,0,51.75
Hoop Dreams,1994,9,September,0.7,7.83,7.79,1.4,20.0,0,0.0,0,0,0,Mid-size Studio,Other,0,0,0,0.59
Song One,2014,1,January,6.0,0.03,0.5,1.7,45.0,0,1.0,0,0,0,Mid-size Studio,Other,0,0,0,51.75
Plastic,2014,4,April,0.0,,0.12,1.4,25.0,0,,0,0,0,Mid-size Studio,Action,0,0,0,25.34
Subway,1985,4,April,2.0,0.39,3.25,3.6,0.0,0,1.0,0,0,0,Mid-size Studio,Action,0,0,0,141.35
The Good German,2006,12,December,32.0,5.91,12.42,4.2,25.0,0,1.0,0,1,0,Major Studio,Other,0,0,0,162.23
White Squall,1996,2,February,38.0,10.3,26.93,6.5,25.0,0,1.0,0,0,0,Mid-size Studio,Action,0,0,0,211.95
"War, Inc.",2008,4,April,5.0,1.3,3.32,1.5,30.0,0,1.0,0,0,1,Independent,Action,0,0,0,51.75
Family Plot,1976,4,April,2.0,7.9,6.48,2.8,0.0,0,0.0,0,1,0,Major Studio,Comedy,0,0,0,11.94
Margaret,2011,9,September,14.0,0.05,0.74,2.5,60.0,0,1.0,0,0,0,Mid-size Studio,Other,0,0,0,51.75
Cadillac Records,2008,12,December,12.0,,27.06,4.1,40.0,0,,0,0,0,Mid-size Studio,Other,0,0,0,51.75
Drop Dead Gorgeous,1999,7,July,10.0,10.57,22.92,1.7,15.0,0,0.0,0,1,0,Major Studio,Comedy,0,0,0,51.75
Nighthawks,1981,3,March,5.0,19.91,18.51,1.5,0.0,0,0.0,0,1,0,Major Studio,Action,0,0,0,51.75
Things to Do in Denver When You're Dead,1995,12,December,8.0,0.53,4.98,3.1,25.0,0,1.0,0,0,0,Mid-size Studio,Other,0,0,0,53.35
Dark Blue,2002,12,December,15.0,9.24,9.59,2.8,40.0,0,1.0,0,0,0,Mid-size Studio,Action,0,0,0,37.81
Twixt,2011,9,September,7.0,,23.03,2.3,20.0,0,,0,0,0,Mid-size Studio,Other,0,0,0,46.73
20 Feet from Stardom,2013,6,June,1.0,,56.98,1.5,0.0,0,,0,0,0,Mid-size Studio,Other,0,0,0,51.75
Baggage Claim,2013,9,September,8.5,22.46,21.38,1.4,35.0,0,0.0,0,0,0,Mid-size Studio,Comedy,0,0,0,51.75
Serving Sara,2002,8,August,29.0,16.93,23.3,2.5,0.0,0,1.0,0,1,0,Major Studio,Comedy,0,0,0,41.9
Katy Perry: Part of Me,2012,6,June,12.0,32.73,23.84,2.7,15.0,0,0.0,0,1,0,Major Studio,Other,0,0,0,51.75
All That Jazz,1979,12,December,,37.82,28.65,6.0,25.0,0,,0,1,0,Major Studio,Other,0,0,0,20.0
Ondine,2009,9,September,12.0,1.64,2.77,5.3,60.0,0,1.0,0,0,0,Mid-size Studio,Other,0,0,0,78.49
Nine Dead,2010,1,January,2.0,,17.62,1.5,45.0,0,,0,0,0,Mid-size Studio,Other,0,0,0,51.75
Flipper,1996,5,May,25.53,20.08,23.68,2.2,0.0,0,1.0,0,1,0,Major Studio,Other,0,0,0,51.75
High Anxiety,1977,12,December,3.4,31.06,20.81,4.4,0.0,0,0.0,0,1,0,Major Studio,Comedy,0,0,0,68.89
Solitary Man,2009,9,September,15.0,5.02,5.85,2.3,60.0,0,1.0,0,0,0,Mid-size Studio,Comedy,0,0,0,12.0
Metallica: Through the Never,2013,9,September,18.0,7.97,11.0,4.0,35.0,0,1.0,0,0,0,Mid-size Studio,Other,0,0,0,74.6
Strangerland,2015,7,July,10.0,0.02,0.24,1.8,40.0,0,1.0,0,0,0,Mid-size Studio,Other,0,0,0,51.75
Son of God,2014,2,February,22.0,67.8,6.59,4.4,40.0,1,0.0,0,0,0,Mid-size Studio,Other,0,0,0,51.75
A Guy Thing,2003,1,January,20.0,17.43,5.94,2.6,35.0,0,1.0,0,0,0,Mid-size Studio,Comedy,0,0,0,51.75
The Warlords,2007,12,December,40.0,,22.58,5.4,25.0,0,,0,0,0,Mid-size Studio,Action,0,0,0,51.75
Red River,1948,8,August,3.0,9.01,9.14,1.6,25.0,0,0.0,0,0,0,Mid-size Studio,Other,0,0,0,51.75
Half Past Dead,2002,11,November,13.0,,22.75,2.6,15.0,0,,0,0,0,Mid-size Studio,Action,0,0,0,76.43
In Cold Blood,1967,12,December,3.5,13.01,17.47,1.8,25.0,0,0.0,0,0,0,Mid-size Studio,Other,0,0,0,13.99
Stop-Loss,2008,3,March,25.0,11.21,11.85,3.0,25.0,0,1.0,0,1,0,Major Studio,Other,0,0,0,46.97
Wolves,2014,8,August,18.0,,42.9,2.0,15.0,0,,0,0,0,Mid-size Studio,Action,0,0,0,51.75
Harley Davidson and the Marlboro Man,1991,8,August,23.0,7.43,26.2,2.6,15.0,0,1.0,0,0,0,Mid-size Studio,Action,0,0,0,28.37
Willard,2003,3,March,22.0,,32.34,2.1,15.0,0,,0,1,0,Major Studio,Other,0,0,0,21.51
Factory Girl,2006,12,December,7.0,,17.33,1.3,25.0,0,,0,0,0,Mid-size Studio,Other,0,0,0,1.08
A Prairie Home Companion,2006,6,June,10.0,,13.43,2.4,40.0,0,,0,0,0,Mid-size Studio,Comedy,0,0,0,87.75
Lucky You,2007,5,May,,5.76,7.43,5.6,25.0,0,,0,1,0,Major Studio,Other,0,0,0,114.15
Akeelah and the Bee,2006,4,April,8.0,18.95,8.93,1.3,25.0,0,0.0,0,0,0,Mid-size Studio,Other,0,0,0,51.75
The Quiet American,2002,11,November,30.0,27.67,24.8,3.4,25.0,0,1.0,0,0,0,Mid-size Studio,Action,0,0,0,146.87
Renaissance Man,1994,6,June,40.0,24.33,21.36,5.4,0.0,0,1.0,0,0,0,Mid-size Studio,Comedy,0,0,0,98.29
Gods and Monsters,1998,1,January,10.0,6.45,7.19,2.5,60.0,0,1.0,0,0,0,Mid-size Studio,Other,0,0,0,330.83
Mad City,1997,11,November,50.0,10.54,12.16,6.9,25.0,0,1.0,0,1,0,Major Studio,Action,0,0,0,51.75
Hoffa,1992,12,December,35.0,,31.48,4.8,25.0,0,,0,1,0,Major Studio,Other,0,0,0,19.32
Kiss of Death,1995,4,April,40.0,,39.86,5.5,25.0,0,,0,1,0,Major Studio,Action,0,0,0,56.71
Love in the Time of Cholera,2007,10,October,45.0,4.61,8.6,6.5,25.0,0,1.0,0,1,0,Major Studio,Other,0,0,0,381.93
Country Strong,2010,12,December,15.0,20.53,11.32,3.3,40.0,0,0.0,0,0,0,Mid-size Studio,Other,0,0,0,34.08
Vera Drake,2004,10,October,11.0,,22.28,2.2,40.0,0,,0,0,0,Mid-size Studio,Other,0,0,0,11.76
Extreme Measures,1996,9,September,38.0,17.38,22.73,6.9,45.0,0,1.0,0,1,0,Major Studio,Other,0,0,0,224.13
You Kill Me,2007,2,February,4.0,2.43,2.42,1.8,0.0,0,1.0,0,0,0,Mid-size Studio,Comedy,0,0,0,23.24
My Favorite Martian,1999,2,February,65.0,36.85,30.16,13.6,25.0,0,1.0,0,1,0,Major Studio,Comedy,0,0,0,92.4
Big Trouble,2002,4,April,40.0,8.49,11.23,4.9,0.0,0,1.0,0,0,0,Mid-size Studio,Action,0,0,0,363.99
Yeh Jawaani Hai Deewani,2013,5,May,7.7,46.0,28.56,1.7,0.0,0,0.0,0,0,0,Mid-size Studio,Other,0,0,0,51.75
Glee: The Concert Movie,2011,8,August,9.0,18.66,27.92,2.2,15.0,0,0.0,0,1,0,Major Studio,Other,1,0,0,51.75
You Can't Take It With You,1938,8,August,1.64,7.43,8.5,3.8,0.0,0,0.0,0,1,0,Major Studio,Comedy,0,0,0,7.19
Niagara,1953,1,January,1.25,8.5,7.58,1.5,45.0,0,0.0,0,1,0,Major Studio,Other,0,0,0,51.75
Running with Scissors,2006,10,October,12.0,6.75,10.91,3.4,40.0,0,1.0,0,0,0,Mid-size Studio,Comedy,0,0,0,204.59
Monkeybone,2001,2,February,75.0,5.41,11.25,7.9,0.0,0,1.0,0,1,0,Major Studio,Action,1,0,0,124.6
Code Name: The Cleaner,2007,1,January,20.0,10.34,11.58,9.9,35.0,0,1.0,0,1,0,Major Studio,Action,0,0,0,80.45
Manderlay,2005,5,May,14.2,0.67,2.36,2.7,40.0,0,1.0,0,0,0,Mid-size Studio,Other,1,0,0,30.92
Renaissance,2006,3,March,18.0,1.83,2.82,2.0,15.0,0,1.0,0,0,0,Mid-size Studio,Action,0,0,0,51.75
Courageous,2011,9,September,1.0,34.52,15.79,1.4,45.0,0,0.0,0,0,0,Mid-size Studio,Other,0,0,0,21.82
Topaz,1969,12,December,4.0,6.0,11.11,3.2,25.0,0,0.0,0,1,0,Major Studio,Action,0,0,0,12.21
Lone Star,1996,6,June,5.0,13.27,20.16,1.6,25.0,0,0.0,0,0,0,Mid-size Studio,Other,0,0,0,2.0
Beyond the Black Rainbow,2010,12,December,1.1,,12.46,1.3,0.0,0,,0,0,0,Mid-size Studio,Other,1,0,0,51.75
Madea's Family Reunion,2006,2,February,6.0,57.23,16.05,5.3,25.0,1,0.0,0,0,0,Mid-size Studio,Comedy,0,0,0,60.69
Meek's Cutoff,2010,9,September,,0.88,1.24,2.3,45.0,0,,0,0,0,Mid-size Studio,Other,0,0,0,51.75
The Barbarian Invasions,2003,5,May,8.0,3.43,6.98,1.4,25.0,0,1.0,0,0,0,Mid-size Studio,Comedy,0,0,0,51.75
My Life Without Me,2003,3,March,,9.73,14.43,2.6,25.0,0,,0,0,0,Mid-size Studio,Other,0,0,0,4.86
The Little Vampire,2000,10,October,22.0,13.56,15.46,2.1,15.0,0,1.0,0,1,0,Major Studio,Other,0,0,0,51.75
Arn: The Knight Templar,2007,12,December,25.0,,16.23,2.6,25.0,0,,0,0,0,Mid-size Studio,Action,0,0,0,51.75
Let's Kill Ward's Wife,2014,12,December,5.0,,5.11,1.5,0.0,0,,0,0,0,Mid-size Studio,Comedy,0,0,0,51.75
Catch That Kid,2004,2,February,18.0,16.7,21.97,2.6,15.0,0,1.0,0,0,0,Mid-size Studio,Action,0,0,0,51.75
The Rage: Carrie 2,1999,3,March,21.0,17.76,19.69,2.1,15.0,0,1.0,0,0,0,Mid-size Studio,Other,0,0,0,51.75
Redbelt,2008,4,April,7.0,,6.1,1.3,25.0,0,,0,0,0,Mid-size Studio,Other,0,0,0,13.84
The Big Bounce,2004,1,January,50.0,6.81,9.93,8.8,20.0,0,1.0,0,0,0,Mid-size Studio,Comedy,0,0,0,28.08
O,2001,8,August,,16.02,11.01,1.6,25.0,0,,0,0,0,Mid-size Studio,Other,0,0,0,51.75
Veronika Decides to Die,2009,5,May,9.0,,16.17,1.6,40.0,0,,0,0,0,Mid-size Studio,Other,0,0,0,51.75
Get Over It,2001,3,March,10.0,,50.18,1.8,15.0,0,,0,0,0,Mid-size Studio,Comedy,0,0,0,27.39
The Story of Us,1999,10,October,50.0,58.9,31.54,18.6,25.0,1,0.0,0,1,0,Major Studio,Comedy,0,0,0,82.77
Baby Geniuses,1999,3,March,12.0,36.45,36.81,2.2,15.0,0,0.0,0,0,0,Mid-size Studio,Comedy,0,0,0,51.38
Shopgirl,2005,10,October,10.28,11.59,17.6,1.6,40.0,0,0.0,0,0,0,Mid-size Studio,Comedy,0,0,0,14.96
The Canyons,2013,7,July,0.25,0.06,0.31,2.9,25.0,0,1.0,0,0,0,Mid-size Studio,Other,0,0,0,2.06
Virgin Territory,2007,12,December,38.0,5.41,7.65,4.5,0.0,0,1.0,0,0,0,Mid-size Studio,Action,0,0,0,51.75
Mary Reilly,1996,2,February,47.0,12.38,22.45,7.6,25.0,0,1.0,0,0,0,Mid-size Studio,Other,0,0,0,52.29
Barbershop 2:  Back in Business,2004,1,January,18.0,65.07,24.77,9.6,60.0,1,0.0,0,0,0,Mid-size Studio,Comedy,0,0,0,53.29
A Mighty Wind,2003,4,April,6.0,18.75,11.3,1.6,0.0,0,0.0,0,0,0,Mid-size Studio,Comedy,0,0,0,5.54
Tomcats,2001,3,March,11.0,23.43,27.31,1.9,15.0,0,0.0,0,1,0,Major Studio,Comedy,0,0,0,51.75
Drive Hard,2014,5,May,12.0,,21.96,2.1,15.0,0,,0,0,0,Mid-size Studio,Action,0,0,0,51.75
Into the Grizzly Maze,2015,2,February,10.0,,35.71,2.2,15.0,0,,0,0,0,Mid-size Studio,Action,0,0,0,113.86
They,2002,11,November,17.0,,28.52,1.6,15.0,0,,0,0,0,Mid-size Studio,Other,0,0,0,51.75
The First Great Train Robbery,1979,1,January,6.0,,13.64,1.8,45.0,0,,0,0,0,Mid-size Studio,Other,0,0,0,51.75
Head Over Heels,2001,2,February,14.0,10.42,12.29,7.1,15.0,0,1.0,0,0,0,Mid-size Studio,Comedy,0,0,0,138.47
The Quiet,2005,9,September,0.9,0.38,0.68,1.1,45.0,0,1.0,0,0,0,Mid-size Studio,Other,0,0,0,51.75
The Adventurer: The Curse of the Midas Box,2013,12,December,25.0,0.01,0.27,2.5,0.0,0,1.0,0,0,0,Mid-size Studio,Other,0,0,0,51.75
Fur: An Imaginary Portrait of Diane Arbus,2006,8,August,16.8,2.28,12.97,2.6,40.0,0,1.0,0,0,0,Mid-size Studio,Other,0,0,0,9.3
The Hit List,2011,4,April,6.0,,30.87,1.2,0.0,0,,0,0,0,Mid-size Studio,Action,0,0,0,51.75
Wonderland,2003,10,October,5.0,2.47,7.24,1.5,25.0,0,1.0,0,0,0,Mid-size Studio,Other,0,0,0,51.75
Ca$h,2010,1,January,7.0,0.05,0.54,1.6,20.0,0,1.0,0,0,0,Mid-size Studio,Comedy,0,0,0,51.75
The Spanish Prisoner,1997,9,September,10.0,13.84,14.87,1.3,60.0,0,0.0,0,0,0,Mid-size Studio,Other,0,0,0,51.75
Shade,2003,5,May,6.8,,19.53,1.2,0.0,0,,0,0,0,Mid-size Studio,Action,0,0,0,51.75
Vanity Fair,2004,9,September,23.0,16.12,9.82,3.1,60.0,0,1.0,0,0,0,Mid-size Studio,Other,0,0,0,9.03
Blackthorn,2011,8,August,,0.62,0.55,1.8,25.0,0,,0,0,0,Mid-size Studio,Action,0,0,0,51.75
April Fool's Day,1986,3,March,5.0,,35.99,1.3,0.0,0,,0,1,0,Major Studio,Other,0,0,0,51.75
Wing Commander,1999,3,March,30.0,,24.85,1.9,0.0,0,,0,0,0,Mid-size Studio,Action,0,0,0,51.75
God's Not Dead 2,2016,4,April,5.0,23.51,9.1,1.7,25.0,0,0.0,0,0,0,Mid-size Studio,Other,0,0,0,51.75
The Misfits,1961,1,January,4.0,8.2,16.12,1.8,45.0,0,0.0,0,0,0,Mid-size Studio,Action,0,0,0,10.4
Khumba,2013,7,July,20.0,27.19,22.85,2.6,15.0,0,0.0,0,0,0,Mid-size Studio,Animation,0,0,0,51.75
Digimon: The Movie,2000,3,March,5.5,,32.69,1.4,0.0,0,,0,0,0,Mid-size Studio,Animation,0,0,0,51.75
Reno 911!: Miami,2007,2,February,10.0,20.34,15.63,1.8,15.0,0,0.0,0,1,0,Major Studio,Action,0,0,0,51.75
Josie and the Pussycats,2001,4,April,22.0,,33.57,3.6,15.0,0,,0,1,0,Major Studio,Comedy,0,0,0,25.61
How Green Was My Valley,1941,10,October,1.25,6.0,12.38,1.9,25.0,0,0.0,0,1,0,Major Studio,Other,0,0,0,6.67
The Train,1964,9,September,5.8,6.8,15.2,3.6,45.0,0,0.0,0,0,0,Mid-size Studio,Action,0,0,0,44.35
The Object of My Affection,1998,4,April,15.0,46.91,30.23,3.4,40.0,0,0.0,0,1,0,Major Studio,Comedy,0,0,0,15.3
Catch-22,1970,6,June,18.0,24.91,21.23,13.2,40.0,0,0.0,0,1,0,Major Studio,Comedy,0,0,0,117.25
Forbidden Kingdom,2014,1,January,26.0,,41.86,3.8,20.0,0,,0,1,0,Major Studio,Other,0,0,0,51.75
Salvador,1986,4,April,4.5,,32.29,3.1,25.0,0,,0,0,0,Mid-size Studio,Other,0,0,0,100.23
Nixon,1995,12,December,44.0,13.68,13.9,5.3,25.0,0,1.0,0,0,0,Mid-size Studio,Other,0,0,0,105.36
The Adventures of Ford Fairlane,1990,7,July,49.0,20.42,21.1,8.9,0.0,0,1.0,0,1,0,Major Studio,Action,0,0,0,72.22
Bless the Child,2000,8,August,40.0,,20.39,5.2,25.0,0,,0,1,0,Major Studio,Other,0,0,0,203.81
The Express,2008,10,October,40.0,9.79,18.92,8.0,25.0,0,1.0,0,0,0,Mid-size Studio,Other,0,0,0,51.03
Henry V,1989,10,October,9.0,,37.11,6.0,40.0,0,,0,0,0,Mid-size Studio,Action,0,0,0,449.33
She's the One,1996,8,August,3.5,9.48,13.02,1.3,0.0,0,0.0,0,0,0,Mid-size Studio,Comedy,0,0,0,51.75
Swimfan,2002,9,September,8.5,34.41,22.95,1.6,60.0,0,0.0,0,1,0,Major Studio,Other,0,0,0,122.64
Down to You,2000,1,January,9.0,,22.11,1.8,60.0,0,,0,0,0,Mid-size Studio,Comedy,0,0,0,51.75
My Dog Skip,2000,1,January,7.0,,33.82,1.7,45.0,0,,0,1,0,Major Studio,Comedy,0,0,0,74.54
Let's Go to Prison,2006,11,November,4.0,4.63,5.4,1.3,0.0,0,0.0,0,1,0,Major Studio,Comedy,0,0,0,51.75
Ripley's Game,2002,9,September,30.0,,60.69,2.0,20.0,0,,0,0,0,Mid-size Studio,Other,0,0,0,51.75
"Mystery, Alaska",1999,10,October,28.0,8.89,16.8,6.4,25.0,0,1.0,0,0,0,Mid-size Studio,Comedy,0,0,0,244.81
Strange Wilderness,2008,2,February,,6.58,10.06,2.8,0.0,0,,0,1,0,Major Studio,Comedy,0,0,0,70.44
The Last Dragon,1985,3,March,10.0,25.75,23.58,1.9,15.0,0,0.0,0,0,0,Mid-size Studio,Action,0,0,0,6.8
Zambezia,2012,6,June,20.0,,27.21,2.8,15.0,0,,0,0,0,Mid-size Studio,Animation,0,0,0,51.75
Gerry,2002,1,January,3.5,,28.6,3.1,45.0,0,,0,0,0,Mid-size Studio,Other,0,0,0,54.59
Gossip,2000,4,April,14.0,5.11,22.65,1.8,40.0,0,1.0,0,1,0,Major Studio,Other,0,0,0,24.6
Alex & Emma,2003,6,June,30.0,15.37,15.96,3.8,0.0,0,1.0,0,0,0,Mid-size Studio,Comedy,0,0,0,87.6
The Cotton Club,1984,12,December,58.0,25.93,29.93,9.9,25.0,0,1.0,0,0,0,Mid-size Studio,Other,0,0,0,95.57
Flame & Citron,2008,3,March,6.5,,29.01,1.5,25.0,0,,0,0,0,Mid-size Studio,Other,0,0,0,51.75
The Front Page,1974,12,December,4.0,,43.94,1.8,25.0,0,,0,0,0,Mid-size Studio,Comedy,0,0,0,25.0
Return to Me,2000,4,April,24.0,36.61,28.22,2.7,25.0,0,0.0,0,0,0,Mid-size Studio,Comedy,0,0,0,51.75
Reds,1981,12,December,32.0,40.38,28.65,5.1,25.0,0,0.0,0,0,0,Mid-size Studio,Other,0,0,0,66.47
Dick,1999,8,August,13.0,27.5,33.63,2.1,15.0,0,0.0,0,1,0,Major Studio,Comedy,0,0,0,24.77
Hansel and Gretel Get Baked,2013,2,February,4.5,,38.03,1.4,0.0,0,,0,0,0,Mid-size Studio,Comedy,0,0,0,51.75
Dragonslayer,1981,6,June,18.0,14.11,13.57,3.5,15.0,0,1.0,0,1,0,Major Studio,Other,0,0,0,51.75
Recess: School's Out,2001,1,January,10.0,44.46,26.63,1.9,35.0,0,0.0,0,0,0,Mid-size Studio,Animation,0,0,0,51.75
Trade,2007,1,January,12.0,,37.2,4.7,60.0,0,,0,0,0,Mid-size Studio,Other,0,0,0,51.75
A Passage to India,1984,12,December,8.0,27.19,40.21,2.3,25.0,0,0.0,0,1,0,Major Studio,Other,0,0,0,71.72
Lone Wolf McQuade,1983,4,April,5.0,12.23,12.51,1.5,25.0,0,0.0,0,0,0,Mid-size Studio,Action,0,0,0,51.75
Coal Miner's Daughter,1980,3,March,15.0,67.18,48.62,26.2,40.0,1,0.0,0,1,0,Major Studio,Other,0,0,0,211.67
Thumbsucker,2005,1,January,,1.92,4.19,2.6,45.0,0,,0,0,0,Mid-size Studio,Comedy,0,0,0,5.33
The History Boys,2006,10,October,4.0,13.4,9.12,1.3,25.0,0,0.0,0,0,0,Mid-size Studio,Comedy,0,0,0,32.05
Winter in Wartime,2008,11,November,4.0,0.53,1.78,1.3,25.0,0,1.0,0,0,0,Mid-size Studio,Other,0,0,0,51.75
Class of 1984,1982,8,August,4.3,,24.74,1.3,25.0,0,,0,0,0,Mid-size Studio,Action,0,0,0,17.08
The Kentucky Fried Movie,1977,8,August,0.6,,42.16,3.6,0.0,0,,0,0,0,Mid-size Studio,Comedy,0,0,0,117.22
Mr. 3000,2004,6,June,30.0,21.8,18.11,3.2,25.0,0,1.0,0,0,0,Mid-size Studio,Comedy,0,0,0,57.59
Hud,1963,5,May,2.5,10.0,6.87,1.5,25.0,0,0.0,0,1,0,Major Studio,Action,0,0,0,2.2
Woodstock,1970,3,March,0.6,34.51,16.97,1.8,25.0,0,0.0,0,1,0,Major Studio,Other,0,0,0,51.75
Anywhere But Here,1999,11,November,23.0,18.65,33.34,12.0,40.0,0,1.0,0,1,0,Major Studio,Comedy,0,0,0,56.82
Where the Truth Lies,2005,10,October,25.0,,27.71,2.5,25.0,0,,0,0,0,Mid-size Studio,Other,0,0,0,5.86
Set It Off,1996,11,November,9.0,41.59,28.08,4.1,40.0,0,0.0,0,1,0,Major Studio,Action,0,0,0,102.39
Flirting with Disaster,1996,3,March,7.0,14.7,9.42,2.5,0.0,0,0.0,0,0,0,Mid-size Studio,Comedy,0,0,0,151.93
Bulworth,1998,5,May,30.0,29.2,25.09,3.1,25.0,0,1.0,0,1,0,Major Studio,Comedy,0,0,0,72.06
L!fe Happens,2011,6,June,0.93,0.03,0.23,1.2,0.0,0,1.0,0,0,0,Mid-size Studio,Comedy,0,0,0,51.75
What's the Worst That Could Happen?,2001,5,May,45.0,,17.56,4.1,0.0,0,,0,0,0,Mid-size Studio,Action,0,0,0,29.0
Unaccompanied Minors,2006,12,December,26.0,,34.89,3.2,30.0,0,,0,0,1,Independent,Comedy,0,0,0,229.15
Swing Vote,2008,8,August,21.0,17.6,8.46,3.3,40.0,0,1.0,0,0,0,Mid-size Studio,Comedy,0,0,0,51.75
Shinjuku Incident,2009,3,March,15.0,,24.47,3.6,40.0,0,,0,0,0,Mid-size Studio,Action,0,0,0,51.75
Divine Secrets of the Ya-Ya Sisterhood,2002,6,June,27.0,,32.36,2.9,25.0,0,,0,0,0,Mid-size Studio,Comedy,0,0,0,51.75
Pat Garrett & Billy the Kid,1973,5,May,4.64,11.0,8.56,1.6,25.0,0,0.0,0,0,0,Mid-size Studio,Other,0,0,0,1.88
Raising Cain,1992,8,August,12.0,37.17,27.08,4.8,40.0,0,0.0,0,1,0,Major Studio,Other,0,0,0,80.37
Knock Off,1998,9,September,33.0,,32.29,1.9,20.0,0,,0,0,0,Mid-size Studio,Action,0,0,0,51.75
The Last Waltz,1978,5,May,,0.32,1.57,7.8,0.0,0,,0,0,0,Mid-size Studio,Other,0,0,0,122.27
New York Stories,1989,3,March,15.0,,54.01,12.1,40.0,0,,0,0,0,Mid-size Studio,Comedy,0,0,0,46.73
Facing the Giants,2006,9,September,0.1,10.18,12.33,1.3,45.0,0,0.0,0,0,0,Mid-size Studio,Other,1,0,0,33.99
Wendy and Lucy,2008,5,May,0.2,,26.01,1.4,25.0,0,,0,0,0,Mid-size Studio,Other,0,0,0,0.88
Veer-Zaara,2004,11,November,7.0,29.39,30.72,1.7,25.0,0,0.0,0,0,0,Mid-size Studio,Other,0,0,0,51.75
Pieces of April,2003,1,January,0.3,,39.14,1.5,45.0,0,,0,0,0,Mid-size Studio,Comedy,0,0,0,51.85
Random Hearts,1999,10,October,64.0,74.61,29.84,29.0,25.0,1,0.0,0,1,0,Major Studio,Other,0,0,0,184.72
Quo Vadis,1951,11,November,8.25,30.0,31.46,2.5,40.0,0,0.0,0,0,0,Mid-size Studio,Other,0,0,0,51.75
Paint Your Wagon,1969,10,October,20.0,31.68,14.42,7.3,40.0,0,0.0,0,1,0,Major Studio,Action,0,0,0,51.75
Eye for an Eye,1996,1,January,20.0,,31.76,2.6,60.0,0,,0,1,0,Major Studio,Other,0,0,0,34.57
Summer Catch,2001,8,August,34.0,19.69,22.55,2.8,25.0,0,1.0,0,1,0,Major Studio,Comedy,0,0,0,52.28
Down in the Valley,2005,5,May,8.0,0.85,4.69,1.5,25.0,0,1.0,0,0,0,Mid-size Studio,Other,0,0,0,51.75
Stung,2015,7,July,2.5,,15.67,1.2,0.0,0,,0,0,0,Mid-size Studio,Comedy,0,0,0,51.75
Pound of Flesh,2015,5,May,7.5,,31.59,1.3,0.0,0,,0,0,0,Mid-size Studio,Action,0,0,0,51.75
Split Second,1992,5,May,0.0,0.0,0.0,1.2,0.0,0,1.0,0,0,0,Mid-size Studio,Action,0,0,0,51.75
Cure,1997,11,November,0.02,0.1,0.15,1.2,0.0,0,0.0,0,0,0,Mid-size Studio,Other,0,0,0,51.75
Drive Me Crazy,1999,10,October,8.0,22.59,21.71,1.6,25.0,0,0.0,0,1,0,Major Studio,Comedy,0,0,0,57.88
C.H.U.D.,1984,8,August,1.25,3.41,6.22,1.1,0.0,0,0.0,0,0,0,Mid-size Studio,Other,0,0,0,51.75
5 Days of War,2011,4,April,20.0,0.02,5.12,6.6,40.0,0,1.0,0,0,0,Mid-size Studio,Other,0,0,0,73.68
The Brown Bunny,2004,8,August,10.0,,35.28,1.4,40.0,0,,0,0,0,Mid-size Studio,Other,0,0,0,2.38
Three to Tango,1999,10,October,20.0,,36.29,2.1,15.0,0,,0,1,0,Major Studio,Comedy,0,0,0,51.75
Snow White: A Tale of Terror,1997,7,July,26.0,,24.86,1.9,0.0,0,,0,0,0,Mid-size Studio,Other,0,0,0,51.75
The I Inside,2004,1,January,8.8,,21.89,1.4,35.0,0,,0,0,0,Mid-size Studio,Other,0,0,0,51.75
Turbulence,1997,1,January,55.0,11.47,15.65,6.2,20.0,0,1.0,0,0,0,Mid-size Studio,Action,0,0,0,51.75
The Banger Sisters,2002,9,September,10.0,,22.59,1.6,60.0,0,,0,0,0,Mid-size Studio,Comedy,0,0,0,51.75
Skin Trade,2014,11,November,9.0,,23.49,1.6,40.0,0,,0,0,0,Mid-size Studio,Action,0,0,0,51.75
Because of Winn-Dixie,2005,2,February,14.0,32.65,19.06,14.5,40.0,0,0.0,0,1,0,Major Studio,Comedy,0,0,0,53.32
She Wore a Yellow Ribbon,1949,10,October,1.6,5.4,3.95,1.6,25.0,0,0.0,0,0,0,Mid-size Studio,Other,0,0,0,6.87
Shadowlands,1993,12,December,22.0,,60.49,3.1,40.0,0,,0,0,0,Mid-size Studio,Other,0,0,0,64.24
Alatriste,2006,9,September,24.0,23.32,23.74,2.1,20.0,0,1.0,0,1,0,Major Studio,Action,0,0,0,51.75
All the Pretty Horses,2000,12,December,57.0,,31.3,9.4,25.0,0,,0,1,0,Major Studio,Other,0,0,0,24.48
Bottle Shock,2008,8,August,5.0,4.04,4.7,1.2,25.0,0,1.0,0,0,0,Mid-size Studio,Comedy,0,0,0,51.75
Smilla's Sense of Snow,1997,2,February,35.0,,35.81,4.1,25.0,0,,0,0,0,Mid-size Studio,Action,0,0,0,51.75
Savage Grace,2007,5,May,4.6,,38.78,1.2,25.0,0,,0,0,0,Mid-size Studio,Other,0,0,0,51.75
The Contender,2000,10,October,9.0,,25.51,2.1,40.0,0,,0,0,0,Mid-size Studio,Other,0,0,0,18.98
The Hoax,2006,10,October,25.0,11.77,7.95,4.6,25.0,0,1.0,0,0,0,Mid-size Studio,Comedy,0,0,0,78.62
Slackers,2002,2,February,14.0,6.41,8.7,2.4,15.0,0,1.0,0,0,0,Mid-size Studio,Comedy,0,0,0,51.75
The Informers,2008,11,November,18.0,0.38,2.48,2.3,40.0,0,1.0,0,0,0,Mid-size Studio,Other,0,0,0,51.75
Intolerance,1916,9,September,0.39,8.39,7.29,1.4,45.0,0,0.0,0,0,0,Mid-size Studio,Other,0,0,0,51.75
Infamous,2006,11,November,13.0,1.15,3.1,1.8,40.0,0,1.0,0,0,0,Mid-size Studio,Other,0,0,0,30.55
The Good Guy,2009,4,April,3.2,,40.86,1.1,0.0,0,,0,0,0,Mid-size Studio,Comedy,0,0,0,51.75
River's Edge,1986,8,August,19.0,,30.81,2.1,40.0,0,,0,0,0,Mid-size Studio,Other,0,0,0,51.75
Top Hat,1935,9,September,0.61,3.2,3.24,1.5,20.0,0,0.0,0,0,0,Mid-size Studio,Comedy,0,0,0,51.75
Veronica Guerin,2003,7,July,17.0,1.57,3.32,4.7,40.0,0,1.0,0,0,0,Mid-size Studio,Other,0,0,0,119.62
The Black Stallion,1979,10,October,2.7,37.8,26.43,1.7,0.0,0,0.0,0,0,0,Mid-size Studio,Other,0,0,0,51.75
Angela's Ashes,1999,12,December,0.0,0.0,0.0,1.5,25.0,0,1.0,0,1,0,Major Studio,Other,0,0,0,90.0
East Is East,1999,5,May,3.8,28.2,11.87,1.2,0.0,0,0.0,0,0,0,Mid-size Studio,Comedy,0,0,0,51.75
Tiny Furniture,2010,11,November,0.06,0.42,1.04,1.3,25.0,0,0.0,0,0,0,Mid-size Studio,Comedy,0,0,0,51.75
Summer Storm,2004,9,September,2.7,,21.58,1.1,45.0,0,,0,0,0,Mid-size Studio,Comedy,0,0,0,51.75
Who Killed the Electric Car?,2006,8,August,1.0,1.68,2.03,1.1,0.0,0,0.0,0,0,0,Mid-size Studio,Other,0,0,0,51.75
Space Battleship Yamato,2010,12,December,12.0,11.21,5.52,2.2,15.0,0,1.0,0,0,0,Mid-size Studio,Other,0,0,0,51.75
"The Goods: Live Hard, Sell Hard",2009,8,August,10.0,,68.71,1.4,15.0,0,,0,0,0,Mid-size Studio,Comedy,1,0,0,51.75
The Wiz,1978,10,October,24.0,21.05,25.24,13.4,0.0,0,1.0,0,1,0,Major Studio,Other,0,0,0,20.33
Party Monster,2003,9,September,5.0,0.74,2.19,1.1,45.0,0,1.0,0,0,0,Mid-size Studio,Comedy,0,0,0,0.65
Cirque du Soleil: Worlds Away,2012,11,November,,34.15,3.63,6.8,0.0,0,,0,0,0,Mid-size Studio,Other,0,0,0,643.18
Airlift,2016,1,January,4.5,32.0,24.34,1.6,45.0,0,0.0,0,0,0,Mid-size Studio,Action,0,0,0,51.75
Please Give,2010,1,January,3.0,,24.38,1.5,45.0,0,,0,0,0,Mid-size Studio,Comedy,0,0,0,13.37
Invaders from Mars,1986,1,January,12.0,4.88,18.46,11.2,35.0,0,1.0,0,0,0,Mid-size Studio,Other,0,0,0,53.69
The Corruptor,1999,3,March,25.0,15.16,18.18,2.2,0.0,0,1.0,0,1,0,Major Studio,Action,0,0,0,10.73
Welcome Home Roscoe Jenkins,2008,2,February,35.0,43.65,26.1,14.1,25.0,0,0.0,0,1,0,Major Studio,Comedy,0,0,0,56.55
Bodyguards and Assassins,2009,12,December,23.0,5.84,8.89,3.2,40.0,0,1.0,0,0,0,Mid-size Studio,Action,0,0,0,51.75
Reign of Assassins,2010,9,September,12.0,,7.77,5.1,60.0,0,,0,0,0,Mid-size Studio,Action,0,0,0,139.04
The Musketeer,2001,9,September,40.0,27.05,17.31,4.5,45.0,0,1.0,0,0,0,Mid-size Studio,Action,0,0,0,88.4
Auto Focus,2002,10,October,7.0,2.06,3.86,2.9,25.0,0,1.0,0,0,0,Mid-size Studio,Other,0,0,0,0.06
The Prince of Tides,1991,12,December,30.0,74.79,42.73,3.9,25.0,1,0.0,0,1,0,Major Studio,Other,0,0,0,30.4
Jumping the Broom,2011,5,May,6.6,37.71,10.08,1.6,0.0,0,0.0,0,0,0,Mid-size Studio,Comedy,0,0,0,24.64
Latter Days,2003,7,July,0.85,0.82,1.51,1.3,25.0,0,1.0,0,0,0,Mid-size Studio,Comedy,0,0,0,51.75
Cheri,2009,2,February,23.0,9.37,1.65,7.5,40.0,0,1.0,0,0,0,Mid-size Studio,Comedy,0,0,0,52.72
Flawless,1999,11,November,,4.49,3.46,5.2,25.0,0,,0,0,0,Mid-size Studio,Comedy,0,0,0,119.38
American Outlaws,2001,8,August,35.0,13.68,11.47,6.9,25.0,0,1.0,0,0,0,Mid-size Studio,Action,0,0,0,79.61
Baby Boy,2001,6,June,16.0,29.38,16.81,6.3,40.0,0,0.0,0,1,0,Major Studio,Other,0,0,0,100.5
Heaven's Gate,1980,11,November,44.0,3.48,7.83,6.3,25.0,0,1.0,0,0,0,Mid-size Studio,Action,0,0,0,50.0
Made,2001,7,July,5.0,5.48,5.22,2.5,0.0,0,0.0,0,0,0,Mid-size Studio,Action,0,0,0,482.68
Zero Effect,1998,1,January,5.0,1.98,3.4,1.8,20.0,0,1.0,0,0,0,Mid-size Studio,Comedy,0,0,0,120.19
I Think I Love My Wife,2007,3,March,11.0,13.2,21.53,2.1,15.0,0,0.0,0,0,0,Mid-size Studio,Comedy,0,0,0,25.43
Loving Annabelle,2006,3,March,0.9,,16.24,1.3,25.0,0,,0,0,0,Mid-size Studio,Other,0,0,0,51.75
City of Life and Death,2009,4,April,12.0,10.65,19.42,2.5,40.0,0,1.0,0,0,0,Mid-size Studio,Other,1,0,0,51.75
A LEGO Brickumentary,2015,7,July,0.65,,46.78,1.1,0.0,0,,0,0,0,Mid-size Studio,Other,0,0,0,51.75
The End of the Affair,1999,12,December,23.0,10.83,10.07,6.9,40.0,0,1.0,0,0,0,Mid-size Studio,Other,0,0,0,76.19
Beyond the Sea,2004,12,December,23.0,,14.46,4.2,40.0,0,,0,0,0,Mid-size Studio,Other,0,0,0,51.75
Welcome to Mooseport,2004,2,February,30.0,14.0,14.42,5.5,0.0,0,1.0,0,1,0,Major Studio,Comedy,0,0,0,96.97
The Deep End of the Ocean,1999,3,March,38.0,28.12,40.37,4.3,25.0,0,1.0,0,0,0,Mid-size Studio,Other,0,0,0,51.75
A Better Life,2011,6,June,10.0,1.76,3.12,4.0,40.0,0,1.0,0,0,0,Mid-size Studio,Other,0,0,0,361.64
Corky Romano,2001,10,October,11.0,23.98,17.22,1.6,15.0,0,0.0,0,0,0,Mid-size Studio,Action,0,0,0,51.75
Play It to the Bone,1999,12,December,24.0,8.43,14.99,3.5,25.0,0,1.0,0,0,0,Mid-size Studio,Comedy,0,0,0,38.08
Out Cold,2001,11,November,24.0,14.78,26.36,2.0,0.0,0,1.0,0,1,0,Major Studio,Comedy,0,0,0,51.75
The Devil's Tomb,2009,5,May,10.0,,19.32,1.5,15.0,0,,0,0,0,Mid-size Studio,Action,0,0,0,51.75
Beyond the Valley of the Dolls,1970,7,July,2.09,40.0,17.62,1.4,25.0,0,0.0,0,1,0,Major Studio,Comedy,0,0,0,51.75
Bloody Sunday,2002,1,January,,0.77,1.37,4.9,45.0,0,,0,0,0,Mid-size Studio,Action,0,0,0,235.5
Taxi to the Dark Side,2007,4,April,1.0,0.27,0.51,1.3,0.0,0,1.0,0,0,0,Mid-size Studio,Other,0,0,0,51.75
Radio Flyer,1992,2,February,35.0,4.65,7.09,5.5,25.0,0,1.0,0,1,0,Major Studio,Other,0,0,0,129.95
Switchback,1997,10,October,37.0,6.48,15.82,4.1,0.0,0,1.0,0,1,0,Major Studio,Action,0,0,0,51.75
Simon Birch,1998,9,September,20.0,18.25,20.8,3.0,60.0,0,1.0,0,0,0,Mid-size Studio,Comedy,0,0,0,228.74
It's All Gone Pete Tong,2004,9,September,2.0,0.12,0.49,1.5,75.0,0,1.0,0,0,1,Independent,Comedy,0,0,0,6.93
Paparazzi,2004,9,September,20.0,16.61,13.29,1.9,60.0,0,1.0,0,1,0,Major Studio,Action,0,0,0,51.75
Lucky Numbers,2000,10,October,65.0,,35.86,7.9,0.0,0,,0,1,0,Major Studio,Action,0,0,0,190.18
The Children of Huang Shi,2008,7,July,40.0,7.4,9.5,6.8,25.0,0,1.0,0,0,0,Mid-size Studio,Other,1,0,0,214.55
The Yellow Handkerchief,2008,12,December,15.0,0.32,1.84,2.2,40.0,0,1.0,0,0,0,Mid-size Studio,Other,0,0,0,51.75
Simply Irresistible,1999,2,February,6.0,4.4,9.8,1.3,0.0,0,1.0,0,0,0,Mid-size Studio,Comedy,0,0,0,51.75
Amnesiac,2015,8,August,3.0,,27.3,1.2,25.0,0,,0,0,0,Mid-size Studio,Other,0,0,0,7.99
Flicka,2006,10,October,15.0,21.0,21.55,1.7,40.0,0,0.0,0,1,0,Major Studio,Other,0,0,0,1.55
#Horror,2015,11,November,1.5,,108.42,1.1,25.0,0,,0,0,0,Mid-size Studio,Other,0,0,0,51.75
Madea Goes to Jail,2009,2,February,,90.51,16.53,15.6,25.0,1,,0,0,0,Mid-size Studio,Comedy,0,0,0,52.37
Moonlight Mile,2002,9,September,21.0,10.01,7.87,2.8,60.0,0,1.0,0,0,0,Mid-size Studio,Other,0,0,0,185.1
Gentlemen Broncos,2009,9,September,10.0,,14.61,1.8,65.0,0,,0,0,1,Independent,Action,1,0,0,63.16
My Beautiful Laundrette,1985,9,September,0.86,2.45,4.55,2.3,45.0,0,0.0,0,0,0,Mid-size Studio,Comedy,0,0,0,53.71
Bucky Larson: Born to Be a Star,2011,9,September,10.0,,19.76,1.4,35.0,0,,0,1,0,Major Studio,Comedy,0,0,0,51.75
Cecil B. Demented,2000,5,May,10.0,,6.39,1.4,15.0,0,,0,0,0,Mid-size Studio,Comedy,0,0,0,6.91
Yentl,1983,11,November,12.0,30.4,21.63,3.7,40.0,0,0.0,0,0,0,Mid-size Studio,Other,0,0,0,74.79
The Nutcracker: The Untold Story,2010,11,November,90.0,16.18,18.1,14.1,0.0,0,1.0,0,0,0,Mid-size Studio,Action,0,0,0,63.41
Small Apartments,2012,3,March,2.0,,14.79,1.2,0.0,0,,0,0,0,Mid-size Studio,Comedy,0,0,0,51.75
The Namesake,2006,9,September,12.0,20.14,6.06,2.4,60.0,0,0.0,0,0,0,Mid-size Studio,Other,0,0,0,7.69
The Other End of the Line,2008,10,October,14.0,,23.84,2.0,15.0,0,,0,0,0,Mid-size Studio,Comedy,0,0,0,51.75
The Greatest Show on Earth,1952,1,January,4.0,36.0,9.51,2.3,45.0,0,0.0,0,1,0,Major Studio,Action,0,0,0,51.75
Action Jackson,1988,2,February,7.0,20.26,19.3,1.5,25.0,0,0.0,0,0,0,Mid-size Studio,Action,0,0,0,51.75
Welcome to Collinwood,2002,5,May,1.2,,26.49,1.6,0.0,0,,0,1,0,Major Studio,Comedy,0,0,0,714.77
Edmond,2005,8,August,10.0,,37.96,1.4,40.0,0,,0,0,0,Mid-size Studio,Other,0,0,0,6.74
Swept Away,2002,10,October,10.0,0.6,2.91,3.2,15.0,0,1.0,0,0,0,Mid-size Studio,Comedy,0,0,0,180.0
Up Close & Personal,1996,3,March,60.0,,26.96,10.5,25.0,0,,0,0,0,Mid-size Studio,Other,0,0,0,45.05
Carlos,2010,5,May,18.0,0.87,1.97,2.6,40.0,0,1.0,0,0,0,Mid-size Studio,Other,0,0,0,51.75
The Long Riders,1980,5,May,10.0,15.8,7.82,2.8,40.0,0,0.0,0,0,0,Mid-size Studio,Other,0,0,0,12.24
Ready to Rumble,2000,4,April,24.0,12.37,21.76,7.7,25.0,0,1.0,0,1,0,Major Studio,Action,0,0,0,43.51
Ride with the Devil,1999,11,November,38.0,0.64,2.72,5.7,25.0,0,1.0,0,1,0,Major Studio,Other,0,0,0,231.5
The Ice Pirates,1984,3,March,9.0,,9.72,1.6,15.0,0,,0,0,0,Mid-size Studio,Action,0,0,0,0.53
The Marine 4: Moving Target,2015,4,April,1.95,,49.14,1.1,0.0,0,,0,0,0,Mid-size Studio,Action,0,0,0,51.75
Me and Orson Welles,2009,11,November,25.0,2.34,3.11,5.9,25.0,0,1.0,0,0,0,Mid-size Studio,Comedy,0,0,0,34.36
Winged Migration,2001,12,December,35.87,20.22,20.33,3.1,0.0,0,1.0,0,0,0,Mid-size Studio,Other,0,0,0,19.41
People I Know,2002,11,November,20.0,,10.51,2.1,70.0,0,,0,0,1,Independent,Other,0,0,0,51.75
Tidal Wave,2009,6,June,16.0,11.3,11.78,2.6,40.0,0,1.0,0,0,0,Mid-size Studio,Action,0,0,0,51.75
All About the Benjamins,2002,3,March,14.0,25.48,23.63,2.7,15.0,0,0.0,0,1,0,Major Studio,Action,0,0,0,57.22
College,2008,8,August,7.0,6.23,11.56,1.3,0.0,0,1.0,0,0,0,Mid-size Studio,Comedy,0,0,0,51.75
Dudley Do-Right,1999,8,August,70.0,,25.36,7.4,0.0,0,,0,1,0,Major Studio,Comedy,0,0,0,116.4
Gods and Generals,2003,2,February,56.0,12.92,12.22,10.1,25.0,0,1.0,0,0,0,Mid-size Studio,Other,0,0,0,25.0
Steel,1997,8,August,16.0,1.69,7.02,1.5,15.0,0,1.0,0,1,0,Major Studio,Action,0,1,0,51.75
Snow Angels,2008,3,March,,0.41,0.95,6.4,25.0,0,,0,0,0,Mid-size Studio,Other,0,0,0,34.41
Kissing Jessica Stein,2001,4,April,1.0,10.01,9.49,1.4,0.0,0,0.0,0,0,0,Mid-size Studio,Comedy,0,0,0,124.91
The Ballad of Cable Hogue,1970,5,May,3.72,5.0,5.16,1.8,25.0,0,0.0,0,1,0,Major Studio,Action,0,0,0,3.88
Gentleman's Agreement,1947,11,November,2.0,7.8,10.43,1.6,25.0,0,0.0,0,1,0,Major Studio,Other,0,0,0,8.8
The Snow Queen,2012,10,October,7.0,12.4,14.15,1.4,0.0,0,0.0,0,0,0,Mid-size Studio,Animation,0,0,0,51.75
The Forsaken,2001,4,April,5.0,,43.89,1.1,0.0,0,,0,0,0,Mid-size Studio,Action,0,0,0,51.75
Mo' Better Blues,1990,8,August,10.0,16.15,27.82,3.7,40.0,0,0.0,0,1,0,Major Studio,Other,0,0,0,40.56
Say It Isn't So,2001,3,March,25.0,,54.59,2.1,0.0,0,,0,1,0,Major Studio,Comedy,0,0,0,287.55
Poetic Justice,1993,7,July,14.0,27.52,17.07,5.6,40.0,0,0.0,0,1,0,Major Studio,Other,0,0,0,100.82
The Mirror Has Two Faces,1996,11,November,42.0,,40.77,5.8,25.0,0,,0,0,0,Mid-size Studio,Comedy,0,0,0,52.59
U.F.O.,2012,12,December,2.5,,15.81,1.3,0.0,0,,0,0,0,Mid-size Studio,Action,0,0,0,51.75
Sorority Boys,2002,3,March,12.0,,48.57,1.7,15.0,0,,0,0,0,Mid-size Studio,Comedy,0,0,0,51.75
To Write Love on Her Arms,2015,3,March,3.4,,7.59,1.8,25.0,0,,0,0,0,Mid-size Studio,Other,0,0,0,51.75
Fled,1996,7,July,25.0,17.19,23.19,1.9,0.0,0,1.0,0,0,0,Mid-size Studio,Action,0,0,0,51.75
An Ideal Husband,1999,4,April,14.0,18.54,12.88,2.1,40.0,0,0.0,0,0,0,Mid-size Studio,Comedy,0,0,0,160.08
Exiled,2006,9,September,4.5,,23.19,1.3,20.0,0,,0,0,0,Mid-size Studio,Action,0,0,0,51.75
Woman on Top,2000,9,September,8.0,,32.69,1.2,45.0,0,,0,0,0,Mid-size Studio,Comedy,0,0,0,51.75
Mother and Child,2009,11,November,7.0,,25.44,1.6,25.0,0,,0,0,0,Mid-size Studio,Other,0,0,0,5.63
Harriet the Spy,1996,7,July,12.0,,44.98,2.0,40.0,0,,0,1,0,Major Studio,Comedy,0,0,0,51.75
Talk Radio,1988,12,December,4.0,3.47,3.89,2.3,25.0,0,1.0,0,0,0,Mid-size Studio,Other,0,0,0,106.22
The Nun's Story,1959,6,June,3.5,12.8,6.31,1.9,25.0,0,0.0,0,1,0,Major Studio,Other,0,0,0,22.28
A Simple Wish,1997,7,July,28.0,8.35,15.12,2.6,0.0,0,1.0,0,1,0,Major Studio,Comedy,0,0,0,57.57
Straight A's,2013,1,January,7.0,,48.98,1.5,45.0,0,,0,0,0,Mid-size Studio,Comedy,0,0,0,2.47
Some Guy Who Kills People,2011,4,April,0.3,,31.16,1.1,30.0,0,,0,0,1,Independent,Comedy,0,0,0,51.75
Abandon,2002,10,October,25.0,10.72,15.03,1.8,25.0,0,1.0,0,1,0,Major Studio,Other,0,0,0,94.0
Miss Julie,2014,9,September,5.5,5.0,4.89,1.4,45.0,0,1.0,0,0,0,Mid-size Studio,Other,0,0,0,51.75
The Out-of-Towners,1999,4,April,75.0,29.0,17.16,7.1,0.0,0,1.0,0,1,0,Major Studio,Comedy,0,0,0,51.75
In the Land of Blood and Honey,2011,12,December,10.0,0.3,1.17,2.6,40.0,0,1.0,0,0,0,Mid-size Studio,Other,0,0,0,83.59
A Home at the End of the World,2004,7,July,6.5,1.55,2.92,1.2,25.0,0,1.0,0,0,0,Mid-size Studio,Other,0,0,0,21.0
Albino Alligator,1996,9,September,6.0,,21.74,1.2,45.0,0,,0,0,0,Mid-size Studio,Other,0,0,0,51.75
200 Cigarettes,1999,2,February,6.0,6.85,6.86,1.4,25.0,0,0.0,0,1,0,Major Studio,Comedy,0,0,0,51.75
Jade,1995,10,October,50.0,9.85,13.78,10.7,0.0,0,1.0,0,1,0,Major Studio,Action,0,0,0,106.47
The Wild Thornberrys Movie,2002,12,December,35.0,,45.64,3.4,0.0,0,,0,1,0,Major Studio,Animation,0,0,0,51.75
The Newton Boys,1998,3,March,27.0,76.0,23.48,5.8,25.0,1,0.0,0,1,0,Major Studio,Action,0,0,0,26.17
Shorts,2009,8,August,40.0,28.97,18.89,8.0,0.0,0,1.0,0,0,0,Mid-size Studio,Comedy,0,0,0,72.06
Slums of Beverly Hills,1998,8,August,5.0,,6.44,1.2,25.0,0,,0,0,0,Mid-size Studio,Comedy,0,0,0,51.75
Bogus,1996,9,September,32.0,,32.92,3.1,20.0,0,,0,1,0,Major Studio,Comedy,0,0,0,73.96
Novocaine,2001,11,November,6.0,2.03,3.24,1.2,0.0,0,1.0,0,0,0,Mid-size Studio,Comedy,0,0,0,51.75
Far from Men,2014,8,August,7.7,,26.38,1.2,25.0,0,,0,0,0,Mid-size Studio,Other,0,0,0,51.75
Drowning Mona,2000,3,March,16.0,15.43,19.89,1.9,15.0,0,1.0,0,0,0,Mid-size Studio,Comedy,0,0,0,51.75
Godzilla 2000,1999,12,December,1.0,10.04,12.51,1.2,0.0,0,0.0,0,0,0,Mid-size Studio,Action,0,0,0,51.75
Legends of Oz: Dorothy's Return,2013,6,June,70.0,18.66,18.8,15.1,0.0,0,1.0,0,0,0,Mid-size Studio,Animation,0,0,0,51.75
The Ballad of Jack and Rose,2005,3,March,1.5,0.71,1.16,1.3,25.0,0,1.0,0,0,0,Mid-size Studio,Other,0,0,0,51.75
For Your Consideration,2006,11,November,12.0,5.54,3.36,2.0,40.0,0,1.0,0,0,0,Mid-size Studio,Comedy,0,0,0,18.75
Kabhi Alvida Naa Kehna,2006,8,August,7.4,17.0,14.26,1.4,25.0,0,0.0,0,0,0,Mid-size Studio,Other,0,0,0,42.35
Copying Beethoven,2006,9,September,11.0,,16.95,1.8,60.0,0,,0,0,0,Mid-size Studio,Other,0,0,0,51.75
The Adventures of Huck Finn,1993,4,April,6.5,,30.97,1.8,25.0,0,,0,1,0,Major Studio,Action,0,0,0,302.47
Eye of the Beholder,1999,9,September,15.0,,21.72,2.1,60.0,0,,0,0,0,Mid-size Studio,Other,0,0,0,51.75
Bon Cop Bad Cop,2006,7,July,8.0,12.67,15.0,1.4,0.0,0,0.0,0,0,0,Mid-size Studio,Action,0,0,0,51.75
Fear Clinic,2014,10,October,0.0,,0.14,1.1,0.0,0,,0,0,0,Mid-size Studio,Other,0,0,0,51.75
The Robe,1953,9,September,4.1,36.0,24.29,1.7,45.0,0,0.0,0,1,0,Major Studio,Other,0,0,0,51.75
"The Beast from 20,000 Fathoms",1953,6,June,0.21,5.0,4.33,1.3,0.0,0,0.0,0,0,0,Mid-size Studio,Other,0,0,0,51.75
The Best Little Whorehouse in Texas,1982,7,July,35.0,69.7,33.02,8.9,0.0,1,0.0,0,1,0,Major Studio,Comedy,0,0,0,51.75
Aloft,2014,2,February,8.0,0.05,0.31,1.6,25.0,0,1.0,0,0,0,Mid-size Studio,Other,0,0,0,51.75
PCU,1994,4,April,9.0,4.35,12.11,1.6,15.0,0,1.0,0,0,0,Mid-size Studio,Comedy,0,0,0,51.75
1911,2011,7,July,30.0,0.11,0.67,3.7,25.0,0,1.0,0,0,0,Mid-size Studio,Action,0,0,0,51.75
The Good Night,2007,1,January,15.0,0.02,0.48,3.7,60.0,0,1.0,0,0,0,Mid-size Studio,Comedy,0,0,0,51.75
Duma,2005,4,April,12.0,,40.89,1.9,40.0,0,,0,1,0,Major Studio,Other,0,0,0,37.8
Hard to Be a God,2013,2,February,7.0,1.31,3.18,1.6,25.0,0,1.0,0,0,0,Mid-size Studio,Other,0,0,0,51.75
Sherrybaby,2006,9,September,2.0,0.62,0.53,1.1,45.0,0,1.0,0,0,0,Mid-size Studio,Other,0,0,0,51.75
Elmer Gantry,1960,6,June,3.0,10.4,8.07,1.9,25.0,0,0.0,0,0,0,Mid-size Studio,Other,0,0,0,15.29
The Call of Cthulhu,2005,1,January,0.05,,2.94,1.5,20.0,0,,0,0,0,Mid-size Studio,Other,0,0,0,51.75
The Greatest Story Ever Told,1965,2,February,20.0,15.47,8.8,5.0,40.0,0,1.0,0,0,0,Mid-size Studio,Other,0,0,0,51.75
Sleep Dealer,2008,12,December,2.5,0.11,0.25,1.2,25.0,0,1.0,0,0,0,Mid-size Studio,Other,0,0,0,51.75
Joe Somebody,2001,12,December,38.0,,28.06,3.0,0.0,0,,0,0,0,Mid-size Studio,Comedy,0,0,0,189.83
Hanging Up,2000,2,February,40.0,36.04,31.48,3.1,25.0,0,1.0,0,0,0,Mid-size Studio,Comedy,0,0,0,51.75
Antibirth,2016,9,September,35.0,,42.78,3.2,20.0,0,,0,0,0,Mid-size Studio,Other,0,0,0,51.75
90 Minutes in Heaven,2015,9,September,5.0,4.84,3.29,1.5,45.0,0,1.0,0,0,0,Mid-size Studio,Other,0,0,0,11.13
Won't Back Down,2012,9,September,,5.31,4.21,2.3,45.0,0,,0,0,0,Mid-size Studio,Other,0,0,0,43.17
Beneath Hill 60,2010,4,April,7.35,,19.41,1.6,25.0,0,,0,0,0,Mid-size Studio,Other,0,0,0,51.75
Our Family Wedding,2010,3,March,14.0,21.41,22.48,3.4,15.0,0,0.0,0,0,0,Mid-size Studio,Comedy,1,0,0,23.47
"Happy, Texas",1999,12,December,1.7,1.94,2.44,1.3,0.0,0,0.0,0,0,0,Mid-size Studio,Comedy,0,0,0,51.75
Tom Jones,1963,10,October,1.0,37.6,30.81,1.6,25.0,0,0.0,0,0,0,Mid-size Studio,Comedy,0,0,0,51.75
Home for the Holidays,1995,11,November,,17.52,13.45,2.1,25.0,0,,0,1,0,Major Studio,Comedy,0,0,0,47.13
The Apostle,1997,10,October,5.0,,21.2,1.4,25.0,0,,0,0,0,Mid-size Studio,Other,0,0,0,51.75
Goodbye Bafana,2007,2,February,30.0,,26.54,5.0,25.0,0,,0,0,0,Mid-size Studio,Other,0,0,0,51.75
Major Dundee,1965,4,April,3.8,0.01,0.21,1.8,25.0,0,1.0,0,0,0,Mid-size Studio,Other,0,0,0,5.55
Conversations with Other Women,2006,6,June,0.45,0.97,1.02,1.2,25.0,0,0.0,0,0,0,Mid-size Studio,Other,0,0,0,51.75
Timber Falls,2007,12,December,2.6,,35.03,1.2,0.0,0,,0,0,0,Mid-size Studio,Other,0,0,0,51.75
Married Life,2007,9,September,12.0,,41.68,1.9,60.0,0,,0,0,0,Mid-size Studio,Other,0,0,0,51.75
Glitter,2001,9,September,22.0,5.27,12.76,1.7,60.0,0,1.0,0,1,0,Major Studio,Other,0,0,0,51.75
Metropolitan,1990,8,August,0.22,,21.73,1.1,25.0,0,,0,0,0,Mid-size Studio,Comedy,0,0,0,51.75
The Best Man,1999,10,October,9.0,34.57,21.2,5.9,40.0,0,0.0,0,1,0,Major Studio,Comedy,0,0,0,58.81
Another Happy Day,2011,11,November,4.0,0.36,0.82,1.5,25.0,0,1.0,0,0,0,Mid-size Studio,Comedy,0,0,0,51.75
Wicked Blood,2014,3,March,3.5,,34.37,1.1,25.0,0,,0,0,0,Mid-size Studio,Action,0,0,0,51.75
Highway,2002,1,January,14.0,,18.88,2.8,60.0,0,,0,0,0,Mid-size Studio,Action,0,0,0,2.47
The Man from Snowy River,1982,3,March,3.5,20.66,15.57,1.4,25.0,0,0.0,0,0,0,Mid-size Studio,Action,0,0,0,51.75
Whatever It Takes,2000,3,March,15.0,9.9,11.24,2.3,40.0,0,1.0,0,0,0,Mid-size Studio,Comedy,0,0,0,9.02
What Planet Are You From?,2000,3,March,60.0,,46.92,11.7,25.0,0,,0,1,0,Major Studio,Comedy,0,0,0,115.51
42nd Street,1933,2,February,0.44,2.28,9.61,1.6,0.0,0,0.0,0,1,0,Major Studio,Comedy,0,0,0,51.75
Redacted,2007,1,January,5.0,0.78,1.43,2.6,45.0,0,1.0,0,0,0,Mid-size Studio,Other,0,0,0,83.68
Duel in the Sun,1946,12,December,6.0,20.4,9.17,2.0,25.0,0,0.0,0,0,0,Mid-size Studio,Other,0,0,0,17.1
Romeo Is Bleeding,1993,9,September,11.5,3.28,12.93,1.7,60.0,0,1.0,0,0,0,Mid-size Studio,Action,0,0,0,51.75
My All American,2015,11,November,20.0,,31.33,2.6,40.0,0,,0,0,0,Mid-size Studio,Other,0,0,0,51.75
Sparkle,2012,8,August,14.0,24.64,31.57,3.0,40.0,0,0.0,0,0,0,Mid-size Studio,Other,1,0,0,37.71
The Crime of Padre Amaro,2002,10,October,1.8,,6.91,1.3,25.0,0,,0,0,0,Mid-size Studio,Other,0,0,0,51.75
Six-String Samurai,1998,9,September,2.0,0.12,0.29,1.1,20.0,0,1.0,0,0,0,Mid-size Studio,Action,0,0,0,51.75
Freakonomics,2010,10,October,3.0,0.1,0.42,1.1,0.0,0,1.0,0,0,0,Mid-size Studio,Other,0,0,0,51.75
55 Days at Peking,1963,5,May,17.0,10.0,4.95,5.2,40.0,0,1.0,0,0,0,Mid-size Studio,Action,0,0,0,51.75
Old Joy,2006,1,January,0.3,,6.12,1.5,45.0,0,,0,0,0,Mid-size Studio,Other,0,0,0,0.88
Mondays in the Sun,2002,9,September,4.0,0.15,0.53,1.4,45.0,0,1.0,0,0,0,Mid-size Studio,Other,0,0,0,51.75
Two Evil Eyes,1990,1,January,9.0,,27.91,5.1,65.0,0,,0,0,1,Independent,Other,0,0,0,30.0
Superbabies: Baby Geniuses 2,2004,8,August,,9.11,9.31,2.6,0.0,0,,0,0,0,Mid-size Studio,Comedy,0,0,0,60.49
Kama Sutra - A Tale of Love,1996,9,September,3.0,4.11,7.59,1.5,45.0,0,0.0,0,0,0,Mid-size Studio,Other,0,0,0,13.03
For Greater Glory - The True Story of Cristiada,2012,6,June,12.0,9.62,5.85,3.0,40.0,0,1.0,0,0,0,Mid-size Studio,Other,1,0,0,51.75
October Baby,2011,10,October,,5.36,3.32,2.2,55.00000000000001,0,,0,0,1,Independent,Other,0,0,0,51.75
The Nativity Story,2006,12,December,35.0,,40.03,5.9,25.0,0,,0,1,0,Major Studio,Other,0,0,0,51.29
Harper,1966,2,February,3.5,12.0,8.9,1.6,25.0,0,0.0,0,1,0,Major Studio,Action,0,0,0,8.72
R.L. Stine's Monsterville: The Cabinet of Souls,2015,9,September,4.4,,3.69,1.3,20.0,0,,0,0,0,Mid-size Studio,Comedy,0,0,0,51.75
Bats,1999,10,October,,0.0,10.57,1.6,0.0,0,,0,0,0,Mid-size Studio,Other,0,0,0,51.75
Re-Kill,2015,10,October,9.5,,45.31,1.4,15.0,0,,0,0,0,Mid-size Studio,Other,0,0,0,51.75
Griff the Invisible,2011,8,August,2.9,,11.16,1.1,25.0,0,,0,0,0,Mid-size Studio,Comedy,0,1,0,51.75
Water,2005,9,September,,10.42,6.35,2.0,45.0,0,,0,0,0,Mid-size Studio,Other,0,0,0,0.53
What the #$*! Do We (K)now!?,2004,4,April,,10.0,14.25,2.7,0.0,0,,0,0,0,Mid-size Studio,Other,0,0,0,51.75
The Crocodile Hunter: Collision Course,2002,7,July,,33.08,16.02,1.8,0.0,0,,0,0,0,Mid-size Studio,Action,0,0,0,51.75
The Wood,1999,7,July,6.0,25.06,17.7,1.5,25.0,0,0.0,0,0,0,Mid-size Studio,Comedy,0,0,0,22.25
The Ladies Man,2000,10,October,24.0,13.7,26.93,2.0,0.0,0,1.0,0,0,0,Mid-size Studio,Comedy,0,0,0,43.52
The Greatest,2009,1,January,6.0,,18.82,1.8,45.0,0,,0,0,0,Mid-size Studio,Other,0,0,0,27.3
Blood and Wine,1996,10,October,26.0,,50.57,1.5,25.0,0,,0,0,0,Mid-size Studio,Other,0,0,0,51.75
The Lovers,2015,2,February,27.0,,43.86,2.7,0.0,0,,0,0,0,Mid-size Studio,Action,0,0,0,10.38
Lion of the Desert,1981,4,April,35.0,,24.94,6.6,25.0,0,,0,0,0,Mid-size Studio,Action,0,0,0,51.75
Detention of the Dead,2012,4,April,0.5,,59.81,1.2,0.0,0,,0,0,0,Mid-size Studio,Comedy,0,0,0,51.75
Decoys,2004,2,February,5.0,,38.84,1.2,30.0,0,,0,0,1,Independent,Other,0,0,0,51.75
The Fall of the Roman Empire,1964,3,March,19.0,4.75,8.62,5.6,40.0,0,1.0,0,1,0,Major Studio,Other,0,0,0,51.75
Why Did I Get Married?,2007,10,October,15.0,55.18,22.07,20.7,40.0,1,0.0,0,0,0,Mid-size Studio,Comedy,0,0,0,61.2
All or Nothing,2002,5,May,9.0,,38.21,2.0,40.0,0,,0,0,0,Mid-size Studio,Comedy,0,0,0,11.76
Romance & Cigarettes,2005,9,September,,2.95,1.44,3.1,20.0,0,,0,0,0,Mid-size Studio,Comedy,0,0,0,51.75
Max Keeble's Big Move,2001,10,October,12.0,17.29,16.56,6.7,15.0,0,0.0,0,1,0,Major Studio,Comedy,0,0,0,175.83
Rapa Nui,1994,9,September,20.0,0.31,15.5,6.1,35.0,0,1.0,0,1,0,Major Studio,Other,0,0,0,194.04
Sands of Iwo Jima,1949,12,December,1.0,7.8,7.02,1.3,25.0,0,0.0,0,0,0,Mid-size Studio,Action,0,0,0,51.75
Heli,2013,8,August,1.0,,26.39,1.2,25.0,0,,0,0,0,Mid-size Studio,Other,0,0,0,51.75
Tales from the Hood,1995,5,May,6.0,12.0,18.19,1.2,0.0,0,0.0,0,0,0,Mid-size Studio,Other,0,0,0,51.75
Special,2006,1,January,1.0,0.01,0.07,1.4,45.0,0,1.0,0,0,0,Mid-size Studio,Other,0,1,0,51.75
Osama,2003,5,May,0.05,,17.73,1.2,25.0,0,,0,0,0,Mid-size Studio,Other,0,0,0,51.75
Stonewall,2015,9,September,13.5,0.19,0.65,6.2,60.0,0,1.0,0,0,0,Mid-size Studio,Other,0,0,0,422.38
Tea with Mussolini,1999,3,March,12.0,21.0,23.28,2.4,40.0,0,0.0,0,0,0,Mid-size Studio,Comedy,0,0,0,51.75
The Brain That Wouldn't Die,1962,2,February,0.06,,22.74,1.4,0.0,0,,0,0,0,Mid-size Studio,Other,0,0,0,51.75
Against the Ropes,2004,2,February,39.0,6.61,52.63,3.9,25.0,0,1.0,0,1,0,Major Studio,Other,0,0,0,51.75
De-Lovely,2004,7,July,20.0,,31.03,3.7,40.0,0,,0,0,0,Mid-size Studio,Other,0,0,0,110.63
ATL,2006,3,March,20.0,21.17,18.73,2.5,40.0,0,0.0,0,1,0,Major Studio,Other,0,0,0,51.75
Home Fries,1998,11,November,15.0,10.44,11.0,2.1,40.0,0,1.0,0,1,0,Major Studio,Comedy,0,0,0,146.36
Waterloo,1970,10,October,25.0,3.05,7.11,3.0,25.0,0,1.0,0,1,0,Major Studio,Action,0,0,0,51.75
A Low Down Dirty Shame,1994,11,November,10.0,29.39,5.76,1.7,15.0,0,0.0,0,0,0,Mid-size Studio,Action,0,0,0,118.63
In the Shadow of the Moon,2007,1,January,2.0,,18.56,1.4,20.0,0,,0,0,0,Mid-size Studio,Other,0,0,0,51.75
Elsa & Fred,2014,3,March,10.0,,50.32,1.8,15.0,0,,0,0,0,Mid-size Studio,Comedy,0,0,0,51.75
Inside Deep Throat,2005,2,February,2.0,0.65,0.83,1.4,55.00000000000001,0,1.0,0,0,1,Independent,Other,0,0,0,0.74
The Blood of Heroes,1989,10,October,,0.88,3.58,2.2,0.0,0,,0,0,0,Mid-size Studio,Action,0,0,0,51.75
Brown Sugar,2002,10,October,8.0,27.36,2.44,1.5,30.0,0,0.0,0,0,1,Independent,Comedy,0,0,0,21.49
Flight of the Intruder,1991,1,January,35.0,,43.84,7.4,45.0,0,,0,1,0,Major Studio,Action,0,0,0,58.75
Three,2010,12,December,,2.61,4.47,8.0,25.0,0,,0,0,0,Mid-size Studio,Comedy,0,0,0,82.52
R100,2013,10,October,5.5,,39.11,1.2,25.0,0,,0,1,0,Major Studio,Comedy,0,0,0,51.75
The Funeral,1996,1,January,12.5,1.23,2.74,2.1,60.0,0,1.0,0,0,0,Mid-size Studio,Other,0,0,0,51.75
L.I.E.,2001,1,January,0.7,1.67,1.4,1.5,75.0,0,0.0,0,0,1,Independent,Other,0,0,0,2.45
Losin' It,1983,4,April,7.0,1.25,3.17,2.6,0.0,0,1.0,0,0,0,Mid-size Studio,Comedy,0,0,0,115.66
The Tempest,2010,12,December,20.0,0.35,1.39,3.2,40.0,0,1.0,0,0,0,Mid-size Studio,Other,0,0,0,56.3
Good Boy!,2003,10,October,17.0,,28.17,1.8,15.0,0,,0,0,0,Mid-size Studio,Comedy,0,0,0,51.75
Johnson Family Vacation,2004,4,April,12.0,31.18,30.12,2.1,15.0,0,0.0,0,0,0,Mid-size Studio,Comedy,0,0,0,51.75
Eddie: The Sleepwalking Cannibal,2012,4,April,,0.0,0.98,2.0,0.0,0,,0,0,0,Mid-size Studio,Comedy,0,0,0,51.75
Donovan's Reef,1963,6,June,2.69,6.6,7.7,1.6,0.0,0,0.0,0,1,0,Major Studio,Comedy,0,0,0,6.47
The Young Messiah,2016,3,March,18.5,6.49,9.73,3.5,40.0,0,1.0,0,0,0,Mid-size Studio,Other,0,0,0,51.75
The Perfect Game,2010,4,April,12.5,3.88,3.84,2.7,40.0,0,1.0,0,0,0,Mid-size Studio,Other,0,0,0,0.14
The Pallbearer,1996,5,May,8.0,,5.17,1.5,0.0,0,,0,0,0,Mid-size Studio,Comedy,0,0,0,170.76
Outside Providence,1999,8,August,7.0,7.29,9.01,1.2,25.0,0,0.0,0,0,0,Mid-size Studio,Comedy,0,0,0,0.46
Kingdom of the Spiders,1977,8,August,0.5,17.0,17.94,1.1,0.0,0,0.0,0,0,0,Mid-size Studio,Other,0,0,0,51.75
Life During Wartime,2009,10,October,4.5,0.74,1.73,1.2,25.0,0,1.0,0,0,0,Mid-size Studio,Comedy,0,0,0,2.81
Blonde Ambition,2007,12,December,10.0,,28.89,1.4,44.99999999999999,0,,0,0,1,Independent,Comedy,0,0,0,51.75
Only the Strong,1993,8,August,6.0,3.28,3.47,1.2,0.0,0,1.0,0,0,0,Mid-size Studio,Action,0,0,0,30.1
The Cry of the Owl,2009,2,February,11.5,,31.88,2.0,40.0,0,,0,0,0,Mid-size Studio,Other,0,0,0,51.75
Trust the Man,2005,9,September,9.0,,26.24,1.5,60.0,0,,0,0,0,Mid-size Studio,Comedy,0,0,0,16.7
The Extra Man,2010,8,August,7.0,0.45,17.87,1.3,0.0,0,1.0,0,0,0,Mid-size Studio,Comedy,0,0,0,6.0
Chill Factor,1999,9,September,70.0,11.26,11.99,6.4,20.0,0,1.0,0,1,0,Major Studio,Action,0,0,0,51.75
Supercross,2005,8,August,,3.1,2.36,1.7,25.0,0,,0,0,0,Mid-size Studio,Action,0,0,0,4.56
F.I.S.T.,1978,4,April,0.0,0.0,0.0,1.9,25.0,0,0.0,0,0,0,Mid-size Studio,Action,0,0,0,78.63
Antarctica: A Year on Ice,2013,9,September,1.0,,20.72,1.1,45.0,0,,0,0,0,Mid-size Studio,Other,0,0,0,51.75
The Next Best Thing,2000,3,March,25.0,24.36,17.69,2.2,0.0,0,1.0,0,1,0,Major Studio,Comedy,0,0,0,44.79
Why Did I Get Married Too?,2010,4,April,20.0,60.07,54.92,22.8,15.0,1,0.0,0,0,0,Mid-size Studio,Comedy,0,0,0,59.98
Imaginary Heroes,2004,9,September,10.0,,7.98,1.4,60.0,0,,0,0,0,Mid-size Studio,Comedy,0,0,0,51.75
This Christmas,2007,11,November,13.0,,28.03,3.2,40.0,0,,0,0,0,Mid-size Studio,Comedy,0,0,0,7.0
Ishtar,1987,5,May,55.0,14.38,17.58,8.0,0.0,0,1.0,0,1,0,Major Studio,Action,0,0,0,51.75
Salvation Boulevard,2011,7,July,8.0,,7.1,1.2,25.0,0,,0,0,0,Mid-size Studio,Action,0,0,0,51.75
Dave Chappelle's Block Party,2005,9,September,3.0,11.72,7.37,1.6,20.0,0,0.0,0,0,0,Mid-size Studio,Comedy,0,0,0,150.04
Under the Same Moon,2008,3,March,,23.31,6.4,2.1,25.0,0,,0,0,0,Mid-size Studio,Other,0,0,0,50.95
Foodfight!,2012,6,June,65.0,0.07,1.15,8.7,0.0,0,1.0,0,0,0,Mid-size Studio,Action,0,0,0,51.75
The Rose,1979,11,November,9.25,29.17,33.69,4.7,40.0,0,0.0,0,1,0,Major Studio,Other,0,0,0,51.75
Winter Passing,2006,2,February,3.5,0.11,0.32,1.3,25.0,0,1.0,0,0,0,Mid-size Studio,Comedy,0,0,0,51.75
Charly,1968,9,September,0.95,0.81,0.6,1.2,45.0,0,1.0,0,0,0,Mid-size Studio,Other,0,0,0,51.75
Mambo Italiano,2003,6,June,4.36,3.03,11.26,1.1,0.0,0,1.0,0,0,0,Mid-size Studio,Comedy,0,0,0,51.75
A Farewell to Arms,1932,12,December,0.0,0.0,0.0,1.2,25.0,0,0.0,0,1,0,Major Studio,Other,0,0,0,51.75
Mao's Last Dancer,2009,10,October,25.0,20.72,17.63,3.7,25.0,0,1.0,0,0,0,Mid-size Studio,Other,0,0,0,161.82
Breakfast of Champions,1999,2,February,12.0,,31.26,2.8,15.0,0,,0,0,0,Mid-size Studio,Comedy,0,0,0,51.75
Extreme Ops,2002,11,November,40.0,10.96,26.78,3.3,25.0,0,1.0,0,1,0,Major Studio,Action,0,0,0,30.2
Silmido,2003,12,December,8.0,,26.56,1.5,25.0,0,,0,0,0,Mid-size Studio,Action,0,0,0,51.75
The Clan of the Cave Bear,1986,1,January,15.0,,32.52,2.4,60.0,0,,0,1,0,Major Studio,Other,0,0,0,51.75
The Oh in Ohio,2006,3,March,5.0,,32.41,1.3,25.0,0,,0,0,0,Mid-size Studio,Comedy,0,0,0,51.75
Prison,1988,3,March,1.3,0.35,8.29,2.9,25.0,0,1.0,0,0,0,Mid-size Studio,Other,0,0,0,73.65
Rocket Singh: Salesman of the Year,2009,12,December,1.25,,27.82,1.5,25.0,0,,0,0,0,Mid-size Studio,Comedy,0,0,0,51.75
No Man's Land: The Rise of Reeker,2008,5,May,2.0,,48.15,1.2,0.0,0,,0,0,0,Mid-size Studio,Other,0,0,0,51.75
She Done Him Wrong,1933,2,February,0.2,2.2,3.63,1.4,0.0,0,0.0,0,1,0,Major Studio,Comedy,0,0,0,51.75
Damnation Alley,1977,9,September,17.0,8.72,6.9,2.8,35.0,0,1.0,0,1,0,Major Studio,Action,0,0,0,12.0
Gunless,2010,4,April,10.0,,20.04,1.3,40.0,0,,0,0,0,Mid-size Studio,Action,0,0,0,51.75
The Thief and the Cobbler,1993,9,September,28.0,0.67,0.88,2.0,20.0,0,1.0,0,0,0,Mid-size Studio,Animation,0,0,0,51.75
The Wash,2001,11,November,7.0,10.23,9.06,1.3,0.0,0,0.0,0,0,0,Mid-size Studio,Action,1,0,0,9.0
Down Terrace,2009,9,September,0.03,0.01,0.1,1.2,75.0,0,1.0,0,0,1,Independent,Action,0,0,0,0.17
Psycho Beach Party,2000,8,August,1.5,,18.16,1.1,0.0,0,,0,0,0,Mid-size Studio,Comedy,0,0,0,51.75
Of Horses and Men,2013,8,August,0.0,0.0,0.0,1.2,25.0,0,0.0,0,0,0,Mid-size Studio,Comedy,0,0,0,51.75
Walter,2015,3,March,0.7,,40.39,1.1,55.00000000000001,0,,0,0,1,Independent,Comedy,0,0,0,51.75
The Hotel New Hampshire,1984,3,March,7.5,,36.22,1.4,25.0,0,,0,0,0,Mid-size Studio,Comedy,0,0,0,37.6
Tupac: Resurrection,2003,1,January,0.3,7.81,11.16,1.7,20.0,0,0.0,0,1,0,Major Studio,Other,0,0,0,51.75
Red Sky,2014,3,March,25.0,,37.12,1.8,0.0,0,,0,0,0,Mid-size Studio,Action,0,0,0,51.75
Peeples,2013,5,May,0.0,,0.23,1.2,0.0,0,,0,0,0,Mid-size Studio,Comedy,1,0,0,51.75
Full Frontal,2002,8,August,2.0,2.51,3.16,2.1,25.0,0,0.0,0,0,0,Mid-size Studio,Comedy,0,0,0,162.49
Blue Like Jazz,2012,4,April,1.25,,44.37,1.3,25.0,0,,0,0,0,Mid-size Studio,Comedy,0,0,0,51.75
Creative Control,2016,3,March,1.0,,59.51,1.1,25.0,0,,0,0,0,Mid-size Studio,Other,0,0,0,51.75
The Broken Hearts Club: A Romantic Comedy,2000,2,February,1.0,1.74,2.32,1.3,55.00000000000001,0,0.0,0,0,1,Independent,Comedy,0,0,0,51.75
Prophecy,1979,1,January,12.0,54.0,39.36,21.7,35.0,1,0.0,0,1,0,Major Studio,Other,0,0,0,32.55
Mrs. Winterbourne,1996,4,April,25.0,10.07,18.2,3.3,25.0,0,1.0,0,0,0,Mid-size Studio,Comedy,0,0,0,7.76
"Surfer, Dude",2008,9,September,6.0,0.07,0.23,1.3,50.0,0,1.0,0,0,1,Independent,Comedy,0,0,0,51.75
The House of Mirth,2000,9,September,10.0,5.16,4.27,2.0,60.0,0,1.0,0,0,0,Mid-size Studio,Other,0,0,0,51.75
The Horseman on the Roof,1995,9,September,35.0,15.0,16.98,3.4,45.0,0,1.0,0,0,0,Mid-size Studio,Other,0,0,0,51.75
Catch a Fire,2006,10,October,,4.29,0.38,3.2,25.0,0,,0,0,0,Mid-size Studio,Action,0,0,0,150.21
Character,1997,4,April,4.5,,30.03,1.4,25.0,0,,0,0,0,Mid-size Studio,Other,0,0,0,51.75
Spaced Invaders,1990,4,April,3.0,15.37,11.4,1.2,0.0,0,0.0,0,0,0,Mid-size Studio,Comedy,0,0,0,16.67
Pocketful of Miracles,1961,12,December,2.9,5.0,6.55,3.9,25.0,0,0.0,0,0,0,Mid-size Studio,Comedy,0,0,0,7.79
Connie and Carla,2004,4,April,20.0,11.34,11.03,2.4,15.0,0,1.0,0,1,0,Major Studio,Comedy,0,0,0,172.86
The Lost City,2005,9,September,9.6,4.39,4.18,2.1,60.0,0,1.0,0,0,0,Mid-size Studio,Other,0,0,0,51.75
Super Hybrid,2010,1,January,13.0,,74.35,2.3,35.0,0,,0,0,0,Mid-size Studio,Other,0,0,0,51.75
How Stella Got Her Groove Back,1998,8,August,20.0,37.67,15.59,4.2,40.0,0,0.0,0,1,0,Major Studio,Comedy,0,0,0,66.99
Two Girls and a Guy,1997,9,September,1.0,2.06,1.77,1.3,45.0,0,0.0,0,0,0,Mid-size Studio,Other,0,0,0,51.75
A Dog's Breakfast,2007,3,March,0.12,,32.22,1.1,0.0,0,,0,0,0,Mid-size Studio,Comedy,0,0,0,51.75
The Monkey King 2,2016,1,January,68.49,193.68,55.66,26.1,20.0,1,0.0,0,0,0,Mid-size Studio,Action,0,0,0,51.75
10th & Wolf,2006,2,February,8.0,0.14,0.63,1.5,25.0,0,1.0,0,0,0,Mid-size Studio,Action,0,0,0,51.75
Gun Shy,2000,2,February,10.0,1.63,2.95,1.7,15.0,0,1.0,0,0,0,Mid-size Studio,Action,0,0,0,51.75
Cats Don't Dance,1997,3,March,32.0,3.57,4.56,3.7,0.0,0,1.0,0,0,0,Mid-size Studio,Animation,0,0,0,241.88
The Curse of Downers Grove,2015,8,August,2.0,,49.43,1.1,25.0,0,,0,0,0,Mid-size Studio,Other,1,0,0,51.75
Home Run,2013,4,April,1.2,2.86,7.19,1.3,25.0,0,0.0,0,0,0,Mid-size Studio,Other,0,0,0,51.75
Hits,2014,1,January,1.0,,15.97,1.3,45.0,0,,0,0,0,Mid-size Studio,Comedy,0,0,0,51.75
The Inhabited Island,2008,12,December,36.5,21.83,47.95,4.2,0.0,0,1.0,0,0,0,Mid-size Studio,Action,0,0,0,51.75
Shooting Fish,1997,8,August,3.0,0.3,0.93,1.3,0.0,0,1.0,0,0,0,Mid-size Studio,Comedy,0,0,0,51.75
Murderball,2005,7,July,0.3,1.75,2.37,1.1,0.0,0,0.0,0,0,0,Mid-size Studio,Other,0,0,0,51.75
Riding Giants,2004,7,July,2.6,3.17,0.74,1.2,30.0,0,0.0,0,0,1,Independent,Other,0,0,0,51.75
No End in Sight,2007,7,July,2.0,1.43,1.82,1.3,30.0,0,1.0,0,0,1,Independent,Other,0,0,0,7.87
Lovely & Amazing,2001,8,August,0.25,4.19,2.48,1.3,55.00000000000001,0,0.0,0,0,1,Independent,Comedy,0,0,0,19.33
The Geographer Drank His Globe Away,2013,7,July,,4.04,4.64,2.9,25.0,0,,0,0,0,Mid-size Studio,Other,0,0,0,51.75
From Justin to Kelly,2003,6,June,12.0,4.92,6.08,2.2,15.0,0,1.0,0,0,0,Mid-size Studio,Comedy,0,0,0,61.9
The Mudge Boy,2003,1,January,0.8,0.06,0.27,1.3,75.0,0,1.0,0,0,1,Independent,Other,0,0,0,51.75
Tarnation,2003,10,October,0.0,1.16,0.14,1.1,55.00000000000001,0,0.0,0,0,1,Independent,Other,0,0,0,51.75
Silent Trigger,1996,6,June,15.0,0.08,0.53,2.3,40.0,0,1.0,0,0,0,Mid-size Studio,Action,0,0,0,67.46
The Dark Hours,2005,3,March,0.5,,57.9,1.2,0.0,0,,0,0,0,Mid-size Studio,Other,0,0,0,51.75
Adam Resurrected,2008,8,August,10.0,,25.25,4.2,40.0,0,,0,0,0,Mid-size Studio,Other,0,0,0,1.06
Sheena,1984,8,August,25.0,5.78,3.93,2.3,0.0,0,1.0,0,0,0,Mid-size Studio,Action,0,0,0,51.75
Independence Daysaster,2013,6,June,1.8,,29.72,1.2,0.0,0,,0,0,0,Mid-size Studio,Action,0,0,0,51.75
Annie Get Your Gun,1950,5,May,3.77,8.0,6.68,1.9,25.0,0,0.0,0,0,0,Mid-size Studio,Action,0,0,0,8.95
Snow Flower and the Secret Fan,2011,7,July,0.13,1.33,36.59,3.8,25.0,0,0.0,0,0,0,Mid-size Studio,Other,1,0,0,61.15
For Colored Girls,2010,11,November,,37.0,9.76,10.6,25.0,0,,0,0,0,Mid-size Studio,Other,0,0,0,65.75
Trapeze,1956,5,May,4.0,14.4,11.26,1.5,25.0,0,0.0,0,0,0,Mid-size Studio,Other,0,0,0,37.4
The Big Parade,1925,11,November,0.24,22.0,13.5,1.6,25.0,0,0.0,0,0,0,Mid-size Studio,Other,0,0,0,16.3
Prefontaine,1997,1,January,8.0,0.59,2.98,1.7,45.0,0,1.0,0,0,0,Mid-size Studio,Other,0,0,0,7.83
A Walk on the Moon,1999,1,January,14.0,,18.72,3.3,60.0,0,,0,1,0,Major Studio,Other,0,0,0,51.75
The Good Heart,2009,9,September,3.8,,7.58,1.2,45.0,0,,0,0,0,Mid-size Studio,Comedy,0,0,0,51.75
Love Me Tender,1956,11,November,1.0,9.0,8.33,1.4,25.0,0,0.0,0,1,0,Major Studio,Action,0,0,0,51.75
I Come with the Rain,2009,5,May,18.0,,41.25,2.8,40.0,0,,0,0,0,Mid-size Studio,Other,0,0,0,51.75
How to Fall in Love,2012,7,July,4.0,,59.91,1.2,0.0,0,,0,0,0,Mid-size Studio,Comedy,0,0,0,51.75
The Married Woman,1964,12,December,0.12,,27.26,1.2,25.0,0,,0,0,0,Mid-size Studio,Other,0,0,0,51.75
Airborne,1993,9,September,2.6,2.85,2.26,1.7,50.0,0,0.0,0,0,1,Independent,Action,0,0,0,96.31
The Country Bears,2002,7,July,35.0,,36.91,4.1,0.0,0,,0,1,0,Major Studio,Comedy,1,0,0,51.75
I Hope They Serve Beer in Hell,2009,9,September,7.0,1.43,2.4,1.4,75.0,0,1.0,0,0,1,Independent,Comedy,1,0,0,51.75
Alone With Her,2006,4,April,1.0,0.01,17.65,1.2,25.0,0,1.0,0,0,0,Mid-size Studio,Other,0,0,0,51.75
An American Carol,2008,10,October,20.0,7.0,4.3,6.3,15.0,0,1.0,0,0,0,Mid-size Studio,Comedy,0,0,0,161.96
Juwanna Mann,2002,6,June,15.6,,37.41,1.6,40.0,0,,0,1,0,Major Studio,Comedy,0,0,0,51.75
Paa,2009,12,December,3.25,,41.59,2.6,35.0,0,,0,0,0,Mid-size Studio,Other,0,0,0,1.39
In the Name of the King III,2013,12,December,3.5,,15.1,1.5,55.00000000000001,0,,0,0,1,Independent,Action,0,0,0,6.42
Against the Wild,2013,12,December,1.49,,61.33,1.2,0.0,0,,0,0,0,Mid-size Studio,Other,0,0,0,51.75
The Broadway Melody,1929,2,February,0.38,4.36,5.42,1.7,25.0,0,0.0,0,0,0,Mid-size Studio,Other,0,0,0,51.75
The Rise of the Krays,2015,8,August,2.5,,14.03,1.1,0.0,0,,0,0,0,Mid-size Studio,Other,0,0,0,51.75
2016: Obama's America,2012,7,July,2.5,33.4,18.11,1.2,30.0,0,0.0,0,0,1,Independent,Other,0,0,0,51.75
Dragon Nest: Warriors' Dawn,2014,5,May,40.0,,56.52,5.0,0.0,0,,0,0,0,Mid-size Studio,Animation,0,0,0,51.75
Shark Lake,2015,10,October,2.0,,62.11,1.1,0.0,0,,0,0,0,Mid-size Studio,Other,0,0,0,51.75
The Virginity Hit,2010,9,September,2.0,0.56,2.04,1.4,20.0,0,1.0,0,0,0,Mid-size Studio,Comedy,0,0,0,51.75
Without Limits,1998,9,September,25.0,0.78,6.73,2.4,45.0,0,1.0,0,1,0,Major Studio,Other,0,0,0,51.75
Eden,2015,10,October,2.3,,73.26,1.1,25.0,0,,0,0,0,Mid-size Studio,Other,0,0,0,51.75
Meet the Deedles,1998,3,March,24.0,4.56,6.03,2.2,0.0,0,1.0,0,1,0,Major Studio,Animation,0,0,0,3.1
Tadpole,2002,11,November,0.15,2.89,7.49,3.5,25.0,0,0.0,0,0,0,Mid-size Studio,Comedy,0,0,0,118.37
Roar,1981,11,November,17.0,2.0,3.1,3.3,15.0,0,1.0,0,0,0,Mid-size Studio,Other,0,0,0,51.75
Hell's Angels,1930,11,November,3.95,8.0,11.93,1.8,25.0,0,0.0,0,0,0,Mid-size Studio,Action,0,0,0,51.75
Incident at Loch Ness,2004,12,December,0.0,,0.1,1.2,30.0,0,,0,0,1,Independent,Comedy,0,0,0,51.75
Show Boat,1951,7,July,2.3,11.0,9.94,1.6,0.0,0,0.0,0,0,0,Mid-size Studio,Other,0,0,0,7.45
"Guten Tag, Ramón",2013,10,October,4.0,,31.57,1.3,25.0,0,,0,0,0,Mid-size Studio,Other,0,0,0,51.75
Open Road,2013,4,April,3.0,,50.03,1.2,25.0,0,,0,0,0,Mid-size Studio,Action,0,0,0,51.75
Brooklyn Rules,2007,4,April,8.0,0.46,1.72,1.3,25.0,0,1.0,0,0,0,Mid-size Studio,Action,0,0,0,7.29
I Dreamed of Africa,2000,5,May,34.0,,42.56,4.4,25.0,0,,0,1,0,Major Studio,Other,0,0,0,58.97
Saint John of Las Vegas,2009,6,June,3.8,0.11,0.33,1.3,30.0,0,1.0,0,0,1,Independent,Comedy,1,0,0,51.75
The Charge of the Light Brigade,1936,10,October,1.2,2.74,3.77,1.5,25.0,0,0.0,0,1,0,Major Studio,Action,0,0,0,12.73
The Hebrew Hammer,2003,1,January,1.0,,6.77,1.4,20.0,0,,0,0,0,Mid-size Studio,Action,0,0,0,51.75
Sweet Sweetback's Baadasssss Song,1971,4,April,0.15,15.2,10.11,1.2,25.0,0,0.0,0,0,0,Mid-size Studio,Action,0,0,0,51.75
Two Can Play That Game,2001,9,September,6.0,,15.78,1.2,20.0,0,,0,0,0,Mid-size Studio,Comedy,0,0,0,51.75
The Battle of Shaker Heights,2003,8,August,1.0,,5.13,1.3,25.0,0,,0,0,0,Mid-size Studio,Comedy,0,0,0,51.75
Deceptive Practice: The Mysteries and Mentors of Ricky Jay,2012,10,October,0.5,,1.13,1.1,0.0,0,,0,0,0,Mid-size Studio,Other,0,0,0,51.75
Beyond the Mat,1999,10,October,2.05,0.5,11.99,1.1,0.0,0,1.0,0,1,0,Major Studio,Other,0,0,0,51.75
The Omega Code,1999,10,October,,2.4,2.52,1.7,0.0,0,,0,0,0,Mid-size Studio,Other,0,0,0,51.75
Limbo,1999,6,June,8.0,2.0,2.01,1.5,55.00000000000001,0,1.0,0,0,1,Independent,Other,0,0,0,13.27
Nomad: The Warrior,2005,7,July,25.0,,23.21,2.1,25.0,0,,0,0,0,Mid-size Studio,Action,0,0,0,51.75
In Too Deep,1999,8,August,7.0,14.01,13.99,1.1,25.0,0,0.0,0,0,0,Mid-size Studio,Action,0,0,0,45.48
Beastmaster 2: Through the Portal of Time,1991,6,June,6.0,0.87,1.92,1.2,0.0,0,1.0,0,0,0,Mid-size Studio,Action,0,0,0,51.75
Gracie,2007,6,June,9.0,2.96,23.67,1.4,40.0,0,1.0,0,0,0,Mid-size Studio,Other,0,0,0,25.68
The Rocket: The Legend of Rocket Richard,2005,10,October,8.0,2.02,11.09,1.5,55.00000000000001,0,1.0,0,0,1,Independent,Other,0,0,0,51.75
The Amazing Catfish,2013,8,August,1.3,,107.88,1.1,25.0,0,,0,0,0,Mid-size Studio,Comedy,0,0,0,51.75
Compadres,2016,3,March,3.0,,47.35,1.2,30.0,0,,0,0,1,Independent,Action,0,0,0,51.75
The Pirate,1948,6,June,3.7,2.96,4.13,1.5,0.0,0,1.0,0,0,0,Mid-size Studio,Other,0,0,0,51.75
The Molly Maguires,1970,1,January,11.0,2.2,22.0,4.5,60.0,0,1.0,0,1,0,Major Studio,Other,0,0,0,10.0
Galaxina,1980,6,June,5.5,4.86,5.37,1.3,0.0,0,1.0,0,0,0,Mid-size Studio,Comedy,0,0,0,51.75
Tracker,2010,5,May,6.5,,40.36,1.2,25.0,0,,0,0,0,Mid-size Studio,Action,0,0,0,51.75
Adulterers,2016,1,January,0.75,,27.31,1.5,75.0,0,,0,0,1,Independent,Other,0,0,0,51.75
Code of Honor,2016,5,May,8.0,,24.75,1.2,0.0,0,,0,0,0,Mid-size Studio,Action,0,0,0,51.75
Black Nativity,2013,11,November,17.5,7.02,11.09,2.9,40.0,0,1.0,0,0,0,Mid-size Studio,Other,0,0,0,51.75
Chasing Papi,2003,4,April,,6.13,5.12,1.9,0.0,0,,0,0,0,Mid-size Studio,Comedy,0,0,0,51.75
United Passions,2014,6,June,27.0,,16.44,2.4,25.0,0,,0,0,0,Mid-size Studio,Other,0,0,0,51.75
September Dawn,2007,5,May,11.0,,26.0,1.9,40.0,0,,0,0,0,Mid-size Studio,Action,0,0,0,44.73
Something Wicked,2014,4,April,3.0,,45.46,1.1,0.0,0,,0,0,0,Mid-size Studio,Other,0,0,0,51.75
Beat the World,2011,6,June,10.0,,30.11,1.7,40.0,0,,0,0,0,Mid-size Studio,Other,0,0,0,51.75
Trucker,2008,4,April,2.0,,25.28,1.1,25.0,0,,0,0,0,Mid-size Studio,Other,0,0,0,51.75
Town & Country,2001,4,April,90.0,10.37,18.69,8.8,0.0,0,1.0,0,1,0,Major Studio,Comedy,0,0,0,134.4
Slow Burn,2005,9,September,15.5,1.24,2.78,2.1,60.0,0,1.0,0,0,0,Mid-size Studio,Other,0,0,0,51.75
Girl 6,1996,3,March,12.0,4.94,10.01,5.2,15.0,0,1.0,0,0,0,Mid-size Studio,Comedy,0,0,0,41.96
From a Whisper to a Scream,1987,9,September,1.1,1.4,1.73,1.2,20.0,0,0.0,0,0,0,Mid-size Studio,Comedy,0,0,0,51.75
3 Strikes,2000,3,March,6.0,9.0,7.84,1.3,30.0,0,0.0,0,0,1,Independent,Action,0,0,0,10.23
Light Sleeper,1992,8,August,5.0,,21.84,3.1,25.0,0,,0,0,0,Mid-size Studio,Other,0,0,0,1.06
Sweet Charity,1969,1,January,8.0,20.0,14.57,2.4,45.0,0,0.0,0,1,0,Major Studio,Comedy,0,0,0,37.82
Shanghai Surprise,1986,8,August,17.0,,2.76,1.9,15.0,0,,0,0,0,Mid-size Studio,Other,0,0,0,51.75
Atlas Shrugged Part III: Who is John Galt?,2014,9,September,5.0,0.85,2.02,1.1,45.0,0,1.0,0,0,0,Mid-size Studio,Other,0,0,0,51.75
Delgo,2008,12,December,40.0,,19.53,4.7,0.0,0,,0,0,0,Mid-size Studio,Animation,0,0,0,51.75
The Mighty Macs,2009,10,October,7.0,,3.0,1.2,55.00000000000001,0,,0,0,1,Independent,Action,0,0,0,51.75
My Baby's Daddy,2004,1,January,,0.0,0.0,2.4,50.0,0,,0,0,1,Independent,Comedy,0,0,0,51.75
The In Crowd,2000,7,July,15.0,5.22,3.67,2.7,15.0,0,1.0,0,0,0,Mid-size Studio,Other,0,0,0,57.47
Cinco de Mayo: La Batalla,2013,5,May,10.0,,25.69,1.8,40.0,0,,0,0,0,Mid-size Studio,Other,0,0,0,51.75
The Legend of the Lone Ranger,1981,8,August,18.0,2.95,4.86,3.4,40.0,0,1.0,0,0,0,Mid-size Studio,Action,0,0,0,51.75
Girls Gone Dead,2012,3,March,0.5,,36.29,1.3,0.0,0,,0,0,0,Mid-size Studio,Comedy,0,0,0,51.75
A Shine of Rainbows,2009,10,October,6.0,,22.42,1.4,25.0,0,,0,0,0,Mid-size Studio,Other,0,0,0,51.75
Malevolence,2004,9,September,0.45,,22.12,1.1,50.0,0,,0,0,1,Independent,Other,0,0,0,51.75
Isn't She Great,2000,1,January,36.0,3.0,23.56,3.5,45.0,0,1.0,0,1,0,Major Studio,Comedy,0,0,0,113.31
Princess Kaiulani,2010,5,May,9.0,0.77,0.97,1.9,40.0,0,1.0,0,0,0,Mid-size Studio,Other,0,0,0,51.75
The Other Side of Heaven,2001,4,April,7.0,4.72,9.12,1.3,25.0,0,1.0,0,0,0,Mid-size Studio,Action,0,0,0,51.75
George and the Dragon,2004,3,March,32.0,,19.05,2.2,0.0,0,,0,0,0,Mid-size Studio,Other,0,0,0,51.75
When Did You Last See Your Father?,2007,10,October,,0.0,0.0,2.1,25.0,0,,0,0,0,Mid-size Studio,Other,0,0,0,20.76
Raising Victor Vargas,2002,5,May,0.8,2.82,4.29,1.1,55.00000000000001,0,0.0,0,0,1,Independent,Other,0,0,0,16.77
Cotton Comes to Harlem,1970,5,May,1.2,,3.0,1.2,30.0,0,,0,0,1,Independent,Action,0,0,0,51.75
Closer to the Moon,2013,11,November,9.0,,36.29,1.7,40.0,0,,0,0,0,Mid-size Studio,Comedy,0,0,0,51.75
Johnny Suede,1991,8,August,0.5,,25.28,1.1,0.0,0,,0,0,0,Mid-size Studio,Comedy,0,0,0,51.75
Blue Car,2002,1,January,1.0,0.46,0.46,1.2,75.0,0,1.0,0,0,1,Independent,Other,0,0,0,51.75
Crowsnest,2012,1,January,1.2,,24.04,2.6,60.0,0,,0,0,1,Independent,Other,0,0,0,1.39
Chiamatemi Francesco - Il Papa della gente,2015,12,December,15.0,,13.65,2.5,40.0,0,,0,0,0,Mid-size Studio,Other,0,0,0,51.75
Shalako,1968,11,November,1.46,2.62,3.56,1.4,25.0,0,0.0,0,0,0,Mid-size Studio,Other,0,0,0,51.75
One Night with the King,2006,10,October,20.0,13.39,4.8,3.0,40.0,0,1.0,0,0,0,Mid-size Studio,Other,0,0,0,51.75
Undiscovered,2005,8,August,9.0,1.05,1.55,1.2,15.0,0,1.0,0,0,0,Mid-size Studio,Comedy,0,0,0,51.75
Love Jones,1997,3,March,10.0,,35.38,1.5,40.0,0,,0,1,0,Major Studio,Comedy,0,0,0,51.75
I Married a Strange Person!,1998,8,August,0.0,0.0,0.0,1.3,25.0,0,1.0,0,0,0,Mid-size Studio,Animation,0,0,0,51.75
Kansas City,1996,8,August,18.0,,5.07,4.1,40.0,0,,0,0,0,Mid-size Studio,Other,0,0,0,87.75
The 5th Quarter,2011,3,March,6.0,0.4,1.08,1.1,25.0,0,1.0,0,0,0,Mid-size Studio,Other,0,0,0,51.75
Marci X,2003,8,August,20.0,1.68,1.42,2.0,15.0,0,1.0,0,1,0,Major Studio,Comedy,0,0,0,11.96
The Visual Bible: The Gospel of John,2003,9,September,10.0,4.07,3.97,1.6,60.0,0,1.0,0,0,0,Mid-size Studio,Other,0,0,0,51.75
Get on the Bus,1996,10,October,2.4,5.73,11.49,2.5,25.0,0,0.0,0,1,0,Major Studio,Other,0,0,0,41.86
Living Out Loud,1998,10,October,12.0,12.9,8.51,2.4,40.0,0,0.0,0,1,0,Major Studio,Comedy,0,0,0,86.02
Whipped,2000,9,September,3.0,,21.35,1.3,20.0,0,,0,0,0,Mid-size Studio,Comedy,0,0,0,51.75
Krush Groove,1985,10,October,3.0,,9.57,1.5,25.0,0,,0,1,0,Major Studio,Other,0,0,0,16.28
Tumbleweeds,1999,11,November,0.31,1.28,8.41,2.9,25.0,0,0.0,0,0,0,Mid-size Studio,Comedy,0,0,0,30.01
The Egyptian,1954,8,August,5.0,15.0,11.56,1.8,25.0,0,0.0,0,1,0,Major Studio,Other,0,0,0,6.6
Snow White: A Deadly Summer,2012,3,March,1.0,,17.42,1.2,30.0,0,,0,0,1,Independent,Other,0,0,0,51.75
Khiladi 786,2012,12,December,,0.0,0.0,2.7,30.0,0,,0,0,1,Independent,Action,0,0,0,51.75
Sea Rex 3D: Journey to a Prehistoric World,2010,5,May,5.0,4.07,9.95,1.3,0.0,0,1.0,0,0,0,Mid-size Studio,Other,0,0,1,51.75
Shadow Conspiracy,1997,1,January,45.0,2.15,3.22,4.5,20.0,0,1.0,0,0,0,Mid-size Studio,Action,0,0,0,178.45
Chain of Command,2015,8,August,5.0,,62.6,1.1,0.0,0,,0,0,0,Mid-size Studio,Action,0,0,0,51.75
U2 3D,2007,5,May,15.0,22.73,0.92,3.6,15.0,0,0.0,0,0,0,Mid-size Studio,Other,0,0,0,55.16
The Betrayed,2008,9,September,3.5,,26.65,1.1,45.0,0,,0,0,0,Mid-size Studio,Other,0,0,0,51.75
ABCD (Any Body Can Dance),2013,2,February,,0.22,0.34,4.7,25.0,0,,0,0,0,Mid-size Studio,Other,0,0,0,51.75
Woo,1998,5,May,13.0,8.03,8.2,1.8,15.0,0,1.0,0,1,0,Major Studio,Comedy,0,0,0,51.75
Come Early Morning,2006,1,January,6.0,,15.62,1.4,45.0,0,,0,0,0,Mid-size Studio,Other,0,0,0,51.75
Excessive Force,1993,5,May,3.0,1.2,3.51,1.2,0.0,0,1.0,0,1,0,Major Studio,Action,0,0,0,51.75
2:13,2009,4,April,3.5,,23.37,1.1,0.0,0,,0,0,0,Mid-size Studio,Other,0,0,0,51.75
AWOL-72,2015,8,August,3.0,,54.34,1.2,0.0,0,,0,0,0,Mid-size Studio,Other,0,0,0,51.75
Crossover,2006,9,September,5.8,7.0,3.82,1.2,45.0,0,0.0,0,0,0,Mid-size Studio,Action,0,0,0,51.75
The Cookout,2004,9,September,16.0,0.0,0.0,1.6,60.0,0,1.0,0,0,0,Mid-size Studio,Comedy,0,0,0,51.75
The Grace Card,2011,2,February,0.2,2.3,1.94,1.2,25.0,0,0.0,0,0,0,Mid-size Studio,Other,0,0,0,51.75
Lake of Fire,2006,9,September,,0.0,0.0,2.7,50.0,0,,0,0,1,Independent,Other,0,0,0,23.88
Jefferson in Paris,1995,3,March,14.0,2.47,2.76,3.6,40.0,0,1.0,0,0,0,Mid-size Studio,Other,0,0,0,23.39
Ruby in Paradise,1993,10,October,0.8,1.0,2.0,1.2,25.0,0,0.0,0,0,0,Mid-size Studio,Other,0,0,0,51.75
Space Dogs,2010,3,March,25.0,6.5,5.32,2.3,0.0,0,1.0,0,0,0,Mid-size Studio,Animation,0,0,0,51.75
The Holy Girl,2004,5,May,1.4,,2.99,1.1,25.0,0,,0,0,0,Mid-size Studio,Other,0,0,0,51.75
Michael Jordan to the Max,2000,5,May,,21.27,4.1,1.5,0.0,0,,0,0,0,Mid-size Studio,Other,0,0,0,51.75
The Loss of Sexual Innocence,1999,4,April,4.0,,52.87,1.2,25.0,0,,0,0,0,Mid-size Studio,Other,0,0,0,49.8
Purple Violets,2007,4,April,4.0,,49.36,1.3,55.00000000000001,0,,0,0,1,Independent,Comedy,0,0,0,9.48
The Perez Family,1995,5,May,11.0,2.83,6.23,2.5,40.0,0,1.0,0,0,0,Mid-size Studio,Comedy,0,0,0,13.46
Mutant World,2014,9,September,,1.5,0.09,1.6,20.0,0,,0,0,0,Mid-size Studio,Other,0,0,0,51.75
Earth,1998,9,September,,0.53,0.57,1.8,45.0,0,,0,0,0,Mid-size Studio,Other,0,0,0,10.42
Pink Narcissus,1971,1,January,0.03,,19.97,1.5,45.0,0,,0,0,0,Mid-size Studio,Other,0,0,0,51.75
My Dog Tulip,2009,1,January,,0.25,0.17,2.4,45.0,0,,0,0,0,Mid-size Studio,Animation,0,0,0,51.75
Freedom,2014,8,August,14.5,,29.82,2.1,40.0,0,,0,0,0,Mid-size Studio,Other,0,0,0,51.75
Top Cat Begins,2015,10,October,8.0,,7.97,1.2,0.0,0,,0,0,0,Mid-size Studio,Animation,0,0,0,51.75
The Opposite Sex,2014,11,November,3.3,0.04,0.7,1.2,0.0,0,1.0,0,0,0,Mid-size Studio,Comedy,0,0,0,51.75
"An Alan Smithee Film: Burn, Hollywood, Burn",1998,2,February,10.0,0.05,1.74,1.6,15.0,0,1.0,0,0,0,Mid-size Studio,Comedy,0,0,0,51.75
Without Men,2011,6,June,0.0,,0.01,1.3,30.0,0,,0,0,1,Independent,Comedy,0,0,0,51.75
Boom Town,1940,8,August,2.0,9.17,7.6,1.5,25.0,0,0.0,0,0,0,Mid-size Studio,Other,0,0,0,51.75
Bang Bang Baby,2014,9,September,1.0,,23.79,1.3,45.0,0,,0,0,0,Mid-size Studio,Other,0,0,0,51.75
A Guy Named Joe,1944,3,March,2.63,5.36,9.02,1.9,25.0,0,0.0,0,0,0,Mid-size Studio,Other,0,0,0,216.97
Funny Ha Ha,2002,9,September,,0.08,0.01,1.7,75.0,0,,0,0,1,Independent,Comedy,0,0,0,51.75
Road Hard,2015,3,March,1.5,,40.43,1.1,0.0,0,,0,0,0,Mid-size Studio,Comedy,0,0,0,51.75
Dracula: Pages from a Virgin's Diary,2002,2,February,1.6,,24.64,1.3,0.0,0,,0,0,0,Mid-size Studio,Other,0,0,0,51.75
Solomon and Sheba,1959,12,December,5.0,12.2,8.47,1.8,25.0,0,0.0,0,0,0,Mid-size Studio,Other,0,0,0,21.2
Def Jam's How to Be a Player,1997,8,August,,13.96,8.14,1.5,0.0,0,,0,0,0,Mid-size Studio,Comedy,0,0,0,51.75
The Helpers,2012,10,October,4.0,,50.21,1.3,0.0,0,,0,0,0,Mid-size Studio,Other,0,0,0,51.75
Food Chains,2014,4,April,0.91,,32.66,1.3,30.0,0,,0,0,1,Independent,Other,0,0,0,51.75
Fight Valley,2016,7,July,27.0,,19.81,1.8,25.0,0,,0,0,0,Mid-size Studio,Action,0,0,0,51.75
Mutual Appreciation,2005,3,March,0.5,,14.95,1.3,55.00000000000001,0,,0,0,1,Independent,Comedy,0,0,0,0.08
Eye of the Dolphin,2007,8,August,2.5,0.07,0.14,1.1,25.0,0,1.0,0,0,0,Mid-size Studio,Other,0,0,0,51.75
All The Queen's Men,2001,10,October,15.0,0.02,0.12,2.0,70.0,0,1.0,0,0,1,Independent,Action,0,0,0,0.07
The Last Godfather,2010,12,December,13.4,16.7,5.54,2.7,44.99999999999999,0,0.0,0,0,1,Independent,Action,0,0,0,53.59
Men with Brooms,2002,9,September,7.5,4.25,2.13,1.2,50.0,0,1.0,0,0,1,Independent,Comedy,0,0,0,51.75
Speedway Junky,1999,2,February,1.0,,65.96,1.3,25.0,0,,0,0,0,Mid-size Studio,Other,0,0,0,51.75
Slam,1998,10,October,0.0,,0.01,1.0,55.00000000000001,0,,0,0,1,Independent,Other,0,0,0,51.75
Fiza,2000,9,September,1.0,0.62,1.79,1.4,75.0,0,1.0,0,0,1,Independent,Other,0,0,0,51.75
The Work and the Glory,2004,11,November,7.5,3.35,2.91,1.4,55.00000000000001,0,1.0,0,0,1,Independent,Other,0,0,0,51.75
Savva. Heart of the Warrior,2015,11,November,30.0,,27.94,2.3,0.0,0,,0,0,0,Mid-size Studio,Animation,0,0,0,51.75
Under the Rainbow,1981,7,July,20.0,2.3,2.15,2.9,44.99999999999999,0,1.0,0,0,1,Independent,Comedy,0,0,0,51.75
The Christmas Bunny,2010,11,November,0.25,,29.62,1.2,25.0,0,,0,0,0,Mid-size Studio,Other,0,0,0,51.75
Valley of the Wolves: Iraq,2006,2,February,10.0,,21.76,2.3,40.0,0,,0,0,0,Mid-size Studio,Action,0,0,0,51.75
Opal Dream,2006,11,November,5.0,0.14,0.87,1.4,25.0,0,1.0,0,0,0,Mid-size Studio,Other,0,0,0,133.31
The Work and the Glory II: American Zion,2005,10,October,6.5,2.03,1.72,1.2,55.00000000000001,0,1.0,0,0,1,Independent,Other,0,0,0,51.75
"Pink Ribbons, Inc.",2011,9,September,0.9,0.02,0.07,1.1,20.0,0,1.0,0,0,0,Mid-size Studio,Other,0,0,0,51.75
The Dog Lover,2016,7,July,2.0,,78.04,1.1,25.0,0,,0,0,0,Mid-size Studio,Other,0,0,0,51.75
Hayride,2012,10,October,0.06,,55.53,1.1,30.0,0,,0,0,1,Independent,Other,0,0,0,51.75
Bran Nue Dae,2009,8,August,0.0,0.0,0.01,1.3,55.00000000000001,0,0.0,0,0,1,Independent,Comedy,0,0,0,51.75
Fetching Cody,2005,10,October,0.0,,0.13,1.1,25.0,0,,0,0,0,Mid-size Studio,Comedy,0,0,0,51.75
Standing Ovation,2010,7,July,,0.53,0.28,3.2,30.0,0,,0,0,1,Independent,Comedy,0,0,0,51.75
The Basket,2000,5,May,,0.62,0.78,1.9,55.00000000000001,0,,0,0,1,Independent,Other,0,0,0,51.75
Burn,2012,11,November,0.22,0.11,4.74,1.3,0.0,0,1.0,0,0,0,Mid-size Studio,Other,0,0,0,51.75
Lords of London,2014,1,January,3.44,,18.59,1.3,50.0,0,,0,0,1,Independent,Other,0,0,0,51.75
Heartbeeps,1981,12,December,10.0,2.15,4.35,2.3,15.0,0,1.0,0,1,0,Major Studio,Comedy,0,0,0,51.75
Treading Water,2013,9,September,4.7,,11.46,1.2,45.0,0,,0,0,0,Mid-size Studio,Comedy,0,0,0,51.75
Alexander's Ragtime Band,1938,5,May,2.0,4.0,31.7,1.6,25.0,0,0.0,0,1,0,Major Studio,Other,0,0,0,51.75
The Nutcracker,1993,11,November,19.0,2.12,3.64,2.8,15.0,0,1.0,0,0,0,Mid-size Studio,Other,0,0,0,51.75
The Stewardesses,1969,7,July,0.1,27.0,22.59,1.3,30.0,0,0.0,0,0,1,Independent,Comedy,0,0,0,51.75
Winnie Mandela,2011,9,September,15.0,,16.74,2.3,90.0,0,,0,0,1,Independent,Other,0,0,0,51.75
Go for It!,2011,5,May,2.45,,83.43,1.2,25.0,0,,0,0,0,Mid-size Studio,Other,0,0,0,51.75
The Velocity of Gary,1999,7,July,4.0,,54.94,1.2,25.0,0,,0,0,0,Mid-size Studio,Other,0,0,0,51.75
The Inkwell,1994,4,April,,8.88,5.27,2.1,25.0,0,,0,0,0,Mid-size Studio,Comedy,0,0,0,51.75
10 Days in a Madhouse,2015,11,November,1.2,,35.38,1.3,55.00000000000001,0,,0,0,1,Independent,Other,0,0,0,51.75
Hardflip,2012,6,June,1.0,,66.97,1.3,55.00000000000001,0,,0,0,1,Independent,Action,1,0,0,51.75
The Heart of Me,2002,1,January,7.0,,7.12,1.4,45.0,0,,0,0,0,Mid-size Studio,Other,0,0,0,51.75
Interview with the Assassin,2002,5,May,0.5,,67.9,1.3,25.0,0,,0,0,0,Mid-size Studio,Other,0,0,0,187.83
Treachery,2013,5,May,0.62,,88.97,1.2,55.00000000000001,0,,0,0,1,Independent,Other,0,0,0,51.75
Janky Promoters,2009,10,October,10.0,0.01,0.06,1.5,15.0,0,1.0,0,0,0,Mid-size Studio,Comedy,0,0,0,33.53
Just Looking,1999,10,October,3.0,,4.06,1.1,25.0,0,,0,0,0,Mid-size Studio,Comedy,0,0,0,51.75
Newlyweds,2011,12,December,0.01,,76.61,1.5,30.0,0,,0,0,1,Independent,Comedy,0,0,0,9.48
Chicago Overcoat,2009,10,October,3.2,,30.43,1.1,0.0,0,,0,0,0,Mid-size Studio,Action,0,0,0,51.75
Faithful,1996,4,April,13.0,9.79,11.21,1.8,40.0,0,1.0,0,1,0,Major Studio,Comedy,0,0,0,51.75
Trippin',1999,5,May,,9.02,4.29,1.7,0.0,0,,0,0,0,Mid-size Studio,Comedy,0,0,0,9.9
American Desi,2001,1,January,0.25,,96.67,1.4,75.0,0,,0,0,1,Independent,Comedy,0,0,0,51.75
Bathing Beauty,1944,7,July,2.36,6.89,7.54,1.5,0.0,0,0.0,0,0,0,Mid-size Studio,Comedy,0,0,0,9.5
N-Secure,2010,10,October,,2.59,0.05,2.0,55.00000000000001,0,,0,0,1,Independent,Other,0,0,0,51.75
Brigham City,2001,3,March,1.0,0.85,9.57,1.3,25.0,0,1.0,0,0,0,Mid-size Studio,Other,0,0,0,51.75
The Valley of Decision,1945,6,June,2.16,9.13,16.78,1.4,25.0,0,0.0,0,0,0,Mid-size Studio,Other,0,0,0,51.75
Dysfunctional Friends,2012,2,February,1.8,,66.46,1.3,30.0,0,,0,0,1,Independent,Comedy,0,0,0,51.75
Free Style,2008,12,December,,0.14,0.21,2.0,25.0,0,,0,0,0,Mid-size Studio,Other,1,0,0,3.88
Black November,2012,12,December,12.5,,39.71,1.7,40.0,0,,0,0,0,Mid-size Studio,Action,0,0,0,51.75
Love Letters,1983,4,April,0.55,,49.65,1.1,25.0,0,,0,0,0,Mid-size Studio,Other,0,0,0,51.75
Mooz-lum,2011,2,February,,0.33,0.39,2.0,55.00000000000001,0,,0,0,1,Independent,Other,0,0,0,51.75
Queen Crab,2015,9,September,0.08,,63.98,1.1,20.0,0,,0,0,0,Mid-size Studio,Other,0,0,0,51.75
Roadside Romeo,2008,10,October,7.0,1.1,0.98,2.2,10.0,0,1.0,0,1,0,Major Studio,Animation,0,0,0,1.67
Counting,2015,2,February,0.05,,219.22,1.4,30.0,0,,0,0,1,Independent,Other,0,0,0,51.75
Doc Holliday's Revenge,2014,6,June,1.0,,105.84,1.3,25.0,0,,0,0,0,Mid-size Studio,Other,0,0,0,51.75
Woman Thou Art Loosed,2004,9,September,3.0,6.8,7.35,1.1,75.0,0,0.0,0,0,1,Independent,Other,0,0,0,25.75
The Image Revolution,2013,11,November,0.05,,366.94,1.3,0.0,0,,0,0,0,Mid-size Studio,Other,0,0,0,51.75
My Last Day Without You,2011,6,June,1.0,,52.01,1.1,55.00000000000001,0,,0,0,1,Independent,Comedy,0,0,0,51.75
Dolphins and Whales: Tribes of the Ocean,2008,2,February,6.0,7.52,4.13,1.4,0.0,0,0.0,0,0,0,Mid-size Studio,Other,0,0,1,51.75
Once in a Lifetime: The Extraordinary Story of the New York Cosmos,2006,1,January,1.0,,36.75,1.3,50.0,0,,0,0,1,Independent,Other,0,0,0,51.75
Foolish,1999,4,April,,6.03,1.43,1.7,25.0,0,,0,0,0,Mid-size Studio,Comedy,0,0,0,51.75
Henry & Me,2014,8,August,5.0,,57.56,1.3,0.0,0,,0,0,0,Mid-size Studio,Animation,0,0,0,51.75
Ayurveda: Art of Being,2001,9,September,0.3,2.07,4.2,1.1,20.0,0,0.0,0,0,0,Mid-size Studio,Other,0,0,0,51.75
Rotor DR1,2015,10,October,0.35,,31.24,1.1,0.0,0,,0,0,0,Mid-size Studio,Other,0,0,0,51.75
Faith Connections,2013,11,November,0.55,,42.74,1.5,25.0,0,,0,0,0,Mid-size Studio,Other,0,0,0,2.07
Along the Roadside,2013,2,February,0.0,,83.81,1.9,0.0,0,,0,0,0,Mid-size Studio,Comedy,0,0,0,51.75
Legend of a Rabbit,2011,1,January,19.0,2.57,6.85,3.0,65.0,0,1.0,0,0,1,Independent,Action,0,0,0,51.75
The Sticky Fingers of Time,1997,6,June,0.25,,49.79,1.1,55.00000000000001,0,,0,0,1,Independent,Other,0,0,0,51.75
The Lion of Judah,2011,6,June,15.0,,21.73,2.2,15.0,0,,0,0,0,Mid-size Studio,Animation,0,0,0,51.75
Inchon,1981,5,May,46.0,5.2,3.46,5.8,25.0,0,1.0,0,0,0,Mid-size Studio,Other,0,0,0,93.23
Outside Bet,2012,4,April,7.5,,21.66,1.3,30.0,0,,0,0,1,Independent,Comedy,0,0,0,51.75
The Past Is a Grotesque Animal,2014,6,June,0.0,,27.78,1.5,0.0,0,,0,0,0,Mid-size Studio,Other,0,0,0,51.75
"The Book of Mormon Movie, Volume 1: The Journey",2003,9,September,2.0,1.67,0.92,2.4,60.0,0,1.0,0,0,1,Independent,Other,0,0,0,1.1
Me You and Five Bucks,2015,7,July,0.0,,5.27,2.1,65.0,0,,0,0,1,Independent,Comedy,0,0,0,1.39
Sphinx,1981,2,February,14.0,0.44,0.99,4.4,15.0,0,1.0,0,0,0,Mid-size Studio,Other,0,0,0,89.8
Forty Shades of Blue,2005,12,December,1.5,,19.01,1.2,25.0,0,,0,0,0,Mid-size Studio,Other,0,0,0,51.75
The Business of Fancydancing,2002,1,January,0.2,,15.58,1.6,45.0,0,,0,0,0,Mid-size Studio,Other,0,0,0,51.75
Teacher's Pet,2004,1,January,10.0,,9.0,2.6,60.0,0,,0,1,0,Major Studio,Animation,0,0,0,51.75
Sholem Aleichem: Laughing In The Darkness,2012,2,February,0.5,0.85,1.92,1.3,30.0,0,0.0,0,0,1,Independent,Other,0,0,0,51.75
There Goes My Baby,1994,9,September,10.5,0.12,0.15,1.6,60.0,0,1.0,0,0,0,Mid-size Studio,Comedy,0,0,0,51.75
Everything Put Together,2001,11,November,0.5,,5.49,2.3,25.0,0,,0,0,0,Mid-size Studio,Other,0,0,0,73.28
Amigo,2010,7,July,1.2,,21.6,1.5,25.0,0,,0,0,0,Mid-size Studio,Other,0,0,0,7.63
"Run, Hide, Die",2015,9,September,0.05,,86.69,1.3,20.0,0,,0,0,0,Mid-size Studio,Other,0,0,0,51.75
Dry Spell,2013,2,February,0.02,,220.6,1.3,30.0,0,,0,0,1,Independent,Comedy,0,0,0,51.75
Tin Can Man,2007,1,January,0.0,,3.42,1.4,20.0,0,,0,0,0,Mid-size Studio,Other,0,0,0,51.75
Dreaming of Joseph Lees,1999,10,October,2.0,0.0,0.0,1.1,25.0,0,1.0,0,0,0,Mid-size Studio,Other,0,0,0,51.75
Journey from the Fall,2006,2,February,1.3,0.64,23.69,1.4,55.00000000000001,0,1.0,0,0,1,Independent,Other,0,0,0,51.75
They Will Have to Kill Us First,2015,10,October,0.52,,4.29,1.3,0.0,0,,0,0,0,Mid-size Studio,Other,0,0,0,51.75
1982,2013,12,December,1.0,,33.66,1.2,55.00000000000001,0,,0,0,1,Independent,Other,0,0,0,51.75
Martin Lawrence Live: Runteldat,2002,8,August,3.0,19.18,0.77,1.3,30.0,0,0.0,0,0,1,Independent,Comedy,0,0,0,51.75
"First Love, Last Rites",1998,8,August,0.3,0.04,0.21,1.2,25.0,0,1.0,0,0,0,Mid-size Studio,Other,0,0,0,17.27
"Dancer, Texas Pop. 81",1998,5,May,,0.57,0.29,1.7,25.0,0,,0,0,0,Mid-size Studio,Comedy,0,0,0,51.75
The Salon,2005,1,January,1.5,,16.21,1.4,50.0,0,,0,0,1,Independent,Comedy,0,0,0,51.75
Perfect Cowboy,2014,7,July,0.0,,109.85,1.2,55.00000000000001,0,,0,0,1,Independent,Other,0,0,0,51.75
The Little Ponderosa Zoo,2014,9,September,0.5,,14.37,2.2,60.0,0,,0,0,1,Independent,Other,0,0,0,1.39
Certifiably Jonathan,2007,3,March,1.2,,25.86,1.2,30.0,0,,0,0,1,Independent,Comedy,0,0,0,51.75
Naturally Native,1999,10,October,0.7,0.01,0.04,1.2,25.0,0,1.0,0,0,0,Mid-size Studio,Other,0,0,0,51.75
Amidst the Devil's Wings,2014,12,December,0.3,,112.24,2.0,35.0,0,,0,0,0,Mid-size Studio,Action,0,0,0,1.39
Time to Choose,2015,9,September,3.5,,21.65,1.2,20.0,0,,0,0,0,Mid-size Studio,Other,0,0,0,4.65
Four Single Fathers,2009,1,January,0.0,,7.8,1.4,45.0,0,,0,0,0,Mid-size Studio,Comedy,0,0,0,51.75
The Algerian,2015,8,August,0.0,,4.79,1.1,0.0,0,,0,0,0,Mid-size Studio,Other,0,0,0,51.75
Anderson's Cross,2010,5,May,0.3,,57.61,1.2,25.0,0,,0,0,0,Mid-size Studio,Comedy,0,0,0,51.75
"To Be Frank, Sinatra at 100",2015,12,December,0.0,,15.64,1.2,0.0,0,,0,0,0,Mid-size Studio,Other,0,0,0,51.75
Mi America,2015,10,October,2.1,0.0,0.46,1.4,25.0,0,1.0,0,0,0,Mid-size Studio,Other,0,0,0,51.75
El Rey de Najayo,2012,3,March,0.0,,120.02,1.1,55.00000000000001,0,,0,0,1,Independent,Other,0,0,0,51.75
